<?xml version="1.0" encoding="UTF-8"?>
<kml xmlns="http://www.opengis.net/kml/2.2">
  <Document>
    <name>Zona ORA Granada</name>
    <description><![CDATA[Tramos de zona ORA. <br>Actualizado en agosto de 2024]]></description>
    <Style id="line-0000FF-3000-normal">
      <LineStyle>
        <color>ffff0000</color>
        <width>3</width>
      </LineStyle>
    </Style>
    <Style id="line-0000FF-3000-highlight">
      <LineStyle>
        <color>ffff0000</color>
        <width>4.5</width>
      </LineStyle>
    </Style>
    <StyleMap id="line-0000FF-3000">
      <Pair>
        <key>normal</key>
        <styleUrl>#line-0000FF-3000-normal</styleUrl>
      </Pair>
      <Pair>
        <key>highlight</key>
        <styleUrl>#line-0000FF-3000-highlight</styleUrl>
      </Pair>
    </StyleMap>
    <Style id="line-00FF00-3000-normal">
      <LineStyle>
        <color>ff00ff00</color>
        <width>3</width>
      </LineStyle>
    </Style>
    <Style id="line-00FF00-3000-highlight">
      <LineStyle>
        <color>ff00ff00</color>
        <width>4.5</width>
      </LineStyle>
    </Style>
    <StyleMap id="line-00FF00-3000">
      <Pair>
        <key>normal</key>
        <styleUrl>#line-00FF00-3000-normal</styleUrl>
      </Pair>
      <Pair>
        <key>highlight</key>
        <styleUrl>#line-00FF00-3000-highlight</styleUrl>
      </Pair>
    </StyleMap>
    <Style id="line-3949AB-3000-normal">
      <LineStyle>
        <color>ffab4939</color>
        <width>3</width>
      </LineStyle>
    </Style>
    <Style id="line-3949AB-3000-highlight">
      <LineStyle>
        <color>ffab4939</color>
        <width>4.5</width>
      </LineStyle>
    </Style>
    <StyleMap id="line-3949AB-3000">
      <Pair>
        <key>normal</key>
        <styleUrl>#line-3949AB-3000-normal</styleUrl>
      </Pair>
      <Pair>
        <key>highlight</key>
        <styleUrl>#line-3949AB-3000-highlight</styleUrl>
      </Pair>
    </StyleMap>
    <Style id="line-FF0000-3000-normal">
      <LineStyle>
        <color>ff0000ff</color>
        <width>3</width>
      </LineStyle>
    </Style>
    <Style id="line-FF0000-3000-highlight">
      <LineStyle>
        <color>ff0000ff</color>
        <width>4.5</width>
      </LineStyle>
    </Style>
    <StyleMap id="line-FF0000-3000">
      <Pair>
        <key>normal</key>
        <styleUrl>#line-FF0000-3000-normal</styleUrl>
      </Pair>
      <Pair>
        <key>highlight</key>
        <styleUrl>#line-FF0000-3000-highlight</styleUrl>
      </Pair>
    </StyleMap>
    <Folder>
      <name>ORA - Julio 2024</name>
      <Placemark>
        <name>CALLE   CARRIL DEL PICON</name>
        <description><![CDATA[ROTACION: ROJA -  ZONA: 3    <br>       <br>   DISTRITO   CENTRO y RONDA    <br>   ESTACIONAMIENTO   Máximo 1 hora    <br>   Longitud   217,535049    <br>   CENTROID_X   -3,604881    <br>   CENTROID_Y   37,176436]]></description>
        <styleUrl>#line-FF0000-3000</styleUrl>
        <LineString>
          <tessellate>1</tessellate>
          <coordinates>
            -3.603955,37.175792,0
            -3.604593,37.176237,0
            -3.604615,37.176252,0
            -3.604993,37.176514,0
            -3.60533,37.176745,0
            -3.605816,37.177068,0
          </coordinates>
        </LineString>
      </Placemark>
      <Placemark>
        <name>CALLE   CASILLAS DE PRATS</name>
        <description><![CDATA[ROTACION: ROJA -  ZONA: 4    <br>       <br>   DISTRITO   CENTRO y RONDA    <br>   ESTACIONAMIENTO   Máximo 1 hora    <br>   Longitud   172,600255    <br>   CENTROID_X   -3,605332    <br>   CENTROID_Y   37,173525]]></description>
        <styleUrl>#line-FF0000-3000</styleUrl>
        <LineString>
          <tessellate>1</tessellate>
          <coordinates>
            -3.604506,37.173166,0
            -3.604815,37.173323,0
            -3.605045,37.173441,0
            -3.605287,37.173515,0
            -3.605734,37.17361,0
            -3.605807,37.173727,0
            -3.605994,37.174028,0
          </coordinates>
        </LineString>
      </Placemark>
      <Placemark>
        <name>CALLE   GRAN CAPITAN</name>
        <description><![CDATA[ROTACION: ROJA -  ZONA: 3    <br>       <br>   DISTRITO   CENTRO    <br>   ESTACIONAMIENTO   Máximo 1 hora    <br>   Longitud   382,894673    <br>   CENTROID_X   -3,604207    <br>   CENTROID_Y   37,178255]]></description>
        <styleUrl>#line-FF0000-3000</styleUrl>
        <LineString>
          <tessellate>1</tessellate>
          <coordinates>
            -3.603067,37.179773,0
            -3.603237,37.179489,0
            -3.603286,37.179408,0
            -3.603339,37.17932,0
            -3.603399,37.17922,0
            -3.603403,37.179212,0
            -3.60344,37.179152,0
            -3.603671,37.178791,0
            -3.603988,37.178413,0
            -3.604145,37.1783,0
            -3.604303,37.178187,0
            -3.604486,37.178055,0
            -3.604511,37.178037,0
            -3.604514,37.178036,0
            -3.604622,37.177961,0
            -3.604836,37.177815,0
            -3.60509,37.177642,0
            -3.605133,37.177613,0
            -3.605331,37.177478,0
            -3.605784,37.177167,0
          </coordinates>
        </LineString>
      </Placemark>
      <Placemark>
        <name>CALLE   SOLARILLO DE GRACIA</name>
        <description><![CDATA[ROTACION: ROJA -  ZONA: 4    <br>       <br>   DISTRITO   RONDA y CENTRO    <br>   ESTACIONAMIENTO   Máximo 1 hora    <br>   Longitud   138,614596    <br>   CENTROID_X   -3,603235    <br>   CENTROID_Y   37,172456]]></description>
        <styleUrl>#line-FF0000-3000</styleUrl>
        <MultiGeometry>
          <LineString>
            <tessellate>1</tessellate>
            <coordinates>
              -3.604121,37.172842,0
              -3.60408,37.172826,0
              -3.604049,37.172814,0
            </coordinates>
          </LineString>
          <LineString>
            <tessellate>1</tessellate>
            <coordinates>
              -3.603898,37.172754,0
              -3.603635,37.172636,0
              -3.603282,37.172478,0
              -3.603146,37.172416,0
              -3.603136,37.172407,0
              -3.603008,37.17229,0
              -3.60274,37.172043,0
            </coordinates>
          </LineString>
        </MultiGeometry>
      </Placemark>
      <Placemark>
        <name>CALLE   OBISPO HURTADO</name>
        <description><![CDATA[ROTACION: ROJA -  ZONA: 4    <br>       <br>   DISTRITO   CENTRO y RONDA    <br>   ESTACIONAMIENTO   Máximo 1 hora    <br>   Longitud   298,815757    <br>   CENTROID_X   -3,605296    <br>   CENTROID_Y   37,174819]]></description>
        <styleUrl>#line-FF0000-3000</styleUrl>
        <MultiGeometry>
          <LineString>
            <tessellate>1</tessellate>
            <coordinates>
              -3.606475,37.174006,0
              -3.606189,37.174114,0
              -3.605989,37.174255,0
              -3.605505,37.17466,0
              -3.605465,37.174691,0
              -3.604968,37.175066,0
              -3.60458,37.175361,0
              -3.604412,37.175451,0
              -3.604002,37.175671,0
            </coordinates>
          </LineString>
          <LineString>
            <tessellate>1</tessellate>
            <coordinates>
              -3.606964,37.173821,0
              -3.606862,37.17386,0
            </coordinates>
          </LineString>
        </MultiGeometry>
      </Placemark>
      <Placemark>
        <name>CALLE   SAN JUAN DE DIOS</name>
        <description><![CDATA[ROTACION: ROJA -  ZONA: 3    <br>       <br>   DISTRITO   CENTRO    <br>   ESTACIONAMIENTO   Máximo 1 hora    <br>   Longitud   266,99161    <br>   CENTROID_X   -3,602521    <br>   CENTROID_Y   37,181619]]></description>
        <styleUrl>#line-FF0000-3000</styleUrl>
        <LineString>
          <tessellate>1</tessellate>
          <coordinates>
            -3.602669,37.180421,0
            -3.602629,37.180738,0
            -3.602581,37.181127,0
            -3.602557,37.181319,0
            -3.602524,37.181592,0
            -3.602504,37.181755,0
            -3.602484,37.181921,0
            -3.602469,37.182041,0
            -3.602398,37.182437,0
            -3.602352,37.182814,0
          </coordinates>
        </LineString>
      </Placemark>
      <Placemark>
        <name>CALLE   SEMINARIO</name>
        <description><![CDATA[ROTACION: ROJA -  ZONA: 4    <br>       <br>   DISTRITO   CENTRO    <br>   ESTACIONAMIENTO   Máximo 1 hora    <br>   Longitud   69,460942    <br>   CENTROID_X   -3,605242    <br>   CENTROID_Y   37,174433]]></description>
        <styleUrl>#line-FF0000-3000</styleUrl>
        <LineString>
          <tessellate>1</tessellate>
          <coordinates>
            -3.60502,37.174176,0
            -3.605465,37.174691,0
          </coordinates>
        </LineString>
      </Placemark>
      <Placemark>
        <name>PLAZA DE GRACIA</name>
        <description><![CDATA[ROTACION: ROJA -  ZONA: 4    <br>       <br>   DISTRITO   RONDA y CENTRO    <br>   ESTACIONAMIENTO   Máximo 1 hora    <br>   Longitud   140,880064    <br>   CENTROID_X   -3,604377    <br>   CENTROID_Y   37,17262]]></description>
        <styleUrl>#line-FF0000-3000</styleUrl>
        <LineString>
          <tessellate>1</tessellate>
          <coordinates>
            -3.604397,37.173111,0
            -3.604139,37.172826,0
            -3.604473,37.172536,0
            -3.6046,37.172443,0
            -3.604845,37.172775,0
          </coordinates>
        </LineString>
      </Placemark>
      <Placemark>
        <name>AVENIDA   CAPITAN MORENO</name>
        <description><![CDATA[ROTACION: AZUL -  ZONA: 2    <br>       <br>   DISTRITO   BEIRO    <br>   ESTACIONAMIENTO   Máximo 2 horas    <br>   Longitud   148,751217    <br>   CENTROID_X   -3,600499    <br>   CENTROID_Y   37,183402]]></description>
        <styleUrl>#line-0000FF-3000</styleUrl>
        <LineString>
          <tessellate>1</tessellate>
          <coordinates>
            -3.601016,37.18393,0
            -3.600586,37.183491,0
            -3.600433,37.183334,0
            -3.599982,37.182875,0
          </coordinates>
        </LineString>
      </Placemark>
      <Placemark>
        <name>AVENIDA   DOCTOR OLORIZ</name>
        <description><![CDATA[ROTACION: AZUL -  ZONA: 2    <br>       <br>   DISTRITO   BEIRO    <br>   ESTACIONAMIENTO   Máximo 2 horas    <br>   Longitud   415,529828    <br>   CENTROID_X   -3,607267    <br>   CENTROID_Y   37,188077]]></description>
        <styleUrl>#line-0000FF-3000</styleUrl>
        <LineString>
          <tessellate>1</tessellate>
          <coordinates>
            -3.608288,37.186389,0
            -3.607934,37.186962,0
            -3.607891,37.187034,0
            -3.60789,37.187034,0
            -3.607869,37.187069,0
            -3.607586,37.187543,0
            -3.607261,37.188087,0
            -3.606632,37.189141,0
            -3.606467,37.189416,0
            -3.606368,37.18958,0
            -3.606358,37.189597,0
            -3.606314,37.189671,0
            -3.6063,37.189686,0
            -3.606285,37.1897,0
            -3.606246,37.189733,0
            -3.606226,37.189746,0
          </coordinates>
        </LineString>
      </Placemark>
      <Placemark>
        <name>AVENIDA   DON BOSCO</name>
        <description><![CDATA[ROTACION: AZUL -  ZONA: 6    <br>       <br>   DISTRITO   ZAIDIN    <br>   ESTACIONAMIENTO   Máximo 2 horas    <br>   Longitud   149,28301    <br>   CENTROID_X   -3,59632    <br>   CENTROID_Y   37,15928]]></description>
        <styleUrl>#line-0000FF-3000</styleUrl>
        <LineString>
          <tessellate>1</tessellate>
          <coordinates>
            -3.595511,37.159097,0
            -3.595515,37.159098,0
            -3.596021,37.159206,0
            -3.596067,37.159215,0
            -3.596125,37.159228,0
            -3.596179,37.159241,0
            -3.596233,37.159255,0
            -3.596283,37.15927,0
            -3.596324,37.159282,0
            -3.596398,37.159302,0
            -3.596473,37.159322,0
            -3.596548,37.159341,0
            -3.596624,37.159359,0
            -3.596699,37.159376,0
            -3.596775,37.159391,0
            -3.596852,37.159406,0
            -3.596929,37.15942,0
            -3.597006,37.159433,0
            -3.59709,37.159446,0
            -3.597132,37.159452,0
          </coordinates>
        </LineString>
      </Placemark>
      <Placemark>
        <name>AVENIDA   PABLO PICASSO</name>
        <description><![CDATA[ROTACION: AZUL -  ZONA: 8    <br>       <br>   DISTRITO   ZAIDIN y GENIL    <br>   ESTACIONAMIENTO   Máximo 2 horas    <br>   Longitud   422,723894    <br>   CENTROID_X   -3,594425    <br>   CENTROID_Y   37,165001]]></description>
        <styleUrl>#line-0000FF-3000</styleUrl>
        <LineString>
          <tessellate>1</tessellate>
          <coordinates>
            -3.592407,37.166013,0
            -3.592597,37.165917,0
            -3.59264,37.165895,0
            -3.59362,37.165409,0
            -3.594064,37.165188,0
            -3.594175,37.165116,0
            -3.594376,37.165023,0
            -3.594553,37.164942,0
            -3.595107,37.164669,0
            -3.595195,37.164626,0
            -3.595305,37.164571,0
            -3.59553,37.16446,0
            -3.595576,37.164438,0
            -3.595616,37.164418,0
            -3.595842,37.164307,0
            -3.595895,37.164281,0
            -3.596092,37.164183,0
            -3.596128,37.164165,0
            -3.596451,37.164004,0
          </coordinates>
        </LineString>
      </Placemark>
      <Placemark>
        <name>AVENIDA DE BARCELONA</name>
        <description><![CDATA[ROTACION: AZUL -  ZONA: 6    <br>       <br>   DISTRITO   ZAIDIN    <br>   ESTACIONAMIENTO   Máximo 2 horas    <br>   Longitud   278,411662    <br>   CENTROID_X   -3,601518    <br>   CENTROID_Y   37,16116]]></description>
        <styleUrl>#line-0000FF-3000</styleUrl>
        <LineString>
          <tessellate>1</tessellate>
          <coordinates>
            -3.600365,37.160421,0
            -3.600384,37.160427,0
            -3.600405,37.160434,0
            -3.600427,37.160441,0
            -3.600442,37.160446,0
            -3.600448,37.160448,0
            -3.60047,37.160455,0
            -3.600487,37.160462,0
            -3.600504,37.160469,0
            -3.600522,37.160477,0
            -3.600539,37.160484,0
            -3.600556,37.160491,0
            -3.600574,37.160498,0
            -3.600591,37.160506,0
            -3.600608,37.160513,0
            -3.600625,37.160521,0
            -3.600642,37.160529,0
            -3.600659,37.160536,0
            -3.60068,37.160546,0
            -3.6007,37.160555,0
            -3.600721,37.160565,0
            -3.600741,37.160575,0
            -3.600761,37.160585,0
            -3.600776,37.160593,0
            -3.600781,37.160595,0
            -3.600801,37.160606,0
            -3.600821,37.160616,0
            -3.60084,37.160627,0
            -3.60086,37.160638,0
            -3.600879,37.160649,0
            -3.600896,37.160659,0
            -3.600913,37.160669,0
            -3.60093,37.160679,0
            -3.600947,37.16069,0
            -3.600964,37.1607,0
            -3.600981,37.16071,0
            -3.600989,37.160716,0
            -3.600998,37.160721,0
            -3.601014,37.160731,0
            -3.601031,37.160742,0
            -3.601047,37.160753,0
            -3.601064,37.160763,0
            -3.601088,37.16078,0
            -3.601095,37.160785,0
            -3.601126,37.160807,0
            -3.601156,37.16083,0
            -3.601186,37.160853,0
            -3.601216,37.160876,0
            -3.601248,37.160902,0
            -3.601282,37.16093,0
            -3.601315,37.160959,0
            -3.601338,37.160979,0
            -3.601348,37.160988,0
            -3.60138,37.161017,0
            -3.601396,37.161032,0
            -3.601412,37.161047,0
            -3.60142,37.161055,0
            -3.601445,37.161079,0
            -3.601468,37.161104,0
            -3.601491,37.161129,0
            -3.601547,37.161193,0
            -3.60155,37.161197,0
            -3.601588,37.161248,0
            -3.601606,37.161274,0
            -3.601621,37.161296,0
            -3.601637,37.161321,0
            -3.601675,37.161383,0
            -3.601691,37.161411,0
            -3.601728,37.16147,0
            -3.601785,37.161561,0
            -3.601822,37.161621,0
            -3.601843,37.161655,0
            -3.601893,37.161737,0
            -3.601942,37.161816,0
            -3.60196,37.161843,0
            -3.601992,37.161894,0
            -3.60204,37.161973,0
            -3.602095,37.162061,0
            -3.602153,37.162155,0
            -3.602187,37.162215,0
            -3.602226,37.162278,0
            -3.602259,37.162329,0
          </coordinates>
        </LineString>
      </Placemark>
      <Placemark>
        <name>AVENIDA DE DILAR</name>
        <description><![CDATA[ROTACION: AZUL -  ZONA: 6    <br>       <br>   DISTRITO   ZAIDIN    <br>   ESTACIONAMIENTO   Máximo 2 horas    <br>   Longitud   898,595058    <br>   CENTROID_X   -3,600533    <br>   CENTROID_Y   37,155528]]></description>
        <styleUrl>#line-0000FF-3000</styleUrl>
        <LineString>
          <tessellate>1</tessellate>
          <coordinates>
            -3.601205,37.151522,0
            -3.601027,37.152127,0
            -3.600961,37.152351,0
            -3.600956,37.152374,0
            -3.600837,37.153025,0
            -3.60081,37.153167,0
            -3.600709,37.153725,0
            -3.600673,37.153959,0
            -3.600609,37.154376,0
            -3.600584,37.154536,0
            -3.600582,37.154548,0
            -3.600579,37.154565,0
            -3.600572,37.154769,0
            -3.600557,37.155146,0
            -3.60055,37.155316,0
            -3.600546,37.155441,0
            -3.600528,37.155567,0
            -3.600507,37.155718,0
            -3.600493,37.155818,0
            -3.600481,37.155909,0
            -3.600454,37.156104,0
            -3.600426,37.156301,0
            -3.600403,37.156464,0
            -3.600383,37.156597,0
            -3.600258,37.157029,0
            -3.600258,37.15703,0
            -3.60016,37.157289,0
            -3.60014,37.157379,0
            -3.600052,37.157761,0
            -3.600049,37.157772,0
            -3.599976,37.158158,0
            -3.599967,37.158233,0
            -3.599944,37.158411,0
            -3.599873,37.159013,0
            -3.599853,37.159086,0
            -3.599847,37.15916,0
            -3.599829,37.159393,0
            -3.599819,37.159528,0
          </coordinates>
        </LineString>
      </Placemark>
      <Placemark>
        <name>AVENIDA DE LA CIENCIA</name>
        <description><![CDATA[ROTACION: AZUL -  ZONA: 8    <br>       <br>   DISTRITO   RONDA    <br>   ESTACIONAMIENTO   Máximo 2 horas    <br>   Longitud   336,463688    <br>   CENTROID_X   -3,606683    <br>   CENTROID_Y   37,162132]]></description>
        <styleUrl>#line-0000FF-3000</styleUrl>
        <LineString>
          <tessellate>1</tessellate>
          <coordinates>
            -3.605118,37.161277,0
            -3.605135,37.16129,0
            -3.605259,37.16136,0
            -3.60645,37.162004,0
            -3.606566,37.162067,0
            -3.606635,37.162106,0
            -3.608251,37.162982,0
          </coordinates>
        </LineString>
      </Placemark>
      <Placemark>
        <name>AVENIDA DE LA ILUSTRACION</name>
        <description><![CDATA[ROTACION: AZUL -  ZONA: 9    <br>       <br>   DISTRITO   ZAIDIN    <br>   ESTACIONAMIENTO   Máximo 2 horas    <br>   Longitud   679,042595    <br>   CENTROID_X   -3,602637    <br>   CENTROID_Y   37,149222]]></description>
        <styleUrl>#line-0000FF-3000</styleUrl>
        <LineString>
          <tessellate>1</tessellate>
          <coordinates>
            -3.598821,37.149204,0
            -3.599363,37.149208,0
            -3.601844,37.149228,0
            -3.602479,37.149225,0
            -3.603309,37.149213,0
            -3.604428,37.149233,0
            -3.604654,37.149237,0
            -3.604817,37.149245,0
            -3.604929,37.149256,0
            -3.605202,37.149302,0
            -3.606427,37.149533,0
          </coordinates>
        </LineString>
      </Placemark>
      <Placemark>
        <name>AVENIDA DE MADRID</name>
        <description><![CDATA[ROTACION: AZUL -  ZONA: 2    <br>       <br>   DISTRITO   BEIRO    <br>   ESTACIONAMIENTO   Máximo 2 horas    <br>   Longitud   285,837221    <br>   CENTROID_X   -3,604628    <br>   CENTROID_Y   37,188264]]></description>
        <styleUrl>#line-0000FF-3000</styleUrl>
        <LineString>
          <tessellate>1</tessellate>
          <coordinates>
            -3.603936,37.187077,0
            -3.604184,37.187519,0
            -3.604551,37.18815,0
            -3.604563,37.188171,0
            -3.604564,37.188172,0
            -3.604966,37.18875,0
            -3.60519,37.188978,0
            -3.605502,37.189296,0
            -3.605515,37.189309,0
          </coordinates>
        </LineString>
      </Placemark>
      <Placemark>
        <name>AVENIDA DEL HOSPICIO</name>
        <description><![CDATA[ROTACION: AZUL -  ZONA: 2    <br>       <br>   DISTRITO   BEIRO    <br>   ESTACIONAMIENTO   Máximo 2 horas    <br>   Longitud   198,945623    <br>   CENTROID_X   -3,600835    <br>   CENTROID_Y   37,184097]]></description>
        <styleUrl>#line-0000FF-3000</styleUrl>
        <LineString>
          <tessellate>1</tessellate>
          <coordinates>
            -3.600102,37.184775,0
            -3.601016,37.18393,0
            -3.601567,37.183418,0
          </coordinates>
        </LineString>
      </Placemark>
      <Placemark>
        <name>CALLE   ACERA DE CANASTEROS</name>
        <description><![CDATA[ROTACION: AZUL -  ZONA: 1    <br>       <br>   DISTRITO   CENTRO    <br>   ESTACIONAMIENTO   Máximo 2 horas    <br>   Longitud   132,98583    <br>   CENTROID_X   -3,604265    <br>   CENTROID_Y   37,183206]]></description>
        <styleUrl>#line-0000FF-3000</styleUrl>
        <LineString>
          <tessellate>1</tessellate>
          <coordinates>
            -3.603691,37.182821,0
            -3.604644,37.18346,0
            -3.604837,37.183593,0
          </coordinates>
        </LineString>
      </Placemark>
      <Placemark>
        <name>CALLE   ACERA DE SAN ILDEFONSO</name>
        <description><![CDATA[ROTACION: AZUL -  ZONA: 2    <br>       <br>   DISTRITO   BEIRO    <br>   ESTACIONAMIENTO   Máximo 2 horas    <br>   Longitud   231,508397    <br>   CENTROID_X   -3,599972    <br>   CENTROID_Y   37,184019]]></description>
        <styleUrl>#line-0000FF-3000</styleUrl>
        <LineString>
          <tessellate>1</tessellate>
          <coordinates>
            -3.599793,37.182986,0
            -3.599883,37.183501,0
            -3.600102,37.184775,0
            -3.600153,37.185053,0
          </coordinates>
        </LineString>
      </Placemark>
      <Placemark>
        <name>CALLE   AGUSTIN LARA</name>
        <description><![CDATA[ROTACION: AZUL -  ZONA: 8    <br>       <br>   DISTRITO   ZAIDIN y GENIL    <br>   ESTACIONAMIENTO   Máximo 2 horas    <br>   Longitud   310,230704    <br>   CENTROID_X   -3,594661    <br>   CENTROID_Y   37,163367]]></description>
        <styleUrl>#line-0000FF-3000</styleUrl>
        <LineString>
          <tessellate>1</tessellate>
          <coordinates>
            -3.592937,37.163141,0
            -3.593145,37.163168,0
            -3.593609,37.163229,0
            -3.593685,37.163239,0
            -3.593749,37.163247,0
            -3.593967,37.163276,0
            -3.59404,37.163286,0
            -3.594102,37.163294,0
            -3.594354,37.163327,0
            -3.594476,37.163343,0
            -3.594627,37.163363,0
            -3.594919,37.163401,0
            -3.595231,37.163443,0
            -3.595295,37.163451,0
            -3.595364,37.16346,0
            -3.596019,37.163549,0
            -3.596076,37.163557,0
            -3.596136,37.163565,0
            -3.596384,37.163598,0
          </coordinates>
        </LineString>
      </Placemark>
      <Placemark>
        <name>CALLE   AGUSTINA DE ARAGON</name>
        <description><![CDATA[ROTACION: AZUL -  ZONA: 5    <br>       <br>   DISTRITO   RONDA    <br>   ESTACIONAMIENTO   Máximo 2 horas    <br>   Longitud   345,747537    <br>   CENTROID_X   -3,601862    <br>   CENTROID_Y   37,16748]]></description>
        <styleUrl>#line-0000FF-3000</styleUrl>
        <LineString>
          <tessellate>1</tessellate>
          <coordinates>
            -3.603582,37.166705,0
            -3.603438,37.166774,0
            -3.60339,37.166797,0
            -3.603253,37.166858,0
            -3.60321,37.166877,0
            -3.602901,37.167015,0
            -3.60252,37.167186,0
            -3.602217,37.167322,0
            -3.601761,37.167525,0
            -3.601452,37.167664,0
            -3.6012,37.167661,0
            -3.601094,37.167659,0
            -3.600801,37.167656,0
            -3.600761,37.167655,0
            -3.600411,37.167651,0
            -3.60029,37.167649,0
            -3.600038,37.167762,0
          </coordinates>
        </LineString>
      </Placemark>
      <Placemark>
        <name>CALLE   ALHAMAR</name>
        <description><![CDATA[ROTACION: AZUL -  ZONA: 5    <br>       <br>   DISTRITO   RONDA    <br>   ESTACIONAMIENTO   Máximo 2 horas    <br>   Longitud   479,854178    <br>   CENTROID_X   -3,6022    <br>   CENTROID_Y   37,169006]]></description>
        <styleUrl>#line-0000FF-3000</styleUrl>
        <LineString>
          <tessellate>1</tessellate>
          <coordinates>
            -3.599498,37.168992,0
            -3.599829,37.168994,0
            -3.60036,37.168997,0
            -3.600376,37.168997,0
            -3.600394,37.168997,0
            -3.601438,37.169002,0
            -3.602357,37.169006,0
            -3.602866,37.169008,0
            -3.603504,37.16901,0
            -3.603533,37.16901,0
            -3.603932,37.16901,0
            -3.603973,37.169009,0
            -3.604371,37.169007,0
            -3.604676,37.169004,0
            -3.604903,37.169002,0
          </coordinates>
        </LineString>
      </Placemark>
      <Placemark>
        <name>CALLE   ALMONA DE SAN JUAN DE DIOS</name>
        <description><![CDATA[ROTACION: AZUL -  ZONA: 1    <br>       <br>   DISTRITO   CENTRO    <br>   ESTACIONAMIENTO   Máximo 2 horas    <br>   Longitud   138,76141    <br>   CENTROID_X   -3,603081    <br>   CENTROID_Y   37,18243]]></description>
        <styleUrl>#line-0000FF-3000</styleUrl>
        <LineString>
          <tessellate>1</tessellate>
          <coordinates>
            -3.603691,37.182821,0
            -3.603079,37.182429,0
            -3.602469,37.182041,0
          </coordinates>
        </LineString>
      </Placemark>
      <Placemark>
        <name>CALLE   ANCHA DE CAPUCHINOS</name>
        <description><![CDATA[ROTACION: AZUL -  ZONA: 2    <br>       <br>   DISTRITO   BEIRO    <br>   ESTACIONAMIENTO   Máximo 2 horas    <br>   Longitud   322,403283    <br>   CENTROID_X   -3,602075    <br>   CENTROID_Y   37,18511]]></description>
        <styleUrl>#line-0000FF-3000</styleUrl>
        <LineString>
          <tessellate>1</tessellate>
          <coordinates>
            -3.603135,37.18629,0
            -3.602893,37.186021,0
            -3.602575,37.185669,0
            -3.602282,37.185343,0
            -3.601741,37.184735,0
            -3.601016,37.18393,0
          </coordinates>
        </LineString>
      </Placemark>
      <Placemark>
        <name>CALLE   ANCHA DE GRACIA</name>
        <description><![CDATA[ROTACION: AZUL -  ZONA: 4    <br>       <br>   DISTRITO   RONDA    <br>   ESTACIONAMIENTO   Máximo 2 horas    <br>   Longitud   205,07949    <br>   CENTROID_X   -3,605451    <br>   CENTROID_Y   37,171818]]></description>
        <styleUrl>#line-0000FF-3000</styleUrl>
        <LineString>
          <tessellate>1</tessellate>
          <coordinates>
            -3.6046,37.172443,0
            -3.605121,37.17206,0
            -3.605651,37.171671,0
            -3.605984,37.171425,0
            -3.606172,37.171287,0
            -3.606208,37.17126,0
            -3.6063,37.171191,0
          </coordinates>
        </LineString>
      </Placemark>
      <Placemark>
        <name>CALLE   ANDRES SEGOVIA</name>
        <description><![CDATA[ROTACION: AZUL -  ZONA: 8    <br>       <br>   DISTRITO   ZAIDIN    <br>   ESTACIONAMIENTO   Máximo 2 horas    <br>   Longitud   283,27369    <br>   CENTROID_X   -3,594391    <br>   CENTROID_Y   37,16378]]></description>
        <styleUrl>#line-0000FF-3000</styleUrl>
        <MultiGeometry>
          <LineString>
            <tessellate>1</tessellate>
            <coordinates>
              -3.594153,37.165034,0
              -3.594155,37.165041,0
              -3.594175,37.165116,0
            </coordinates>
          </LineString>
          <LineString>
            <tessellate>1</tessellate>
            <coordinates>
              -3.594645,37.162519,0
              -3.594618,37.162643,0
              -3.594609,37.162688,0
              -3.594599,37.162735,0
              -3.594567,37.162885,0
              -3.594559,37.162924,0
              -3.594533,37.163049,0
              -3.594525,37.163082,0
              -3.594516,37.163129,0
              -3.594496,37.163223,0
              -3.594476,37.163343,0
              -3.594457,37.163462,0
              -3.594308,37.164178,0
              -3.594296,37.164236,0
              -3.594285,37.164291,0
              -3.594241,37.164494,0
              -3.594232,37.164539,0
              -3.594225,37.164573,0
              -3.594162,37.164868,0
              -3.594143,37.164954,0
              -3.594143,37.164955,0
            </coordinates>
          </LineString>
        </MultiGeometry>
      </Placemark>
      <Placemark>
        <name>CALLE   ANGEL BARRIOS</name>
        <description><![CDATA[ROTACION: AZUL -  ZONA: 4    <br>       <br>   DISTRITO   RONDA    <br>   ESTACIONAMIENTO   Máximo 2 horas    <br>   Longitud   106,00249    <br>   CENTROID_X   -3,608128    <br>   CENTROID_Y   37,172401]]></description>
        <styleUrl>#line-0000FF-3000</styleUrl>
        <LineString>
          <tessellate>1</tessellate>
          <coordinates>
            -3.607591,37.17261,0
            -3.608664,37.172192,0
          </coordinates>
        </LineString>
      </Placemark>
      <Placemark>
        <name>CALLE   ARABIAL</name>
        <description><![CDATA[ROTACION: AZUL -  ZONA: 4    <br>       <br>   DISTRITO   RONDA    <br>   ESTACIONAMIENTO   Máximo 2 horas    <br>   Longitud   1250,744385    <br>   CENTROID_X   -3,608905    <br>   CENTROID_Y   37,17259]]></description>
        <styleUrl>#line-0000FF-3000</styleUrl>
        <MultiGeometry>
          <LineString>
            <tessellate>1</tessellate>
            <coordinates>
              -3.612611,37.178926,0
              -3.613015,37.179584,0
              -3.613241,37.179952,0
              -3.613428,37.180257,0
              -3.613449,37.180291,0
              -3.613556,37.18047,0
              -3.614006,37.181219,0
              -3.61422,37.181577,0
              -3.614384,37.181847,0
              -3.614485,37.182014,0
              -3.614639,37.182268,0
            </coordinates>
          </LineString>
          <LineString>
            <tessellate>1</tessellate>
            <coordinates>
              -3.609388,37.173405,0
              -3.60944,37.173505,0
              -3.609546,37.173674,0
              -3.60955,37.173681,0
              -3.609577,37.173726,0
              -3.609847,37.17416,0
              -3.609963,37.174347,0
            </coordinates>
          </LineString>
          <LineString>
            <tessellate>1</tessellate>
            <coordinates>
              -3.609287,37.173222,0
              -3.609334,37.173299,0
              -3.609335,37.173301,0
              -3.60938,37.173388,0
            </coordinates>
          </LineString>
          <LineString>
            <tessellate>1</tessellate>
            <coordinates>
              -3.607592,37.170394,0
              -3.607797,37.170734,0
              -3.607968,37.17102,0
              -3.608158,37.171338,0
              -3.60839,37.171731,0
              -3.608494,37.171906,0
              -3.608664,37.172192,0
              -3.609009,37.172763,0
              -3.609282,37.173214,0
            </coordinates>
          </LineString>
          <LineString>
            <tessellate>1</tessellate>
            <coordinates>
              -3.604911,37.166051,0
              -3.605001,37.166196,0
              -3.605139,37.166419,0
              -3.605351,37.166764,0
              -3.605366,37.16679,0
              -3.605586,37.167148,0
              -3.605879,37.167634,0
              -3.605977,37.167792,0
              -3.606242,37.168215,0
              -3.606427,37.168509,0
              -3.606685,37.168921,0
            </coordinates>
          </LineString>
        </MultiGeometry>
      </Placemark>
      <Placemark>
        <name>CALLE   ARABIAL</name>
        <description><![CDATA[ROTACION: AZUL -  ZONA: 4    <br>       <br>   DISTRITO   RONDA    <br>   ESTACIONAMIENTO   Máximo 2 horas    <br>   Longitud   356,614444    <br>   CENTROID_X   -3,608458    <br>   CENTROID_Y   37,171845]]></description>
        <styleUrl>#line-0000FF-3000</styleUrl>
        <MultiGeometry>
          <LineString>
            <tessellate>1</tessellate>
            <coordinates>
              -3.609287,37.173222,0
              -3.609334,37.173299,0
              -3.609335,37.173301,0
            </coordinates>
          </LineString>
          <LineString>
            <tessellate>1</tessellate>
            <coordinates>
              -3.607592,37.170394,0
              -3.607797,37.170734,0
              -3.607968,37.17102,0
              -3.608158,37.171338,0
              -3.60839,37.171731,0
              -3.608494,37.171906,0
              -3.608664,37.172192,0
              -3.609009,37.172763,0
              -3.609282,37.173214,0
            </coordinates>
          </LineString>
        </MultiGeometry>
      </Placemark>
      <Placemark>
        <name>CALLE   ARABIAL</name>
        <description><![CDATA[ROTACION: AZUL -  ZONA: 4    <br>       <br>   DISTRITO   RONDA    <br>   ESTACIONAMIENTO   Máximo 2 horas    <br>   Longitud   355,232955    <br>   CENTROID_X   -3,605792    <br>   CENTROID_Y   37,16749]]></description>
        <styleUrl>#line-0000FF-3000</styleUrl>
        <LineString>
          <tessellate>1</tessellate>
          <coordinates>
            -3.604911,37.166051,0
            -3.605001,37.166196,0
            -3.605139,37.166419,0
            -3.605351,37.166764,0
            -3.605366,37.16679,0
            -3.605586,37.167148,0
            -3.605879,37.167634,0
            -3.605977,37.167792,0
            -3.606242,37.168215,0
            -3.606427,37.168509,0
            -3.606685,37.168921,0
          </coordinates>
        </LineString>
      </Placemark>
      <Placemark>
        <name>CALLE   AZORIN</name>
        <description><![CDATA[ROTACION: AZUL -  ZONA: 4    <br>       <br>   DISTRITO   RONDA    <br>   ESTACIONAMIENTO   Máximo 2 horas    <br>   Longitud   214,731884    <br>   CENTROID_X   -3,607301    <br>   CENTROID_Y   37,172152]]></description>
        <styleUrl>#line-0000FF-3000</styleUrl>
        <MultiGeometry>
          <LineString>
            <tessellate>1</tessellate>
            <coordinates>
              -3.606305,37.172537,0
              -3.606205,37.172575,0
            </coordinates>
          </LineString>
          <LineString>
            <tessellate>1</tessellate>
            <coordinates>
              -3.60839,37.171731,0
              -3.607994,37.171884,0
              -3.607565,37.17205,0
              -3.607117,37.172223,0
              -3.606593,37.172426,0
              -3.606313,37.172534,0
            </coordinates>
          </LineString>
        </MultiGeometry>
      </Placemark>
      <Placemark>
        <name>CALLE   CARMEN DE BURGOS</name>
        <description><![CDATA[ROTACION: AZUL -  ZONA: 9    <br>       <br>   DISTRITO   GENIL    <br>   ESTACIONAMIENTO   Máximo 2 horas    <br>   Longitud   268,614075    <br>   CENTROID_X   -3,587352    <br>   CENTROID_Y   37,155313]]></description>
        <styleUrl>#line-0000FF-3000</styleUrl>
        <LineString>
          <tessellate>1</tessellate>
          <coordinates>
            -3.586007,37.155866,0
            -3.58688,37.155508,0
            -3.586885,37.155506,0
            -3.58745,37.155272,0
            -3.587869,37.155098,0
            -3.588695,37.154755,0
          </coordinates>
        </LineString>
      </Placemark>
      <Placemark>
        <name>CALLE   CISNE</name>
        <description><![CDATA[ROTACION: AZUL -  ZONA: 1    <br>       <br>   DISTRITO   BEIRO    <br>   ESTACIONAMIENTO   Máximo 2 horas    <br>   Longitud   198,139486    <br>   CENTROID_X   -3,610308    <br>   CENTROID_Y   37,185739]]></description>
        <styleUrl>#line-0000FF-3000</styleUrl>
        <LineString>
          <tessellate>1</tessellate>
          <coordinates>
            -3.610621,37.184883,0
            -3.610577,37.184986,0
            -3.610495,37.185207,0
            -3.610411,37.185429,0
            -3.610406,37.185483,0
            -3.610295,37.185774,0
            -3.610238,37.185924,0
            -3.609989,37.186595,0
          </coordinates>
        </LineString>
      </Placemark>
      <Placemark>
        <name>CALLE   CRISTO DE LA YEDRA</name>
        <description><![CDATA[ROTACION: AZUL -  ZONA: 2    <br>       <br>   DISTRITO   BEIRO    <br>   ESTACIONAMIENTO   Máximo 2 horas    <br>   Longitud   304,000539    <br>   CENTROID_X   -3,60171    <br>   CENTROID_Y   37,18698]]></description>
        <styleUrl>#line-0000FF-3000</styleUrl>
        <MultiGeometry>
          <LineString>
            <tessellate>1</tessellate>
            <coordinates>
              -3.599918,37.187495,0
              -3.600038,37.187458,0
            </coordinates>
          </LineString>
          <LineString>
            <tessellate>1</tessellate>
            <coordinates>
              -3.600097,37.18744,0
              -3.601116,37.18715,0
              -3.601365,37.187079,0
              -3.601406,37.187067,0
              -3.601461,37.187052,0
              -3.601697,37.186984,0
              -3.601755,37.186968,0
              -3.602192,37.186842,0
              -3.603201,37.186552,0
            </coordinates>
          </LineString>
        </MultiGeometry>
      </Placemark>
      <Placemark>
        <name>CALLE   CRISTO DE MEDINACELI</name>
        <description><![CDATA[ROTACION: AZUL -  ZONA: 5    <br>       <br>   DISTRITO   RONDA    <br>   ESTACIONAMIENTO   Máximo 2 horas    <br>   Longitud   105,872008    <br>   CENTROID_X   -3,604629    <br>   CENTROID_Y   37,171301]]></description>
        <styleUrl>#line-0000FF-3000</styleUrl>
        <MultiGeometry>
          <LineString>
            <tessellate>1</tessellate>
            <coordinates>
              -3.604227,37.171515,0
              -3.604623,37.171304,0
              -3.604661,37.171284,0
              -3.604693,37.171267,0
              -3.605126,37.171038,0
            </coordinates>
          </LineString>
          <LineString>
            <tessellate>1</tessellate>
            <coordinates>
              -3.605131,37.171035,0
              -3.605227,37.170984,0
            </coordinates>
          </LineString>
        </MultiGeometry>
      </Placemark>
      <Placemark>
        <name>CALLE   DOCTOR ALEJANDRO OTERO</name>
        <description><![CDATA[ROTACION: AZUL -  ZONA: 8    <br>       <br>   DISTRITO   RONDA    <br>   ESTACIONAMIENTO   Máximo 2 horas    <br>   Longitud   194,527754    <br>   CENTROID_X   -3,607684    <br>   CENTROID_Y   37,163832]]></description>
        <styleUrl>#line-0000FF-3000</styleUrl>
        <LineString>
          <tessellate>1</tessellate>
          <coordinates>
            -3.606743,37.164282,0
            -3.607391,37.163968,0
            -3.608615,37.163401,0
            -3.608631,37.163394,0
          </coordinates>
        </LineString>
      </Placemark>
      <Placemark>
        <name>CALLE   DOCTOR AZPITARTE</name>
        <description><![CDATA[ROTACION: AZUL -  ZONA: 2    <br>       <br>   DISTRITO   BEIRO    <br>   ESTACIONAMIENTO   Máximo 2 horas    <br>   Longitud   364,312436    <br>   CENTROID_X   -3,609092    <br>   CENTROID_Y   37,188828]]></description>
        <styleUrl>#line-0000FF-3000</styleUrl>
        <LineString>
          <tessellate>1</tessellate>
          <coordinates>
            -3.607261,37.188087,0
            -3.608064,37.188412,0
            -3.608203,37.188468,0
            -3.60896,37.188774,0
            -3.609627,37.189044,0
            -3.609648,37.189053,0
            -3.609673,37.189063,0
            -3.609818,37.189123,0
            -3.61092,37.189575,0
          </coordinates>
        </LineString>
      </Placemark>
      <Placemark>
        <name>CALLE   DOCTOR FERMIN GARRIDO</name>
        <description><![CDATA[ROTACION: AZUL -  ZONA: 2    <br>       <br>   DISTRITO   BEIRO    <br>   ESTACIONAMIENTO   Máximo 2 horas    <br>   Longitud   115,916427    <br>   CENTROID_X   -3,608559    <br>   CENTROID_Y   37,190836]]></description>
        <styleUrl>#line-0000FF-3000</styleUrl>
        <LineString>
          <tessellate>1</tessellate>
          <coordinates>
            -3.608235,37.190382,0
            -3.608276,37.19044,0
            -3.608496,37.190747,0
            -3.608625,37.190928,0
            -3.608882,37.19129,0
          </coordinates>
        </LineString>
      </Placemark>
      <Placemark>
        <name>CALLE   DOCTOR GUIRAO GEA</name>
        <description><![CDATA[ROTACION: AZUL -  ZONA: 2    <br>       <br>   DISTRITO   BEIRO    <br>   ESTACIONAMIENTO   Máximo 2 horas    <br>   Longitud   369,293169    <br>   CENTROID_X   -3,605613    <br>   CENTROID_Y   37,186971]]></description>
        <styleUrl>#line-0000FF-3000</styleUrl>
        <MultiGeometry>
          <LineString>
            <tessellate>1</tessellate>
            <coordinates>
              -3.607161,37.188041,0
              -3.607182,37.188055,0
              -3.607261,37.188087,0
            </coordinates>
          </LineString>
          <LineString>
            <tessellate>1</tessellate>
            <coordinates>
              -3.604157,37.185777,0
              -3.604333,37.185852,0
              -3.604617,37.186123,0
              -3.604743,37.186246,0
              -3.604867,37.18637,0
              -3.604933,37.186435,0
              -3.605165,37.186665,0
              -3.605375,37.186808,0
              -3.605723,37.187045,0
              -3.606039,37.187275,0
              -3.606424,37.187541,0
              -3.607082,37.187987,0
            </coordinates>
          </LineString>
        </MultiGeometry>
      </Placemark>
      <Placemark>
        <name>CALLE   DOCTOR MARAÑON</name>
        <description><![CDATA[ROTACION: AZUL -  ZONA: 2    <br>       <br>   DISTRITO   BEIRO    <br>   ESTACIONAMIENTO   Máximo 2 horas    <br>   Longitud   141,038605    <br>   CENTROID_X   -3,607288    <br>   CENTROID_Y   37,189729]]></description>
        <styleUrl>#line-0000FF-3000</styleUrl>
        <MultiGeometry>
          <LineString>
            <tessellate>1</tessellate>
            <coordinates>
              -3.607923,37.189972,0
              -3.607475,37.1898,0
              -3.607345,37.189751,0
              -3.606838,37.189557,0
              -3.606571,37.189455,0
            </coordinates>
          </LineString>
          <LineString>
            <tessellate>1</tessellate>
            <coordinates>
              -3.606549,37.189447,0
              -3.606467,37.189416,0
            </coordinates>
          </LineString>
        </MultiGeometry>
      </Placemark>
      <Placemark>
        <name>CALLE   DOCTOR MARTIN LAGOS</name>
        <description><![CDATA[ROTACION: AZUL -  ZONA: 5    <br>       <br>   DISTRITO   RONDA    <br>   ESTACIONAMIENTO   Máximo 2 horas    <br>   Longitud   65,454391    <br>   CENTROID_X   -3,602391    <br>   CENTROID_Y   37,171669]]></description>
        <styleUrl>#line-0000FF-3000</styleUrl>
        <LineString>
          <tessellate>1</tessellate>
          <coordinates>
            -3.602181,37.171427,0
            -3.602601,37.171912,0
          </coordinates>
        </LineString>
      </Placemark>
      <Placemark>
        <name>CALLE   EMPERATRIZ EUGENIA</name>
        <description><![CDATA[ROTACION: AZUL -  ZONA: 3    <br>       <br>   DISTRITO   RONDA    <br>   ESTACIONAMIENTO   Máximo 2 horas    <br>   Longitud   327,652908    <br>   CENTROID_X   -3,606995    <br>   CENTROID_Y   37,175795]]></description>
        <styleUrl>#line-0000FF-3000</styleUrl>
        <LineString>
          <tessellate>1</tessellate>
          <coordinates>
            -3.605901,37.17706,0
            -3.605988,37.176916,0
            -3.606251,37.176625,0
            -3.6066,37.176239,0
            -3.606986,37.175807,0
            -3.607012,37.175771,0
            -3.607027,37.175752,0
            -3.607125,37.175617,0
            -3.607873,37.175324,0
            -3.608479,37.175086,0
          </coordinates>
        </LineString>
      </Placemark>
      <Placemark>
        <name>CALLE   FAISAN</name>
        <description><![CDATA[ROTACION: AZUL -  ZONA: 1    <br>       <br>   DISTRITO   BEIRO    <br>   ESTACIONAMIENTO   Máximo 2 horas    <br>   Longitud   215,234478    <br>   CENTROID_X   -3,610949    <br>   CENTROID_Y   37,18594]]></description>
        <styleUrl>#line-0000FF-3000</styleUrl>
        <LineString>
          <tessellate>1</tessellate>
          <coordinates>
            -3.610499,37.186826,0
            -3.610894,37.186112,0
            -3.611053,37.185614,0
            -3.611147,37.185275,0
            -3.611243,37.184987,0
          </coordinates>
        </LineString>
      </Placemark>
      <Placemark>
        <name>CALLE   FRAY LEOPOLDO DE ALPANDEIRE</name>
        <description><![CDATA[ROTACION: AZUL -  ZONA: 1    <br>       <br>   DISTRITO   BEIRO    <br>   ESTACIONAMIENTO   Máximo 2 horas    <br>   Longitud   159,649564    <br>   CENTROID_X   -3,607658    <br>   CENTROID_Y   37,184717]]></description>
        <styleUrl>#line-0000FF-3000</styleUrl>
        <LineString>
          <tessellate>1</tessellate>
          <coordinates>
            -3.607193,37.185332,0
            -3.607476,37.184961,0
            -3.608118,37.184098,0
          </coordinates>
        </LineString>
      </Placemark>
      <Placemark>
        <name>CALLE   GENERAL NARVAEZ</name>
        <description><![CDATA[ROTACION: AZUL -  ZONA: 5    <br>       <br>   DISTRITO   RONDA    <br>   ESTACIONAMIENTO   Máximo 2 horas    <br>   Longitud   116,064396    <br>   CENTROID_X   -3,603738    <br>   CENTROID_Y   37,171966]]></description>
        <styleUrl>#line-0000FF-3000</styleUrl>
        <LineString>
          <tessellate>1</tessellate>
          <coordinates>
            -3.603232,37.171636,0
            -3.603407,37.171843,0
            -3.60352,37.171884,0
            -3.603911,37.17203,0
            -3.603941,37.172035,0
            -3.604016,37.172045,0
            -3.604346,37.172005,0
          </coordinates>
        </LineString>
      </Placemark>
      <Placemark>
        <name>CALLE   GONZALO GALLAS</name>
        <description><![CDATA[ROTACION: AZUL -  ZONA: 1    <br>       <br>   DISTRITO   BEIRO y RONDA    <br>   ESTACIONAMIENTO   Máximo 2 horas    <br>   Longitud   566,852633    <br>   CENTROID_X   -3,611417    <br>   CENTROID_Y   37,180886]]></description>
        <styleUrl>#line-0000FF-3000</styleUrl>
        <LineString>
          <tessellate>1</tessellate>
          <coordinates>
            -3.612815,37.183181,0
            -3.612569,37.182792,0
            -3.612399,37.182514,0
            -3.61229,37.182333,0
            -3.612268,37.182297,0
            -3.612032,37.181908,0
            -3.61186,37.181622,0
            -3.611243,37.180597,0
            -3.611046,37.180271,0
            -3.611044,37.180268,0
            -3.61104,37.18026,0
            -3.610836,37.179923,0
            -3.610524,37.179406,0
            -3.610189,37.178852,0
            -3.610026,37.178585,0
          </coordinates>
        </LineString>
      </Placemark>
      <Placemark>
        <name>CALLE   GOYA</name>
        <description><![CDATA[ROTACION: AZUL -  ZONA: 2    <br>       <br>   DISTRITO   RONDA    <br>   ESTACIONAMIENTO   Máximo 2 horas    <br>   Longitud   97,868632    <br>   CENTROID_X   -3,608458    <br>   CENTROID_Y   37,178372]]></description>
        <styleUrl>#line-0000FF-3000</styleUrl>
        <LineString>
          <tessellate>1</tessellate>
          <coordinates>
            -3.608878,37.178657,0
            -3.608037,37.178087,0
          </coordinates>
        </LineString>
      </Placemark>
      <Placemark>
        <name>CALLE   HALCON</name>
        <description><![CDATA[ROTACION: AZUL -  ZONA: 1    <br>       <br>   DISTRITO   BEIRO    <br>   ESTACIONAMIENTO   Máximo 2 horas    <br>   Longitud   55,015133    <br>   CENTROID_X   -3,610968    <br>   CENTROID_Y   37,184835]]></description>
        <styleUrl>#line-0000FF-3000</styleUrl>
        <LineString>
          <tessellate>1</tessellate>
          <coordinates>
            -3.610666,37.184779,0
            -3.61121,37.184881,0
            -3.611269,37.184892,0
          </coordinates>
        </LineString>
      </Placemark>
      <Placemark>
        <name>CALLE   ISAAC ALBENIZ</name>
        <description><![CDATA[ROTACION: AZUL -  ZONA: 2    <br>       <br>   DISTRITO   BEIRO    <br>   ESTACIONAMIENTO   Máximo 2 horas    <br>   Longitud   213,370971    <br>   CENTROID_X   -3,608631    <br>   CENTROID_Y   37,187559]]></description>
        <styleUrl>#line-0000FF-3000</styleUrl>
        <LineString>
          <tessellate>1</tessellate>
          <coordinates>
            -3.608064,37.188412,0
            -3.608421,37.187871,0
            -3.608767,37.187358,0
            -3.608887,37.187189,0
            -3.609006,37.187028,0
            -3.609021,37.187009,0
            -3.609234,37.186733,0
          </coordinates>
        </LineString>
      </Placemark>
      <Placemark>
        <name>CALLE   JOSE RECUERDA</name>
        <description><![CDATA[ROTACION: AZUL -  ZONA: 4    <br>       <br>   DISTRITO   RONDA    <br>   ESTACIONAMIENTO   Máximo 2 horas    <br>   Longitud   109,564493    <br>   CENTROID_X   -3,608456    <br>   CENTROID_Y   37,172982]]></description>
        <styleUrl>#line-0000FF-3000</styleUrl>
        <LineString>
          <tessellate>1</tessellate>
          <coordinates>
            -3.607903,37.173201,0
            -3.609009,37.172763,0
          </coordinates>
        </LineString>
      </Placemark>
      <Placemark>
        <name>CALLE   JULIO VERNE</name>
        <description><![CDATA[ROTACION: AZUL -  ZONA: 1    <br>       <br>   DISTRITO   RONDA    <br>   ESTACIONAMIENTO   Máximo 2 horas    <br>   Longitud   85,219081    <br>   CENTROID_X   -3,614213    <br>   CENTROID_Y   37,182745]]></description>
        <styleUrl>#line-0000FF-3000</styleUrl>
        <LineString>
          <tessellate>1</tessellate>
          <coordinates>
            -3.614646,37.182577,0
            -3.613781,37.182912,0
          </coordinates>
        </LineString>
      </Placemark>
      <Placemark>
        <name>CALLE   LOPE DE VEGA</name>
        <description><![CDATA[ROTACION: AZUL -  ZONA: 5    <br>       <br>   DISTRITO   RONDA    <br>   ESTACIONAMIENTO   Máximo 2 horas    <br>   Longitud   94,821118    <br>   CENTROID_X   -3,604872    <br>   CENTROID_Y   37,171682]]></description>
        <styleUrl>#line-0000FF-3000</styleUrl>
        <LineString>
          <tessellate>1</tessellate>
          <coordinates>
            -3.604623,37.171304,0
            -3.605121,37.17206,0
          </coordinates>
        </LineString>
      </Placemark>
      <Placemark>
        <name>CALLE   LUIS BRAILLE</name>
        <description><![CDATA[ROTACION: AZUL -  ZONA: 5    <br>       <br>   DISTRITO   RONDA    <br>   ESTACIONAMIENTO   Máximo 2 horas    <br>   Longitud   92,516019    <br>   CENTROID_X   -3,602876    <br>   CENTROID_Y   37,171089]]></description>
        <styleUrl>#line-0000FF-3000</styleUrl>
        <LineString>
          <tessellate>1</tessellate>
          <coordinates>
            -3.603248,37.171394,0
            -3.603214,37.171357,0
            -3.60316,37.171301,0
            -3.60313,37.171274,0
            -3.603047,37.171201,0
            -3.602945,37.171129,0
            -3.602832,37.171062,0
            -3.602657,37.170974,0
            -3.602438,37.170888,0
          </coordinates>
        </LineString>
      </Placemark>
      <Placemark>
        <name>CALLE   MAESTRO VIVES</name>
        <description><![CDATA[ROTACION: AZUL -  ZONA: 5    <br>       <br>   DISTRITO   RONDA    <br>   ESTACIONAMIENTO   Máximo 2 horas    <br>   Longitud   89,218296    <br>   CENTROID_X   -3,602582    <br>   CENTROID_Y   37,167929]]></description>
        <styleUrl>#line-0000FF-3000</styleUrl>
        <LineString>
          <tessellate>1</tessellate>
          <coordinates>
            -3.602716,37.16831,0
            -3.602717,37.168309,0
            -3.602718,37.168156,0
            -3.602366,37.16757,0
          </coordinates>
        </LineString>
      </Placemark>
      <Placemark>
        <name>CALLE   MANUEL DE FALLA</name>
        <description><![CDATA[ROTACION: AZUL -  ZONA: 5    <br>       <br>   DISTRITO   RONDA    <br>   ESTACIONAMIENTO   Máximo 2 horas    <br>   Longitud   218,611074    <br>   CENTROID_X   -3,604226    <br>   CENTROID_Y   37,169937]]></description>
        <styleUrl>#line-0000FF-3000</styleUrl>
        <LineString>
          <tessellate>1</tessellate>
          <coordinates>
            -3.60346,37.170668,0
            -3.603862,37.170287,0
            -3.603897,37.170254,0
            -3.603922,37.17023,0
            -3.604268,37.169897,0
            -3.604269,37.169895,0
            -3.604387,37.169744,0
            -3.604531,37.169533,0
            -3.604601,37.169363,0
            -3.604674,37.169044,0
            -3.604675,37.169023,0
            -3.604675,37.169019,0
            -3.604676,37.169004,0
          </coordinates>
        </LineString>
      </Placemark>
      <Placemark>
        <name>CALLE   MANUEL GOMEZ MORENO</name>
        <description><![CDATA[ROTACION: AZUL -  ZONA: 1    <br>       <br>   DISTRITO   CENTRO    <br>   ESTACIONAMIENTO   Máximo 2 horas    <br>   Longitud   87,793529    <br>   CENTROID_X   -3,604877    <br>   CENTROID_Y   37,182518]]></description>
        <styleUrl>#line-0000FF-3000</styleUrl>
        <LineString>
          <tessellate>1</tessellate>
          <coordinates>
            -3.604522,37.182241,0
            -3.6049,37.182536,0
            -3.605197,37.182768,0
            -3.60524,37.182782,0
          </coordinates>
        </LineString>
      </Placemark>
      <Placemark>
        <name>CALLE   MARIA LUISA DE DIOS</name>
        <description><![CDATA[ROTACION: AZUL -  ZONA: 1    <br>       <br>   DISTRITO   BEIRO    <br>   ESTACIONAMIENTO   Máximo 2 horas    <br>   Longitud   50,947804    <br>   CENTROID_X   -3,606804    <br>   CENTROID_Y   37,184875]]></description>
        <styleUrl>#line-0000FF-3000</styleUrl>
        <LineString>
          <tessellate>1</tessellate>
          <coordinates>
            -3.606952,37.184678,0
            -3.60694,37.184691,0
            -3.606658,37.185073,0
          </coordinates>
        </LineString>
      </Placemark>
      <Placemark>
        <name>CALLE   MARIA LUISA DE DIOS</name>
        <description><![CDATA[ROTACION: AZUL -  ZONA: 1    <br>       <br>   DISTRITO   BEIRO    <br>   ESTACIONAMIENTO   Máximo 2 horas    <br>   Longitud   94,170867    <br>   CENTROID_X   -3,607225    <br>   CENTROID_Y   37,184315]]></description>
        <styleUrl>#line-0000FF-3000</styleUrl>
        <LineString>
          <tessellate>1</tessellate>
          <coordinates>
            -3.606951,37.184678,0
            -3.607123,37.18445,0
            -3.607499,37.183951,0
          </coordinates>
        </LineString>
      </Placemark>
      <Placemark>
        <name>CALLE   MARQUES DE LA ENSENADA</name>
        <description><![CDATA[ROTACION: AZUL -  ZONA: 5    <br>       <br>   DISTRITO   RONDA    <br>   ESTACIONAMIENTO   Máximo 2 horas    <br>   Longitud   118,569262    <br>   CENTROID_X   -3,605823    <br>   CENTROID_Y   37,168738]]></description>
        <styleUrl>#line-0000FF-3000</styleUrl>
        <LineString>
          <tessellate>1</tessellate>
          <coordinates>
            -3.60522,37.168967,0
            -3.605608,37.16882,0
            -3.606427,37.168509,0
          </coordinates>
        </LineString>
      </Placemark>
      <Placemark>
        <name>CALLE   MARQUES DON GONZALO</name>
        <description><![CDATA[ROTACION: AZUL -  ZONA: 4    <br>       <br>   DISTRITO   RONDA    <br>   ESTACIONAMIENTO   Máximo 2 horas    <br>   Longitud   218,086487    <br>   CENTROID_X   -3,606522    <br>   CENTROID_Y   37,172309]]></description>
        <styleUrl>#line-0000FF-3000</styleUrl>
        <LineString>
          <tessellate>1</tessellate>
          <coordinates>
            -3.605984,37.171425,0
            -3.605996,37.171443,0
            -3.606593,37.172426,0
            -3.60706,37.173192,0
          </coordinates>
        </LineString>
      </Placemark>
      <Placemark>
        <name>CALLE   MARTINEZ CAMPOS</name>
        <description><![CDATA[ROTACION: AZUL -  ZONA: 5    <br>       <br>   DISTRITO   RONDA    <br>   ESTACIONAMIENTO   Máximo 2 horas    <br>   Longitud   311,059006    <br>   CENTROID_X   -3,604082    <br>   CENTROID_Y   37,171073]]></description>
        <styleUrl>#line-0000FF-3000</styleUrl>
        <LineString>
          <tessellate>1</tessellate>
          <coordinates>
            -3.602736,37.170366,0
            -3.603263,37.170562,0
            -3.60346,37.170668,0
            -3.603592,37.170754,0
            -3.603903,37.170956,0
            -3.603929,37.170974,0
            -3.604127,37.171102,0
            -3.604168,37.171269,0
            -3.604175,37.171299,0
            -3.604227,37.171515,0
            -3.604346,37.172005,0
            -3.604473,37.172536,0
          </coordinates>
        </LineString>
      </Placemark>
      <Placemark>
        <name>CALLE   MARTINEZ DE LA ROSA</name>
        <description><![CDATA[ROTACION: AZUL -  ZONA: 3    <br>       <br>   DISTRITO   RONDA    <br>   ESTACIONAMIENTO   Máximo 2 horas    <br>   Longitud   225,85746    <br>   CENTROID_X   -3,608704    <br>   CENTROID_Y   37,177557]]></description>
        <styleUrl>#line-0000FF-3000</styleUrl>
        <LineString>
          <tessellate>1</tessellate>
          <coordinates>
            -3.607516,37.177214,0
            -3.607518,37.177214,0
            -3.608605,37.177529,0
            -3.608834,37.177594,0
            -3.609147,37.177473,0
            -3.609861,37.177194,0
          </coordinates>
        </LineString>
      </Placemark>
      <Placemark>
        <name>CALLE   MELCHOR ALMAGRO</name>
        <description><![CDATA[ROTACION: AZUL -  ZONA: 3    <br>       <br>   DISTRITO   CENTRO y RONDA    <br>   ESTACIONAMIENTO   Máximo 2 horas    <br>   Longitud   288,189983    <br>   CENTROID_X   -3,607212    <br>   CENTROID_Y   37,177977]]></description>
        <styleUrl>#line-0000FF-3000</styleUrl>
        <LineString>
          <tessellate>1</tessellate>
          <coordinates>
            -3.608459,37.178811,0
            -3.607766,37.178346,0
            -3.607442,37.178129,0
            -3.607284,37.178023,0
            -3.606988,37.177831,0
            -3.606258,37.177356,0
            -3.605954,37.177159,0
          </coordinates>
        </LineString>
      </Placemark>
      <Placemark>
        <name>CALLE   MIRLO</name>
        <description><![CDATA[ROTACION: AZUL -  ZONA: 1    <br>       <br>   DISTRITO   BEIRO    <br>   ESTACIONAMIENTO   Máximo 2 horas    <br>   Longitud   61,60874    <br>   CENTROID_X   -3,610564    <br>   CENTROID_Y   37,186017]]></description>
        <styleUrl>#line-0000FF-3000</styleUrl>
        <LineString>
          <tessellate>1</tessellate>
          <coordinates>
            -3.610238,37.185924,0
            -3.610868,37.186104,0
            -3.610891,37.186111,0
          </coordinates>
        </LineString>
      </Placemark>
      <Placemark>
        <name>CALLE   MULHACEN</name>
        <description><![CDATA[ROTACION: AZUL -  ZONA: 5    <br>       <br>   DISTRITO   RONDA    <br>   ESTACIONAMIENTO   Máximo 2 horas    <br>   Longitud   148,498228    <br>   CENTROID_X   -3,601443    <br>   CENTROID_Y   37,168333]]></description>
        <styleUrl>#line-0000FF-3000</styleUrl>
        <LineString>
          <tessellate>1</tessellate>
          <coordinates>
            -3.601438,37.169002,0
            -3.601437,37.168666,0
            -3.601443,37.16835,0
            -3.601448,37.168004,0
            -3.601449,37.167932,0
            -3.601452,37.167664,0
          </coordinates>
        </LineString>
      </Placemark>
      <Placemark>
        <name>CALLE   MUSICO VICENTE ZARZO</name>
        <description><![CDATA[ROTACION: AZUL -  ZONA: 4    <br>       <br>   DISTRITO   RONDA    <br>   ESTACIONAMIENTO   Máximo 2 horas    <br>   Longitud   112,428233    <br>   CENTROID_X   -3,605358    <br>   CENTROID_Y   37,172579]]></description>
        <styleUrl>#line-0000FF-3000</styleUrl>
        <MultiGeometry>
          <LineString>
            <tessellate>1</tessellate>
            <coordinates>
              -3.604921,37.172803,0
              -3.605891,37.172306,0
            </coordinates>
          </LineString>
          <LineString>
            <tessellate>1</tessellate>
            <coordinates>
              -3.605908,37.172297,0
              -3.606004,37.172248,0
            </coordinates>
          </LineString>
        </MultiGeometry>
      </Placemark>
      <Placemark>
        <name>CALLE   PALENCIA</name>
        <description><![CDATA[ROTACION: AZUL -  ZONA: 6    <br>       <br>   DISTRITO   ZAIDIN y GENIL    <br>   ESTACIONAMIENTO   Máximo 2 horas    <br>   Longitud   220,714656    <br>   CENTROID_X   -3,598366    <br>   CENTROID_Y   37,160104]]></description>
        <styleUrl>#line-0000FF-3000</styleUrl>
        <LineString>
          <tessellate>1</tessellate>
          <coordinates>
            -3.597141,37.159937,0
            -3.597238,37.159954,0
            -3.597473,37.159985,0
            -3.597518,37.159991,0
            -3.59757,37.159998,0
            -3.597934,37.160047,0
            -3.597967,37.160051,0
            -3.598,37.160055,0
            -3.598038,37.16006,0
            -3.598093,37.160068,0
            -3.598194,37.160081,0
            -3.598227,37.160085,0
            -3.598259,37.16009,0
            -3.598454,37.160115,0
            -3.598487,37.16012,0
            -3.598545,37.160127,0
            -3.598603,37.160135,0
            -3.598677,37.160145,0
            -3.598752,37.160155,0
            -3.598782,37.160159,0
            -3.598907,37.160175,0
            -3.59896,37.160182,0
            -3.599012,37.160189,0
            -3.599063,37.160196,0
            -3.599116,37.160203,0
            -3.599271,37.160224,0
            -3.599312,37.160229,0
            -3.599351,37.160234,0
            -3.599592,37.160266,0
          </coordinates>
        </LineString>
      </Placemark>
      <Placemark>
        <name>CALLE   PALENCIA</name>
        <description><![CDATA[ROTACION: AZUL -  ZONA: 6    <br>       <br>   DISTRITO   ZAIDIN y GENIL    <br>   ESTACIONAMIENTO   Máximo 2 horas    <br>   Longitud   149,483074    <br>   CENTROID_X   -3,596311    <br>   CENTROID_Y   37,15982]]></description>
        <styleUrl>#line-0000FF-3000</styleUrl>
        <LineString>
          <tessellate>1</tessellate>
          <coordinates>
            -3.595482,37.159708,0
            -3.595823,37.159754,0
            -3.595874,37.159761,0
            -3.595944,37.15977,0
            -3.595986,37.159776,0
            -3.596597,37.159858,0
            -3.596629,37.159862,0
            -3.596661,37.159867,0
            -3.59702,37.159915,0
            -3.597141,37.159937,0
          </coordinates>
        </LineString>
      </Placemark>
      <Placemark>
        <name>CALLE   PEDRO ANTONIO DE ALARCON</name>
        <description><![CDATA[ROTACION: AZUL -  ZONA: 5    <br>       <br>   DISTRITO   RONDA    <br>   ESTACIONAMIENTO   Máximo 2 horas    <br>   Longitud   390,211885    <br>   CENTROID_X   -3,60447    <br>   CENTROID_Y   37,170099]]></description>
        <styleUrl>#line-0000FF-3000</styleUrl>
        <MultiGeometry>
          <LineString>
            <tessellate>1</tessellate>
            <coordinates>
              -3.605651,37.171671,0
              -3.6056,37.171588,0
            </coordinates>
          </LineString>
          <LineString>
            <tessellate>1</tessellate>
            <coordinates>
              -3.605592,37.171575,0
              -3.605423,37.171298,0
              -3.605402,37.171264,0
              -3.605227,37.170984,0
              -3.605002,37.170628,0
              -3.604268,37.169897,0
              -3.604265,37.169895,0
              -3.603919,37.169737,0
              -3.603881,37.169719,0
              -3.603272,37.169422,0
              -3.602863,37.169222,0
              -3.602863,37.169201,0
            </coordinates>
          </LineString>
          <LineString>
            <tessellate>1</tessellate>
            <coordinates>
              -3.602864,37.169104,0
              -3.602865,37.169048,0
              -3.602865,37.169032,0
              -3.602865,37.169028,0
              -3.602866,37.169008,0
            </coordinates>
          </LineString>
        </MultiGeometry>
      </Placemark>
      <Placemark>
        <name>CALLE   PEDRO ANTONIO DE ALARCON</name>
        <description><![CDATA[ROTACION: AZUL -  ZONA: 4    <br>       <br>   DISTRITO   RONDA    <br>   ESTACIONAMIENTO   Máximo 2 horas    <br>   Longitud   709,738431    <br>   CENTROID_X   -3,607425    <br>   CENTROID_Y   37,174581]]></description>
        <styleUrl>#line-0000FF-3000</styleUrl>
        <MultiGeometry>
          <LineString>
            <tessellate>1</tessellate>
            <coordinates>
              -3.609147,37.177473,0
              -3.609097,37.177389,0
            </coordinates>
          </LineString>
          <LineString>
            <tessellate>1</tessellate>
            <coordinates>
              -3.609095,37.177384,0
              -3.608894,37.177047,0
              -3.60864,37.176615,0
              -3.608262,37.175972,0
              -3.608164,37.175806,0
              -3.608141,37.175768,0
              -3.608115,37.175725,0
              -3.607873,37.175324,0
              -3.607452,37.174625,0
              -3.606964,37.173821,0
              -3.606938,37.173778,0
              -3.606822,37.173588,0
              -3.606812,37.173571,0
              -3.606694,37.173377,0
              -3.606205,37.172575,0
              -3.606004,37.172248,0
              -3.605725,37.171792,0
            </coordinates>
          </LineString>
          <LineString>
            <tessellate>1</tessellate>
            <coordinates>
              -3.605704,37.171757,0
              -3.605651,37.171671,0
            </coordinates>
          </LineString>
        </MultiGeometry>
      </Placemark>
      <Placemark>
        <name>CALLE   PEREZ GALDOS</name>
        <description><![CDATA[ROTACION: AZUL -  ZONA: 1    <br>       <br>   DISTRITO   RONDA    <br>   ESTACIONAMIENTO   Máximo 2 horas    <br>   Longitud   259,846614    <br>   CENTROID_X   -3,613606    <br>   CENTROID_Y   37,181799]]></description>
        <styleUrl>#line-0000FF-3000</styleUrl>
        <MultiGeometry>
          <LineString>
            <tessellate>1</tessellate>
            <coordinates>
              -3.612351,37.182265,0
              -3.612268,37.182297,0
            </coordinates>
          </LineString>
          <LineString>
            <tessellate>1</tessellate>
            <coordinates>
              -3.614958,37.18179,0
              -3.61452,37.181664,0
              -3.61422,37.181577,0
              -3.613855,37.181709,0
              -3.61363,37.18179,0
              -3.613041,37.182003,0
              -3.612357,37.182263,0
            </coordinates>
          </LineString>
        </MultiGeometry>
      </Placemark>
      <Placemark>
        <name>CALLE   PINTOR LOPEZ MEZQUITA</name>
        <description><![CDATA[ROTACION: AZUL -  ZONA: 3    <br>       <br>   DISTRITO   RONDA    <br>   ESTACIONAMIENTO   Máximo 2 horas    <br>   Longitud   222,584976    <br>   CENTROID_X   -3,607616    <br>   CENTROID_Y   37,176998]]></description>
        <styleUrl>#line-0000FF-3000</styleUrl>
        <LineString>
          <tessellate>1</tessellate>
          <coordinates>
            -3.606988,37.177831,0
            -3.60732,37.1775,0
            -3.607437,37.177382,0
            -3.607516,37.177214,0
            -3.607658,37.176909,0
            -3.607808,37.176587,0
            -3.608058,37.176051,0
            -3.60807,37.176046,0
          </coordinates>
        </LineString>
      </Placemark>
      <Placemark>
        <name>CALLE   PINTOR RODRIGUEZ ACOSTA</name>
        <description><![CDATA[ROTACION: AZUL -  ZONA: 3    <br>       <br>   DISTRITO   RONDA    <br>   ESTACIONAMIENTO   Máximo 2 horas    <br>   Longitud   117,381948    <br>   CENTROID_X   -3,608188    <br>   CENTROID_Y   37,17794]]></description>
        <styleUrl>#line-0000FF-3000</styleUrl>
        <LineString>
          <tessellate>1</tessellate>
          <coordinates>
            -3.608605,37.177529,0
            -3.608293,37.177836,0
            -3.608107,37.178019,0
            -3.608101,37.178025,0
            -3.608071,37.178055,0
            -3.608037,37.178087,0
            -3.607766,37.178346,0
          </coordinates>
        </LineString>
      </Placemark>
      <Placemark>
        <name>CALLE   PINTOR VELAZQUEZ</name>
        <description><![CDATA[ROTACION: AZUL -  ZONA: 3    <br>       <br>   DISTRITO   RONDA    <br>   ESTACIONAMIENTO   Máximo 2 horas    <br>   Longitud   116,758921    <br>   CENTROID_X   -3,608276    <br>   CENTROID_Y   37,177089]]></description>
        <styleUrl>#line-0000FF-3000</styleUrl>
        <LineString>
          <tessellate>1</tessellate>
          <coordinates>
            -3.607658,37.176909,0
            -3.608475,37.177146,0
            -3.608579,37.177153,0
            -3.608894,37.177047,0
          </coordinates>
        </LineString>
      </Placemark>
      <Placemark>
        <name>CALLE   PINTOR ZULOAGA</name>
        <description><![CDATA[ROTACION: AZUL -  ZONA: 5    <br>       <br>   DISTRITO   RONDA    <br>   ESTACIONAMIENTO   Máximo 2 horas    <br>   Longitud   310,063432    <br>   CENTROID_X   -3,602366    <br>   CENTROID_Y   37,167575]]></description>
        <styleUrl>#line-0000FF-3000</styleUrl>
        <LineString>
          <tessellate>1</tessellate>
          <coordinates>
            -3.601643,37.166341,0
            -3.601892,37.166777,0
            -3.601901,37.166793,0
            -3.601904,37.166798,0
            -3.602217,37.167322,0
            -3.602366,37.16757,0
            -3.602365,37.167927,0
            -3.602363,37.168357,0
            -3.60236,37.16867,0
            -3.602357,37.169006,0
          </coordinates>
        </LineString>
      </Placemark>
      <Placemark>
        <name>CALLE   POETA MANUEL GONGORA</name>
        <description><![CDATA[ROTACION: AZUL -  ZONA: 8    <br>       <br>   DISTRITO   GENIL    <br>   ESTACIONAMIENTO   Máximo 2 horas    <br>   Longitud   272,170835    <br>   CENTROID_X   -3,594986    <br>   CENTROID_Y   37,166315]]></description>
        <styleUrl>#line-0000FF-3000</styleUrl>
        <MultiGeometry>
          <LineString>
            <tessellate>1</tessellate>
            <coordinates>
              -3.595741,37.167225,0
              -3.595564,37.167013,0
              -3.595533,37.166975,0
              -3.59551,37.166948,0
              -3.595243,37.166626,0
              -3.595182,37.166552,0
              -3.595121,37.166478,0
              -3.59498,37.166308,0
              -3.594921,37.166236,0
              -3.594856,37.166158,0
              -3.594713,37.165986,0
              -3.594657,37.165918,0
              -3.594599,37.165848,0
              -3.594459,37.16568,0
              -3.594397,37.165604,0
              -3.594334,37.165528,0
              -3.594193,37.165358,0
              -3.594162,37.16532,0
              -3.594152,37.165292,0
            </coordinates>
          </LineString>
          <LineString>
            <tessellate>1</tessellate>
            <coordinates>
              -3.594145,37.165252,0
              -3.594147,37.165223,0
              -3.594175,37.165116,0
            </coordinates>
          </LineString>
        </MultiGeometry>
      </Placemark>
      <Placemark>
        <name>CALLE   PROFESOR GARCIA GOMEZ</name>
        <description><![CDATA[ROTACION: AZUL -  ZONA: 5    <br>       <br>   DISTRITO   RONDA    <br>   ESTACIONAMIENTO   Máximo 2 horas    <br>   Longitud   121,618226    <br>   CENTROID_X   -3,60497    <br>   CENTROID_Y   37,167388]]></description>
        <styleUrl>#line-0000FF-3000</styleUrl>
        <LineString>
          <tessellate>1</tessellate>
          <coordinates>
            -3.604355,37.16763,0
            -3.604669,37.167508,0
            -3.605023,37.167367,0
            -3.605186,37.167302,0
            -3.605586,37.167148,0
          </coordinates>
        </LineString>
      </Placemark>
      <Placemark>
        <name>CALLE   PROFESOR MOTOS GUIRAO</name>
        <description><![CDATA[ROTACION: AZUL -  ZONA: 2    <br>       <br>   DISTRITO   CENTRO    <br>   ESTACIONAMIENTO   Máximo 2 horas    <br>   Longitud   189,208335    <br>   CENTROID_X   -3,607022    <br>   CENTROID_Y   37,179051]]></description>
        <styleUrl>#line-0000FF-3000</styleUrl>
        <MultiGeometry>
          <LineString>
            <tessellate>1</tessellate>
            <coordinates>
              -3.606053,37.179157,0
              -3.606537,37.179108,0
              -3.606932,37.179062,0
              -3.606934,37.179062,0
              -3.607347,37.179013,0
              -3.608072,37.178934,0
            </coordinates>
          </LineString>
          <LineString>
            <tessellate>1</tessellate>
            <coordinates>
              -3.608398,37.178867,0
              -3.608459,37.178811,0
            </coordinates>
          </LineString>
        </MultiGeometry>
      </Placemark>
      <Placemark>
        <name>CALLE   PROFESOR SAINZ CANTERO</name>
        <description><![CDATA[ROTACION: AZUL -  ZONA: 2    <br>       <br>   DISTRITO   CENTRO    <br>   ESTACIONAMIENTO   Máximo 2 horas    <br>   Longitud   231,618877    <br>   CENTROID_X   -3,606464    <br>   CENTROID_Y   37,178661]]></description>
        <styleUrl>#line-0000FF-3000</styleUrl>
        <LineString>
          <tessellate>1</tessellate>
          <coordinates>
            -3.606671,37.17972,0
            -3.606637,37.179694,0
            -3.606603,37.179505,0
            -3.606537,37.179108,0
            -3.606493,37.178836,0
            -3.606413,37.178351,0
            -3.606512,37.178272,0
            -3.606634,37.178165,0
            -3.606793,37.178026,0
            -3.606988,37.177831,0
          </coordinates>
        </LineString>
      </Placemark>
      <Placemark>
        <name>CALLE   REAL DE CARTUJA</name>
        <description><![CDATA[ROTACION: AZUL -  ZONA: 2    <br>       <br>   DISTRITO   BEIRO    <br>   ESTACIONAMIENTO   Máximo 2 horas    <br>   Longitud   209,033289    <br>   CENTROID_X   -3,600033    <br>   CENTROID_Y   37,18684]]></description>
        <styleUrl>#line-0000FF-3000</styleUrl>
        <LineString>
          <tessellate>1</tessellate>
          <coordinates>
            -3.600081,37.185898,0
            -3.600083,37.186053,0
            -3.600075,37.186124,0
            -3.600077,37.186144,0
            -3.600079,37.186165,0
            -3.60008,37.186222,0
            -3.600076,37.186269,0
            -3.600076,37.186289,0
            -3.600069,37.186452,0
            -3.60006,37.18664,0
            -3.600058,37.186688,0
            -3.600055,37.186711,0
            -3.600054,37.186722,0
            -3.600038,37.186812,0
            -3.600019,37.186927,0
            -3.599996,37.187063,0
            -3.599978,37.187146,0
            -3.599971,37.187185,0
            -3.599955,37.187282,0
            -3.599918,37.187495,0
            -3.59991,37.187543,0
            -3.599885,37.18774,0
            -3.599887,37.187754,0
            -3.599894,37.187771,0
          </coordinates>
        </LineString>
      </Placemark>
      <Placemark>
        <name>CALLE   RECTOR MARIN OCETE</name>
        <description><![CDATA[ROTACION: AZUL -  ZONA: 1    <br>       <br>   DISTRITO   BEIRO    <br>   ESTACIONAMIENTO   Máximo 2 horas    <br>   Longitud   279,988319    <br>   CENTROID_X   -3,606661    <br>   CENTROID_Y   37,183539]]></description>
        <styleUrl>#line-0000FF-3000</styleUrl>
        <LineString>
          <tessellate>1</tessellate>
          <coordinates>
            -3.605525,37.182878,0
            -3.606266,37.183127,0
            -3.606392,37.183195,0
            -3.606531,37.183323,0
            -3.606658,37.183522,0
            -3.606674,37.183619,0
            -3.606645,37.183765,0
            -3.606645,37.183766,0
            -3.606339,37.184782,0
            -3.606328,37.184819,0
            -3.606316,37.184854,0
          </coordinates>
        </LineString>
      </Placemark>
      <Placemark>
        <name>CALLE   RUISEÑOR</name>
        <description><![CDATA[ROTACION: AZUL -  ZONA: 1    <br>       <br>   DISTRITO   BEIRO    <br>   ESTACIONAMIENTO   Máximo 2 horas    <br>   Longitud   133,229163    <br>   CENTROID_X   -3,609567    <br>   CENTROID_Y   37,18563]]></description>
        <styleUrl>#line-0000FF-3000</styleUrl>
        <LineString>
          <tessellate>1</tessellate>
          <coordinates>
            -3.60884,37.18548,0
            -3.60959,37.185635,0
            -3.60963,37.185643,0
            -3.609646,37.185646,0
            -3.610295,37.185774,0
          </coordinates>
        </LineString>
      </Placemark>
      <Placemark>
        <name>CALLE   SAN JERONIMO</name>
        <description><![CDATA[ROTACION: AZUL -  ZONA: 3    <br>       <br>   DISTRITO   CENTRO    <br>   ESTACIONAMIENTO   Máximo 2 horas    <br>   Longitud   158,774937    <br>   CENTROID_X   -3,602199    <br>   CENTROID_Y   37,179436]]></description>
        <styleUrl>#line-0000FF-3000</styleUrl>
        <LineString>
          <tessellate>1</tessellate>
          <coordinates>
            -3.601694,37.178819,0
            -3.60187,37.17908,0
            -3.601917,37.179144,0
            -3.601929,37.179161,0
            -3.602295,37.179533,0
            -3.602322,37.179549,0
            -3.602873,37.179861,0
          </coordinates>
        </LineString>
      </Placemark>
      <Placemark>
        <name>CALLE   SANTA BARBARA</name>
        <description><![CDATA[ROTACION: AZUL -  ZONA: 1    <br>       <br>   DISTRITO   CENTRO    <br>   ESTACIONAMIENTO   Máximo 2 horas    <br>   Longitud   270,738866    <br>   CENTROID_X   -3,604493    <br>   CENTROID_Y   37,182263]]></description>
        <styleUrl>#line-0000FF-3000</styleUrl>
        <LineString>
          <tessellate>1</tessellate>
          <coordinates>
            -3.603347,37.183047,0
            -3.603351,37.183042,0
            -3.603691,37.182821,0
            -3.604054,37.182572,0
            -3.604093,37.182542,0
            -3.604514,37.182248,0
            -3.604522,37.182241,0
            -3.605497,37.181423,0
            -3.605559,37.181372,0
          </coordinates>
        </LineString>
      </Placemark>
      <Placemark>
        <name>CALLE   SOCRATES</name>
        <description><![CDATA[ROTACION: AZUL -  ZONA: 4    <br>       <br>   DISTRITO   RONDA y CENTRO    <br>   ESTACIONAMIENTO   Máximo 2 horas    <br>   Longitud   383,835596    <br>   CENTROID_X   -3,606324    <br>   CENTROID_Y   37,175162]]></description>
        <styleUrl>#line-0000FF-3000</styleUrl>
        <LineString>
          <tessellate>1</tessellate>
          <coordinates>
            -3.608176,37.174345,0
            -3.607849,37.174472,0
            -3.607452,37.174625,0
            -3.606564,37.174967,0
            -3.606443,37.175074,0
            -3.606268,37.175203,0
            -3.605344,37.175775,0
            -3.605266,37.175823,0
            -3.605104,37.175923,0
            -3.605098,37.175926,0
            -3.604593,37.176237,0
          </coordinates>
        </LineString>
      </Placemark>
      <Placemark>
        <name>CALLE   SOL</name>
        <description><![CDATA[ROTACION: AZUL -  ZONA: 3    <br>       <br>   DISTRITO   RONDA    <br>   ESTACIONAMIENTO   Máximo 2 horas    <br>   Longitud   265,984179    <br>   CENTROID_X   -3,608006    <br>   CENTROID_Y   37,176643]]></description>
        <styleUrl>#line-0000FF-3000</styleUrl>
        <LineString>
          <tessellate>1</tessellate>
          <coordinates>
            -3.6066,37.176239,0
            -3.607246,37.176425,0
            -3.607808,37.176587,0
            -3.608109,37.176673,0
            -3.608249,37.176699,0
            -3.608383,37.176697,0
            -3.608488,37.176673,0
            -3.60864,37.176615,0
            -3.609396,37.176326,0
          </coordinates>
        </LineString>
      </Placemark>
      <Placemark>
        <name>CALLE   SOS DEL REY CATOLICO</name>
        <description><![CDATA[ROTACION: AZUL -  ZONA: 8    <br>       <br>   DISTRITO   GENIL    <br>   ESTACIONAMIENTO   Máximo 2 horas    <br>   Longitud   237,601565    <br>   CENTROID_X   -3,596293    <br>   CENTROID_Y   37,165959]]></description>
        <styleUrl>#line-0000FF-3000</styleUrl>
        <LineString>
          <tessellate>1</tessellate>
          <coordinates>
            -3.595182,37.166552,0
            -3.595327,37.166489,0
            -3.596032,37.166104,0
            -3.596075,37.16608,0
            -3.596116,37.166058,0
            -3.596558,37.165811,0
            -3.596762,37.165695,0
            -3.596806,37.165671,0
            -3.596845,37.165649,0
            -3.597387,37.165352,0
            -3.597394,37.165348,0
          </coordinates>
        </LineString>
      </Placemark>
      <Placemark>
        <name>CALLE   TEJEIRO</name>
        <description><![CDATA[ROTACION: AZUL -  ZONA: 5    <br>       <br>   DISTRITO   RONDA    <br>   ESTACIONAMIENTO   Máximo 2 horas    <br>   Longitud   256,786066    <br>   CENTROID_X   -3,602909    <br>   CENTROID_Y   37,170062]]></description>
        <styleUrl>#line-0000FF-3000</styleUrl>
        <MultiGeometry>
          <LineString>
            <tessellate>1</tessellate>
            <coordinates>
              -3.602212,37.171366,0
              -3.602181,37.171427,0
            </coordinates>
          </LineString>
          <LineString>
            <tessellate>1</tessellate>
            <coordinates>
              -3.603504,37.16901,0
              -3.603496,37.169025,0
              -3.603495,37.169029,0
              -3.603485,37.16905,0
              -3.603272,37.169422,0
              -3.603128,37.169676,0
              -3.602736,37.170365,0
              -3.602736,37.170366,0
              -3.602438,37.170888,0
              -3.602375,37.171067,0
            </coordinates>
          </LineString>
        </MultiGeometry>
      </Placemark>
      <Placemark>
        <name>CALLE   TORRE DE COMARES</name>
        <description><![CDATA[ROTACION: AZUL -  ZONA: 9    <br>       <br>   DISTRITO   ZAIDIN    <br>   ESTACIONAMIENTO   Máximo 2 horas    <br>   Longitud   67,522627    <br>   CENTROID_X   -3,593031    <br>   CENTROID_Y   37,152789]]></description>
        <styleUrl>#line-0000FF-3000</styleUrl>
        <LineString>
          <tessellate>1</tessellate>
          <coordinates>
            -3.593347,37.152621,0
            -3.592714,37.152958,0
          </coordinates>
        </LineString>
      </Placemark>
      <Placemark>
        <name>CALLE   TORRE DE LA POLVORA</name>
        <description><![CDATA[ROTACION: AZUL -  ZONA: 9    <br>       <br>   DISTRITO   GENIL    <br>   ESTACIONAMIENTO   Máximo 2 horas    <br>   Longitud   202,246677    <br>   CENTROID_X   -3,590656    <br>   CENTROID_Y   37,153938]]></description>
        <styleUrl>#line-0000FF-3000</styleUrl>
        <LineString>
          <tessellate>1</tessellate>
          <coordinates>
            -3.591665,37.153513,0
            -3.59122,37.1537,0
            -3.590737,37.153904,0
            -3.59056,37.153978,0
            -3.589795,37.154297,0
            -3.589647,37.154359,0
          </coordinates>
        </LineString>
      </Placemark>
      <Placemark>
        <name>CALLE   TORTOLA</name>
        <description><![CDATA[ROTACION: AZUL -  ZONA: 1    <br>       <br>   DISTRITO   BEIRO    <br>   ESTACIONAMIENTO   Máximo 2 horas    <br>   Longitud   193,573144    <br>   CENTROID_X   -3,609995    <br>   CENTROID_Y   37,185399]]></description>
        <styleUrl>#line-0000FF-3000</styleUrl>
        <LineString>
          <tessellate>1</tessellate>
          <coordinates>
            -3.608936,37.185194,0
            -3.609297,37.185262,0
            -3.609595,37.185318,0
            -3.609629,37.185325,0
            -3.609643,37.185328,0
            -3.610406,37.185483,0
            -3.611053,37.185614,0
          </coordinates>
        </LineString>
      </Placemark>
      <Placemark>
        <name>CALLE   TRAJANO</name>
        <description><![CDATA[ROTACION: AZUL -  ZONA: 3    <br>       <br>   DISTRITO   RONDA    <br>   ESTACIONAMIENTO   Máximo 2 horas    <br>   Longitud   172,089948    <br>   CENTROID_X   -3,606612    <br>   CENTROID_Y   37,175049]]></description>
        <styleUrl>#line-0000FF-3000</styleUrl>
        <MultiGeometry>
          <LineString>
            <tessellate>1</tessellate>
            <coordinates>
              -3.606979,37.17567,0
              -3.607027,37.175752,0
            </coordinates>
          </LineString>
          <LineString>
            <tessellate>1</tessellate>
            <coordinates>
              -3.606197,37.174348,0
              -3.60642,37.174724,0
              -3.606564,37.174967,0
              -3.606587,37.175006,0
              -3.606978,37.175669,0
            </coordinates>
          </LineString>
        </MultiGeometry>
      </Placemark>
      <Placemark>
        <name>CALLE   TRINIDAD MORCILLO</name>
        <description><![CDATA[ROTACION: AZUL -  ZONA: 2    <br>       <br>   DISTRITO   RONDA    <br>   ESTACIONAMIENTO   Máximo 2 horas    <br>   Longitud   100,781365    <br>   CENTROID_X   -3,608725    <br>   CENTROID_Y   37,178131]]></description>
        <styleUrl>#line-0000FF-3000</styleUrl>
        <LineString>
          <tessellate>1</tessellate>
          <coordinates>
            -3.608293,37.177836,0
            -3.608555,37.178017,0
            -3.608821,37.178196,0
            -3.609159,37.178424,0
          </coordinates>
        </LineString>
      </Placemark>
      <Placemark>
        <name>CALLE LAS FLORES</name>
        <description><![CDATA[ROTACION: AZUL -  ZONA: 5    <br>       <br>   DISTRITO   RONDA    <br>   ESTACIONAMIENTO   Máximo 2 horas    <br>   Longitud   140,238661    <br>   CENTROID_X   -3,605407    <br>   CENTROID_Y   37,168113]]></description>
        <styleUrl>#line-0000FF-3000</styleUrl>
        <LineString>
          <tessellate>1</tessellate>
          <coordinates>
            -3.604925,37.16859,0
            -3.605004,37.168557,0
            -3.605079,37.168522,0
            -3.605128,37.16849,0
            -3.605157,37.168467,0
            -3.605187,37.168435,0
            -3.605213,37.168402,0
            -3.605439,37.168065,0
            -3.605633,37.167772,0
            -3.605659,37.167737,0
            -3.605677,37.167719,0
            -3.605697,37.167706,0
            -3.605721,37.167693,0
            -3.605792,37.167666,0
            -3.605879,37.167634,0
          </coordinates>
        </LineString>
      </Placemark>
      <Placemark>
        <name>CAMINO DE PURCHIL</name>
        <description><![CDATA[ROTACION: AZUL -  ZONA: 4    <br>       <br>   DISTRITO   RONDA    <br>   ESTACIONAMIENTO   Máximo 2 horas    <br>   Longitud   172,948905    <br>   CENTROID_X   -3,609365    <br>   CENTROID_Y   37,173291]]></description>
        <styleUrl>#line-0000FF-3000</styleUrl>
        <LineString>
          <tessellate>1</tessellate>
          <coordinates>
            -3.608431,37.173514,0
            -3.608459,37.173508,0
            -3.609334,37.173299,0
            -3.60952,37.173254,0
            -3.609546,37.173248,0
            -3.6103,37.173074,0
          </coordinates>
        </LineString>
      </Placemark>
      <Placemark>
        <name>CARRETERA DE LA SIERRA</name>
        <description><![CDATA[ROTACION: AZUL -  ZONA: 7    <br>       <br>   DISTRITO   GENIL    <br>   ESTACIONAMIENTO   Máximo 2 horas    <br>   Longitud   539,548045    <br>   CENTROID_X   -3,58474    <br>   CENTROID_Y   37,166341]]></description>
        <styleUrl>#line-0000FF-3000</styleUrl>
        <LineString>
          <tessellate>1</tessellate>
          <coordinates>
            -3.581882,37.165516,0
            -3.582048,37.165564,0
            -3.582309,37.16564,0
            -3.582453,37.165681,0
            -3.582508,37.165697,0
            -3.582594,37.165722,0
            -3.582904,37.165811,0
            -3.583072,37.165859,0
            -3.583394,37.165952,0
            -3.583711,37.166043,0
            -3.584011,37.16613,0
            -3.584313,37.166219,0
            -3.584519,37.166278,0
            -3.58478,37.166352,0
            -3.585269,37.166494,0
            -3.585309,37.166506,0
            -3.585601,37.166591,0
            -3.586019,37.166713,0
            -3.586634,37.166883,0
            -3.586969,37.166981,0
            -3.587131,37.167028,0
            -3.587262,37.167066,0
            -3.587413,37.167108,0
            -3.587597,37.167169,0
          </coordinates>
        </LineString>
      </Placemark>
      <Placemark>
        <name>PASEO DE LA BOMBA</name>
        <description><![CDATA[ROTACION: AZUL -  ZONA: 7    <br>       <br>   DISTRITO   CENTRO    <br>   ESTACIONAMIENTO   Máximo 2 horas    <br>   Longitud   310,314726    <br>   CENTROID_X   -3,590561    <br>   CENTROID_Y   37,168782]]></description>
        <styleUrl>#line-0000FF-3000</styleUrl>
        <LineString>
          <tessellate>1</tessellate>
          <coordinates>
            -3.589052,37.16808,0
            -3.589063,37.168085,0
            -3.591076,37.169022,0
            -3.591259,37.169108,0
            -3.592062,37.169502,0
          </coordinates>
        </LineString>
      </Placemark>
      <Placemark>
        <name>PASEO DEL EMPERADOR CARLOS V</name>
        <description><![CDATA[ROTACION: AZUL -  ZONA: 9    <br>       <br>   DISTRITO   GENIL y ZAIDIN    <br>   ESTACIONAMIENTO   Máximo 2 horas    <br>   Longitud   450,670932    <br>   CENTROID_X   -3,594284    <br>   CENTROID_Y   37,155111]]></description>
        <styleUrl>#line-0000FF-3000</styleUrl>
        <LineString>
          <tessellate>1</tessellate>
          <coordinates>
            -3.59546,37.156929,0
            -3.595406,37.156817,0
            -3.595364,37.156756,0
            -3.594439,37.155345,0
            -3.593691,37.154216,0
            -3.592962,37.153402,0
          </coordinates>
        </LineString>
      </Placemark>
      <Placemark>
        <name>PASEO DEL SALON</name>
        <description><![CDATA[ROTACION: AZUL -  ZONA: 7    <br>       <br>   DISTRITO   CENTRO    <br>   ESTACIONAMIENTO   Máximo 2 horas    <br>   Longitud   161,284304    <br>   CENTROID_X   -3,594339    <br>   CENTROID_Y   37,169749]]></description>
        <styleUrl>#line-0000FF-3000</styleUrl>
        <LineString>
          <tessellate>1</tessellate>
          <coordinates>
            -3.593439,37.169841,0
            -3.593574,37.169827,0
            -3.594091,37.169774,0
            -3.59424,37.169759,0
            -3.594867,37.169695,0
            -3.595235,37.169631,0
          </coordinates>
        </LineString>
      </Placemark>
      <Placemark>
        <name>PLAZA   MADRE DE LOS FERROVIARIOS</name>
        <description><![CDATA[ROTACION: AZUL -  ZONA: 1    <br>       <br>   DISTRITO   BEIRO    <br>   ESTACIONAMIENTO   Máximo 2 horas    <br>   Longitud   99,706315    <br>   CENTROID_X   -3,610055    <br>   CENTROID_Y   37,184641]]></description>
        <styleUrl>#line-0000FF-3000</styleUrl>
        <MultiGeometry>
          <LineString>
            <tessellate>1</tessellate>
            <coordinates>
              -3.610666,37.184779,0
              -3.610629,37.18477,0
            </coordinates>
          </LineString>
          <LineString>
            <tessellate>1</tessellate>
            <coordinates>
              -3.610596,37.184763,0
              -3.609552,37.184528,0
            </coordinates>
          </LineString>
        </MultiGeometry>
      </Placemark>
      <Placemark>
        <name>AVENIDA DEL CONOCIMIENTO</name>
        <description><![CDATA[ROTACION: VERDE -  ZONA: 9    <br>       <br>   DISTRITO   ZAIDIN    <br>   ESTACIONAMIENTO   Máximo 5 horas    <br>   Longitud   545,485984    <br>   CENTROID_X   -3,605625    <br>   CENTROID_Y   37,144877]]></description>
        <styleUrl>#line-00FF00-3000</styleUrl>
        <LineString>
          <tessellate>1</tessellate>
          <coordinates>
            -3.603102,37.145926,0
            -3.60321,37.145821,0
            -3.603387,37.145681,0
            -3.603971,37.145265,0
            -3.604124,37.145167,0
            -3.604303,37.145074,0
            -3.604493,37.144996,0
            -3.604693,37.144935,0
            -3.604899,37.144891,0
            -3.60511,37.144865,0
            -3.605316,37.144856,0
            -3.605537,37.144865,0
            -3.605748,37.144893,0
            -3.605954,37.144938,0
            -3.606153,37.145,0
            -3.606343,37.145079,0
            -3.606521,37.145173,0
            -3.606686,37.145282,0
            -3.606836,37.145404,0
            -3.606969,37.145538,0
            -3.607083,37.145682,0
            -3.607167,37.145814,0
            -3.60719,37.145852,0
            -3.607252,37.145954,0
            -3.607338,37.146102,0
            -3.607401,37.146212,0
            -3.607452,37.146297,0
            -3.607513,37.146398,0
            -3.607656,37.146641,0
          </coordinates>
        </LineString>
      </Placemark>
      <Placemark>
        <name>CALLE   JUNCOS</name>
        <description><![CDATA[ROTACION: VERDE -  ZONA: 8    <br>       <br>   DISTRITO   RONDA y ZAIDIN    <br>   ESTACIONAMIENTO   Máximo 5 horas    <br>   Longitud   529,008084    <br>   CENTROID_X   -3,605743    <br>   CENTROID_Y   37,164389]]></description>
        <styleUrl>#line-00FF00-3000</styleUrl>
        <LineString>
          <tessellate>1</tessellate>
          <coordinates>
            -3.603188,37.165506,0
            -3.603971,37.165242,0
            -3.603969,37.165179,0
            -3.604331,37.16504,0
            -3.605181,37.16468,0
            -3.607,37.163738,0
            -3.607104,37.163684,0
            -3.60767,37.163391,0
            -3.608259,37.163086,0
          </coordinates>
        </LineString>
      </Placemark>
      <Placemark>
        <name>CALLE   PROFESOR ALBAREDA</name>
        <description><![CDATA[ROTACION: VERDE -  ZONA: 7    <br>       <br>   DISTRITO   GENIL    <br>   ESTACIONAMIENTO   Máximo 5 horas    <br>   Longitud   146,832517    <br>   CENTROID_X   -3,591225    <br>   CENTROID_Y   37,166249]]></description>
        <styleUrl>#line-00FF00-3000</styleUrl>
        <LineString>
          <tessellate>1</tessellate>
          <coordinates>
            -3.590421,37.166402,0
            -3.591165,37.166261,0
            -3.592028,37.16609,0
          </coordinates>
        </LineString>
      </Placemark>
      <Placemark>
        <name>CALLEJON DEL PRETORIO</name>
        <description><![CDATA[ROTACION: VERDE -  ZONA: 7    <br>       <br>   DISTRITO   GENIL    <br>   ESTACIONAMIENTO   Máximo 5 horas    <br>   Longitud   333,64313    <br>   CENTROID_X   -3,593196    <br>   CENTROID_Y   37,167463]]></description>
        <styleUrl>#line-00FF00-3000</styleUrl>
        <MultiGeometry>
          <LineString>
            <tessellate>1</tessellate>
            <coordinates>
              -3.594193,37.168851,0
              -3.594137,37.168774,0
            </coordinates>
          </LineString>
          <LineString>
            <tessellate>1</tessellate>
            <coordinates>
              -3.59413,37.168764,0
              -3.593228,37.167509,0
              -3.593016,37.167199,0
              -3.592764,37.166829,0
              -3.592749,37.166808,0
              -3.592642,37.166653,0
              -3.592618,37.166618,0
              -3.592357,37.166214,0
            </coordinates>
          </LineString>
        </MultiGeometry>
      </Placemark>
      <Placemark>
        <name>PASEO JARDIN DE LA REINA</name>
        <description><![CDATA[ROTACION: AZUL - ZONA: 8 <br> <br> DISTRITO RONDA <br> ESTACIONAMIENTO Máximo 5 horas <br> Longitud 257,207202 <br> CENTROID_X -3,603341 <br> CENTROID_Y 37,164135]]></description>
        <styleUrl>#line-3949AB-3000</styleUrl>
        <LineString>
          <tessellate>1</tessellate>
          <coordinates>
            -3.603969,37.165179,0
            -3.603757,37.164827,0
            -3.603518,37.164432,0
            -3.603006,37.163577,0
            -3.60299,37.163549,0
            -3.60282,37.163266,0
            -3.602714,37.16309,0
          </coordinates>
        </LineString>
      </Placemark>
      <Placemark>
        <name>PASEO DE LOS BASILIOS</name>
        <description><![CDATA[ROTACION: AZUL -  ZONA: 7    <br>       <br>   DISTRITO   CENTRO y GENIL    <br>   ESTACIONAMIENTO   Máximo 2 horas    <br>   Longitud   614,060674    <br>   CENTROID_X   -3,59262    <br>   CENTROID_Y   37,168831]]></description>
        <styleUrl>#line-0000FF-3000</styleUrl>
        <LineString>
          <tessellate>1</tessellate>
          <coordinates>
            -3.589763,37.167223,0
            -3.590511,37.167723,0
            -3.590719,37.167861,0
            -3.59122,37.168194,0
            -3.591312,37.168256,0
            -3.59145,37.168348,0
            -3.591588,37.168429,0
            -3.591736,37.168508,0
            -3.591904,37.168593,0
            -3.591981,37.168627,0
            -3.592244,37.168727,0
            -3.592505,37.168802,0
            -3.592723,37.168857,0
            -3.592949,37.168907,0
            -3.593234,37.168945,0
            -3.593413,37.168952,0
            -3.593626,37.168947,0
            -3.593794,37.168929,0
            -3.593991,37.168897,0
            -3.594193,37.168851,0
            -3.594277,37.168827,0
            -3.594371,37.168798,0
            -3.594497,37.168744,0
            -3.595735,37.168126,0
          </coordinates>
        </LineString>
      </Placemark>
      <Placemark>
        <name>PASEO DE LOS MARTIRES</name>
        <description><![CDATA[ROTACION: VERDE -  ZONA: 10    <br>       <br>   DISTRITO   CENTRO    <br>   ESTACIONAMIENTO   Máximo 5 horas    <br>   Longitud   237,917145    <br>   CENTROID_X   -3,588504    <br>   CENTROID_Y   37,173579]]></description>
        <styleUrl>#line-00FF00-3000</styleUrl>
        <LineString>
          <tessellate>1</tessellate>
          <coordinates>
            -3.587581,37.172792,0
            -3.587735,37.172926,0
            -3.588253,37.173361,0
            -3.588593,37.173657,0
            -3.588773,37.173789,0
            -3.589203,37.174106,0
            -3.589401,37.174239,0
            -3.589471,37.174309,0
          </coordinates>
        </LineString>
      </Placemark>
    </Folder>
  </Document>
</kml>
