{"type":"FeatureCollection","features":[{"type":"Feature","geometry":{"type":"LineString","coordinates":[[-3.59859,37.147775,0],[-3.598427,37.147639,0],[-3.598263,37.147465,0],[-3.598211,37.147438,0],[-3.598205,37.147436,0],[-3.5982,37.147434,0],[-3.598194,37.147432,0],[-3.598188,37.14743,0],[-3.598182,37.147429,0],[-3.598176,37.147427,0],[-3.59817,37.147426,0],[-3.598164,37.147425,0],[-3.598158,37.147424,0],[-3.598152,37.147423,0],[-3.598145,37.147423,0],[-3.598139,37.147422,0],[-3.598133,37.147422,0],[-3.598127,37.147422,0],[-3.59812,37.147422,0],[-3.598114,37.147423,0],[-3.598108,37.147423,0],[-3.598102,37.147424,0],[-3.598096,37.147425,0],[-3.59809,37.147425,0],[-3.598084,37.147427,0],[-3.598078,37.147428,0],[-3.598072,37.147429,0],[-3.597591,37.147722,0],[-3.597356,37.147839,0],[-3.597023,37.147995,0],[-3.596452,37.148271,0],[-3.594918,37.149085,0],[-3.594257,37.149457,0],[-3.593092,37.150131,0],[-3.593076,37.150141,0],[-3.593061,37.150152,0],[-3.593046,37.150163,0],[-3.593031,37.150174,0],[-3.593017,37.150186,0],[-3.593004,37.150198,0],[-3.592991,37.150211,0],[-3.592978,37.150224,0],[-3.592949,37.150255,0],[-3.592922,37.150288,0],[-3.592895,37.150321,0],[-3.592869,37.150355,0],[-3.592858,37.150371,0],[-3.592846,37.150388,0],[-3.592836,37.150406,0],[-3.592826,37.150423,0],[-3.592817,37.150441,0],[-3.592808,37.150459,0],[-3.592801,37.150477,0],[-3.592794,37.150496,0],[-3.592779,37.15054,0],[-3.592765,37.150584,0],[-3.592753,37.150629,0],[-3.592696,37.150852,0],[-3.592691,37.150869,0],[-3.592686,37.150885,0],[-3.592683,37.150902,0],[-3.59268,37.150918,0],[-3.592678,37.150935,0],[-3.592678,37.150938,0],[-3.592677,37.15094,0],[-3.592677,37.150942,0],[-3.592676,37.150945,0],[-3.592675,37.150947,0],[-3.592675,37.15095,0],[-3.592674,37.15095,0],[-3.592674,37.150951,0],[-3.592673,37.150952,0],[-3.592673,37.150953,0],[-3.592672,37.150954,0],[-3.592672,37.150955,0],[-3.592671,37.150956,0],[-3.59267,37.150957,0],[-3.592669,37.150958,0],[-3.592669,37.150959,0],[-3.592668,37.150959,0],[-3.592667,37.15096,0],[-3.592666,37.150961,0],[-3.592665,37.150961,0],[-3.592665,37.150962,0],[-3.592664,37.150963,0],[-3.592663,37.150963,0],[-3.592662,37.150964,0],[-3.592661,37.150964,0],[-3.59266,37.150965,0],[-3.592659,37.150965,0],[-3.592658,37.150966,0],[-3.592657,37.150966,0],[-3.592656,37.150967,0],[-3.592654,37.150967,0],[-3.592653,37.150967,0],[-3.592652,37.150968,0],[-3.592651,37.150968,0],[-3.59265,37.150968,0],[-3.592649,37.150968,0],[-3.592648,37.150968,0],[-3.592646,37.150969,0],[-3.592645,37.150969,0],[-3.592644,37.150969,0],[-3.592643,37.150969,0],[-3.592642,37.150969,0],[-3.592633,37.150969,0],[-3.592624,37.150968,0],[-3.592615,37.150968,0],[-3.59246,37.150956,0],[-3.592458,37.150955,0],[-3.592457,37.150955,0],[-3.592455,37.150955,0],[-3.592454,37.150954,0],[-3.592452,37.150954,0],[-3.592451,37.150954,0],[-3.59245,37.150953,0],[-3.592448,37.150953,0],[-3.592447,37.150952,0],[-3.592446,37.150951,0],[-3.592444,37.150951,0],[-3.592443,37.15095,0],[-3.592442,37.150949,0],[-3.592441,37.150949,0],[-3.59244,37.150948,0],[-3.592439,37.150947,0],[-3.592438,37.150946,0],[-3.592437,37.150945,0],[-3.592436,37.150944,0],[-3.592435,37.150943,0],[-3.592434,37.150943,0],[-3.592433,37.150942,0],[-3.592432,37.150941,0],[-3.592431,37.15094,0],[-3.592431,37.150939,0],[-3.59243,37.150937,0],[-3.592429,37.150936,0],[-3.592429,37.150935,0],[-3.592428,37.150934,0],[-3.592428,37.150933,0],[-3.592427,37.150932,0],[-3.592427,37.150931,0],[-3.592426,37.15093,0],[-3.592426,37.150928,0],[-3.592426,37.150927,0],[-3.592426,37.150926,0],[-3.592425,37.150925,0],[-3.592425,37.150924,0],[-3.592425,37.150923,0],[-3.592425,37.150921,0],[-3.592425,37.15092,0],[-3.592426,37.150919,0],[-3.592426,37.150918,0],[-3.592456,37.15073,0],[-3.592457,37.150727,0],[-3.592458,37.150724,0],[-3.592458,37.150722,0],[-3.592459,37.150719,0],[-3.592459,37.150716,0],[-3.59246,37.150713,0],[-3.59246,37.150711,0],[-3.59246,37.150708,0],[-3.59246,37.150705,0],[-3.59246,37.150702,0],[-3.59246,37.150699,0],[-3.592459,37.150697,0],[-3.592459,37.150694,0],[-3.592458,37.150691,0],[-3.592458,37.150688,0],[-3.592457,37.150686,0],[-3.592456,37.150683,0],[-3.592455,37.15068,0],[-3.592454,37.150678,0],[-3.592452,37.150675,0],[-3.592451,37.150672,0],[-3.592449,37.15067,0],[-3.592448,37.150667,0],[-3.592446,37.150665,0],[-3.592444,37.150663,0],[-3.592442,37.15066,0],[-3.59244,37.150658,0],[-3.592438,37.150656,0],[-3.592436,37.150654,0],[-3.592433,37.150651,0],[-3.592431,37.150649,0],[-3.592428,37.150647,0],[-3.592425,37.150644,0],[-3.592422,37.150642,0],[-3.592419,37.15064,0],[-3.592416,37.150638,0],[-3.592412,37.150637,0],[-3.592409,37.150635,0],[-3.592406,37.150633,0],[-3.592402,37.150632,0],[-3.592399,37.15063,0],[-3.592395,37.150629,0],[-3.592391,37.150628,0],[-3.592388,37.150627,0],[-3.592384,37.150625,0],[-3.59238,37.150625,0],[-3.592376,37.150624,0],[-3.592372,37.150623,0],[-3.592369,37.150622,0],[-3.592365,37.150622,0],[-3.592361,37.150621,0],[-3.592357,37.150621,0],[-3.592353,37.150621,0],[-3.592349,37.150621,0],[-3.592345,37.150621,0],[-3.592341,37.150621,0],[-3.592337,37.150621,0],[-3.592333,37.150622,0],[-3.592329,37.150622,0],[-3.592325,37.150623,0],[-3.592321,37.150623,0],[-3.592317,37.150624,0],[-3.592314,37.150625,0],[-3.59231,37.150626,0],[-3.592306,37.150627,0],[-3.592302,37.150628,0],[-3.592299,37.15063,0],[-3.592295,37.150631,0],[-3.592292,37.150633,0],[-3.592288,37.150634,0],[-3.592285,37.150636,0],[-3.592282,37.150638,0],[-3.592278,37.15064,0],[-3.592275,37.150642,0],[-3.59224,37.150665,0],[-3.591952,37.150904,0],[-3.59154,37.151228,0],[-3.591167,37.151512,0],[-3.590719,37.151834,0],[-3.5903,37.152133,0],[-3.590063,37.152306,0],[-3.589715,37.152559,0],[-3.589324,37.152829,0],[-3.588895,37.153105,0],[-3.588793,37.153171,0],[-3.588706,37.153217,0],[-3.588458,37.153348,0],[-3.588367,37.153392,0],[-3.588348,37.153401,0],[-3.588329,37.15341,0],[-3.588309,37.153418,0],[-3.588295,37.153424,0],[-3.588281,37.15343,0],[-3.588268,37.153436,0],[-3.588254,37.153443,0],[-3.588233,37.153455,0],[-3.588211,37.153467,0],[-3.588191,37.15348,0],[-3.588171,37.153493,0],[-3.58803,37.153587,0],[-3.587678,37.153827,0],[-3.587291,37.154082,0],[-3.587254,37.154105,0],[-3.587218,37.15413,0],[-3.587184,37.154155,0],[-3.587108,37.154212,0],[-3.586944,37.154339,0],[-3.586767,37.15449,0],[-3.586585,37.154638,0],[-3.586577,37.154643,0],[-3.58657,37.154648,0],[-3.586562,37.154652,0],[-3.586554,37.154657,0],[-3.586546,37.154661,0],[-3.586538,37.154665,0],[-3.586529,37.154668,0],[-3.586511,37.154677,0],[-3.586493,37.154685,0],[-3.586476,37.154694,0],[-3.586459,37.154704,0],[-3.586442,37.154714,0],[-3.586426,37.154724,0],[-3.586414,37.154733,0],[-3.586403,37.154741,0],[-3.586392,37.15475,0],[-3.586382,37.154759,0],[-3.586371,37.154768,0],[-3.586362,37.154778,0],[-3.586349,37.154791,0],[-3.586336,37.154805,0],[-3.586324,37.15482,0],[-3.586313,37.154834,0],[-3.586303,37.154849,0],[-3.586271,37.154892,0],[-3.586238,37.154935,0],[-3.586222,37.154954,0],[-3.586206,37.154972,0],[-3.586188,37.15499,0],[-3.586151,37.155028,0],[-3.586099,37.155082,0],[-3.586088,37.155094,0],[-3.586078,37.155106,0],[-3.586068,37.155119,0],[-3.586058,37.155132,0],[-3.585974,37.155249,0],[-3.585847,37.155422,0],[-3.585844,37.155426,0],[-3.585841,37.155429,0],[-3.585837,37.155433,0],[-3.585834,37.155436,0],[-3.58583,37.15544,0],[-3.585826,37.155443,0],[-3.585822,37.155446,0],[-3.585818,37.155449,0],[-3.585815,37.155451,0],[-3.585812,37.155454,0],[-3.585809,37.155456,0],[-3.585806,37.155459,0],[-3.585804,37.155461,0],[-3.585801,37.155464,0],[-3.5858,37.155465,0],[-3.585799,37.155466,0],[-3.585798,37.155467,0],[-3.585798,37.155468,0],[-3.585797,37.155469,0],[-3.585796,37.15547,0],[-3.585795,37.155472,0],[-3.585795,37.155473,0],[-3.585794,37.155474,0],[-3.585794,37.155475,0],[-3.585793,37.155476,0],[-3.585793,37.155478,0],[-3.585792,37.155479,0],[-3.585792,37.15548,0],[-3.585792,37.155482,0],[-3.585792,37.155483,0],[-3.585791,37.155484,0],[-3.585791,37.155485,0],[-3.585791,37.155487,0],[-3.585791,37.155488,0],[-3.585791,37.155489,0],[-3.585792,37.155491,0],[-3.585792,37.155492,0],[-3.585792,37.155493,0],[-3.585792,37.155495,0],[-3.585793,37.155496,0],[-3.585793,37.155497,0],[-3.585794,37.155498,0],[-3.585794,37.1555,0],[-3.585795,37.155501,0],[-3.585795,37.155502,0],[-3.585796,37.155503,0],[-3.585797,37.155504,0],[-3.585797,37.155506,0],[-3.585915,37.155674,0],[-3.585916,37.155675,0],[-3.585918,37.155676,0],[-3.585919,37.155677,0],[-3.58592,37.155678,0],[-3.585921,37.155679,0],[-3.585922,37.15568,0],[-3.585923,37.15568,0],[-3.585925,37.155681,0],[-3.585926,37.155682,0],[-3.585927,37.155682,0],[-3.585929,37.155683,0],[-3.58593,37.155684,0],[-3.585932,37.155684,0],[-3.585933,37.155685,0],[-3.585934,37.155685,0],[-3.585936,37.155686,0],[-3.585937,37.155686,0],[-3.585939,37.155686,0],[-3.585941,37.155687,0],[-3.585942,37.155687,0],[-3.585944,37.155687,0],[-3.585945,37.155687,0],[-3.585947,37.155687,0],[-3.585948,37.155687,0],[-3.58595,37.155687,0],[-3.585951,37.155687,0],[-3.585953,37.155687,0],[-3.585955,37.155687,0],[-3.585956,37.155687,0],[-3.585958,37.155687,0],[-3.585959,37.155687,0],[-3.585961,37.155686,0],[-3.585962,37.155686,0],[-3.585964,37.155686,0],[-3.585965,37.155685,0],[-3.585967,37.155685,0],[-3.585988,37.155678,0],[-3.58599,37.155678,0],[-3.585991,37.155677,0],[-3.585992,37.155677,0],[-3.585994,37.155677,0],[-3.585995,37.155677,0],[-3.585996,37.155677,0],[-3.585998,37.155676,0],[-3.585999,37.155676,0],[-3.586,37.155676,0],[-3.586002,37.155676,0],[-3.586003,37.155676,0],[-3.586004,37.155676,0],[-3.586006,37.155676,0],[-3.586007,37.155677,0],[-3.586008,37.155677,0],[-3.58601,37.155677,0],[-3.586011,37.155677,0],[-3.586012,37.155677,0],[-3.586014,37.155678,0],[-3.586015,37.155678,0],[-3.586016,37.155678,0],[-3.586017,37.155679,0],[-3.586019,37.155679,0],[-3.58602,37.15568,0],[-3.586021,37.15568,0],[-3.586022,37.155681,0],[-3.586023,37.155681,0],[-3.586024,37.155682,0],[-3.586026,37.155683,0],[-3.586027,37.155683,0],[-3.586028,37.155684,0],[-3.586029,37.155685,0],[-3.58603,37.155685,0],[-3.58603,37.155686,0],[-3.586031,37.155687,0],[-3.586032,37.155688,0],[-3.586033,37.155689,0],[-3.586034,37.15569,0],[-3.586035,37.15569,0],[-3.586035,37.155691,0],[-3.586036,37.155692,0],[-3.586037,37.155693,0],[-3.586198,37.155944,0],[-3.586199,37.155945,0],[-3.586199,37.155946,0],[-3.5862,37.155947,0],[-3.586201,37.155949,0],[-3.586201,37.15595,0],[-3.586202,37.155951,0],[-3.586202,37.155953,0],[-3.586203,37.155954,0],[-3.586203,37.155955,0],[-3.586203,37.155957,0],[-3.586204,37.155958,0],[-3.586204,37.155959,0],[-3.586204,37.155961,0],[-3.586204,37.155962,0],[-3.586204,37.155964,0],[-3.586204,37.155965,0],[-3.586204,37.155966,0],[-3.586204,37.155968,0],[-3.586204,37.155969,0],[-3.586203,37.15597,0],[-3.586203,37.155972,0],[-3.586203,37.155973,0],[-3.586202,37.155974,0],[-3.586202,37.155976,0],[-3.586201,37.155977,0],[-3.586201,37.155978,0],[-3.5862,37.15598,0],[-3.586199,37.155981,0],[-3.586198,37.155982,0],[-3.586198,37.155983,0],[-3.586197,37.155985,0],[-3.586196,37.155986,0],[-3.586195,37.155987,0],[-3.586194,37.155988,0],[-3.586193,37.155989,0],[-3.586192,37.15599,0],[-3.58619,37.155991,0],[-3.586189,37.155992,0],[-3.586188,37.155993,0],[-3.586187,37.155994,0],[-3.586185,37.155995,0],[-3.586184,37.155996,0],[-3.586182,37.155997,0],[-3.58609,37.156048,0],[-3.586086,37.156051,0],[-3.586082,37.156054,0],[-3.586078,37.156057,0],[-3.586074,37.15606,0],[-3.586071,37.156063,0],[-3.586068,37.156067,0],[-3.586065,37.15607,0],[-3.586062,37.156074,0],[-3.586059,37.156077,0],[-3.586056,37.156081,0],[-3.586054,37.156085,0],[-3.586051,37.156089,0],[-3.586045,37.1561,0],[-3.586038,37.156111,0],[-3.58603,37.156121,0],[-3.586022,37.156132,0],[-3.586009,37.156149,0],[-3.585995,37.156167,0],[-3.585948,37.156222,0],[-3.585945,37.156224,0],[-3.585942,37.156226,0],[-3.58594,37.156228,0],[-3.585937,37.15623,0],[-3.585934,37.156232,0],[-3.585931,37.156234,0],[-3.585928,37.156236,0],[-3.585925,37.156238,0],[-3.585921,37.156239,0],[-3.585918,37.156241,0],[-3.585915,37.156242,0],[-3.585911,37.156244,0],[-3.585908,37.156245,0],[-3.585904,37.156246,0],[-3.5859,37.156247,0],[-3.585897,37.156248,0],[-3.585893,37.156249,0],[-3.585889,37.15625,0],[-3.585885,37.15625,0],[-3.585871,37.156253,0],[-3.585856,37.156254,0],[-3.585841,37.156256,0],[-3.585826,37.156256,0],[-3.585811,37.156257,0],[-3.585796,37.156257,0],[-3.585789,37.156257,0],[-3.585782,37.156257,0],[-3.585775,37.156258,0],[-3.585768,37.156258,0],[-3.585761,37.156259,0],[-3.585755,37.15626,0],[-3.585748,37.156261,0],[-3.585741,37.156263,0],[-3.585734,37.156264,0],[-3.585728,37.156266,0],[-3.585721,37.156268,0],[-3.585715,37.15627,0],[-3.58571,37.156272,0],[-3.585705,37.156274,0],[-3.5857,37.156276,0],[-3.585696,37.156278,0],[-3.585691,37.15628,0],[-3.585687,37.156283,0],[-3.585682,37.156286,0],[-3.585678,37.156288,0],[-3.585674,37.156291,0],[-3.58567,37.156294,0],[-3.585666,37.156297,0],[-3.585662,37.1563,0],[-3.585659,37.156303,0],[-3.585655,37.156307,0],[-3.585652,37.15631,0],[-3.585649,37.156314,0],[-3.585646,37.156317,0],[-3.585643,37.156321,0],[-3.585519,37.15649,0],[-3.585519,37.156491,0],[-3.585518,37.156492,0],[-3.585517,37.156492,0],[-3.585516,37.156493,0],[-3.585515,37.156494,0],[-3.585514,37.156495,0],[-3.585513,37.156495,0],[-3.585512,37.156496,0],[-3.585511,37.156496,0],[-3.58551,37.156497,0],[-3.585509,37.156497,0],[-3.585508,37.156498,0],[-3.585507,37.156498,0],[-3.585506,37.156498,0],[-3.585505,37.156499,0],[-3.585504,37.156499,0],[-3.585503,37.156499,0],[-3.585502,37.156499,0],[-3.585501,37.1565,0],[-3.5855,37.1565,0],[-3.585499,37.1565,0],[-3.585498,37.1565,0],[-3.585497,37.1565,0],[-3.585495,37.1565,0],[-3.585494,37.1565,0],[-3.585493,37.1565,0],[-3.585492,37.1565,0],[-3.585491,37.1565,0],[-3.58549,37.1565,0],[-3.585489,37.1565,0],[-3.585488,37.1565,0],[-3.585487,37.1565,0],[-3.585486,37.1565,0],[-3.585484,37.156499,0],[-3.585483,37.156499,0],[-3.585482,37.156499,0],[-3.585481,37.156499,0],[-3.58548,37.156498,0],[-3.585479,37.156498,0],[-3.585478,37.156497,0],[-3.585477,37.156497,0],[-3.585182,37.156362,0],[-3.58518,37.156361,0],[-3.585178,37.15636,0],[-3.585176,37.156358,0],[-3.585174,37.156356,0],[-3.585172,37.156355,0],[-3.585171,37.156353,0],[-3.585169,37.156351,0],[-3.585167,37.15635,0],[-3.585166,37.156348,0],[-3.585164,37.156346,0],[-3.585163,37.156344,0],[-3.585162,37.156342,0],[-3.58516,37.15634,0],[-3.585159,37.156338,0],[-3.585158,37.156336,0],[-3.585157,37.156334,0],[-3.585157,37.156332,0],[-3.585156,37.15633,0],[-3.585155,37.156328,0],[-3.585155,37.156326,0],[-3.585154,37.156324,0],[-3.585154,37.156321,0],[-3.585153,37.156319,0],[-3.585153,37.156317,0],[-3.585153,37.156315,0],[-3.585153,37.156313,0],[-3.585154,37.156211,0],[-3.585154,37.156209,0],[-3.585154,37.156207,0],[-3.585154,37.156205,0],[-3.585154,37.156203,0],[-3.585154,37.156202,0],[-3.585154,37.1562,0],[-3.585154,37.156198,0],[-3.585153,37.156196,0],[-3.585153,37.156194,0],[-3.585152,37.156193,0],[-3.585151,37.156191,0],[-3.585151,37.156189,0],[-3.58515,37.156187,0],[-3.585149,37.156186,0],[-3.585148,37.156184,0],[-3.585147,37.156183,0],[-3.585146,37.156181,0],[-3.585145,37.156179,0],[-3.585144,37.156178,0],[-3.585143,37.156176,0],[-3.585141,37.156175,0],[-3.58514,37.156173,0],[-3.584944,37.155981,0],[-3.584919,37.155966,0],[-3.58488,37.155941,0],[-3.58487,37.155935,0],[-3.584861,37.155929,0],[-3.584852,37.155923,0],[-3.584844,37.155916,0],[-3.584836,37.155909,0],[-3.584828,37.155902,0],[-3.58482,37.155895,0],[-3.584813,37.155888,0],[-3.584806,37.15588,0],[-3.584799,37.155872,0],[-3.584793,37.155865,0],[-3.584788,37.155858,0],[-3.584783,37.155851,0],[-3.584778,37.155843,0],[-3.584774,37.155836,0],[-3.584769,37.155828,0],[-3.584766,37.15582,0],[-3.584762,37.155813,0],[-3.584759,37.155805,0],[-3.584758,37.155801,0],[-3.584757,37.155798,0],[-3.584755,37.155795,0],[-3.584754,37.155792,0],[-3.584752,37.155789,0],[-3.58475,37.155786,0],[-3.584748,37.155783,0],[-3.584746,37.15578,0],[-3.584744,37.155777,0],[-3.584741,37.155774,0],[-3.584739,37.155772,0],[-3.584736,37.155769,0],[-3.584541,37.155576,0],[-3.584534,37.155571,0],[-3.584528,37.155565,0],[-3.584523,37.155559,0],[-3.584517,37.155553,0],[-3.584512,37.155547,0],[-3.584507,37.15554,0],[-3.584502,37.155534,0],[-3.584498,37.155527,0],[-3.58447,37.155486,0],[-3.584467,37.155482,0],[-3.584464,37.155477,0],[-3.584462,37.155472,0],[-3.584459,37.155467,0],[-3.584457,37.155462,0],[-3.584455,37.155458,0],[-3.584453,37.155453,0],[-3.584433,37.155393,0],[-3.584432,37.155391,0],[-3.584431,37.15539,0],[-3.58443,37.155389,0],[-3.584429,37.155387,0],[-3.584428,37.155386,0],[-3.584427,37.155385,0],[-3.584426,37.155384,0],[-3.584424,37.155383,0],[-3.584423,37.155382,0],[-3.584421,37.15538,0],[-3.58442,37.155379,0],[-3.584419,37.155378,0],[-3.584417,37.155377,0],[-3.584415,37.155377,0],[-3.584414,37.155376,0],[-3.584412,37.155375,0],[-3.58441,37.155374,0],[-3.584409,37.155373,0],[-3.584407,37.155373,0],[-3.584405,37.155372,0],[-3.584403,37.155371,0],[-3.584402,37.155371,0],[-3.5844,37.15537,0],[-3.584398,37.15537,0],[-3.584396,37.15537,0],[-3.584394,37.155369,0],[-3.584392,37.155369,0],[-3.58439,37.155369,0],[-3.584388,37.155369,0],[-3.584386,37.155369,0],[-3.584384,37.155368,0],[-3.584383,37.155368,0],[-3.584381,37.155369,0],[-3.584379,37.155369,0],[-3.584377,37.155369,0],[-3.584375,37.155369,0],[-3.584373,37.155369,0],[-3.584371,37.15537,0],[-3.584369,37.15537,0],[-3.584367,37.15537,0],[-3.584365,37.155371,0],[-3.584364,37.155371,0],[-3.584359,37.155373,0],[-3.584355,37.155374,0],[-3.58435,37.155376,0],[-3.584346,37.155378,0],[-3.584342,37.15538,0],[-3.583903,37.155584,0],[-3.583902,37.155585,0],[-3.583901,37.155585,0],[-3.5839,37.155585,0],[-3.583899,37.155585,0],[-3.583898,37.155586,0],[-3.583896,37.155586,0],[-3.583895,37.155586,0],[-3.583894,37.155586,0],[-3.583893,37.155586,0],[-3.583892,37.155586,0],[-3.583891,37.155586,0],[-3.583889,37.155586,0],[-3.583888,37.155586,0],[-3.583887,37.155586,0],[-3.583886,37.155586,0],[-3.583885,37.155586,0],[-3.583884,37.155585,0],[-3.583883,37.155585,0],[-3.583881,37.155585,0],[-3.58388,37.155585,0],[-3.583879,37.155584,0],[-3.583878,37.155584,0],[-3.583877,37.155583,0],[-3.583876,37.155583,0],[-3.583875,37.155583,0],[-3.583874,37.155582,0],[-3.583873,37.155582,0],[-3.583872,37.155581,0],[-3.583871,37.155581,0],[-3.58387,37.15558,0],[-3.583869,37.155579,0],[-3.583868,37.155579,0],[-3.583868,37.155578,0],[-3.583867,37.155578,0],[-3.583866,37.155577,0],[-3.583865,37.155576,0],[-3.583864,37.155575,0],[-3.583863,37.155574,0],[-3.583862,37.155573,0],[-3.583862,37.155572,0],[-3.583845,37.155548,0],[-3.583844,37.155548,0],[-3.583843,37.155547,0],[-3.583842,37.155546,0],[-3.583841,37.155545,0],[-3.58384,37.155545,0],[-3.583838,37.155544,0],[-3.583837,37.155543,0],[-3.583836,37.155543,0],[-3.583835,37.155542,0],[-3.583834,37.155542,0],[-3.583832,37.155541,0],[-3.583831,37.155541,0],[-3.58383,37.15554,0],[-3.583828,37.15554,0],[-3.583827,37.155539,0],[-3.583825,37.155539,0],[-3.583824,37.155539,0],[-3.583823,37.155538,0],[-3.583821,37.155538,0],[-3.58382,37.155538,0],[-3.583818,37.155538,0],[-3.583817,37.155538,0],[-3.583815,37.155538,0],[-3.583814,37.155538,0],[-3.583625,37.155539,0],[-3.583623,37.155539,0],[-3.583622,37.155539,0],[-3.583621,37.155539,0],[-3.583619,37.155539,0],[-3.583618,37.155538,0],[-3.583617,37.155538,0],[-3.583615,37.155538,0],[-3.583614,37.155538,0],[-3.583613,37.155537,0],[-3.583612,37.155537,0],[-3.58361,37.155537,0],[-3.583609,37.155536,0],[-3.583608,37.155536,0],[-3.583607,37.155535,0],[-3.583606,37.155535,0],[-3.583604,37.155534,0],[-3.583603,37.155533,0],[-3.583602,37.155533,0],[-3.583601,37.155532,0],[-3.5836,37.155531,0],[-3.583599,37.155531,0],[-3.583597,37.155529,0],[-3.583595,37.155527,0],[-3.583593,37.155526,0],[-3.583591,37.155524,0],[-3.583589,37.155522,0],[-3.583588,37.15552,0],[-3.583586,37.155518,0],[-3.583584,37.155516,0],[-3.583583,37.155514,0],[-3.583581,37.155512,0],[-3.58358,37.15551,0],[-3.583579,37.155508,0],[-3.583578,37.155506,0],[-3.583577,37.155504,0],[-3.583576,37.155502,0],[-3.583513,37.155351,0],[-3.58293,37.153975,0]]},"properties":{"name":"CARRIL BICI","description":"LONGITUD:2.153,5m","styleUrl":"#line-0070FF-3000","stroke-opacity":1,"stroke":"#0070ff","stroke-width":3}},{"type":"Feature","geometry":{"type":"LineString","coordinates":[[-3.619546,37.210166,0],[-3.619051,37.210204,0],[-3.618766,37.210235,0],[-3.618624,37.210258,0],[-3.618484,37.210284,0],[-3.618336,37.21032,0],[-3.618191,37.21036,0],[-3.618047,37.210405,0],[-3.617545,37.210573,0],[-3.617043,37.210741,0],[-3.616436,37.210942,0],[-3.615828,37.211144,0],[-3.615357,37.211301,0],[-3.614858,37.211457,0]]},"properties":{"name":"CARRIL BICI","description":"LONGITUD:442,4m","styleUrl":"#line-0070FF-3000","stroke-opacity":1,"stroke":"#0070ff","stroke-width":3}},{"type":"Feature","geometry":{"type":"LineString","coordinates":[[-3.610393,37.173163,0],[-3.610799,37.173029,0],[-3.611297,37.172845,0]]},"properties":{"name":"CARRIL BICI","description":"LONGITUD:87,6m","styleUrl":"#line-0070FF-3000","stroke-opacity":1,"stroke":"#0070ff","stroke-width":3}},{"type":"Feature","geometry":{"type":"LineString","coordinates":[[-3.623275,37.183818,0],[-3.623254,37.183842,0],[-3.623279,37.183856,0],[-3.623304,37.18387,0],[-3.623328,37.183884,0],[-3.623351,37.183899,0],[-3.623352,37.1839,0],[-3.623353,37.183901,0],[-3.623354,37.183901,0],[-3.623355,37.183902,0],[-3.623356,37.183903,0],[-3.623356,37.183904,0],[-3.623357,37.183905,0],[-3.623358,37.183905,0],[-3.623359,37.183906,0],[-3.623359,37.183907,0],[-3.62336,37.183908,0],[-3.623361,37.183909,0],[-3.623361,37.18391,0],[-3.623362,37.183911,0],[-3.623362,37.183912,0],[-3.623362,37.183913,0],[-3.623363,37.183914,0],[-3.623363,37.183915,0],[-3.623363,37.183916,0],[-3.623364,37.183917,0],[-3.623364,37.183918,0],[-3.623364,37.183919,0],[-3.623364,37.18392,0],[-3.623364,37.183921,0],[-3.623364,37.183922,0],[-3.623364,37.183923,0],[-3.623364,37.183924,0],[-3.623364,37.183925,0],[-3.623363,37.183935,0],[-3.623362,37.183945,0],[-3.623362,37.183956,0],[-3.623363,37.183966,0],[-3.623363,37.183976,0],[-3.623365,37.183987,0],[-3.623366,37.183997,0],[-3.623368,37.184007,0],[-3.623371,37.184018,0],[-3.623374,37.184028,0],[-3.623377,37.184038,0],[-3.623381,37.184048,0],[-3.623386,37.184057,0],[-3.62339,37.184067,0],[-3.623395,37.184076,0],[-3.623401,37.184086,0],[-3.623407,37.184095,0],[-3.623408,37.184096,0],[-3.623409,37.184096,0],[-3.62341,37.184097,0],[-3.623411,37.184097,0],[-3.623411,37.184098,0],[-3.623412,37.184099,0],[-3.623413,37.184099,0],[-3.623414,37.1841,0],[-3.623415,37.184101,0],[-3.623416,37.184102,0],[-3.623417,37.184103,0],[-3.623417,37.184104,0],[-3.623418,37.184104,0],[-3.623418,37.184105,0],[-3.623419,37.184106,0],[-3.623419,37.184107,0],[-3.62342,37.184108,0],[-3.62342,37.184109,0],[-3.623421,37.18411,0],[-3.623421,37.184111,0],[-3.623421,37.184112,0],[-3.623421,37.184113,0],[-3.623422,37.184114,0],[-3.623422,37.184115,0],[-3.623422,37.184116,0],[-3.623422,37.184117,0],[-3.623422,37.184118,0],[-3.623422,37.184119,0],[-3.623422,37.18412,0],[-3.623422,37.184121,0],[-3.623421,37.184122,0],[-3.623421,37.184123,0],[-3.623421,37.184124,0],[-3.623399,37.18419,0],[-3.62379,37.184353,0]]},"properties":{"name":"CARRIL BICI","description":"LONGITUD:87m","styleUrl":"#line-0070FF-3000","stroke-opacity":1,"stroke":"#0070ff","stroke-width":3}},{"type":"Feature","geometry":{"type":"LineString","coordinates":[[-3.622538,37.186414,0],[-3.622568,37.186289,0],[-3.622587,37.18621,0],[-3.622608,37.186132,0],[-3.622633,37.186054,0],[-3.622661,37.185977,0],[-3.622693,37.185901,0],[-3.622728,37.185825,0],[-3.622766,37.185751,0],[-3.622807,37.185678,0],[-3.622851,37.185606,0],[-3.622898,37.185535,0],[-3.623304,37.185053,0],[-3.623567,37.184695,0],[-3.623835,37.184285,0],[-3.623836,37.184283,0],[-3.623837,37.184282,0],[-3.623839,37.18428,0],[-3.62384,37.184279,0],[-3.623842,37.184277,0],[-3.623844,37.184275,0],[-3.623846,37.184274,0],[-3.623847,37.184273,0],[-3.623849,37.184271,0],[-3.623851,37.18427,0],[-3.623853,37.184269,0],[-3.623855,37.184267,0],[-3.623858,37.184266,0],[-3.62386,37.184265,0],[-3.623862,37.184264,0],[-3.623864,37.184263,0],[-3.623867,37.184262,0],[-3.623869,37.184262,0],[-3.623881,37.184257,0],[-3.623894,37.184252,0],[-3.623906,37.184247,0],[-3.623917,37.184242,0],[-3.623929,37.184236,0],[-3.62394,37.18423,0],[-3.623951,37.184224,0],[-3.623962,37.184218,0],[-3.623972,37.184211,0],[-3.623983,37.184203,0],[-3.623993,37.184196,0],[-3.624002,37.184188,0],[-3.624011,37.18418,0],[-3.62402,37.184172,0],[-3.624029,37.184164,0],[-3.624037,37.184155,0],[-3.624045,37.184146,0],[-3.624052,37.184137,0],[-3.624059,37.184128,0],[-3.624066,37.184118,0],[-3.624072,37.184109,0],[-3.624078,37.184099,0],[-3.624083,37.184089,0],[-3.624088,37.184079,0]]},"properties":{"name":"CARRIL BICI","description":"LONGITUD:298m","styleUrl":"#line-0070FF-3000","stroke-opacity":1,"stroke":"#0070ff","stroke-width":3}},{"type":"Feature","geometry":{"type":"LineString","coordinates":[[-3.600113,37.199991,0],[-3.599781,37.199872,0],[-3.599729,37.199792,0],[-3.599735,37.199668,0]]},"properties":{"name":"CARRIL BICI","description":"LONGITUD:56,1m","styleUrl":"#line-0070FF-3000","stroke-opacity":1,"stroke":"#0070ff","stroke-width":3}},{"type":"Feature","geometry":{"type":"LineString","coordinates":[[-3.615272,37.194653,0],[-3.614982,37.194659,0],[-3.614981,37.194694,0],[-3.614979,37.194709,0],[-3.614974,37.194724,0],[-3.614965,37.194738,0],[-3.614954,37.194751,0],[-3.61494,37.194762,0],[-3.614925,37.194771,0],[-3.614909,37.194778,0],[-3.614861,37.194801,0],[-3.614816,37.194827,0],[-3.614774,37.194857,0],[-3.614738,37.19489,0],[-3.614696,37.194939,0],[-3.614679,37.194965,0],[-3.614664,37.194991,0],[-3.61465,37.19502,0],[-3.614639,37.19505,0],[-3.614633,37.195069,0],[-3.614624,37.19509,0],[-3.614609,37.195107,0],[-3.614591,37.195123,0],[-3.614565,37.195139,0],[-3.614537,37.195152,0],[-3.614413,37.195203,0],[-3.614156,37.195307,0],[-3.613896,37.195411,0],[-3.613638,37.195514,0],[-3.613622,37.195521,0],[-3.613607,37.195529,0],[-3.613577,37.195547,0],[-3.613511,37.195585,0],[-3.613463,37.195608,0],[-3.613438,37.195617,0],[-3.613381,37.195638,0],[-3.613371,37.195642,0],[-3.613338,37.195652,0],[-3.613322,37.195656,0],[-3.613307,37.19566,0],[-3.613294,37.195666,0],[-3.613243,37.195693,0],[-3.613235,37.195698,0],[-3.613228,37.195705,0],[-3.613221,37.195712,0],[-3.613205,37.195728,0],[-3.613185,37.195742,0],[-3.612828,37.195885,0],[-3.612731,37.195923,0],[-3.612584,37.195983,0],[-3.612334,37.196085,0],[-3.612329,37.196088,0],[-3.612322,37.196089,0],[-3.612315,37.19609,0],[-3.612309,37.19609,0],[-3.612302,37.196089,0],[-3.612289,37.196087,0],[-3.612277,37.196087,0],[-3.612265,37.196088,0],[-3.612253,37.196091,0],[-3.612234,37.196097,0],[-3.612183,37.196117,0],[-3.612142,37.196134,0],[-3.612052,37.19617,0],[-3.612012,37.196187,0],[-3.611966,37.196211,0],[-3.611934,37.196236,0],[-3.611924,37.196246,0],[-3.611911,37.196254,0],[-3.611897,37.196261,0],[-3.611883,37.196267,0],[-3.611804,37.196298,0],[-3.611525,37.19641,0],[-3.611245,37.196521,0],[-3.610942,37.196641,0],[-3.610934,37.196644,0],[-3.610924,37.196645,0],[-3.610915,37.196645,0],[-3.610869,37.196643,0],[-3.610856,37.196644,0],[-3.610843,37.196647,0],[-3.610831,37.196652,0],[-3.610819,37.196659,0],[-3.610759,37.196692,0],[-3.610713,37.196716,0],[-3.610664,37.196736,0],[-3.610644,37.196743,0],[-3.610623,37.196748,0],[-3.610601,37.196751,0],[-3.610542,37.196752,0],[-3.610484,37.196748,0],[-3.610417,37.196737,0],[-3.610351,37.19672,0],[-3.610289,37.196698,0],[-3.610234,37.196671,0],[-3.610185,37.19664,0],[-3.61018,37.196638,0],[-3.610176,37.196636,0],[-3.610171,37.196636,0],[-3.610167,37.196635,0],[-3.610162,37.196636,0],[-3.610158,37.196637,0],[-3.610153,37.196639,0],[-3.610148,37.196641,0],[-3.610074,37.19668,0],[-3.610015,37.196705,0],[-3.609893,37.196747,0],[-3.609886,37.196749,0],[-3.609882,37.196751,0],[-3.609878,37.196753,0],[-3.609874,37.196755,0],[-3.609871,37.196758,0],[-3.609869,37.196762,0],[-3.609867,37.196765,0],[-3.609866,37.196769,0],[-3.609864,37.19679,0],[-3.609857,37.19683,0],[-3.609844,37.19687,0],[-3.609829,37.196896,0],[-3.60981,37.196919,0],[-3.609786,37.19694,0],[-3.60976,37.196958,0],[-3.60975,37.196963,0],[-3.609739,37.196968,0],[-3.609727,37.196972,0],[-3.609715,37.196974,0],[-3.609704,37.196974,0],[-3.609662,37.19698,0],[-3.609571,37.197007,0],[-3.60955,37.197014,0],[-3.60953,37.197025,0],[-3.609494,37.197044,0],[-3.609485,37.197049,0],[-3.609474,37.197052,0],[-3.609463,37.197054,0],[-3.609453,37.197054,0],[-3.60943,37.197055,0],[-3.609415,37.197056,0],[-3.6094,37.197058,0],[-3.609386,37.197062,0],[-3.609295,37.197088,0],[-3.609257,37.197099,0],[-3.609244,37.197103,0],[-3.609238,37.197105,0],[-3.609218,37.197109,0],[-3.609172,37.197121,0],[-3.609129,37.197137,0],[-3.609111,37.197147,0],[-3.609093,37.19716,0],[-3.609078,37.197168,0],[-3.609062,37.197176,0],[-3.609045,37.19718,0],[-3.609025,37.197186,0],[-3.608338,37.197382,0],[-3.608295,37.197394,0],[-3.608189,37.197426,0],[-3.607734,37.197555,0],[-3.60751,37.197604,0],[-3.60744,37.197623,0],[-3.607376,37.197637,0],[-3.607318,37.197644,0],[-3.60726,37.197644,0],[-3.607155,37.197645,0],[-3.60705,37.197653,0],[-3.607024,37.197658,0],[-3.606998,37.197665,0],[-3.606974,37.197675,0],[-3.606952,37.197687,0],[-3.606904,37.197725,0],[-3.606861,37.197767,0],[-3.606797,37.197847,0],[-3.606763,37.197888,0],[-3.606726,37.197927,0],[-3.60671,37.197939,0],[-3.606692,37.197949,0],[-3.606672,37.197956,0],[-3.606354,37.198049,0],[-3.606019,37.198147,0],[-3.605331,37.198346,0],[-3.60505,37.198428,0],[-3.604851,37.198485,0],[-3.604798,37.198497,0],[-3.604742,37.198504,0],[-3.604686,37.198504,0],[-3.60463,37.198498,0],[-3.604576,37.198487,0],[-3.604525,37.19847,0],[-3.604476,37.198447,0],[-3.604432,37.198419,0],[-3.604393,37.198387,0],[-3.60436,37.198351,0],[-3.604334,37.198313,0],[-3.60433,37.198308,0],[-3.604326,37.198304,0],[-3.60432,37.198301,0],[-3.604314,37.198298,0],[-3.604308,37.198296,0],[-3.604302,37.198296,0],[-3.604278,37.198297,0],[-3.604112,37.198308,0],[-3.604014,37.198314,0],[-3.604012,37.198314,0],[-3.60401,37.198314,0],[-3.604009,37.198315,0],[-3.604008,37.198315,0],[-3.604007,37.198316,0],[-3.604006,37.198317,0],[-3.604005,37.198318,0],[-3.604005,37.198319,0],[-3.604004,37.198321,0],[-3.603972,37.198401,0],[-3.603931,37.198482,0],[-3.603868,37.198568,0],[-3.603804,37.19865,0],[-3.60374,37.198728,0],[-3.603661,37.198802,0],[-3.603579,37.198872,0],[-3.60349,37.19894,0],[-3.603356,37.199029,0],[-3.603247,37.199072,0],[-3.602692,37.199264,0],[-3.60201,37.199502,0],[-3.601833,37.199564,0],[-3.601791,37.199578,0],[-3.601591,37.199648,0],[-3.60139,37.199718,0],[-3.6013,37.199749,0],[-3.601278,37.199757,0],[-3.600771,37.199934,0],[-3.600459,37.200042,0],[-3.600407,37.20006,0],[-3.600389,37.200064,0],[-3.600369,37.200067,0],[-3.60035,37.200067,0],[-3.600331,37.200065,0],[-3.600312,37.200061,0],[-3.600113,37.199991,0]]},"properties":{"name":"CARRIL BICI","description":"LONGITUD:1.560,2m","styleUrl":"#line-0070FF-3000","stroke-opacity":1,"stroke":"#0070ff","stroke-width":3}},{"type":"Feature","geometry":{"type":"LineString","coordinates":[[-3.600643,37.197565,0],[-3.600642,37.197566,0],[-3.600642,37.197567,0],[-3.600642,37.197568,0],[-3.600642,37.197569,0],[-3.600641,37.19757,0],[-3.600641,37.197571,0],[-3.60064,37.197572,0],[-3.60064,37.197573,0],[-3.600639,37.197573,0],[-3.600639,37.197574,0],[-3.600638,37.197575,0],[-3.600638,37.197576,0],[-3.600637,37.197576,0],[-3.600636,37.197577,0],[-3.600636,37.197578,0],[-3.600635,37.197578,0],[-3.600634,37.197579,0],[-3.600633,37.19758,0],[-3.600632,37.197581,0],[-3.600631,37.197581,0],[-3.60063,37.197582,0],[-3.600629,37.197582,0],[-3.600628,37.197583,0],[-3.600627,37.197583,0],[-3.600626,37.197584,0],[-3.600625,37.197584,0],[-3.600624,37.197585,0],[-3.600623,37.197585,0],[-3.600622,37.197585,0],[-3.600621,37.197585,0],[-3.60062,37.197586,0],[-3.600619,37.197586,0],[-3.600618,37.197586,0],[-3.600617,37.197586,0],[-3.600616,37.197586,0],[-3.600613,37.197587,0],[-3.60061,37.197587,0],[-3.600607,37.197587,0],[-3.600604,37.197588,0],[-3.600602,37.197589,0],[-3.600599,37.197589,0],[-3.600596,37.19759,0],[-3.600594,37.197591,0],[-3.600591,37.197592,0],[-3.600588,37.197593,0],[-3.600586,37.197594,0],[-3.600583,37.197595,0],[-3.600581,37.197596,0],[-3.600579,37.197597,0],[-3.600576,37.197599,0],[-3.600574,37.1976,0],[-3.600572,37.197602,0],[-3.60057,37.197603,0],[-3.600568,37.197605,0],[-3.600566,37.197606,0],[-3.600564,37.197608,0],[-3.600562,37.19761,0],[-3.60056,37.197611,0],[-3.600558,37.197613,0],[-3.600557,37.197615,0],[-3.600555,37.197617,0],[-3.600554,37.197619,0],[-3.600552,37.197621,0],[-3.600551,37.197623,0],[-3.60055,37.197625,0],[-3.600503,37.197732,0],[-3.600412,37.197934,0],[-3.600284,37.198212,0],[-3.600224,37.198342,0],[-3.600164,37.198496,0],[-3.600113,37.198633,0],[-3.600059,37.198772,0],[-3.600007,37.198908,0],[-3.599932,37.199114,0],[-3.59987,37.199278,0],[-3.599795,37.199491,0],[-3.599763,37.199571,0],[-3.599745,37.199618,0],[-3.599735,37.199668,0]]},"properties":{"name":"CARRIL BICI","description":"LONGITUD:249,3m","styleUrl":"#line-0070FF-3000","stroke-opacity":1,"stroke":"#0070ff","stroke-width":3}},{"type":"Feature","geometry":{"type":"LineString","coordinates":[[-3.60141,37.195706,0],[-3.601397,37.195748,0],[-3.601036,37.196567,0],[-3.600656,37.197394,0],[-3.600665,37.197433,0]]},"properties":{"name":"CARRIL BICI","description":"LONGITUD:203,3m","styleUrl":"#line-0070FF-3000","stroke-opacity":1,"stroke":"#0070ff","stroke-width":3}},{"type":"Feature","geometry":{"type":"LineString","coordinates":[[-3.599304,37.160267,0],[-3.599108,37.160741,0],[-3.599013,37.160961,0]]},"properties":{"name":"CARRIL BICI","description":"LONGITUD:81,2m","styleUrl":"#line-0070FF-3000","stroke-opacity":1,"stroke":"#0070ff","stroke-width":3}},{"type":"Feature","geometry":{"type":"LineString","coordinates":[[-3.607474,37.145883,0],[-3.607393,37.145754,0],[-3.607318,37.145617,0],[-3.607273,37.145537,0],[-3.607198,37.145447,0],[-3.607099,37.145326,0],[-3.607022,37.145248,0],[-3.606881,37.145123,0],[-3.606779,37.145047,0],[-3.606703,37.144994,0],[-3.60659,37.144926,0],[-3.606493,37.144874,0],[-3.606374,37.144818,0],[-3.606249,37.14477,0],[-3.606134,37.14473,0],[-3.605996,37.144692,0],[-3.60589,37.144667,0],[-3.605716,37.144637,0],[-3.605566,37.144619,0],[-3.605456,37.144616,0],[-3.605392,37.144605,0],[-3.605322,37.144602,0],[-3.605259,37.144615,0],[-3.605044,37.144632,0],[-3.604862,37.144658,0],[-3.604713,37.144691,0],[-3.604614,37.144717,0],[-3.604501,37.144753,0],[-3.604371,37.144802,0],[-3.604242,37.144859,0],[-3.60414,37.144912,0],[-3.604025,37.144976,0],[-3.6039,37.14506,0],[-3.603671,37.145223,0],[-3.603426,37.145399,0],[-3.603251,37.145525,0],[-3.603126,37.145632,0],[-3.603034,37.14572,0],[-3.60293,37.145831,0],[-3.602832,37.14595,0],[-3.603214,37.146144,0]]},"properties":{"name":"CARRIL BICI","description":"LONGITUD:570,3m","styleUrl":"#line-0070FF-3000","stroke-opacity":1,"stroke":"#0070ff","stroke-width":3}},{"type":"Feature","geometry":{"type":"LineString","coordinates":[[-3.650912,37.172273,0],[-3.650541,37.172128,0],[-3.65042,37.172079,0],[-3.650274,37.172013,0],[-3.650132,37.171953,0],[-3.650011,37.171902,0],[-3.649807,37.171806,0],[-3.649668,37.171781,0],[-3.649512,37.171687,0],[-3.649312,37.171643,0],[-3.648936,37.171617,0]]},"properties":{"name":"CARRIL BICI","description":"LONGITUD:192,8m","styleUrl":"#line-0070FF-3000","stroke-opacity":1,"stroke":"#0070ff","stroke-width":3}},{"type":"Feature","geometry":{"type":"LineString","coordinates":[[-3.627565,37.163476,0],[-3.627557,37.16348,0],[-3.627549,37.163483,0],[-3.627541,37.163486,0],[-3.627278,37.163585,0],[-3.627281,37.163546,0],[-3.627279,37.163475,0],[-3.627246,37.163415,0],[-3.627151,37.163344,0],[-3.627501,37.163455,0],[-3.627565,37.163476,0]]},"properties":{"name":"CARRIL BICI","description":"LONGITUD:98,8m","styleUrl":"#line-0070FF-3000","stroke-opacity":1,"stroke":"#0070ff","stroke-width":3}},{"type":"Feature","geometry":{"type":"LineString","coordinates":[[-3.635248,37.160665,0],[-3.635082,37.160717,0],[-3.63361,37.161168,0],[-3.632389,37.161547,0],[-3.632149,37.161618,0],[-3.631906,37.161683,0],[-3.631661,37.161742,0],[-3.631413,37.161796,0],[-3.631164,37.161843,0],[-3.63008,37.162033,0],[-3.629805,37.162084,0],[-3.629719,37.162101,0],[-3.629615,37.162123,0],[-3.629512,37.162148,0],[-3.629409,37.162175,0],[-3.629308,37.162205,0],[-3.629208,37.162237,0],[-3.629173,37.162249,0],[-3.629047,37.162297,0],[-3.628923,37.162348,0],[-3.628801,37.162402,0],[-3.628744,37.16243,0],[-3.628688,37.162459,0],[-3.628633,37.16249,0],[-3.62858,37.162522,0],[-3.628528,37.162556,0],[-3.628477,37.162591,0],[-3.62844,37.162617,0],[-3.628404,37.162645,0],[-3.628369,37.162673,0],[-3.628336,37.162702,0],[-3.628303,37.162732,0],[-3.628272,37.162763,0],[-3.628207,37.162833,0],[-3.628201,37.162839,0],[-3.628195,37.162844,0],[-3.628189,37.16285,0],[-3.628181,37.162857,0],[-3.628173,37.162863,0],[-3.628164,37.162869,0],[-3.628155,37.162875,0],[-3.628146,37.162881,0],[-3.628136,37.162886,0],[-3.628126,37.162891,0],[-3.628116,37.162896,0],[-3.628106,37.162901,0],[-3.628096,37.162905,0],[-3.628085,37.162909,0],[-3.628075,37.162913,0],[-3.628064,37.162917,0],[-3.628053,37.16292,0],[-3.628042,37.162923,0],[-3.62803,37.162925,0],[-3.628019,37.162927,0],[-3.628008,37.162929,0],[-3.627996,37.162931,0],[-3.627984,37.162932,0],[-3.627973,37.162933,0],[-3.627961,37.162934,0],[-3.627949,37.162934,0],[-3.627938,37.162934,0],[-3.627926,37.162934,0],[-3.627914,37.162933,0],[-3.627903,37.162932,0],[-3.627876,37.16302,0],[-3.627888,37.163023,0],[-3.627891,37.163023,0],[-3.627894,37.163024,0],[-3.627897,37.163025,0],[-3.627901,37.163026,0],[-3.627904,37.163027,0],[-3.627907,37.163028,0],[-3.62791,37.163029,0],[-3.627913,37.16303,0],[-3.627916,37.163032,0],[-3.627918,37.163033,0],[-3.627921,37.163035,0],[-3.627924,37.163036,0],[-3.627926,37.163038,0],[-3.627929,37.16304,0],[-3.627931,37.163041,0],[-3.627934,37.163043,0],[-3.627936,37.163045,0],[-3.627938,37.163047,0],[-3.62794,37.163049,0],[-3.627942,37.163051,0],[-3.627944,37.163054,0],[-3.627946,37.163056,0],[-3.627948,37.163058,0],[-3.62795,37.16306,0],[-3.627951,37.163063,0],[-3.627953,37.163065,0],[-3.627954,37.163068,0],[-3.627955,37.16307,0],[-3.627956,37.163073,0],[-3.627957,37.163075,0],[-3.627958,37.163078,0],[-3.627959,37.16308,0],[-3.62796,37.163083,0],[-3.62796,37.163085,0],[-3.627961,37.163088,0],[-3.627961,37.163091,0],[-3.627961,37.163093,0],[-3.627961,37.163096,0],[-3.627961,37.163099,0],[-3.627961,37.163101,0],[-3.627961,37.163104,0],[-3.627961,37.163107,0],[-3.62796,37.163109,0],[-3.62796,37.163112,0],[-3.627959,37.163115,0],[-3.627958,37.163117,0],[-3.627957,37.16312,0],[-3.627956,37.163122,0],[-3.627955,37.163125,0],[-3.62793,37.163175,0],[-3.627927,37.163182,0],[-3.627924,37.163188,0],[-3.62792,37.163194,0],[-3.627916,37.1632,0],[-3.627911,37.163206,0],[-3.627907,37.163212,0],[-3.627902,37.163218,0],[-3.627897,37.163224,0],[-3.627891,37.163229,0],[-3.627886,37.163234,0],[-3.62788,37.16324,0],[-3.627874,37.163244,0],[-3.627638,37.163432,0],[-3.62763,37.163438,0],[-3.627621,37.163444,0],[-3.627613,37.16345,0],[-3.627603,37.163456,0],[-3.627594,37.163462,0],[-3.627585,37.163467,0],[-3.627575,37.163472,0],[-3.627565,37.163476,0]]},"properties":{"name":"CARRIL BICI","description":"LONGITUD:786,4m","styleUrl":"#line-0070FF-3000","stroke-opacity":1,"stroke":"#0070ff","stroke-width":3}},{"type":"Feature","geometry":{"type":"LineString","coordinates":[[-3.64865,37.171657,0],[-3.648577,37.1715,0],[-3.648511,37.171296,0],[-3.648422,37.171198,0],[-3.648292,37.171123,0],[-3.648045,37.171003,0],[-3.647289,37.170616,0],[-3.646499,37.1702,0],[-3.645965,37.169913,0],[-3.644684,37.169292,0],[-3.64366,37.168867,0],[-3.643064,37.168648,0],[-3.641629,37.168171,0],[-3.640037,37.167637,0],[-3.639327,37.167406,0],[-3.637993,37.166957,0],[-3.63732,37.166726,0],[-3.636001,37.16629,0],[-3.635337,37.166065,0],[-3.633994,37.165625,0],[-3.632596,37.16515,0],[-3.631912,37.164923,0],[-3.630486,37.164446,0],[-3.62929,37.164056,0],[-3.628309,37.163723,0],[-3.627565,37.163476,0]]},"properties":{"name":"CARRIL BICI","description":"LONGITUD:2.100,6m","styleUrl":"#line-0070FF-3000","stroke-opacity":1,"stroke":"#0070ff","stroke-width":3}},{"type":"Feature","geometry":{"type":"LineString","coordinates":[[-3.614834,37.211411,0],[-3.614858,37.211457,0],[-3.614696,37.211511,0],[-3.614675,37.211522,0],[-3.614656,37.211536,0],[-3.61464,37.211553,0],[-3.614629,37.211571,0],[-3.614621,37.21159,0],[-3.614617,37.211611,0],[-3.614617,37.211631,0],[-3.614618,37.211636,0],[-3.614619,37.211639,0],[-3.614621,37.211642,0],[-3.614623,37.211648,0]]},"properties":{"name":"CARRIL BICI","description":"LONGITUD:39m","styleUrl":"#line-0070FF-3000","stroke-opacity":1,"stroke":"#0070ff","stroke-width":3}},{"type":"Feature","geometry":{"type":"LineString","coordinates":[[-3.613897,37.211874,0],[-3.613889,37.211861,0],[-3.613838,37.211758,0],[-3.613834,37.211751,0],[-3.613829,37.211744,0],[-3.613822,37.211739,0],[-3.613814,37.211734,0],[-3.613805,37.21173,0],[-3.613796,37.211728,0],[-3.613786,37.211726,0],[-3.613777,37.211726,0],[-3.613767,37.211728,0],[-3.613692,37.211752,0],[-3.613254,37.211896,0],[-3.613097,37.211946,0],[-3.612937,37.211991,0],[-3.612775,37.212029,0],[-3.612611,37.212062,0],[-3.612445,37.212089,0],[-3.611581,37.212195,0],[-3.611133,37.212246,0],[-3.610983,37.212261,0],[-3.610807,37.212276,0],[-3.610739,37.212281,0],[-3.610722,37.212282,0],[-3.610712,37.212283,0],[-3.610702,37.212286,0],[-3.610694,37.21229,0],[-3.610686,37.212295,0],[-3.610679,37.212301,0],[-3.610674,37.212307,0],[-3.610669,37.212314,0],[-3.610667,37.212322,0],[-3.610666,37.21233,0],[-3.610667,37.212338,0],[-3.610669,37.212346,0],[-3.610687,37.212379,0],[-3.610702,37.212414,0],[-3.610788,37.212663,0]]},"properties":{"name":"CARRIL BICI","description":"LONGITUD:347m","styleUrl":"#line-0070FF-3000","stroke-opacity":1,"stroke":"#0070ff","stroke-width":3}},{"type":"Feature","geometry":{"type":"LineString","coordinates":[[-3.610036,37.21291,0],[-3.610036,37.212895,0],[-3.610032,37.212869,0],[-3.610022,37.212843,0],[-3.609983,37.212768,0],[-3.609968,37.212744,0],[-3.609948,37.212723,0],[-3.609924,37.212705,0],[-3.609897,37.212691,0],[-3.609866,37.21268,0],[-3.609835,37.212674,0],[-3.609802,37.212672,0],[-3.609769,37.212675,0],[-3.609454,37.212724,0],[-3.60876,37.212832,0],[-3.60767,37.213001,0],[-3.606453,37.21319,0],[-3.605895,37.213276,0],[-3.605336,37.213356,0],[-3.604969,37.213404,0],[-3.604602,37.213448,0],[-3.604234,37.213488,0],[-3.603861,37.213525,0],[-3.603488,37.213558,0],[-3.603115,37.213587,0],[-3.602756,37.213612,0]]},"properties":{"name":"CARRIL BICI","description":"LONGITUD:671,2m","styleUrl":"#line-0070FF-3000","stroke-opacity":1,"stroke":"#0070ff","stroke-width":3}},{"type":"Feature","geometry":{"type":"LineString","coordinates":[[-3.594821,37.15677,0],[-3.59506,37.157035,0],[-3.595076,37.15706,0],[-3.595077,37.15708,0],[-3.59505,37.157102,0],[-3.594856,37.15725,0],[-3.594822,37.157265,0],[-3.594813,37.157271,0],[-3.594805,37.157278,0],[-3.594799,37.157286,0],[-3.594795,37.157295,0],[-3.594792,37.157305,0],[-3.594791,37.157314,0],[-3.594792,37.157324,0],[-3.594794,37.157334,0],[-3.594799,37.157343,0],[-3.594967,37.157598,0],[-3.595112,37.157818,0],[-3.595114,37.157821,0],[-3.595115,37.157824,0],[-3.595116,37.157828,0],[-3.595117,37.157831,0],[-3.595116,37.157835,0],[-3.595115,37.157839,0],[-3.595114,37.157842,0],[-3.595107,37.157853,0],[-3.595105,37.157857,0],[-3.595104,37.157861,0],[-3.595104,37.157865,0],[-3.595105,37.157868,0],[-3.595106,37.157872,0],[-3.595135,37.157911,0],[-3.595205,37.15798,0],[-3.595721,37.157968,0],[-3.595734,37.157877,0],[-3.595734,37.157876,0],[-3.595735,37.157874,0],[-3.595735,37.157873,0],[-3.595736,37.157872,0],[-3.595737,37.15787,0],[-3.595737,37.157869,0],[-3.595738,37.157867,0],[-3.595739,37.157866,0],[-3.59574,37.157865,0],[-3.595741,37.157864,0],[-3.595742,37.157862,0],[-3.595743,37.157861,0],[-3.595744,37.15786,0],[-3.595745,37.157859,0],[-3.595747,37.157858,0],[-3.595748,37.157857,0],[-3.595749,37.157856,0],[-3.595751,37.157855,0],[-3.595752,37.157854,0],[-3.595753,37.157853,0],[-3.595755,37.157852,0],[-3.595756,37.157851,0],[-3.595758,37.15785,0],[-3.59576,37.157849,0],[-3.595761,37.157849,0],[-3.595763,37.157848,0],[-3.595765,37.157847,0],[-3.595766,37.157847,0],[-3.595768,37.157846,0],[-3.59577,37.157846,0],[-3.595772,37.157845,0],[-3.595773,37.157845,0],[-3.595775,37.157845,0],[-3.595777,37.157844,0],[-3.595779,37.157844,0],[-3.595781,37.157844,0],[-3.595783,37.157844,0],[-3.595784,37.157844,0],[-3.595786,37.157844,0],[-3.595788,37.157844,0],[-3.59579,37.157844,0],[-3.595792,37.157844,0],[-3.595794,37.157844,0],[-3.595795,37.157844,0],[-3.595797,37.157845,0],[-3.595813,37.157766,0],[-3.595792,37.157763,0],[-3.595791,37.157763,0],[-3.595789,37.157763,0],[-3.595788,37.157762,0],[-3.595786,37.157762,0],[-3.595785,37.157762,0],[-3.595784,37.157761,0],[-3.595782,37.157761,0],[-3.595781,37.15776,0],[-3.595779,37.15776,0],[-3.595778,37.157759,0],[-3.595777,37.157759,0],[-3.595776,37.157758,0],[-3.595774,37.157757,0],[-3.595773,37.157757,0],[-3.595772,37.157756,0],[-3.595771,37.157755,0],[-3.59577,37.157754,0],[-3.595769,37.157754,0],[-3.595767,37.157753,0],[-3.595766,37.157752,0],[-3.595765,37.157751,0],[-3.595765,37.15775,0],[-3.595764,37.157749,0],[-3.595763,37.157748,0],[-3.595762,37.157747,0],[-3.595761,37.157746,0],[-3.595761,37.157745,0],[-3.59576,37.157744,0],[-3.595759,37.157743,0],[-3.595759,37.157742,0],[-3.595758,37.157741,0],[-3.595758,37.157739,0],[-3.595757,37.157738,0],[-3.595757,37.157737,0],[-3.595756,37.157736,0],[-3.595756,37.157735,0],[-3.595756,37.157734,0],[-3.595756,37.157732,0],[-3.595756,37.157731,0],[-3.595756,37.15773,0],[-3.595756,37.157729,0],[-3.595756,37.157728,0],[-3.595756,37.157726,0],[-3.595756,37.157725,0],[-3.595794,37.157461,0],[-3.595795,37.157446,0],[-3.595796,37.15743,0],[-3.595797,37.157414,0],[-3.595796,37.157398,0],[-3.595795,37.157382,0],[-3.595794,37.157367,0],[-3.595792,37.157351,0],[-3.595789,37.157335,0],[-3.595785,37.15732,0],[-3.595781,37.157304,0],[-3.595776,37.157289,0],[-3.595771,37.157274,0],[-3.595765,37.157259,0],[-3.595758,37.157244,0],[-3.595751,37.157229,0],[-3.595641,37.157067,0],[-3.595641,37.157065,0],[-3.595641,37.157064,0],[-3.59564,37.157063,0],[-3.59564,37.157062,0],[-3.59564,37.157061,0],[-3.59564,37.157059,0],[-3.59564,37.157058,0],[-3.59564,37.157057,0],[-3.59564,37.157056,0],[-3.59564,37.157055,0],[-3.59564,37.157053,0],[-3.59564,37.157052,0],[-3.595641,37.157051,0],[-3.595641,37.15705,0],[-3.595641,37.157049,0],[-3.595642,37.157048,0],[-3.595642,37.157046,0],[-3.595643,37.157045,0],[-3.595643,37.157044,0],[-3.595644,37.157043,0],[-3.595645,37.157042,0],[-3.595645,37.157041,0],[-3.595646,37.15704,0],[-3.595647,37.157039,0],[-3.595648,37.157038,0],[-3.595648,37.157037,0],[-3.595649,37.157036,0],[-3.59565,37.157035,0],[-3.595651,37.157034,0],[-3.595652,37.157033,0],[-3.595653,37.157032,0],[-3.595655,37.157031,0],[-3.595656,37.157031,0],[-3.595657,37.15703,0],[-3.595658,37.157029,0],[-3.595659,37.157028,0],[-3.595661,37.157028,0],[-3.595662,37.157027,0],[-3.595663,37.157027,0],[-3.595665,37.157026,0],[-3.595666,37.157026,0],[-3.595667,37.157025,0],[-3.595669,37.157025,0],[-3.59567,37.157024,0],[-3.595627,37.15695,0],[-3.595605,37.156957,0],[-3.595603,37.156958,0],[-3.595601,37.156958,0],[-3.595599,37.156958,0],[-3.595597,37.156958,0],[-3.595595,37.156957,0],[-3.595593,37.156957,0],[-3.595591,37.156957,0],[-3.595589,37.156957,0],[-3.595587,37.156956,0],[-3.595585,37.156956,0],[-3.595584,37.156956,0],[-3.595582,37.156955,0],[-3.59558,37.156955,0],[-3.595578,37.156954,0],[-3.595576,37.156953,0],[-3.595574,37.156953,0],[-3.595573,37.156952,0],[-3.595571,37.156951,0],[-3.595569,37.15695,0],[-3.595568,37.15695,0],[-3.595566,37.156949,0],[-3.595564,37.156948,0],[-3.595563,37.156947,0],[-3.595561,37.156946,0],[-3.59556,37.156944,0],[-3.595559,37.156943,0],[-3.595557,37.156942,0],[-3.595556,37.156941,0],[-3.595555,37.15694,0],[-3.595554,37.156938,0],[-3.595553,37.156937,0],[-3.595484,37.156837,0],[-3.595335,37.156898,0],[-3.595331,37.1569,0],[-3.595327,37.156901,0],[-3.595322,37.156902,0],[-3.595317,37.156901,0],[-3.595312,37.156901,0],[-3.595307,37.156899,0],[-3.595303,37.156897,0],[-3.595299,37.156895,0],[-3.595296,37.156892,0],[-3.595294,37.156889,0],[-3.595083,37.15657,0],[-3.595077,37.156551,0],[-3.595069,37.156533,0],[-3.595059,37.156517,0],[-3.594469,37.155629,0],[-3.593751,37.154547,0],[-3.593539,37.154302,0],[-3.593268,37.154008,0],[-3.593088,37.153811,0],[-3.593017,37.153734,0],[-3.59299,37.153719,0],[-3.592959,37.153708,0],[-3.592924,37.1537,0],[-3.592888,37.153698,0],[-3.592852,37.1537,0],[-3.592817,37.153707,0],[-3.592784,37.153719,0],[-3.592753,37.153735,0],[-3.592727,37.153755,0],[-3.592706,37.153778,0],[-3.59269,37.153803,0],[-3.59268,37.153831,0],[-3.592675,37.153859,0],[-3.592677,37.153888,0],[-3.592684,37.153915,0],[-3.592696,37.153941,0],[-3.592714,37.153965,0],[-3.593206,37.154509,0],[-3.593302,37.154619,0],[-3.593351,37.15469,0],[-3.593382,37.154734,0],[-3.593888,37.155503,0],[-3.594327,37.156161,0],[-3.594384,37.156247,0],[-3.594465,37.15635,0],[-3.594609,37.156506,0],[-3.594696,37.156614,0],[-3.594821,37.15677,0],[-3.59485,37.156774,0],[-3.594883,37.156774,0],[-3.594916,37.15677,0],[-3.594948,37.156762,0],[-3.594972,37.156753,0],[-3.594994,37.156741,0],[-3.595019,37.156726,0],[-3.595041,37.156707,0],[-3.595059,37.156687,0],[-3.595072,37.156664,0],[-3.595081,37.15664,0],[-3.595083,37.15657,0]]},"properties":{"name":"CARRIL BICI","description":"LONGITUD:1.233,5m","styleUrl":"#line-0070FF-3000","stroke-opacity":1,"stroke":"#0070ff","stroke-width":3}},{"type":"Feature","geometry":{"type":"LineString","coordinates":[[-3.603098,37.146491,0],[-3.603712,37.147066,0],[-3.603755,37.147107,0],[-3.603766,37.147116,0],[-3.603778,37.147123,0],[-3.603791,37.147128,0],[-3.603805,37.147131,0],[-3.603819,37.147132,0],[-3.603837,37.147131,0],[-3.603884,37.14713,0],[-3.603935,37.147134,0],[-3.603984,37.147146,0],[-3.60403,37.147164,0],[-3.604072,37.147187,0],[-3.604109,37.147216,0],[-3.604138,37.147249,0],[-3.604161,37.147286,0],[-3.604174,37.147322,0],[-3.604179,37.147336,0],[-3.604185,37.147346,0],[-3.604193,37.147355,0],[-3.604203,37.147363,0],[-3.604214,37.14737,0],[-3.604226,37.147375,0],[-3.604241,37.147379,0],[-3.604269,37.147384,0],[-3.604291,37.147389,0],[-3.604297,37.14739,0],[-3.60463,37.147454,0],[-3.604845,37.147496,0],[-3.60506,37.147537,0],[-3.60519,37.147562,0],[-3.605418,37.147607,0],[-3.606153,37.147749,0],[-3.606461,37.147808,0],[-3.606664,37.147846,0],[-3.60691,37.147896,0],[-3.606981,37.147924,0]]},"properties":{"name":"CARRIL BICI","description":"LONGITUD:398,3m","styleUrl":"#line-0070FF-3000","stroke-opacity":1,"stroke":"#0070ff","stroke-width":3}},{"type":"Feature","geometry":{"type":"LineString","coordinates":[[-3.600113,37.199991,0],[-3.600039,37.200125,0],[-3.600024,37.200232,0],[-3.600006,37.200267,0],[-3.600016,37.20033,0],[-3.600017,37.200336,0],[-3.600018,37.200341,0],[-3.600018,37.200347,0],[-3.600018,37.200353,0],[-3.600016,37.200359,0],[-3.600012,37.200365,0],[-3.600008,37.20037,0],[-3.600003,37.200374,0],[-3.599996,37.200378,0],[-3.59975,37.200463,0],[-3.599733,37.200465,0],[-3.599717,37.200465,0],[-3.599701,37.200463,0],[-3.599686,37.200459,0],[-3.599451,37.200393,0],[-3.599442,37.200391,0],[-3.599433,37.200391,0],[-3.599424,37.200391,0],[-3.599415,37.200393,0],[-3.599407,37.200396,0],[-3.5994,37.2004,0],[-3.599394,37.200405,0],[-3.599388,37.200411,0],[-3.599176,37.200662,0],[-3.599092,37.200727,0],[-3.598757,37.201123,0],[-3.59857,37.201342,0],[-3.598378,37.201605,0],[-3.598266,37.201781,0],[-3.598198,37.201902,0],[-3.598124,37.202045,0],[-3.598022,37.202277,0],[-3.597928,37.202527,0],[-3.597903,37.202599,0],[-3.597898,37.202617,0],[-3.597896,37.202635,0],[-3.597897,37.202654,0],[-3.5979,37.202679,0],[-3.597898,37.202704,0],[-3.597891,37.202729,0],[-3.597808,37.202996,0],[-3.597808,37.202999,0],[-3.597809,37.203001,0],[-3.59781,37.203004,0],[-3.597812,37.203006,0],[-3.597814,37.203009,0],[-3.597817,37.20301,0],[-3.59782,37.203012,0],[-3.597823,37.203013,0],[-3.597826,37.203013,0],[-3.597862,37.203013,0],[-3.597865,37.203014,0],[-3.597868,37.203014,0],[-3.597872,37.203015,0],[-3.597874,37.203017,0],[-3.597877,37.203019,0],[-3.597879,37.203021,0],[-3.597881,37.203023,0],[-3.597882,37.203026,0],[-3.597882,37.203029,0],[-3.597882,37.203031,0],[-3.597861,37.203186,0],[-3.597859,37.203192,0],[-3.597856,37.203199,0],[-3.597851,37.203205,0],[-3.597845,37.20321,0],[-3.597838,37.203215,0],[-3.597831,37.203218,0],[-3.597821,37.203221,0],[-3.597756,37.203223,0],[-3.597749,37.203223,0],[-3.597743,37.203224,0],[-3.597738,37.203226,0],[-3.597733,37.203228,0],[-3.597728,37.203231,0],[-3.597724,37.203235,0],[-3.597721,37.203239,0],[-3.597719,37.203243,0],[-3.597706,37.203293,0],[-3.597579,37.203913,0],[-3.597479,37.204429,0],[-3.597356,37.205045,0],[-3.597331,37.205171,0],[-3.597011,37.206733,0],[-3.596938,37.207085,0],[-3.596897,37.207269,0],[-3.596845,37.207412,0],[-3.596803,37.207498,0],[-3.596747,37.207617,0],[-3.596695,37.207697,0],[-3.596638,37.207797,0],[-3.596526,37.207942,0],[-3.595584,37.209056,0],[-3.595426,37.208972,0],[-3.595434,37.208954,0],[-3.594485,37.210124,0]]},"properties":{"name":"CARRIL BICI","description":"LONGITUD:1.326,5m","styleUrl":"#line-0070FF-3000","stroke-opacity":1,"stroke":"#0070ff","stroke-width":3}},{"type":"Feature","geometry":{"type":"LineString","coordinates":[[-3.599735,37.199668,0],[-3.599823,37.199498,0],[-3.59998,37.199068,0],[-3.600143,37.198635,0],[-3.600316,37.198213,0],[-3.600478,37.197855,0],[-3.60058,37.197633,0],[-3.600581,37.197632,0],[-3.600581,37.19763,0],[-3.600581,37.197629,0],[-3.600582,37.197627,0],[-3.600582,37.197626,0],[-3.600583,37.197624,0],[-3.600583,37.197623,0],[-3.600584,37.197621,0],[-3.600585,37.19762,0],[-3.600586,37.197618,0],[-3.600586,37.197617,0],[-3.600587,37.197616,0],[-3.600588,37.197614,0],[-3.600589,37.197613,0],[-3.60059,37.197612,0],[-3.600591,37.197611,0],[-3.600593,37.197609,0],[-3.600594,37.197608,0],[-3.600595,37.197607,0],[-3.600596,37.197606,0],[-3.600598,37.197605,0],[-3.600599,37.197604,0],[-3.600601,37.197603,0],[-3.600602,37.197602,0],[-3.600604,37.197601,0],[-3.600605,37.1976,0],[-3.600607,37.1976,0],[-3.600609,37.197599,0],[-3.60061,37.197598,0],[-3.600612,37.197597,0],[-3.600614,37.197597,0],[-3.600615,37.197596,0],[-3.600617,37.197596,0],[-3.600619,37.197595,0],[-3.60062,37.197594,0],[-3.600622,37.197594,0],[-3.600623,37.197593,0],[-3.600625,37.197592,0],[-3.600626,37.197591,0],[-3.600627,37.19759,0],[-3.600628,37.197589,0],[-3.60063,37.197588,0],[-3.600631,37.197587,0],[-3.600632,37.197586,0],[-3.600633,37.197585,0],[-3.600634,37.197584,0],[-3.600635,37.197583,0],[-3.600636,37.197582,0],[-3.600637,37.19758,0],[-3.600637,37.197579,0],[-3.600638,37.197578,0],[-3.600639,37.197577,0],[-3.60064,37.197575,0],[-3.60064,37.197574,0],[-3.600641,37.197573,0],[-3.600641,37.197571,0],[-3.600642,37.19757,0],[-3.600642,37.197569,0],[-3.600642,37.197567,0],[-3.600643,37.197566,0],[-3.600643,37.197565,0],[-3.600665,37.197433,0],[-3.600686,37.197399,0],[-3.600849,37.197047,0],[-3.601101,37.196493,0],[-3.601413,37.195796,0],[-3.601414,37.195792,0],[-3.601416,37.195787,0],[-3.601417,37.195783,0],[-3.601418,37.195779,0],[-3.601419,37.195775,0],[-3.60142,37.19577,0],[-3.601421,37.195766,0],[-3.601421,37.195761,0],[-3.601421,37.195757,0],[-3.601422,37.195753,0],[-3.601421,37.195748,0],[-3.601421,37.195744,0],[-3.601421,37.19574,0],[-3.60142,37.195735,0],[-3.601419,37.195731,0],[-3.601418,37.195727,0],[-3.601417,37.195722,0],[-3.601415,37.195718,0],[-3.601414,37.195714,0],[-3.601412,37.19571,0],[-3.60141,37.195706,0]]},"properties":{"name":"CARRIL BICI","description":"LONGITUD:466,3m","styleUrl":"#line-0070FF-3000","stroke-opacity":1,"stroke":"#0070ff","stroke-width":3}},{"type":"Feature","geometry":{"type":"LineString","coordinates":[[-3.615153,37.195659,0],[-3.614922,37.195644,0],[-3.614921,37.195644,0],[-3.61492,37.195644,0],[-3.614919,37.195644,0],[-3.614918,37.195644,0],[-3.614917,37.195645,0],[-3.614916,37.195645,0],[-3.614915,37.195645,0],[-3.614914,37.195646,0],[-3.614913,37.195646,0],[-3.614912,37.195646,0],[-3.614911,37.195647,0],[-3.61491,37.195647,0],[-3.614909,37.195647,0],[-3.614908,37.195648,0],[-3.614907,37.195648,0],[-3.614906,37.195649,0],[-3.614905,37.19565,0],[-3.614904,37.195651,0],[-3.614903,37.195651,0],[-3.614902,37.195652,0],[-3.614901,37.195653,0],[-3.6149,37.195654,0],[-3.614899,37.195655,0],[-3.614898,37.195656,0],[-3.614898,37.195657,0],[-3.614897,37.195658,0],[-3.614896,37.195659,0],[-3.614896,37.19566,0],[-3.614896,37.195661,0],[-3.614895,37.195662,0],[-3.614895,37.195663,0],[-3.614894,37.195664,0],[-3.614894,37.195665,0],[-3.614894,37.195666,0],[-3.614894,37.195667,0],[-3.614894,37.195668,0],[-3.614894,37.195669,0]]},"properties":{"name":"CARRIL BICI","description":"LONGITUD:24,7m","styleUrl":"#line-0070FF-3000","stroke-opacity":1,"stroke":"#0070ff","stroke-width":3}},{"type":"Feature","geometry":{"type":"LineString","coordinates":[[-3.614733,37.195558,0],[-3.614817,37.195558,0],[-3.61482,37.195558,0],[-3.614822,37.195558,0],[-3.614825,37.195558,0],[-3.614827,37.195558,0],[-3.61483,37.195558,0],[-3.614832,37.195558,0],[-3.614834,37.195559,0],[-3.614837,37.195559,0],[-3.614839,37.19556,0],[-3.614842,37.19556,0],[-3.614844,37.195561,0],[-3.614846,37.195562,0],[-3.614849,37.195562,0],[-3.614851,37.195563,0],[-3.614853,37.195564,0],[-3.614855,37.195565,0],[-3.614857,37.195566,0],[-3.61486,37.195567,0],[-3.614862,37.195568,0],[-3.614864,37.195569,0],[-3.614865,37.195571,0],[-3.614867,37.195572,0],[-3.614869,37.195573,0],[-3.614871,37.195575,0],[-3.614873,37.195576,0],[-3.614874,37.195578,0],[-3.614876,37.195579,0],[-3.614877,37.195581,0],[-3.614879,37.195582,0],[-3.61488,37.195584,0],[-3.614882,37.195586,0],[-3.614883,37.195587,0],[-3.614884,37.195589,0],[-3.614885,37.195591,0],[-3.614886,37.195593,0],[-3.614887,37.195595,0],[-3.614888,37.195597,0],[-3.614889,37.195598,0],[-3.614889,37.1956,0],[-3.61489,37.195602,0],[-3.61489,37.195604,0],[-3.614891,37.195606,0],[-3.614891,37.195608,0],[-3.614891,37.19561,0],[-3.614894,37.195669,0],[-3.614921,37.19633,0],[-3.614922,37.19636,0],[-3.61495,37.197047,0],[-3.61495,37.197049,0],[-3.61495,37.197052,0],[-3.61495,37.197054,0],[-3.61495,37.197056,0],[-3.61495,37.197059,0],[-3.614949,37.197061,0],[-3.614949,37.197063,0],[-3.614948,37.197066,0],[-3.614947,37.197068,0],[-3.614946,37.19707,0],[-3.614945,37.197072,0],[-3.614944,37.197075,0],[-3.614943,37.197077,0],[-3.614942,37.197079,0],[-3.614941,37.197081,0],[-3.614939,37.197083,0],[-3.614938,37.197085,0],[-3.614936,37.197087,0],[-3.614934,37.197089,0],[-3.614933,37.197091,0],[-3.614931,37.197093,0],[-3.614929,37.197095,0],[-3.614927,37.197096,0],[-3.614925,37.197098,0],[-3.614923,37.1971,0],[-3.61492,37.197101,0],[-3.614918,37.197103,0],[-3.614916,37.197104,0],[-3.614913,37.197106,0],[-3.614911,37.197107,0],[-3.614908,37.197108,0],[-3.614906,37.197109,0],[-3.614903,37.19711,0],[-3.614901,37.197111,0],[-3.614898,37.197112,0],[-3.614895,37.197113,0],[-3.614892,37.197114,0],[-3.614889,37.197115,0],[-3.614887,37.197115,0],[-3.614884,37.197116,0],[-3.614881,37.197116,0],[-3.614878,37.197117,0],[-3.614875,37.197117,0],[-3.614872,37.197117,0],[-3.614869,37.197117,0],[-3.614866,37.197117,0],[-3.614787,37.197118,0],[-3.614786,37.197118,0],[-3.614785,37.197118,0],[-3.614784,37.197118,0],[-3.614783,37.197118,0],[-3.614782,37.197118,0],[-3.614781,37.197119,0],[-3.61478,37.197119,0],[-3.614779,37.197119,0],[-3.614778,37.197119,0],[-3.614777,37.19712,0],[-3.614776,37.19712,0],[-3.614775,37.19712,0],[-3.614774,37.197121,0],[-3.614773,37.197121,0],[-3.614772,37.197122,0],[-3.614771,37.197122,0],[-3.61477,37.197123,0],[-3.614769,37.197123,0],[-3.614769,37.197124,0],[-3.614768,37.197124,0],[-3.614767,37.197125,0],[-3.614767,37.197126,0],[-3.614766,37.197126,0],[-3.614766,37.197127,0],[-3.614765,37.197127,0],[-3.614765,37.197128,0],[-3.614764,37.197129,0],[-3.614763,37.19713,0],[-3.614763,37.197131,0],[-3.614762,37.197132,0],[-3.614762,37.197133,0],[-3.614761,37.197134,0],[-3.614761,37.197135,0],[-3.614761,37.197136,0],[-3.614761,37.197137,0],[-3.614761,37.197138,0],[-3.614761,37.197139,0],[-3.614772,37.197466,0],[-3.614772,37.197469,0],[-3.614772,37.197472,0],[-3.614772,37.197476,0],[-3.614771,37.197479,0],[-3.614771,37.197482,0],[-3.61477,37.197485,0],[-3.61477,37.197488,0],[-3.614769,37.197491,0],[-3.614768,37.197495,0],[-3.614767,37.197498,0],[-3.614765,37.197501,0],[-3.614764,37.197504,0],[-3.614762,37.197507,0],[-3.614761,37.19751,0],[-3.614759,37.197513,0],[-3.614757,37.197515,0],[-3.614755,37.197518,0],[-3.614753,37.197521,0],[-3.614751,37.197524,0],[-3.614749,37.197526,0],[-3.614746,37.197529,0],[-3.614744,37.197531,0],[-3.614741,37.197534,0],[-3.614738,37.197536,0],[-3.614585,37.197654,0],[-3.614221,37.197934,0],[-3.613966,37.19813,0],[-3.61356,37.198443,0],[-3.613423,37.198549,0],[-3.61315,37.198759,0],[-3.612776,37.199047,0],[-3.612739,37.199076,0],[-3.612739,37.199077,0],[-3.612738,37.199077,0],[-3.612738,37.199078,0],[-3.612737,37.199078,0],[-3.612737,37.199079,0],[-3.612737,37.19908,0],[-3.612736,37.19908,0],[-3.612736,37.199081,0],[-3.612736,37.199082,0],[-3.612736,37.199083,0],[-3.612736,37.199084,0],[-3.612736,37.199085,0],[-3.612736,37.199086,0],[-3.612736,37.199087,0],[-3.612737,37.199088,0],[-3.612737,37.199089,0],[-3.612738,37.19909,0],[-3.612738,37.199091,0],[-3.612739,37.199091,0],[-3.612739,37.199092,0],[-3.61274,37.199092,0],[-3.61274,37.199093,0],[-3.612741,37.199093,0],[-3.612741,37.199094,0],[-3.612742,37.199094,0],[-3.613013,37.199215,0]]},"properties":{"name":"CARRIL BICI","description":"LONGITUD:520,3m","styleUrl":"#line-0070FF-3000","stroke-opacity":1,"stroke":"#0070ff","stroke-width":3}},{"type":"Feature","geometry":{"type":"LineString","coordinates":[[-3.627278,37.163585,0],[-3.627252,37.163595,0],[-3.627226,37.163607,0],[-3.6272,37.163618,0],[-3.627175,37.163631,0],[-3.627151,37.163644,0],[-3.627127,37.163658,0],[-3.627104,37.163672,0],[-3.627082,37.163688,0],[-3.62706,37.163703,0],[-3.626997,37.16375,0],[-3.626882,37.163839,0],[-3.626088,37.164468,0],[-3.625993,37.164545,0],[-3.625902,37.164625,0],[-3.625813,37.164707,0],[-3.625728,37.16479,0],[-3.625645,37.164876,0],[-3.624818,37.165765,0],[-3.624701,37.165895,0],[-3.624345,37.166307,0],[-3.624308,37.166349,0],[-3.624269,37.16639,0],[-3.624145,37.166518,0],[-3.624144,37.166519,0],[-3.624143,37.166519,0],[-3.624142,37.16652,0],[-3.624141,37.166521,0],[-3.62414,37.166522,0],[-3.624139,37.166523,0],[-3.624138,37.166523,0],[-3.624137,37.166524,0],[-3.624136,37.166524,0],[-3.624135,37.166525,0],[-3.624134,37.166526,0],[-3.624132,37.166526,0],[-3.624131,37.166527,0],[-3.62413,37.166527,0],[-3.624129,37.166528,0],[-3.624128,37.166528,0],[-3.624126,37.166528,0],[-3.624125,37.166529,0],[-3.624124,37.166529,0],[-3.624122,37.166529,0],[-3.624121,37.166529,0],[-3.62412,37.16653,0],[-3.624118,37.16653,0],[-3.624117,37.16653,0],[-3.624116,37.16653,0],[-3.624114,37.16653,0],[-3.624108,37.16653,0],[-3.624102,37.16653,0],[-3.624096,37.166531,0],[-3.624089,37.166532,0],[-3.624083,37.166533,0],[-3.624077,37.166534,0],[-3.624071,37.166535,0],[-3.624065,37.166536,0],[-3.624059,37.166538,0],[-3.624053,37.166539,0],[-3.624047,37.166541,0],[-3.624042,37.166543,0],[-3.624036,37.166545,0],[-3.62403,37.166548,0],[-3.624026,37.16655,0],[-3.624022,37.166552,0],[-3.624018,37.166554,0],[-3.624014,37.166556,0],[-3.62401,37.166558,0],[-3.624007,37.166561,0],[-3.624003,37.166563,0],[-3.623999,37.166566,0],[-3.623996,37.166569,0],[-3.623993,37.166572,0],[-3.62399,37.166575,0],[-3.623987,37.166578,0],[-3.623984,37.166581,0],[-3.623981,37.166584,0],[-3.623978,37.166587,0],[-3.623976,37.16659,0],[-3.623974,37.166594,0],[-3.623972,37.166597,0],[-3.62397,37.166601,0],[-3.623968,37.166604,0],[-3.623966,37.166608,0],[-3.623964,37.166611,0],[-3.623963,37.166615,0],[-3.623962,37.166619,0],[-3.623961,37.166623,0],[-3.62396,37.166626,0],[-3.623959,37.16663,0],[-3.623958,37.166634,0],[-3.623958,37.166638,0],[-3.623958,37.166642,0],[-3.623958,37.166646,0],[-3.623958,37.166649,0],[-3.623958,37.166653,0],[-3.623958,37.166657,0],[-3.623959,37.166661,0],[-3.62396,37.166665,0],[-3.623961,37.166668,0],[-3.623962,37.166672,0],[-3.623963,37.166676,0],[-3.623964,37.16668,0],[-3.623966,37.166683,0],[-3.623967,37.166687,0],[-3.623969,37.16669,0],[-3.62397,37.166692,0],[-3.623971,37.166695,0],[-3.623972,37.166697,0],[-3.623973,37.166699,0],[-3.623974,37.166701,0],[-3.623974,37.166703,0],[-3.623975,37.166705,0],[-3.623975,37.166707,0],[-3.623976,37.166709,0],[-3.623976,37.166712,0],[-3.623976,37.166714,0],[-3.623976,37.166716,0],[-3.623976,37.166718,0],[-3.623976,37.16672,0],[-3.623976,37.166723,0],[-3.623975,37.166725,0],[-3.623975,37.166727,0],[-3.623974,37.166729,0],[-3.623974,37.166731,0],[-3.623973,37.166733,0],[-3.623972,37.166735,0],[-3.623971,37.166737,0],[-3.62397,37.16674,0],[-3.623969,37.166742,0],[-3.623968,37.166744,0],[-3.623967,37.166745,0],[-3.623965,37.166747,0],[-3.623964,37.166749,0],[-3.623962,37.166751,0],[-3.623961,37.166753,0],[-3.623907,37.166812,0],[-3.623902,37.166818,0],[-3.623897,37.166822,0],[-3.623892,37.166827,0],[-3.623886,37.166832,0],[-3.623349,37.167276,0],[-3.623283,37.167332,0],[-3.623219,37.16739,0],[-3.623157,37.167449,0],[-3.623098,37.16751,0],[-3.623041,37.167572,0],[-3.622986,37.167635,0],[-3.622966,37.167659,0],[-3.622964,37.167661,0],[-3.622962,37.167664,0],[-3.622961,37.167666,0],[-3.62286,37.167814,0],[-3.622857,37.167818,0],[-3.622854,37.167822,0],[-3.622812,37.167877,0],[-3.622803,37.167888,0],[-3.622794,37.167899,0],[-3.622785,37.167909,0],[-3.622775,37.167919,0],[-3.622765,37.167929,0],[-3.622754,37.167939,0],[-3.622686,37.168,0],[-3.622743,37.168041,0],[-3.622764,37.168041,0],[-3.622766,37.168042,0],[-3.622768,37.168042,0],[-3.62277,37.168042,0],[-3.622772,37.168042,0],[-3.622774,37.168042,0],[-3.622776,37.168043,0],[-3.622777,37.168043,0],[-3.622779,37.168044,0],[-3.622781,37.168044,0],[-3.622783,37.168045,0],[-3.622785,37.168045,0],[-3.622786,37.168046,0],[-3.622788,37.168047,0],[-3.62279,37.168048,0],[-3.622792,37.168048,0],[-3.622793,37.168049,0],[-3.622795,37.16805,0],[-3.622796,37.168051,0],[-3.622798,37.168052,0],[-3.622799,37.168053,0],[-3.622801,37.168054,0],[-3.622802,37.168055,0],[-3.622803,37.168056,0],[-3.622805,37.168058,0],[-3.622806,37.168059,0],[-3.622807,37.16806,0],[-3.622808,37.168061,0],[-3.622809,37.168063,0],[-3.62281,37.168064,0],[-3.622811,37.168065,0],[-3.622812,37.168067,0],[-3.622813,37.168068,0],[-3.622814,37.16807,0],[-3.622814,37.168071,0],[-3.622815,37.168072,0],[-3.622816,37.168074,0],[-3.622816,37.168075,0],[-3.622817,37.168077,0],[-3.622817,37.168078,0],[-3.622817,37.16808,0],[-3.622818,37.168082,0],[-3.622818,37.168083,0],[-3.622818,37.168085,0],[-3.622818,37.168086,0],[-3.622818,37.168088,0],[-3.622818,37.168089,0],[-3.622818,37.168091,0],[-3.622815,37.168108,0],[-3.622759,37.168571,0],[-3.622755,37.168596,0],[-3.62275,37.168622,0],[-3.622744,37.168647,0],[-3.622737,37.168672,0],[-3.622729,37.168697,0],[-3.62272,37.168722,0],[-3.62271,37.168746,0],[-3.622698,37.168771,0],[-3.622686,37.168794,0],[-3.622672,37.168818,0],[-3.622658,37.168841,0],[-3.622642,37.168864,0],[-3.622626,37.168886,0],[-3.622609,37.168908,0],[-3.621819,37.169858,0],[-3.621195,37.170586,0],[-3.621183,37.1706,0],[-3.620613,37.171228,0],[-3.620024,37.171844,0],[-3.619565,37.172311,0],[-3.619498,37.17238,0],[-3.618894,37.173021,0],[-3.6188,37.173117,0],[-3.618703,37.173212,0],[-3.618603,37.173304,0],[-3.618499,37.173395,0],[-3.616654,37.174963,0],[-3.616563,37.175042,0],[-3.61577,37.175749,0],[-3.615752,37.175765,0],[-3.615734,37.17578,0],[-3.615714,37.175794,0],[-3.615694,37.175808,0],[-3.615674,37.175822,0],[-3.615653,37.175834,0],[-3.615631,37.175847,0],[-3.615609,37.175858,0],[-3.615586,37.17587,0],[-3.615563,37.17588,0],[-3.615539,37.17589,0],[-3.615516,37.175899,0],[-3.615491,37.175908,0],[-3.615467,37.175915,0],[-3.615442,37.175923,0],[-3.615228,37.17598,0],[-3.615194,37.175989,0],[-3.61516,37.175997,0],[-3.615125,37.176004,0],[-3.614974,37.176033,0],[-3.614955,37.176037,0],[-3.614936,37.176041,0],[-3.614917,37.176046,0],[-3.614899,37.176051,0],[-3.614881,37.176057,0],[-3.614863,37.176064,0],[-3.614845,37.176071,0],[-3.614828,37.176078,0],[-3.614811,37.176086,0],[-3.614795,37.176094,0],[-3.614778,37.176103,0],[-3.614763,37.176112,0],[-3.614747,37.176122,0],[-3.614732,37.176132,0],[-3.614718,37.176142,0],[-3.614704,37.176153,0],[-3.614646,37.1762,0]]},"properties":{"name":"CARRIL BICI","description":"LONGITUD:1.844,2m","styleUrl":"#line-0070FF-3000","stroke-opacity":1,"stroke":"#0070ff","stroke-width":3}},{"type":"Feature","geometry":{"type":"LineString","coordinates":[[-3.63362,37.190125,0],[-3.633272,37.190098,0],[-3.633219,37.190092,0],[-3.633171,37.19008,0],[-3.633111,37.190035,0],[-3.63309,37.189987,0],[-3.63308,37.189913,0],[-3.633071,37.18971,0],[-3.63306,37.189507,0],[-3.633018,37.18916,0],[-3.632977,37.18893,0],[-3.632929,37.188722,0],[-3.632903,37.188606,0],[-3.63287,37.188498,0],[-3.632829,37.188399,0],[-3.632769,37.188253,0],[-3.632686,37.188106,0],[-3.632634,37.187977,0],[-3.632585,37.187852,0],[-3.632534,37.187728,0],[-3.632471,37.187601,0],[-3.632303,37.187353,0],[-3.632216,37.187221,0],[-3.632137,37.187103,0],[-3.632048,37.186991,0],[-3.631933,37.18687,0],[-3.631744,37.186678,0],[-3.631578,37.186505,0],[-3.631436,37.186372,0],[-3.631146,37.186128,0],[-3.630978,37.186006,0],[-3.630822,37.185897,0],[-3.630503,37.185696,0],[-3.630302,37.185578,0],[-3.630021,37.185425,0],[-3.629789,37.185307,0],[-3.629592,37.185214,0],[-3.629125,37.185005,0],[-3.628861,37.184893,0],[-3.628478,37.184723,0],[-3.628231,37.184614,0],[-3.627812,37.184428,0],[-3.627514,37.184292,0],[-3.627291,37.184187,0],[-3.626996,37.184054,0],[-3.626528,37.183863,0],[-3.626224,37.183736,0],[-3.626001,37.183646,0],[-3.625758,37.183541,0],[-3.625503,37.183418,0],[-3.625137,37.183217,0],[-3.624992,37.183144,0],[-3.624763,37.183045,0],[-3.62461,37.183014,0],[-3.624507,37.183012,0],[-3.624398,37.183019,0],[-3.624317,37.183004,0],[-3.624214,37.182952,0],[-3.624104,37.182879,0],[-3.624054,37.182823,0],[-3.62401,37.182771,0],[-3.623911,37.182677,0],[-3.623861,37.182636,0],[-3.623815,37.182608,0],[-3.623706,37.182547,0],[-3.623561,37.182471,0],[-3.62342,37.182404,0],[-3.623136,37.182278,0],[-3.622775,37.182116,0],[-3.622476,37.181985,0],[-3.62227,37.181897,0],[-3.622107,37.181823,0],[-3.621973,37.181754,0],[-3.621765,37.181651,0],[-3.621324,37.181411,0],[-3.620999,37.181239,0],[-3.620735,37.181103,0],[-3.620492,37.180988,0],[-3.620126,37.180822,0],[-3.619608,37.18059,0],[-3.619258,37.180429,0],[-3.618976,37.180317,0],[-3.618886,37.180298,0],[-3.618834,37.180274,0],[-3.619112,37.179987,0],[-3.619216,37.179884,0],[-3.619383,37.179795,0],[-3.619316,37.179775,0],[-3.619195,37.179823,0],[-3.619075,37.179817,0],[-3.618144,37.179286,0],[-3.617706,37.179012,0],[-3.617349,37.17877,0],[-3.617172,37.178631,0],[-3.616987,37.178475,0],[-3.616953,37.178431,0],[-3.616963,37.178407,0],[-3.617024,37.178367,0],[-3.61718,37.178255,0],[-3.617451,37.178072,0],[-3.617554,37.178001,0],[-3.617485,37.17793,0],[-3.616883,37.178311,0],[-3.616832,37.178334,0],[-3.616789,37.178326,0],[-3.616745,37.178301,0],[-3.616667,37.178238,0],[-3.616414,37.17803,0],[-3.616109,37.177761,0],[-3.615798,37.177476,0],[-3.615603,37.177313,0],[-3.61541,37.177149,0],[-3.615295,37.17705,0],[-3.615123,37.176908,0],[-3.614944,37.176727,0],[-3.614837,37.176583,0],[-3.614754,37.17646,0],[-3.614694,37.176368,0],[-3.614622,37.176208,0],[-3.614564,37.176117,0],[-3.614502,37.176043,0],[-3.614391,37.175951,0],[-3.61428,37.175903,0],[-3.614185,37.175871,0],[-3.614062,37.175855,0],[-3.61399,37.175878,0],[-3.613539,37.176135,0],[-3.613484,37.176147,0],[-3.613396,37.176161,0],[-3.61335,37.176144,0],[-3.613308,37.176096,0],[-3.613094,37.175803,0],[-3.612832,37.175446,0],[-3.612619,37.175137,0],[-3.612477,37.174925,0],[-3.612422,37.17482,0],[-3.61234,37.174622,0],[-3.612199,37.174433,0],[-3.612019,37.174134,0],[-3.611833,37.173796,0],[-3.611644,37.173471,0],[-3.611431,37.1731,0],[-3.611237,37.172733,0],[-3.61106,37.172363,0],[-3.61083,37.17186,0],[-3.610722,37.171593,0],[-3.610615,37.171308,0],[-3.610498,37.170989,0],[-3.610391,37.170677,0],[-3.610299,37.170389,0],[-3.610213,37.170113,0],[-3.610106,37.169798,0],[-3.610018,37.169531,0],[-3.609963,37.169386,0],[-3.609847,37.169016,0],[-3.609744,37.168651,0],[-3.609679,37.16838,0],[-3.609654,37.168217,0],[-3.609656,37.16821,0],[-3.609658,37.168203,0],[-3.60966,37.168197,0],[-3.609662,37.16819,0],[-3.609665,37.168184,0],[-3.609668,37.168177,0],[-3.609671,37.168171,0],[-3.609674,37.168165,0],[-3.609678,37.168159,0],[-3.609682,37.168153,0],[-3.609686,37.168147,0],[-3.609691,37.168141,0],[-3.609696,37.168135,0],[-3.6097,37.16813,0],[-3.609706,37.168125,0],[-3.609711,37.168119,0],[-3.609717,37.168114,0],[-3.609723,37.168109,0],[-3.609729,37.168105,0],[-3.609735,37.1681,0],[-3.609741,37.168095,0],[-3.609748,37.168092,0],[-3.609755,37.168089,0],[-3.609762,37.168086,0],[-3.609769,37.168084,0],[-3.609776,37.168081,0],[-3.609783,37.168079,0],[-3.60979,37.168077,0],[-3.609798,37.168075,0],[-3.609805,37.168073,0],[-3.609813,37.168072,0],[-3.60982,37.168071,0],[-3.609828,37.16807,0],[-3.609836,37.168069,0],[-3.609844,37.168068,0],[-3.609851,37.168068,0],[-3.609859,37.168067,0],[-3.609867,37.168067,0],[-3.609875,37.168068,0],[-3.609882,37.168068,0],[-3.60989,37.168069,0],[-3.609898,37.168069,0],[-3.609906,37.168071,0],[-3.609913,37.168072,0],[-3.609921,37.168073,0],[-3.610018,37.168096,0],[-3.610407,37.16806,0],[-3.610423,37.168058,0],[-3.610439,37.168055,0],[-3.610455,37.168052,0],[-3.610471,37.168049,0],[-3.610486,37.168045,0],[-3.610502,37.168041,0],[-3.610517,37.168036,0],[-3.610532,37.168031,0],[-3.610547,37.168026,0],[-3.610561,37.16802,0],[-3.610575,37.168014,0],[-3.610589,37.168008,0],[-3.610603,37.168001,0],[-3.610616,37.167993,0],[-3.61063,37.167986,0],[-3.610642,37.167978,0],[-3.610655,37.167969,0],[-3.610667,37.167961,0],[-3.610679,37.167952,0],[-3.61069,37.167942,0],[-3.610701,37.167933,0],[-3.610711,37.167923,0],[-3.610721,37.167913,0],[-3.610731,37.167902,0],[-3.610726,37.167896,0],[-3.610721,37.167889,0],[-3.610717,37.167882,0],[-3.610713,37.167876,0],[-3.610709,37.167869,0],[-3.610705,37.167862,0],[-3.610702,37.167854,0],[-3.610699,37.167847,0],[-3.610696,37.16784,0],[-3.610694,37.167832,0],[-3.610692,37.167825,0],[-3.61069,37.167818,0],[-3.610689,37.16781,0],[-3.610688,37.167802,0],[-3.610687,37.167795,0],[-3.610687,37.167787,0],[-3.610687,37.16778,0],[-3.610687,37.167772,0],[-3.610687,37.167764,0],[-3.610688,37.167757,0],[-3.610689,37.167749,0],[-3.610691,37.167742,0],[-3.610696,37.167726,0],[-3.6107,37.167711,0],[-3.610704,37.167696,0],[-3.610707,37.16768,0],[-3.610709,37.167664,0],[-3.610711,37.167649,0],[-3.610712,37.167633,0],[-3.610712,37.167617,0],[-3.610711,37.167601,0],[-3.61071,37.167586,0],[-3.610708,37.16757,0],[-3.610706,37.167554,0],[-3.610703,37.167539,0],[-3.610699,37.167523,0],[-3.610694,37.167508,0],[-3.610689,37.167493,0],[-3.610683,37.167478,0],[-3.610677,37.167463,0],[-3.61067,37.167448,0],[-3.610662,37.167434,0],[-3.610655,37.167427,0],[-3.610649,37.167419,0],[-3.610643,37.167412,0],[-3.610637,37.167404,0],[-3.610632,37.167396,0],[-3.610627,37.167388,0],[-3.610622,37.16738,0],[-3.610618,37.167371,0],[-3.610614,37.167363,0],[-3.61061,37.167355,0],[-3.610607,37.167346,0],[-3.610604,37.167337,0],[-3.610602,37.167329,0],[-3.6106,37.16732,0],[-3.610598,37.167311,0],[-3.610596,37.167302,0],[-3.610596,37.167293,0],[-3.610595,37.167284,0],[-3.610595,37.167275,0],[-3.610597,37.167273,0],[-3.6106,37.167271,0],[-3.610603,37.167268,0],[-3.610605,37.167266,0],[-3.610607,37.167263,0],[-3.61061,37.167261,0],[-3.610612,37.167258,0],[-3.610614,37.167256,0],[-3.610616,37.167253,0],[-3.610617,37.16725,0],[-3.610619,37.167247,0],[-3.61062,37.167245,0],[-3.610622,37.167242,0],[-3.610623,37.167239,0],[-3.610624,37.167236,0],[-3.610625,37.167233,0],[-3.610626,37.16723,0],[-3.610627,37.167227,0],[-3.610628,37.167224,0],[-3.610628,37.167221,0],[-3.610628,37.167218,0],[-3.610629,37.167215,0],[-3.610629,37.167212,0],[-3.610629,37.167208,0],[-3.610628,37.167205,0],[-3.610628,37.167202,0],[-3.610628,37.167199,0],[-3.610627,37.167196,0],[-3.610626,37.167193,0],[-3.610626,37.16719,0],[-3.610625,37.167187,0],[-3.610624,37.167184,0],[-3.610622,37.167181,0],[-3.610621,37.167178,0],[-3.61062,37.167175,0],[-3.610618,37.167173,0],[-3.610616,37.16717,0],[-3.610614,37.167167,0],[-3.610612,37.167165,0],[-3.61061,37.167162,0],[-3.610608,37.167159,0],[-3.610606,37.167157,0],[-3.610604,37.167154,0],[-3.610601,37.167152,0],[-3.610599,37.16715,0],[-3.610596,37.167148,0],[-3.610593,37.167145,0],[-3.61059,37.167143,0],[-3.610587,37.167141,0],[-3.610584,37.16714,0],[-3.610581,37.167138,0],[-3.610578,37.167136,0],[-3.610575,37.167134,0],[-3.610571,37.167133,0],[-3.610568,37.167131,0],[-3.610564,37.16713,0],[-3.610561,37.167129,0],[-3.610557,37.167128,0],[-3.610554,37.167127,0],[-3.61055,37.167126,0],[-3.610546,37.167125,0],[-3.610543,37.167124,0],[-3.610539,37.167123,0],[-3.610179,37.167144,0],[-3.609962,37.167152,0],[-3.609744,37.167154,0],[-3.609736,37.167154,0],[-3.609728,37.167153,0],[-3.609721,37.167152,0],[-3.609713,37.167151,0],[-3.609705,37.16715,0],[-3.609697,37.167148,0],[-3.60969,37.167147,0],[-3.609682,37.167145,0],[-3.609675,37.167142,0],[-3.609667,37.16714,0],[-3.60966,37.167138,0],[-3.609653,37.167135,0],[-3.609646,37.167132,0],[-3.609639,37.167129,0],[-3.609632,37.167126,0],[-3.609626,37.167122,0],[-3.609619,37.167119,0],[-3.609613,37.167115,0],[-3.609607,37.167111,0],[-3.609601,37.167107,0],[-3.609595,37.167102,0],[-3.60959,37.167098,0],[-3.609584,37.167093,0],[-3.609579,37.167089,0],[-3.609574,37.167084,0],[-3.609569,37.167079,0],[-3.609565,37.167074,0],[-3.60956,37.167068,0],[-3.609556,37.167063,0],[-3.609552,37.166971,0],[-3.609537,37.166729,0],[-3.609509,37.16621,0],[-3.609482,37.165739,0],[-3.609464,37.165439,0],[-3.609456,37.165191,0],[-3.609449,37.165063,0],[-3.609417,37.164783,0],[-3.609403,37.16465,0],[-3.609369,37.164495,0],[-3.609338,37.164372,0],[-3.609298,37.164241,0],[-3.609247,37.164116,0],[-3.609213,37.164037,0],[-3.609161,37.163931,0],[-3.609086,37.163792,0],[-3.608992,37.163646,0],[-3.608889,37.163501,0],[-3.608885,37.163444,0],[-3.608859,37.16339,0],[-3.60879,37.163296,0],[-3.608722,37.163268,0],[-3.608532,37.163047,0],[-3.608508,37.162969,0],[-3.608317,37.162726,0],[-3.608298,37.16266,0],[-3.608306,37.162615,0],[-3.608359,37.162547,0],[-3.608577,37.162292,0],[-3.608672,37.162184,0],[-3.609019,37.161784,0],[-3.609401,37.161342,0],[-3.6097,37.161,0],[-3.610012,37.160634,0],[-3.610397,37.160195,0],[-3.610535,37.160038,0],[-3.610589,37.15998,0],[-3.610644,37.159936,0],[-3.610715,37.159891,0],[-3.610783,37.159856,0],[-3.610868,37.159816,0],[-3.610951,37.159789,0],[-3.611128,37.159744,0],[-3.611423,37.159677,0],[-3.611508,37.159512,0],[-3.611634,37.159282,0],[-3.611708,37.159128,0],[-3.611785,37.158974,0],[-3.611831,37.158871,0],[-3.611907,37.158682,0],[-3.612035,37.158367,0],[-3.612073,37.158276,0],[-3.612129,37.158129,0],[-3.612196,37.157956,0],[-3.612268,37.15778,0],[-3.612324,37.157655,0],[-3.612371,37.157527,0],[-3.612526,37.157147,0],[-3.612596,37.156978,0],[-3.612632,37.156874,0],[-3.612654,37.156794,0]]},"properties":{"name":"CARRIL BICI","description":"LONGITUD:5.295,3m","styleUrl":"#line-0070FF-3000","stroke-opacity":1,"stroke":"#0070ff","stroke-width":3}},{"type":"Feature","geometry":{"type":"LineString","coordinates":[[-3.631417,37.189078,0],[-3.631373,37.189086,0],[-3.631355,37.18908,0],[-3.631332,37.189065,0],[-3.631326,37.189039,0],[-3.631346,37.189017,0],[-3.631377,37.189008,0],[-3.631408,37.189016,0],[-3.631428,37.189035,0],[-3.631428,37.189061,0],[-3.631419,37.189077,0],[-3.631497,37.189119,0],[-3.631536,37.189139,0],[-3.631602,37.189145,0],[-3.631667,37.189145,0],[-3.631756,37.189148,0],[-3.631996,37.189165,0],[-3.632136,37.189176,0],[-3.632182,37.189172,0],[-3.632186,37.189172,0],[-3.632474,37.189128,0],[-3.632698,37.189095,0],[-3.632698,37.189094,0],[-3.632786,37.18908,0],[-3.632821,37.189064,0],[-3.632834,37.189045,0],[-3.632834,37.189012,0],[-3.632833,37.188931,0],[-3.632813,37.188792,0],[-3.632787,37.1886,0],[-3.632725,37.188411,0],[-3.632661,37.18827,0],[-3.632657,37.188264,0],[-3.632609,37.188182,0],[-3.632548,37.188132,0],[-3.632525,37.188098,0],[-3.632519,37.188064,0],[-3.632519,37.188063,0],[-3.632504,37.187984,0],[-3.632427,37.18779,0],[-3.632376,37.187672,0],[-3.632321,37.187571,0],[-3.632266,37.187494,0],[-3.632191,37.18738,0],[-3.632078,37.187212,0],[-3.631999,37.187114,0],[-3.631993,37.187108,0],[-3.631908,37.187004,0],[-3.631827,37.186915,0],[-3.631775,37.186847,0],[-3.631699,37.186779,0],[-3.631698,37.186776,0],[-3.631557,37.186647,0],[-3.631455,37.186557,0],[-3.631512,37.186469,0]]},"properties":{"name":"CARRIL BICI","description":"LONGITUD:478,4m","styleUrl":"#line-0070FF-3000","stroke-opacity":1,"stroke":"#0070ff","stroke-width":3}},{"type":"Feature","geometry":{"type":"LineString","coordinates":[[-3.602905,37.146628,0],[-3.603098,37.146491,0],[-3.60313,37.146405,0],[-3.603149,37.146353,0],[-3.603154,37.146308,0],[-3.603162,37.146244,0],[-3.603214,37.146144,0],[-3.603365,37.145972,0],[-3.603482,37.145867,0],[-3.603649,37.145741,0],[-3.603896,37.145562,0],[-3.60414,37.145394,0],[-3.604209,37.145341,0],[-3.604349,37.145254,0],[-3.604528,37.14517,0],[-3.604638,37.145123,0],[-3.604736,37.145093,0],[-3.604905,37.145047,0],[-3.60501,37.145026,0],[-3.605125,37.145013,0],[-3.605291,37.145007,0],[-3.60544,37.145001,0],[-3.605558,37.145011,0],[-3.605662,37.145022,0],[-3.605775,37.145045,0],[-3.605869,37.145066,0],[-3.606013,37.145111,0],[-3.606174,37.145174,0],[-3.606299,37.145233,0],[-3.606403,37.145291,0],[-3.606568,37.145413,0],[-3.606654,37.145486,0],[-3.606744,37.145576,0],[-3.606808,37.145661,0],[-3.606901,37.145791,0],[-3.607425,37.146654,0]]},"properties":{"name":"CARRIL BICI","description":"LONGITUD:577,9m","styleUrl":"#line-0070FF-3000","stroke-opacity":1,"stroke":"#0070ff","stroke-width":3}},{"type":"Feature","geometry":{"type":"LineString","coordinates":[[-3.609493,37.163437,0],[-3.60958,37.163432,0],[-3.609668,37.16345,0],[-3.609707,37.163492,0],[-3.60974,37.163574,0]]},"properties":{"name":"CARRIL BICI","description":"LONGITUD:31,1m","styleUrl":"#line-0070FF-3000","stroke-opacity":1,"stroke":"#0070ff","stroke-width":3}},{"type":"Feature","geometry":{"type":"LineString","coordinates":[[-3.648936,37.171617,0],[-3.648819,37.171703,0],[-3.648785,37.171746,0],[-3.648733,37.171692,0],[-3.64865,37.171657,0],[-3.648766,37.171635,0],[-3.648936,37.171617,0]]},"properties":{"name":"CARRIL BICI","description":"LONGITUD:61,5m","styleUrl":"#line-0070FF-3000","stroke-opacity":1,"stroke":"#0070ff","stroke-width":3}},{"type":"Feature","geometry":{"type":"LineString","coordinates":[[-3.594426,37.163278,0],[-3.594535,37.163291,0],[-3.594559,37.163278,0],[-3.594572,37.163257,0],[-3.594618,37.163034,0],[-3.594702,37.162632,0],[-3.594715,37.162572,0],[-3.594725,37.162541,0],[-3.594737,37.162524,0],[-3.594753,37.16251,0],[-3.594775,37.162497,0],[-3.594808,37.16248,0],[-3.59485,37.162453,0],[-3.594895,37.162415,0],[-3.594937,37.162362,0],[-3.595041,37.162226,0],[-3.595055,37.1622,0],[-3.595066,37.162152,0],[-3.595167,37.161713,0],[-3.595172,37.161685,0],[-3.595167,37.161654,0],[-3.595156,37.161634,0],[-3.595137,37.161611,0],[-3.595053,37.161526,0],[-3.594993,37.16145,0],[-3.594983,37.161426,0],[-3.59498,37.161404,0],[-3.594984,37.161374,0],[-3.595023,37.161177,0],[-3.595074,37.160944,0],[-3.595081,37.160916,0],[-3.595099,37.160894,0],[-3.595113,37.160876,0],[-3.595127,37.160842,0],[-3.595138,37.160798,0],[-3.595165,37.160669,0],[-3.595182,37.160651,0],[-3.595199,37.16064,0],[-3.595225,37.160639,0],[-3.595259,37.160641,0],[-3.595799,37.160711,0],[-3.595813,37.160712,0],[-3.595822,37.160711,0],[-3.595829,37.160707,0],[-3.595866,37.160531,0]]},"properties":{"name":"CARRIL BICI","description":"LONGITUD:403,1m","styleUrl":"#line-0070FF-3000","stroke-opacity":1,"stroke":"#0070ff","stroke-width":3}},{"type":"Feature","geometry":{"type":"LineString","coordinates":[[-3.633321,37.194901,0],[-3.632531,37.194648,0],[-3.632143,37.194523,0],[-3.6319,37.194443,0],[-3.631898,37.194443,0],[-3.631895,37.194443,0],[-3.631892,37.194443,0],[-3.631889,37.194443,0],[-3.631886,37.194444,0],[-3.631883,37.194445,0],[-3.631881,37.194447,0],[-3.631879,37.194449,0],[-3.631878,37.194451,0],[-3.631876,37.194454,0],[-3.631785,37.194632,0],[-3.631784,37.194636,0],[-3.631784,37.194637,0],[-3.631776,37.194677,0],[-3.631764,37.194718,0],[-3.631736,37.194789,0],[-3.631667,37.194953,0],[-3.631629,37.195043,0],[-3.63161,37.195089,0],[-3.631587,37.195135,0],[-3.631562,37.195182,0],[-3.631538,37.195221,0],[-3.631514,37.195256,0],[-3.63148,37.195298,0],[-3.631442,37.19534,0],[-3.631402,37.19538,0],[-3.631359,37.19542,0],[-3.631305,37.195469,0],[-3.631233,37.195535,0],[-3.631144,37.195615,0],[-3.631073,37.195681,0],[-3.631012,37.195735,0],[-3.630981,37.195764,0],[-3.630954,37.195792,0],[-3.630931,37.195824,0],[-3.630904,37.195853,0],[-3.63087,37.195879,0],[-3.630856,37.195885,0],[-3.630841,37.195889,0],[-3.630827,37.195891,0],[-3.630812,37.195892,0],[-3.630796,37.19589,0],[-3.630772,37.195884,0],[-3.630591,37.19583,0],[-3.630477,37.195796,0],[-3.630463,37.195787,0],[-3.630451,37.195778,0],[-3.630436,37.195764,0],[-3.630402,37.195745,0],[-3.630376,37.195731,0],[-3.630353,37.195722,0],[-3.630307,37.19571,0],[-3.630287,37.195705,0],[-3.630267,37.195702,0],[-3.630256,37.195701,0],[-3.630195,37.195687,0],[-3.630149,37.195673,0],[-3.630105,37.195655,0],[-3.62974,37.195513,0],[-3.629722,37.195508,0],[-3.629703,37.195505,0],[-3.629681,37.195501,0],[-3.62966,37.195496,0],[-3.629621,37.195483,0],[-3.629602,37.195478,0],[-3.629582,37.195474,0],[-3.629526,37.195461,0],[-3.629478,37.195447,0],[-3.629431,37.19543,0],[-3.629387,37.19541,0],[-3.629349,37.19539,0],[-3.629312,37.195372,0],[-3.628887,37.195193,0],[-3.628867,37.195188,0],[-3.628846,37.195185,0],[-3.628825,37.195184,0],[-3.628806,37.195185,0],[-3.628769,37.195182,0],[-3.628733,37.195176,0],[-3.628699,37.195168,0],[-3.628666,37.195156,0],[-3.628614,37.195133,0],[-3.628362,37.195016,0],[-3.628331,37.195002,0],[-3.628321,37.194997,0],[-3.628311,37.194991,0],[-3.628303,37.194983,0],[-3.628296,37.194975,0],[-3.628292,37.194965,0],[-3.628288,37.194956,0],[-3.628284,37.194947,0],[-3.628279,37.194938,0],[-3.628272,37.19493,0],[-3.628264,37.194923,0],[-3.628255,37.194917,0],[-3.627872,37.194739,0],[-3.627838,37.194723,0],[-3.627518,37.194576,0],[-3.627451,37.194546,0],[-3.627421,37.194532,0],[-3.627328,37.19449,0],[-3.627242,37.194454,0],[-3.627187,37.194432,0],[-3.62715,37.19442,0],[-3.627107,37.194408,0],[-3.627083,37.194406,0],[-3.627059,37.194405,0],[-3.627052,37.194406,0],[-3.627046,37.194407,0],[-3.627041,37.194408,0],[-3.627035,37.194411,0],[-3.627032,37.194413,0],[-3.626985,37.194478,0],[-3.626937,37.194544,0],[-3.626885,37.194617,0],[-3.626812,37.194582,0],[-3.626781,37.194567,0],[-3.626313,37.194349,0],[-3.625923,37.194168,0],[-3.625507,37.193975,0],[-3.625198,37.193832,0],[-3.624864,37.193675,0],[-3.624523,37.193518,0],[-3.624225,37.193385,0],[-3.624132,37.193345,0],[-3.624123,37.193342,0],[-3.624111,37.193338,0],[-3.624098,37.193336,0],[-3.624085,37.193335,0],[-3.624072,37.193336,0],[-3.624066,37.193337,0],[-3.62406,37.193338,0],[-3.624049,37.193339,0],[-3.624037,37.19334,0],[-3.624026,37.193339,0],[-3.623968,37.193332,0],[-3.623959,37.19333,0],[-3.62395,37.193327,0],[-3.623787,37.193258,0],[-3.623747,37.193247,0],[-3.623704,37.19324,0],[-3.623659,37.193236,0],[-3.623507,37.193184,0],[-3.623504,37.193183,0],[-3.623501,37.193182,0],[-3.623499,37.193182,0],[-3.623496,37.193182,0],[-3.623494,37.193182,0],[-3.623491,37.193183,0],[-3.623489,37.193184,0],[-3.623487,37.193185,0],[-3.623485,37.193186,0],[-3.623477,37.193197,0],[-3.623353,37.193149,0],[-3.623076,37.193042,0],[-3.622882,37.192968,0],[-3.622626,37.192869,0],[-3.622608,37.192858,0],[-3.622594,37.192846,0],[-3.622588,37.192841,0],[-3.622581,37.192838,0],[-3.622462,37.192807,0],[-3.622448,37.192805,0],[-3.62244,37.192802,0],[-3.622346,37.192771,0],[-3.62222,37.192728,0],[-3.622216,37.192726,0],[-3.62221,37.192724,0],[-3.622205,37.192721,0],[-3.6222,37.192718,0],[-3.622197,37.192714,0],[-3.622195,37.192711,0],[-3.622175,37.192684,0],[-3.622152,37.19266,0],[-3.622125,37.192637,0],[-3.622118,37.192633,0],[-3.622109,37.192629,0],[-3.621643,37.192463,0],[-3.621578,37.192438,0],[-3.621539,37.192418,0],[-3.621505,37.192395,0],[-3.621501,37.192392,0],[-3.621486,37.192377,0],[-3.621477,37.192368,0],[-3.621467,37.192361,0],[-3.621455,37.192356,0],[-3.621198,37.192279,0],[-3.620926,37.192196,0],[-3.620206,37.191975,0],[-3.620143,37.191959,0],[-3.620078,37.191948,0],[-3.620011,37.191942,0],[-3.619945,37.191941,0],[-3.619907,37.191945,0],[-3.619878,37.191948,0],[-3.619854,37.191952,0],[-3.6198,37.191977,0],[-3.619746,37.192025,0],[-3.619731,37.192071,0],[-3.619749,37.192143,0],[-3.619642,37.192182,0],[-3.6195,37.191936,0],[-3.619476,37.191915,0],[-3.619431,37.191881,0],[-3.619388,37.191845,0],[-3.619372,37.191828,0],[-3.619359,37.19181,0],[-3.61934,37.191775,0],[-3.619332,37.191758,0],[-3.61932,37.191742,0],[-3.619306,37.191729,0],[-3.619274,37.191709,0],[-3.619238,37.191692,0],[-3.619179,37.191664,0],[-3.619119,37.19164,0],[-3.618924,37.191573,0],[-3.618749,37.191514,0],[-3.618627,37.19147,0],[-3.618355,37.191371,0],[-3.618141,37.191285,0],[-3.617962,37.191212,0],[-3.617728,37.191106,0],[-3.617552,37.191029,0],[-3.617031,37.190788,0],[-3.61652,37.190553,0],[-3.61591,37.190274,0]]},"properties":{"name":"CARRIL BICI","description":"LONGITUD:1.871,3m","styleUrl":"#line-0070FF-3000","stroke-opacity":1,"stroke":"#0070ff","stroke-width":3}},{"type":"Feature","geometry":{"type":"LineString","coordinates":[[-3.606941,37.148034,0],[-3.606969,37.147934,0],[-3.606981,37.147924,0],[-3.606999,37.147923,0],[-3.60702,37.147923,0],[-3.607062,37.147922,0],[-3.607103,37.147911,0],[-3.607135,37.147888,0],[-3.607201,37.147806,0],[-3.607269,37.147739,0]]},"properties":{"name":"CARRIL BICI","description":"LONGITUD:48,2m","styleUrl":"#line-0070FF-3000","stroke-opacity":1,"stroke":"#0070ff","stroke-width":3}},{"type":"Feature","geometry":{"type":"LineString","coordinates":[[-3.607201,37.147806,0],[-3.607268,37.147843,0]]},"properties":{"name":"CARRIL BICI","description":"LONGITUD:7,2m","styleUrl":"#line-0070FF-3000","stroke-opacity":1,"stroke":"#0070ff","stroke-width":3}},{"type":"Feature","geometry":{"type":"LineString","coordinates":[[-3.627151,37.163344,0],[-3.627032,37.163306,0],[-3.626686,37.163186,0],[-3.62575,37.162921,0],[-3.624896,37.162697,0],[-3.624636,37.162637,0],[-3.624219,37.162537,0],[-3.623855,37.162457,0],[-3.623394,37.162365,0],[-3.622978,37.162291,0],[-3.622418,37.162186,0],[-3.621985,37.162109,0],[-3.621459,37.162032,0],[-3.620583,37.161917,0],[-3.620188,37.161873,0],[-3.619788,37.161838,0],[-3.619351,37.161805,0],[-3.618937,37.161769,0],[-3.618169,37.161714,0],[-3.617731,37.161684,0],[-3.617261,37.161647,0],[-3.616963,37.16162,0],[-3.616571,37.161594,0],[-3.616165,37.16158,0],[-3.61596,37.161582,0],[-3.615807,37.161586,0],[-3.615558,37.161602,0],[-3.615207,37.161626,0],[-3.61497,37.161652,0],[-3.614752,37.161683,0],[-3.61457,37.161716,0],[-3.614312,37.161764,0],[-3.614044,37.161821,0],[-3.613826,37.161874,0],[-3.613596,37.161951,0],[-3.61277,37.162149,0],[-3.612258,37.162273,0],[-3.611654,37.162417,0],[-3.611294,37.162501,0],[-3.611009,37.16257,0],[-3.610392,37.162723,0],[-3.610267,37.162756,0],[-3.610178,37.162794,0],[-3.610113,37.162842,0],[-3.610059,37.162912,0]]},"properties":{"name":"CARRIL BICI","description":"LONGITUD:1.567,9m","styleUrl":"#line-0070FF-3000","stroke-opacity":1,"stroke":"#0070ff","stroke-width":3}},{"type":"Feature","geometry":{"type":"LineString","coordinates":[[-3.609367,37.164469,0],[-3.609388,37.164403,0],[-3.609445,37.164244,0],[-3.609612,37.163866,0],[-3.609702,37.163667,0],[-3.609778,37.16348,0],[-3.609869,37.163286,0],[-3.609954,37.163132,0],[-3.610059,37.162912,0],[-3.609988,37.163009,0],[-3.609882,37.163129,0],[-3.60981,37.1632,0],[-3.609704,37.163297,0],[-3.609604,37.163376,0],[-3.609531,37.163418,0],[-3.609456,37.163456,0],[-3.609387,37.163479,0],[-3.609319,37.163493,0],[-3.609198,37.163508,0],[-3.609092,37.16351,0],[-3.608985,37.163502,0],[-3.608894,37.163489,0]]},"properties":{"name":"CARRIL BICI","description":"LONGITUD:315,9m","styleUrl":"#line-0070FF-3000","stroke-opacity":1,"stroke":"#0070ff","stroke-width":3}},{"type":"Feature","geometry":{"type":"LineString","coordinates":[[-3.610379,37.162253,0],[-3.610422,37.162225,0],[-3.610457,37.162171,0],[-3.610465,37.162122,0],[-3.610469,37.162053,0],[-3.610487,37.161952,0],[-3.610578,37.161642,0],[-3.610695,37.161365,0],[-3.610748,37.161248,0],[-3.610893,37.160914,0],[-3.610988,37.160684,0],[-3.611102,37.160402,0],[-3.611171,37.160232,0],[-3.61125,37.160055,0],[-3.611325,37.159887,0],[-3.611357,37.15982,0],[-3.611423,37.159677,0]]},"properties":{"name":"CARRIL BICI","description":"LONGITUD:302m","styleUrl":"#line-0070FF-3000","stroke-opacity":1,"stroke":"#0070ff","stroke-width":3}},{"type":"Feature","geometry":{"type":"LineString","coordinates":[[-3.602832,37.14595,0],[-3.602799,37.14598,0],[-3.602796,37.145982,0],[-3.602793,37.145983,0],[-3.60279,37.145984,0],[-3.602787,37.145985,0],[-3.602784,37.145986,0],[-3.602781,37.145987,0],[-3.602777,37.145987,0],[-3.602774,37.145988,0],[-3.602771,37.145989,0],[-3.602767,37.145989,0],[-3.602764,37.14599,0],[-3.602761,37.14599,0],[-3.602757,37.14599,0],[-3.602754,37.14599,0],[-3.602751,37.14599,0],[-3.602747,37.14599,0],[-3.602744,37.14599,0],[-3.60274,37.14599,0],[-3.602737,37.14599,0],[-3.602734,37.145989,0],[-3.60273,37.145989,0],[-3.602727,37.145988,0],[-3.602724,37.145987,0],[-3.602721,37.145986,0],[-3.602717,37.145986,0],[-3.602714,37.145985,0],[-3.602711,37.145984,0],[-3.602708,37.145982,0],[-3.602705,37.145981,0],[-3.602702,37.14598,0],[-3.602699,37.145978,0],[-3.602696,37.145977,0],[-3.602694,37.145975,0],[-3.602691,37.145974,0],[-3.602688,37.145972,0],[-3.602686,37.14597,0],[-3.602683,37.145968,0],[-3.602681,37.145967,0],[-3.602678,37.145965,0],[-3.602676,37.145963,0],[-3.602674,37.14596,0],[-3.602672,37.145958,0],[-3.602433,37.145626,0],[-3.602435,37.145606,0],[-3.602475,37.145556,0],[-3.602576,37.145468,0],[-3.60264,37.145387,0],[-3.602659,37.145371,0],[-3.602646,37.145342,0],[-3.602584,37.14527,0],[-3.602291,37.144896,0],[-3.602284,37.144869,0],[-3.6023,37.144849,0],[-3.602331,37.14483,0],[-3.602327,37.144813,0],[-3.602259,37.1447,0],[-3.602241,37.14468,0],[-3.60221,37.144654,0],[-3.602174,37.144598,0],[-3.602174,37.144561,0],[-3.602186,37.144412,0],[-3.602231,37.144016,0],[-3.602321,37.143273,0],[-3.602375,37.142623,0],[-3.60243,37.141649,0],[-3.60243,37.14099,0],[-3.602423,37.140721,0],[-3.602417,37.140414,0],[-3.602401,37.140162,0],[-3.602387,37.139755,0],[-3.602396,37.139583,0],[-3.602405,37.139407,0],[-3.602442,37.139174,0],[-3.602489,37.138844,0],[-3.602513,37.138733,0],[-3.602563,37.138521,0],[-3.602592,37.138427,0],[-3.60261,37.138336,0],[-3.602575,37.138086,0],[-3.602531,37.137699,0],[-3.602513,37.137622,0],[-3.602507,37.137543,0],[-3.602504,37.137455,0],[-3.602527,37.137324,0],[-3.602579,37.137031,0],[-3.602649,37.136531,0],[-3.602711,37.136096,0]]},"properties":{"name":"CARRIL BICI","description":"LONGITUD:1.142,8m","styleUrl":"#line-0070FF-3000","stroke-opacity":1,"stroke":"#0070ff","stroke-width":3}},{"type":"Feature","geometry":{"type":"LineString","coordinates":[[-3.598906,37.149066,0],[-3.600147,37.149065,0],[-3.600484,37.149064,0],[-3.601014,37.149064,0],[-3.601408,37.149064,0],[-3.601456,37.149066,0],[-3.601483,37.149063,0],[-3.601503,37.14905,0],[-3.601527,37.149023,0],[-3.601557,37.148995,0],[-3.601593,37.148967,0],[-3.601652,37.148937,0],[-3.601725,37.148911,0],[-3.601795,37.148898,0],[-3.601886,37.148897,0],[-3.601988,37.148915,0],[-3.602051,37.14894,0],[-3.602089,37.148962,0],[-3.60214,37.148999,0],[-3.602181,37.149036,0],[-3.602215,37.149066,0],[-3.602234,37.149079,0],[-3.602256,37.149083,0],[-3.60229,37.149084,0],[-3.602981,37.149086,0],[-3.603545,37.149086,0],[-3.603975,37.149087,0],[-3.60439,37.149087,0],[-3.604593,37.149087,0],[-3.604797,37.149088,0],[-3.604901,37.149094,0],[-3.604999,37.149106,0],[-3.6051,37.14912,0],[-3.605223,37.149144,0],[-3.605497,37.149198,0],[-3.605737,37.149244,0],[-3.606014,37.149298,0],[-3.606229,37.149339,0],[-3.606343,37.149362,0],[-3.606388,37.149367,0],[-3.606405,37.149365,0],[-3.606424,37.149357,0],[-3.606449,37.149341,0],[-3.60648,37.149321,0],[-3.606523,37.149298,0],[-3.606563,37.149282,0],[-3.606594,37.149271,0],[-3.606619,37.149263,0],[-3.606638,37.14925,0],[-3.606658,37.149225,0],[-3.606787,37.148787,0],[-3.606894,37.148435,0],[-3.606983,37.148139,0],[-3.607001,37.148078,0],[-3.606998,37.148059,0],[-3.606984,37.148045,0],[-3.606963,37.148038,0],[-3.605205,37.147703,0],[-3.604211,37.147507,0],[-3.604167,37.147501,0],[-3.60413,37.147517,0],[-3.6041,37.147547,0],[-3.604049,37.147582,0],[-3.603993,37.147608,0],[-3.603919,37.147624,0],[-3.603855,37.147625,0],[-3.603782,37.147612,0],[-3.603721,37.14759,0],[-3.603664,37.147562,0],[-3.603625,37.147522,0],[-3.603591,37.147476,0],[-3.60357,37.147418,0],[-3.60357,37.147355,0],[-3.60358,37.147294,0],[-3.603581,37.14727,0],[-3.603576,37.147252,0],[-3.603,37.14671,0],[-3.602871,37.146598,0],[-3.602834,37.146585,0],[-3.602791,37.146587,0],[-3.602735,37.146592,0],[-3.602665,37.146588,0],[-3.602585,37.146569,0],[-3.602527,37.146543,0],[-3.602486,37.146516,0],[-3.602458,37.1465,0],[-3.602422,37.146493,0],[-3.602385,37.146497,0],[-3.602343,37.146513,0],[-3.602274,37.146544,0],[-3.602058,37.146644,0],[-3.601315,37.146991,0],[-3.600371,37.147427,0],[-3.599417,37.147871,0],[-3.599229,37.147959,0],[-3.599196,37.147983,0],[-3.59918,37.148007,0],[-3.599171,37.148036,0],[-3.599168,37.148062,0],[-3.599163,37.148106,0],[-3.599152,37.14814,0],[-3.599124,37.148192,0],[-3.599087,37.148235,0],[-3.599038,37.148273,0],[-3.598993,37.148299,0],[-3.598933,37.148322,0],[-3.598884,37.148335,0],[-3.598855,37.148349,0],[-3.598838,37.148367,0],[-3.59883,37.148381,0],[-3.598704,37.148743,0],[-3.598659,37.148883,0],[-3.598654,37.148912,0],[-3.598661,37.148936,0],[-3.598674,37.148957,0],[-3.598758,37.149039,0],[-3.598791,37.149055,0],[-3.598818,37.149062,0],[-3.598846,37.149066,0],[-3.598906,37.149066,0]]},"properties":{"name":"CARRIL BICI","description":"LONGITUD:1.811,4m","styleUrl":"#line-0070FF-3000","stroke-opacity":1,"stroke":"#0070ff","stroke-width":3}},{"type":"Feature","geometry":{"type":"LineString","coordinates":[[-3.612286,37.174854,0],[-3.612422,37.17482,0]]},"properties":{"name":"CARRIL BICI","description":"LONGITUD:12,7m","styleUrl":"#line-0070FF-3000","stroke-opacity":1,"stroke":"#0070ff","stroke-width":3}},{"type":"Feature","geometry":{"type":"LineString","coordinates":[[-3.609426,37.176332,0],[-3.609407,37.1763,0],[-3.609397,37.176211,0],[-3.609369,37.176166,0],[-3.609108,37.175727,0],[-3.609069,37.175688,0],[-3.609018,37.17561,0],[-3.608992,37.175542,0],[-3.608762,37.175169,0],[-3.608724,37.175109,0],[-3.608689,37.175072,0],[-3.608638,37.174992,0],[-3.608628,37.174934,0],[-3.608482,37.174692,0],[-3.608436,37.174618,0],[-3.608397,37.174571,0],[-3.60837,37.174509,0],[-3.608305,37.174401,0],[-3.608264,37.174364,0],[-3.608234,37.174329,0],[-3.608217,37.174266,0],[-3.608197,37.174222,0],[-3.608085,37.174032,0],[-3.608053,37.173992,0],[-3.607998,37.173904,0],[-3.607981,37.173857,0],[-3.607813,37.173585,0],[-3.607759,37.173537,0],[-3.607723,37.173466,0],[-3.607703,37.173391,0],[-3.607606,37.173239,0],[-3.607549,37.173138,0],[-3.607507,37.17309,0],[-3.607205,37.172593,0],[-3.607158,37.172527,0],[-3.607111,37.172423,0],[-3.607067,37.172354,0],[-3.607016,37.172312,0],[-3.606982,37.172252,0],[-3.606964,37.172185,0],[-3.606914,37.172099,0],[-3.606714,37.171774,0],[-3.606666,37.171715,0],[-3.606618,37.171619,0],[-3.606437,37.17132,0],[-3.606338,37.171196,0],[-3.606314,37.171153,0]]},"properties":{"name":"CARRIL BICI","description":"LONGITUD:641,1m","styleUrl":"#line-0070FF-3000","stroke-opacity":1,"stroke":"#0070ff","stroke-width":3}},{"type":"Feature","geometry":{"type":"LineString","coordinates":[[-3.605033,37.16905,0],[-3.604744,37.168578,0],[-3.604637,37.168417,0],[-3.604602,37.168348,0],[-3.60458,37.168281,0],[-3.604461,37.16808,0],[-3.604349,37.167893,0],[-3.6043,37.167836,0],[-3.604276,37.16778,0],[-3.604145,37.167556,0],[-3.604137,37.167518,0],[-3.603843,37.167036,0],[-3.603753,37.166886,0],[-3.603716,37.166869,0],[-3.603689,37.166822,0],[-3.603688,37.166786,0],[-3.603651,37.16674,0],[-3.603601,37.166726,0],[-3.603562,37.16667,0],[-3.603571,37.166609,0],[-3.603551,37.166577,0],[-3.603548,37.166554,0],[-3.603428,37.166356,0],[-3.603209,37.165997,0],[-3.603167,37.165925,0],[-3.603098,37.165897,0],[-3.602907,37.165563,0],[-3.602891,37.165508,0],[-3.602855,37.165453,0],[-3.602743,37.165272,0],[-3.60271,37.165251,0],[-3.602506,37.164914,0],[-3.602498,37.164871,0],[-3.602427,37.164758,0],[-3.602371,37.164662,0],[-3.602312,37.164611,0]]},"properties":{"name":"CARRIL BICI","description":"LONGITUD:555,1m","styleUrl":"#line-0070FF-3000","stroke-opacity":1,"stroke":"#0070ff","stroke-width":3}},{"type":"Feature","geometry":{"type":"LineString","coordinates":[[-3.601964,37.164036,0],[-3.601919,37.163935,0],[-3.601653,37.163485,0],[-3.601649,37.16348,0],[-3.601645,37.163474,0],[-3.601641,37.163469,0],[-3.601636,37.163464,0],[-3.601631,37.163459,0],[-3.601626,37.163454,0],[-3.601621,37.163449,0],[-3.601615,37.163444,0],[-3.60161,37.16344,0],[-3.601604,37.163435,0],[-3.601598,37.163431,0],[-3.601586,37.163423,0],[-3.601573,37.163416,0],[-3.60156,37.163409,0],[-3.601547,37.163402,0],[-3.601534,37.163396,0],[-3.60152,37.163389,0],[-3.601507,37.163384,0],[-3.601493,37.163378,0],[-3.601478,37.163373,0],[-3.601464,37.163368,0],[-3.601449,37.163364,0],[-3.601444,37.163363,0],[-3.601439,37.163362,0],[-3.601434,37.16336,0],[-3.601428,37.16336,0],[-3.601423,37.163359,0],[-3.601417,37.163358,0],[-3.601412,37.163357,0],[-3.601407,37.163357,0],[-3.601401,37.163357,0],[-3.601396,37.163357,0],[-3.60139,37.163357,0],[-3.601385,37.163357,0],[-3.601379,37.163357,0],[-3.601374,37.163358,0],[-3.601368,37.163358,0],[-3.601335,37.163363,0],[-3.601293,37.163257,0],[-3.60125,37.163209,0],[-3.601195,37.163157,0],[-3.601158,37.1631,0],[-3.60113,37.163082,0]]},"properties":{"name":"CARRIL BICI","description":"LONGITUD:137,1m","styleUrl":"#line-0070FF-3000","stroke-opacity":1,"stroke":"#0070ff","stroke-width":3}},{"type":"Feature","geometry":{"type":"LineString","coordinates":[[-3.600246,37.192654,0],[-3.600076,37.192651,0],[-3.600043,37.192651,0],[-3.60001,37.192652,0],[-3.599977,37.192653,0],[-3.599945,37.192655,0],[-3.599912,37.192658,0],[-3.59988,37.192662,0],[-3.599684,37.192687,0],[-3.599675,37.192689,0],[-3.599666,37.19269,0],[-3.599656,37.192692,0],[-3.599647,37.192694,0],[-3.599638,37.192697,0],[-3.59963,37.192699,0],[-3.599621,37.192702,0],[-3.599612,37.192705,0],[-3.599604,37.192709,0],[-3.599595,37.192712,0],[-3.599587,37.192716,0],[-3.599234,37.192886,0],[-3.59885,37.193104,0],[-3.598842,37.193111,0],[-3.598834,37.193118,0],[-3.598827,37.193125,0],[-3.59882,37.193133,0],[-3.598814,37.193141,0],[-3.598807,37.193149,0],[-3.598801,37.193157,0],[-3.598796,37.193165,0],[-3.59879,37.193173,0],[-3.598786,37.193182,0],[-3.598781,37.193191,0],[-3.598777,37.1932,0],[-3.598773,37.19321,0],[-3.598769,37.193221,0],[-3.598765,37.193231,0],[-3.598762,37.193242,0],[-3.598759,37.193253,0],[-3.598757,37.193264,0],[-3.598756,37.193274,0],[-3.598754,37.193285,0],[-3.598754,37.193296,0],[-3.598753,37.193307,0],[-3.598753,37.193318,0],[-3.598754,37.193329,0],[-3.598755,37.19334,0],[-3.598757,37.193351,0],[-3.598759,37.193362,0],[-3.598761,37.193373,0],[-3.598764,37.193384,0],[-3.598767,37.193394,0],[-3.598771,37.193405,0],[-3.598775,37.193415,0],[-3.59878,37.193426,0],[-3.598785,37.193436,0],[-3.598791,37.193446,0],[-3.598797,37.193456,0],[-3.599143,37.194007,0],[-3.599153,37.194024,0],[-3.599163,37.194041,0],[-3.599173,37.194058,0],[-3.599181,37.194076,0],[-3.599189,37.194093,0],[-3.599197,37.194111,0],[-3.599203,37.194129,0],[-3.599209,37.194147,0],[-3.599214,37.194165,0],[-3.599219,37.194184,0],[-3.599223,37.194208,0],[-3.599227,37.194231,0],[-3.59923,37.194255,0],[-3.599231,37.194279,0],[-3.599232,37.194303,0],[-3.599232,37.194327,0],[-3.599231,37.194351,0],[-3.599229,37.194375,0],[-3.599226,37.194399,0],[-3.599222,37.194423,0],[-3.599217,37.194447,0],[-3.599213,37.194461,0],[-3.599209,37.194476,0],[-3.599204,37.194491,0],[-3.599198,37.194505,0],[-3.599192,37.194519,0],[-3.599185,37.194533,0],[-3.599178,37.194547,0],[-3.59917,37.194561,0],[-3.599162,37.194574,0],[-3.599153,37.194587,0],[-3.599144,37.1946,0],[-3.598351,37.195648,0],[-3.598027,37.196069,0],[-3.59802,37.196077,0],[-3.598013,37.196085,0],[-3.598006,37.196092,0],[-3.597998,37.1961,0],[-3.59799,37.196107,0],[-3.597982,37.196114,0],[-3.597973,37.196121,0],[-3.597964,37.196127,0],[-3.597955,37.196133,0],[-3.597946,37.196139,0],[-3.597936,37.196145,0],[-3.597926,37.196151,0],[-3.597916,37.196156,0],[-3.597906,37.196161,0],[-3.597895,37.196166,0],[-3.597885,37.19617,0],[-3.597874,37.196174,0],[-3.597858,37.196179,0],[-3.597841,37.196184,0],[-3.597825,37.196189,0],[-3.597809,37.196193,0],[-3.597792,37.196197,0],[-3.597775,37.1962,0],[-3.597758,37.196203,0],[-3.597741,37.196205,0],[-3.597723,37.196207,0],[-3.597706,37.196208,0],[-3.597689,37.196209,0],[-3.597671,37.196209,0],[-3.597654,37.196209,0],[-3.597637,37.196208,0],[-3.597619,37.196207,0],[-3.597602,37.196205,0],[-3.597585,37.196203,0],[-3.597568,37.1962,0],[-3.597551,37.196197,0],[-3.597534,37.196194,0],[-3.597518,37.196189,0],[-3.597505,37.196186,0],[-3.597493,37.196182,0],[-3.597481,37.196178,0],[-3.597469,37.196174,0],[-3.597458,37.196169,0],[-3.597446,37.196164,0],[-3.597435,37.196159,0],[-3.597424,37.196153,0],[-3.597414,37.196147,0],[-3.597403,37.196141,0],[-3.597393,37.196134,0],[-3.597383,37.196127,0],[-3.597374,37.19612,0],[-3.597364,37.196113,0],[-3.597356,37.196105,0],[-3.597347,37.196098,0],[-3.597339,37.196089,0],[-3.597331,37.196081,0],[-3.597323,37.196073,0],[-3.597316,37.196064,0],[-3.59731,37.196055,0],[-3.597303,37.196046,0],[-3.597297,37.196036,0],[-3.597292,37.196027,0],[-3.597287,37.196017,0],[-3.597265,37.195976,0],[-3.597242,37.195936,0],[-3.597217,37.195896,0],[-3.597191,37.195856,0],[-3.597163,37.195817,0],[-3.597153,37.195804,0],[-3.597142,37.195791,0],[-3.597131,37.195779,0],[-3.597119,37.195766,0],[-3.597107,37.195754,0],[-3.597094,37.195743,0],[-3.597081,37.195732,0],[-3.597067,37.195721,0],[-3.597053,37.19571,0],[-3.597039,37.1957,0],[-3.597024,37.195691,0],[-3.597008,37.195681,0],[-3.596992,37.195672,0],[-3.596976,37.195664,0],[-3.596959,37.195656,0],[-3.596943,37.195649,0],[-3.596925,37.195642,0],[-3.596908,37.195635,0],[-3.59689,37.195629,0],[-3.596872,37.195624,0],[-3.596854,37.195619,0],[-3.596835,37.195614,0],[-3.596817,37.19561,0],[-3.596798,37.195607,0],[-3.596779,37.195604,0],[-3.59676,37.195601,0],[-3.596741,37.195599,0],[-3.596722,37.195598,0],[-3.596702,37.195597,0],[-3.596683,37.195597,0],[-3.596664,37.195597,0],[-3.596645,37.195597,0],[-3.596625,37.195599,0],[-3.596606,37.1956,0],[-3.596587,37.195603,0],[-3.596568,37.195606,0],[-3.596549,37.195609,0],[-3.596531,37.195613,0],[-3.596512,37.195617,0],[-3.596494,37.195622,0],[-3.596476,37.195627,0],[-3.596458,37.195633,0],[-3.59644,37.19564,0],[-3.596423,37.195647,0],[-3.596406,37.195654,0],[-3.596389,37.195662,0],[-3.596373,37.19567,0],[-3.596357,37.195679,0],[-3.596341,37.195688,0],[-3.596326,37.195697,0],[-3.596312,37.195707,0],[-3.596297,37.195718,0],[-3.596283,37.195728,0],[-3.59627,37.195739,0],[-3.596257,37.195751,0],[-3.596245,37.195763,0],[-3.596233,37.195775,0],[-3.596221,37.195787,0],[-3.596211,37.1958,0],[-3.5962,37.195813,0],[-3.596191,37.195827,0],[-3.596186,37.195833,0],[-3.596181,37.19584,0],[-3.596175,37.195846,0],[-3.596169,37.195852,0],[-3.596163,37.195859,0],[-3.596157,37.195865,0],[-3.596151,37.19587,0],[-3.596144,37.195876,0],[-3.596137,37.195881,0],[-3.59613,37.195886,0],[-3.596122,37.195891,0],[-3.596115,37.195896,0],[-3.596107,37.195901,0],[-3.596098,37.195906,0],[-3.596089,37.19591,0],[-3.596079,37.195915,0],[-3.596069,37.195919,0],[-3.59606,37.195923,0],[-3.59605,37.195926,0],[-3.59604,37.195929,0],[-3.596029,37.195932,0],[-3.596019,37.195935,0],[-3.596009,37.195937,0],[-3.595998,37.19594,0],[-3.595987,37.195941,0],[-3.595977,37.195943,0],[-3.595966,37.195944,0],[-3.595955,37.195945,0],[-3.595944,37.195946,0],[-3.595933,37.195946,0],[-3.595921,37.195946,0],[-3.595909,37.195946,0],[-3.595897,37.195945,0],[-3.595886,37.195944,0],[-3.595874,37.195943,0],[-3.595862,37.195941,0],[-3.59585,37.195939,0],[-3.595839,37.195937,0],[-3.595827,37.195934,0],[-3.595816,37.195932,0],[-3.595805,37.195928,0],[-3.595794,37.195925,0],[-3.595783,37.195921,0],[-3.595772,37.195917,0],[-3.595761,37.195913,0],[-3.595751,37.195908,0],[-3.595741,37.195903,0],[-3.595731,37.195898,0],[-3.595721,37.195893,0],[-3.595711,37.195887,0],[-3.595703,37.195882,0],[-3.595696,37.195877,0],[-3.595688,37.195871,0],[-3.595681,37.195865,0],[-3.595674,37.19586,0],[-3.595668,37.195854,0],[-3.595661,37.195847,0],[-3.595655,37.195841,0],[-3.595649,37.195834,0],[-3.595644,37.195828,0],[-3.595639,37.195821,0],[-3.595634,37.195814,0],[-3.595629,37.195807,0],[-3.595625,37.195799,0],[-3.595621,37.195792,0],[-3.595617,37.195784,0],[-3.595614,37.195777,0],[-3.595611,37.195769,0],[-3.595608,37.195761,0],[-3.595606,37.195754,0],[-3.595604,37.195746,0],[-3.595602,37.195738,0],[-3.595601,37.195731,0],[-3.5956,37.195725,0],[-3.5956,37.195719,0],[-3.595599,37.195713,0],[-3.595599,37.195706,0],[-3.5956,37.1957,0],[-3.5956,37.195694,0],[-3.595601,37.195687,0],[-3.595602,37.195681,0],[-3.595603,37.195675,0],[-3.595605,37.195669,0],[-3.595606,37.195662,0],[-3.595628,37.195595,0],[-3.595653,37.195528,0],[-3.59568,37.195462,0],[-3.59569,37.195438,0],[-3.595698,37.195413,0],[-3.595706,37.195388,0],[-3.595713,37.195363,0],[-3.595718,37.195338,0],[-3.595723,37.195313,0],[-3.595726,37.195288,0],[-3.595728,37.195262,0],[-3.595729,37.195237,0],[-3.595729,37.195211,0],[-3.595729,37.195198,0],[-3.595728,37.195185,0],[-3.595726,37.195171,0],[-3.595724,37.195158,0],[-3.595721,37.195145,0],[-3.595718,37.195132,0],[-3.595714,37.195119,0],[-3.59571,37.195106,0],[-3.595705,37.195094,0],[-3.595699,37.195081,0],[-3.595693,37.195069,0],[-3.595687,37.195056,0],[-3.59568,37.195044,0],[-3.595673,37.195032,0],[-3.595665,37.195021,0],[-3.595617,37.194956,0],[-3.595567,37.194892,0],[-3.595559,37.194881,0],[-3.595551,37.19487,0],[-3.595543,37.194859,0],[-3.595536,37.194847,0],[-3.59553,37.194836,0],[-3.595523,37.194824,0],[-3.595518,37.194812,0],[-3.595512,37.1948,0],[-3.595305,37.194302,0],[-3.595066,37.193727,0],[-3.594899,37.193315,0],[-3.594885,37.193269,0],[-3.594873,37.193224,0],[-3.594862,37.193178,0],[-3.594853,37.193132,0],[-3.59485,37.193115,0],[-3.594848,37.193098,0],[-3.594846,37.19308,0],[-3.594846,37.193063,0],[-3.594846,37.193046,0],[-3.594847,37.193028,0],[-3.594848,37.193011,0],[-3.59485,37.192994,0],[-3.594853,37.192976,0],[-3.594857,37.192959,0],[-3.594862,37.192942,0],[-3.594867,37.192925,0],[-3.594872,37.192909,0],[-3.594879,37.192892,0],[-3.594886,37.192876,0],[-3.594894,37.192859,0],[-3.594903,37.192843,0],[-3.594912,37.192828,0],[-3.594922,37.192812,0],[-3.594939,37.192787,0],[-3.594957,37.192762,0],[-3.594977,37.192737,0],[-3.594997,37.192713,0],[-3.595018,37.19269,0],[-3.59504,37.192667,0],[-3.595202,37.192506,0],[-3.595211,37.192496,0],[-3.59522,37.192486,0],[-3.595228,37.192476,0],[-3.595236,37.192466,0],[-3.595243,37.192456,0],[-3.59525,37.192445,0],[-3.595257,37.192434,0],[-3.595263,37.192423,0],[-3.595269,37.192412,0],[-3.595274,37.192401,0],[-3.595279,37.19239,0],[-3.595283,37.192378,0],[-3.595287,37.192366,0],[-3.59529,37.192355,0],[-3.595293,37.192343,0],[-3.595296,37.192331,0],[-3.595297,37.192319,0],[-3.595299,37.192307,0],[-3.5953,37.192295,0],[-3.5953,37.192283,0],[-3.5953,37.192271,0],[-3.595299,37.192259,0],[-3.595224,37.191304,0],[-3.595222,37.191281,0],[-3.59522,37.191258,0],[-3.59522,37.191235,0],[-3.59522,37.191212,0],[-3.595222,37.191189,0],[-3.595224,37.191166,0],[-3.595227,37.191144,0],[-3.595231,37.191121,0],[-3.595237,37.191099,0],[-3.595243,37.191076,0],[-3.59525,37.191054,0],[-3.595258,37.191032,0],[-3.595267,37.19101,0],[-3.595276,37.190989,0],[-3.595287,37.190967,0],[-3.595299,37.190946,0],[-3.595311,37.190926,0],[-3.59534,37.190881,0],[-3.595371,37.190837,0],[-3.595403,37.190794,0],[-3.595437,37.190751,0],[-3.595444,37.190744,0],[-3.595451,37.190736,0],[-3.595458,37.190728,0],[-3.595466,37.190721,0],[-3.595474,37.190714,0],[-3.595482,37.190707,0],[-3.59549,37.190701,0],[-3.595499,37.190694,0],[-3.595508,37.190688,0],[-3.595518,37.190682,0],[-3.595527,37.190677,0],[-3.595537,37.190671,0],[-3.595547,37.190666,0],[-3.595905,37.190495,0],[-3.595916,37.19049,0],[-3.595928,37.190485,0],[-3.595939,37.19048,0],[-3.595951,37.190476,0],[-3.595963,37.190473,0],[-3.595975,37.190469,0],[-3.595987,37.190466,0],[-3.596009,37.190461,0],[-3.596031,37.190457,0],[-3.596054,37.190453,0],[-3.596076,37.19045,0],[-3.596099,37.190448,0],[-3.596122,37.190446,0],[-3.596144,37.190445,0],[-3.596167,37.190444,0],[-3.59619,37.190445,0],[-3.596213,37.190445,0],[-3.596235,37.190447,0],[-3.596258,37.190449,0],[-3.596281,37.190451,0],[-3.596303,37.190455,0],[-3.596325,37.190459,0],[-3.596347,37.190463,0],[-3.596369,37.190468,0],[-3.596381,37.190471,0],[-3.596392,37.190475,0],[-3.596404,37.190478,0],[-3.596415,37.190482,0],[-3.596426,37.190487,0],[-3.596436,37.190491,0],[-3.596447,37.190496,0],[-3.596457,37.190501,0],[-3.596468,37.190507,0],[-3.596477,37.190512,0],[-3.596487,37.190518,0],[-3.596496,37.190525,0],[-3.596506,37.190531,0],[-3.596514,37.190538,0],[-3.596523,37.190545,0],[-3.596531,37.190552,0],[-3.596539,37.190559,0],[-3.596547,37.190567,0],[-3.596554,37.190575,0],[-3.596561,37.190583,0],[-3.596568,37.190591,0],[-3.596597,37.19063,0],[-3.596625,37.19067,0],[-3.596651,37.19071,0],[-3.596676,37.190751,0],[-3.5967,37.190793,0],[-3.596838,37.191036,0],[-3.596984,37.191275,0],[-3.59699,37.191284,0],[-3.596996,37.191292,0],[-3.597002,37.1913,0],[-3.597009,37.191308,0],[-3.597016,37.191316,0],[-3.597023,37.191323,0],[-3.597031,37.191331,0],[-3.597039,37.191338,0],[-3.597047,37.191345,0],[-3.597056,37.191352,0],[-3.597064,37.191358,0],[-3.597074,37.191364,0],[-3.597083,37.19137,0],[-3.597093,37.191376,0],[-3.597102,37.191381,0],[-3.597113,37.191386,0],[-3.597123,37.191391,0],[-3.597133,37.191396,0],[-3.597144,37.1914,0],[-3.597155,37.191404,0],[-3.597166,37.191408,0],[-3.597177,37.191411,0],[-3.597189,37.191414,0],[-3.5972,37.191417,0],[-3.597212,37.19142,0],[-3.597223,37.191422,0],[-3.597235,37.191424,0],[-3.597247,37.191425,0],[-3.597259,37.191426,0],[-3.597271,37.191427,0],[-3.597283,37.191428,0],[-3.597295,37.191428,0],[-3.597307,37.191428,0],[-3.597319,37.191427,0],[-3.597331,37.191426,0],[-3.597343,37.191425,0],[-3.597354,37.191424,0],[-3.597366,37.191422,0],[-3.597378,37.19142,0],[-3.597389,37.191417,0],[-3.597401,37.191415,0],[-3.597412,37.191411,0],[-3.597423,37.191408,0],[-3.597435,37.191404,0],[-3.597445,37.1914,0],[-3.597456,37.191396,0],[-3.597467,37.191392,0],[-3.597477,37.191387,0],[-3.597487,37.191382,0],[-3.597497,37.191376,0],[-3.597507,37.19137,0],[-3.597516,37.191364,0],[-3.597525,37.191358,0],[-3.597534,37.191352,0],[-3.597543,37.191345,0],[-3.597551,37.191338,0],[-3.597559,37.191331,0],[-3.597567,37.191324,0],[-3.597574,37.191316,0],[-3.597625,37.191259,0],[-3.597674,37.191201,0],[-3.59772,37.191141,0],[-3.598324,37.190328,0],[-3.598347,37.190295,0],[-3.598372,37.190262,0],[-3.598399,37.19023,0],[-3.598426,37.190198,0],[-3.598455,37.190167,0],[-3.598485,37.190137,0],[-3.598516,37.190108,0],[-3.598549,37.19008,0],[-3.598572,37.190061,0],[-3.598596,37.190042,0],[-3.598621,37.190025,0],[-3.598646,37.190008,0],[-3.598672,37.189992,0],[-3.598699,37.189976,0],[-3.598726,37.189961,0],[-3.598754,37.189947,0],[-3.598783,37.189934,0],[-3.598812,37.189922,0],[-3.598842,37.18991,0],[-3.598872,37.189899,0],[-3.598903,37.18989,0],[-3.598941,37.189878,0],[-3.59898,37.189868,0],[-3.599018,37.189859,0],[-3.599058,37.189851,0],[-3.599097,37.189844,0],[-3.599137,37.189837,0],[-3.599177,37.189832,0],[-3.599217,37.189828,0],[-3.599564,37.189796,0],[-3.600075,37.189752,0]]},"properties":{"name":"CARRIL BICI","description":"LONGITUD:1.937,7m","styleUrl":"#line-0070FF-3000","stroke-opacity":1,"stroke":"#0070ff","stroke-width":3}},{"type":"Feature","geometry":{"type":"LineString","coordinates":[[-3.599215,37.16108,0],[-3.599224,37.161025,0],[-3.599167,37.161011,0],[-3.599147,37.161006,0],[-3.59905,37.160972,0],[-3.598978,37.16095,0],[-3.598873,37.160932,0],[-3.598654,37.160904,0],[-3.598631,37.160881,0],[-3.598553,37.160872,0],[-3.598526,37.160887,0],[-3.598406,37.16087,0],[-3.598083,37.160828,0],[-3.598063,37.160808,0],[-3.598027,37.160804,0],[-3.598001,37.160818,0],[-3.597548,37.160765,0],[-3.597531,37.160743,0],[-3.597449,37.160733,0],[-3.597425,37.160748,0],[-3.597096,37.160703,0],[-3.597004,37.16069,0],[-3.596908,37.16067,0],[-3.596773,37.160655,0],[-3.596754,37.160631,0],[-3.596679,37.160622,0],[-3.596655,37.160638,0],[-3.596212,37.160577,0],[-3.596193,37.160555,0],[-3.596127,37.160547,0],[-3.5961,37.160564,0],[-3.595896,37.160535,0],[-3.595381,37.160465,0],[-3.595304,37.160455,0],[-3.595274,37.160444,0],[-3.595255,37.160429,0],[-3.595244,37.160413,0],[-3.595235,37.16039,0],[-3.594971,37.160356,0],[-3.594951,37.160359,0],[-3.594941,37.160367,0],[-3.594932,37.160379,0],[-3.594902,37.160516,0],[-3.594909,37.160531,0],[-3.594922,37.160538,0],[-3.594937,37.160551,0],[-3.59494,37.160589,0],[-3.59494,37.1606,0],[-3.594907,37.16075,0],[-3.594897,37.160773,0],[-3.594886,37.160791,0],[-3.594875,37.160805,0],[-3.594867,37.160831,0],[-3.59486,37.160869,0],[-3.594858,37.16089,0],[-3.594864,37.160906,0],[-3.59487,37.160918,0],[-3.594874,37.160935,0],[-3.594869,37.16096,0],[-3.5948,37.161292,0],[-3.594792,37.161317,0],[-3.594782,37.161334,0],[-3.594762,37.161349,0],[-3.594729,37.16136,0],[-3.594695,37.161375,0],[-3.594648,37.161399,0],[-3.594556,37.161455,0],[-3.594523,37.16148,0],[-3.594502,37.161509,0],[-3.594496,37.161535,0],[-3.594397,37.162001,0],[-3.59438,37.162079,0],[-3.594376,37.162107,0],[-3.594381,37.162149,0],[-3.594387,37.16217,0],[-3.594403,37.162205,0],[-3.594439,37.162297,0],[-3.594469,37.162369,0],[-3.594505,37.162428,0],[-3.594552,37.162482,0],[-3.594561,37.162498,0],[-3.594551,37.16255,0],[-3.594544,37.162585,0],[-3.59441,37.163228,0],[-3.594407,37.163244,0],[-3.594411,37.16326,0],[-3.594424,37.163278,0],[-3.594381,37.163466,0],[-3.594296,37.16388,0],[-3.59423,37.16418,0],[-3.594173,37.164459,0],[-3.594102,37.164792,0],[-3.594084,37.164878,0],[-3.594073,37.164915,0],[-3.594047,37.164963,0],[-3.593961,37.165093,0],[-3.59396,37.165122,0],[-3.593982,37.165173,0],[-3.594055,37.165263,0]]},"properties":{"name":"CARRIL BICI","description":"LONGITUD:979,1m","styleUrl":"#line-0070FF-3000","stroke-opacity":1,"stroke":"#0070ff","stroke-width":3}},{"type":"Feature","geometry":{"type":"LineString","coordinates":[[-3.589716,37.167139,0],[-3.591531,37.168404,0],[-3.59184,37.168566,0],[-3.59204,37.168652,0],[-3.592185,37.168711,0],[-3.592427,37.168781,0],[-3.592728,37.168858,0],[-3.593026,37.168921,0],[-3.59321,37.168946,0],[-3.593516,37.168959,0],[-3.593735,37.168944,0],[-3.593872,37.168928,0],[-3.593995,37.168904,0],[-3.594149,37.168863,0],[-3.594342,37.1688,0],[-3.59445,37.168753,0],[-3.594803,37.168585,0],[-3.595642,37.168167,0],[-3.595758,37.1681,0],[-3.595946,37.167961,0]]},"properties":{"name":"CARRIL PACIFICADO","description":"LONGITUD:649,7m","styleUrl":"#line-C500FF-3000","stroke-opacity":1,"stroke":"#c500ff","stroke-width":3}},{"type":"Feature","geometry":{"type":"LineString","coordinates":[[-3.609325,37.178422,0],[-3.607662,37.179774,0],[-3.606666,37.18058,0],[-3.606505,37.180734,0],[-3.606386,37.180899,0],[-3.606038,37.181568,0],[-3.605899,37.181826,0],[-3.605499,37.18259,0],[-3.605352,37.182913,0],[-3.60497,37.18363,0],[-3.604766,37.184023,0]]},"properties":{"name":"CARRIL PACIFICADO","description":"LONGITUD:754,9m","styleUrl":"#line-C500FF-3000","stroke-opacity":1,"stroke":"#c500ff","stroke-width":3}},{"type":"Feature","geometry":{"type":"LineString","coordinates":[[-3.605258,37.182915,0],[-3.605365,37.182697,0],[-3.60573,37.18201,0],[-3.606161,37.181189,0],[-3.606338,37.180854,0],[-3.606442,37.180714,0],[-3.606643,37.180525,0],[-3.607184,37.180086,0],[-3.607636,37.179714,0],[-3.608274,37.179201,0],[-3.608838,37.178744,0],[-3.609287,37.178375,0]]},"properties":{"name":"CARRIL PACIFICADO","description":"LONGITUD:628,2m","styleUrl":"#line-C500FF-3000","stroke-opacity":1,"stroke":"#c500ff","stroke-width":3}},{"type":"Feature","geometry":{"type":"LineString","coordinates":[[-3.596922,37.150542,0],[-3.597114,37.150354,0],[-3.59721,37.15025,0],[-3.598078,37.149409,0],[-3.598109,37.149357,0]]},"properties":{"name":"CARRIL PACIFICADO","description":"LONGITUD:168,7m","styleUrl":"#line-C500FF-3000","stroke-opacity":1,"stroke":"#c500ff","stroke-width":3}},{"type":"Feature","geometry":{"type":"LineString","coordinates":[[-3.598288,37.149473,0],[-3.598235,37.149507,0],[-3.597699,37.150038,0],[-3.597155,37.150557,0]]},"properties":{"name":"CARRIL PACIFICADO","description":"LONGITUD:156,9m","styleUrl":"#line-C500FF-3000","stroke-opacity":1,"stroke":"#c500ff","stroke-width":3}},{"type":"Feature","geometry":{"type":"LineString","coordinates":[[-3.596666,37.150977,0],[-3.595408,37.151674,0],[-3.592875,37.153082,0]]},"properties":{"name":"CARRIL PACIFICADO","description":"LONGITUD:409,7m","styleUrl":"#line-C500FF-3000","stroke-opacity":1,"stroke":"#c500ff","stroke-width":3}},{"type":"Feature","geometry":{"type":"LineString","coordinates":[[-3.592634,37.152941,0],[-3.592713,37.152922,0],[-3.594301,37.15204,0],[-3.596471,37.150832,0]]},"properties":{"name":"CARRIL PACIFICADO","description":"LONGITUD:413,7m","styleUrl":"#line-C500FF-3000","stroke-opacity":1,"stroke":"#c500ff","stroke-width":3}},{"type":"Feature","geometry":{"type":"LineString","coordinates":[[-3.592802,37.153295,0],[-3.593381,37.15394,0],[-3.593834,37.154457,0],[-3.593977,37.154645,0],[-3.594455,37.15538,0],[-3.59543,37.156839,0]]},"properties":{"name":"CARRIL PACIFICADO","description":"LONGITUD:458,1m","styleUrl":"#line-C500FF-3000","stroke-opacity":1,"stroke":"#c500ff","stroke-width":3}},{"type":"Feature","geometry":{"type":"LineString","coordinates":[[-3.594939,37.15735,0],[-3.594869,37.157211,0],[-3.594661,37.156911,0],[-3.59445,37.1566,0],[-3.594324,37.156431,0],[-3.593912,37.155891,0],[-3.593168,37.154777,0],[-3.593063,37.154636,0],[-3.592687,37.154214,0],[-3.592384,37.153866,0],[-3.592299,37.153725,0]]},"properties":{"name":"CARRIL PACIFICADO","description":"LONGITUD:466,3m","styleUrl":"#line-C500FF-3000","stroke-opacity":1,"stroke":"#c500ff","stroke-width":3}},{"type":"Feature","geometry":{"type":"LineString","coordinates":[[-3.595008,37.16046,0],[-3.595008,37.160309,0],[-3.595116,37.159927,0],[-3.595239,37.159435,0],[-3.595275,37.159215,0],[-3.595283,37.159142,0],[-3.595298,37.158939,0],[-3.595309,37.158543,0],[-3.595318,37.158104,0],[-3.595317,37.158024,0],[-3.595297,37.157944,0]]},"properties":{"name":"CARRIL PACIFICADO","description":"LONGITUD:281,8m","styleUrl":"#line-C500FF-3000","stroke-opacity":1,"stroke":"#c500ff","stroke-width":3}},{"type":"Feature","geometry":{"type":"LineString","coordinates":[[-3.595691,37.157575,0],[-3.595528,37.158637,0],[-3.595474,37.159075,0],[-3.595407,37.159508,0],[-3.595352,37.159708,0],[-3.595218,37.16021,0],[-3.595186,37.160334,0]]},"properties":{"name":"CARRIL PACIFICADO","description":"LONGITUD:309,6m","styleUrl":"#line-C500FF-3000","stroke-opacity":1,"stroke":"#c500ff","stroke-width":3}},{"type":"Feature","geometry":{"type":"LineString","coordinates":[[-3.595691,37.157575,0],[-3.595688,37.157577,0],[-3.595526,37.158637,0],[-3.595471,37.159075,0],[-3.595404,37.159508,0],[-3.595349,37.159708,0],[-3.595215,37.160209,0],[-3.595183,37.160334,0],[-3.595185,37.160336,0]]},"properties":{"name":"CARRIL PACIFICADO","description":"LONGITUD:310,1m","styleUrl":"#line-C500FF-3000","stroke-opacity":1,"stroke":"#c500ff","stroke-width":3}},{"type":"Feature","geometry":{"type":"LineString","coordinates":[[-3.599722,37.161097,0],[-3.599777,37.161124,0],[-3.599849,37.161147,0],[-3.599969,37.161175,0],[-3.6002,37.16127,0],[-3.600394,37.161387,0],[-3.600585,37.16153,0],[-3.600727,37.161681,0],[-3.601007,37.162123,0],[-3.601302,37.162615,0]]},"properties":{"name":"CARRIL PACIFICADO","description":"LONGITUD:228m","styleUrl":"#line-C500FF-3000","stroke-opacity":1,"stroke":"#c500ff","stroke-width":3}},{"type":"Feature","geometry":{"type":"LineString","coordinates":[[-3.601301,37.16277,0],[-3.601268,37.162693,0],[-3.600884,37.162058,0],[-3.600673,37.161721,0],[-3.600463,37.161512,0],[-3.600211,37.161349,0],[-3.599989,37.161256,0],[-3.599716,37.161183,0]]},"properties":{"name":"CARRIL PACIFICADO","description":"LONGITUD:235,4m","styleUrl":"#line-C500FF-3000","stroke-opacity":1,"stroke":"#c500ff","stroke-width":3}},{"type":"Feature","geometry":{"type":"LineString","coordinates":[[-3.601702,37.163217,0],[-3.601718,37.163306,0],[-3.60194,37.163666,0],[-3.602602,37.164757,0],[-3.603485,37.166209,0],[-3.604194,37.16736,0],[-3.605024,37.16872,0],[-3.605772,37.169947,0],[-3.606553,37.171235,0],[-3.607486,37.172754,0],[-3.608332,37.174165,0],[-3.609468,37.176031,0],[-3.610102,37.177079,0],[-3.610794,37.178202,0],[-3.611539,37.179454,0],[-3.612329,37.180761,0],[-3.613344,37.182446,0],[-3.61441,37.184181,0],[-3.614705,37.184699,0],[-3.614795,37.184961,0],[-3.614839,37.185184,0],[-3.614849,37.185399,0],[-3.614821,37.186003,0],[-3.614798,37.187059,0],[-3.614766,37.187905,0]]},"properties":{"name":"CARRIL PACIFICADO","description":"LONGITUD:3.005,8m","styleUrl":"#line-C500FF-3000","stroke-opacity":1,"stroke":"#c500ff","stroke-width":3}},{"type":"Feature","geometry":{"type":"LineString","coordinates":[[-3.614705,37.186849,0],[-3.614746,37.185636,0],[-3.614753,37.185247,0],[-3.614731,37.185093,0],[-3.61467,37.184876,0],[-3.61461,37.184711,0],[-3.613779,37.183324,0],[-3.612875,37.181823,0],[-3.611925,37.180255,0],[-3.611081,37.17885,0],[-3.61021,37.177435,0],[-3.609236,37.175821,0],[-3.608325,37.17432,0],[-3.607554,37.173047,0],[-3.60673,37.171694,0],[-3.605876,37.170303,0],[-3.604904,37.168704,0],[-3.603984,37.167196,0],[-3.603119,37.165776,0],[-3.602272,37.164391,0],[-3.601717,37.16348,0]]},"properties":{"name":"CARRIL PACIFICADO","description":"LONGITUD:2.857,5m","styleUrl":"#line-C500FF-3000","stroke-opacity":1,"stroke":"#c500ff","stroke-width":3}},{"type":"Feature","geometry":{"type":"LineString","coordinates":[[-3.614839,37.190959,0],[-3.614792,37.190852,0],[-3.614626,37.19059,0],[-3.614564,37.190368,0],[-3.61454,37.189838,0]]},"properties":{"name":"CARRIL PACIFICADO","description":"LONGITUD:129,2m","styleUrl":"#line-C500FF-3000","stroke-opacity":1,"stroke":"#c500ff","stroke-width":3}},{"type":"Feature","geometry":{"type":"LineString","coordinates":[[-3.614733,37.189834,0],[-3.614734,37.190345,0],[-3.614753,37.190467,0],[-3.614801,37.190575,0],[-3.614888,37.190682,0],[-3.614979,37.190812,0],[-3.615056,37.190948,0]]},"properties":{"name":"CARRIL PACIFICADO","description":"LONGITUD:130,3m","styleUrl":"#line-C500FF-3000","stroke-opacity":1,"stroke":"#c500ff","stroke-width":3}},{"type":"Feature","geometry":{"type":"LineString","coordinates":[[-3.605477,37.189322,0],[-3.604825,37.189554,0],[-3.60396,37.189868,0],[-3.603625,37.189986,0],[-3.602718,37.19019,0],[-3.602214,37.190308,0],[-3.602084,37.190319,0],[-3.60085,37.190376,0]]},"properties":{"name":"CARRIL PACIFICADO","description":"LONGITUD:431,6m","styleUrl":"#line-C500FF-3000","stroke-opacity":1,"stroke":"#c500ff","stroke-width":3}},{"type":"Feature","geometry":{"type":"LineString","coordinates":[[-3.600727,37.190407,0],[-3.600802,37.190849,0],[-3.600877,37.191274,0],[-3.600907,37.191474,0],[-3.600918,37.191676,0],[-3.600935,37.192351,0],[-3.600951,37.192605,0],[-3.601004,37.193227,0],[-3.601036,37.193662,0],[-3.601232,37.194597,0],[-3.601376,37.195339,0]]},"properties":{"name":"CARRIL PACIFICADO","description":"LONGITUD:550,9m","styleUrl":"#line-C500FF-3000","stroke-opacity":1,"stroke":"#c500ff","stroke-width":3}},{"type":"Feature","geometry":{"type":"LineString","coordinates":[[-3.601315,37.195344,0],[-3.60127,37.195116,0],[-3.601177,37.194658,0],[-3.601068,37.194129,0],[-3.600992,37.193746,0],[-3.600933,37.193519,0],[-3.600833,37.193116,0],[-3.600767,37.192962,0],[-3.60071,37.192883,0],[-3.600599,37.192759,0],[-3.600551,37.192663,0],[-3.600549,37.192556,0],[-3.600587,37.192459,0],[-3.600707,37.192299,0],[-3.600753,37.192206,0],[-3.600764,37.192108,0],[-3.600734,37.191826,0],[-3.600578,37.190531,0]]},"properties":{"name":"CARRIL PACIFICADO","description":"LONGITUD:549m","styleUrl":"#line-C500FF-3000","stroke-opacity":1,"stroke":"#c500ff","stroke-width":3}},{"type":"Feature","geometry":{"type":"LineString","coordinates":[[-3.615118,37.191387,0],[-3.615118,37.191611,0],[-3.615166,37.193085,0],[-3.615235,37.194707,0]]},"properties":{"name":"CARRIL PACIFICADO","description":"LONGITUD:368,5m","styleUrl":"#line-C500FF-3000","stroke-opacity":1,"stroke":"#c500ff","stroke-width":3}},{"type":"Feature","geometry":{"type":"LineString","coordinates":[[-3.61499,37.194817,0],[-3.615025,37.194763,0],[-3.615039,37.194718,0],[-3.615023,37.194002,0],[-3.614974,37.192929,0],[-3.61491,37.191431,0]]},"properties":{"name":"CARRIL PACIFICADO","description":"LONGITUD:376,7m","styleUrl":"#line-C500FF-3000","stroke-opacity":1,"stroke":"#c500ff","stroke-width":3}},{"type":"Feature","geometry":{"type":"LineString","coordinates":[[-3.617231,37.193929,0],[-3.615742,37.194932,0]]},"properties":{"name":"CARRIL PACIFICADO","description":"LONGITUD:172,7m","styleUrl":"#line-C500FF-3000","stroke-opacity":1,"stroke":"#c500ff","stroke-width":3}},{"type":"Feature","geometry":{"type":"LineString","coordinates":[[-3.615452,37.194861,0],[-3.615502,37.19484,0],[-3.615589,37.194787,0],[-3.617139,37.193743,0]]},"properties":{"name":"CARRIL PACIFICADO","description":"LONGITUD:194,6m","styleUrl":"#line-C500FF-3000","stroke-opacity":1,"stroke":"#c500ff","stroke-width":3}},{"type":"Feature","geometry":{"type":"LineString","coordinates":[[-3.619037,37.20615,0],[-3.618978,37.206033,0],[-3.618439,37.205452,0],[-3.617927,37.204927,0],[-3.61735,37.204365,0],[-3.616736,37.203714,0],[-3.616215,37.203144,0],[-3.615432,37.202326,0],[-3.614831,37.201708,0],[-3.614634,37.201527,0],[-3.614491,37.20147,0],[-3.61442,37.201428,0],[-3.614377,37.201356,0],[-3.614375,37.201285,0],[-3.614333,37.201219,0],[-3.613834,37.200723,0],[-3.613214,37.200117,0],[-3.612869,37.199767,0],[-3.612402,37.199268,0],[-3.611646,37.198537,0],[-3.610972,37.197875,0],[-3.610619,37.197552,0],[-3.610395,37.197406,0],[-3.610147,37.197346,0],[-3.610029,37.197305,0],[-3.609942,37.197215,0],[-3.6099,37.197125,0],[-3.609894,37.197033,0],[-3.609935,37.196935,0],[-3.60998,37.196809,0],[-3.609969,37.196734,0],[-3.609938,37.196651,0],[-3.609793,37.196416,0],[-3.609376,37.195797,0],[-3.609014,37.195247,0],[-3.608706,37.194787,0],[-3.608573,37.194519,0],[-3.608401,37.193988,0],[-3.608164,37.193148,0],[-3.607998,37.192563,0],[-3.607806,37.191881,0],[-3.607737,37.191775,0],[-3.607631,37.191767,0],[-3.607559,37.191733,0],[-3.607515,37.191682,0],[-3.607502,37.191609,0],[-3.607494,37.191488,0],[-3.607469,37.191389,0],[-3.607423,37.19131,0],[-3.60689,37.190747,0],[-3.606766,37.190643,0],[-3.606604,37.190529,0],[-3.606236,37.190152,0],[-3.605994,37.1899,0]]},"properties":{"name":"CARRIL PACIFICADO","description":"LONGITUD:2.201,3m","styleUrl":"#line-C500FF-3000","stroke-opacity":1,"stroke":"#c500ff","stroke-width":3}},{"type":"Feature","geometry":{"type":"LineString","coordinates":[[-3.606246,37.189839,0],[-3.606242,37.189863,0],[-3.606249,37.189967,0],[-3.606289,37.190041,0],[-3.606412,37.190174,0],[-3.606732,37.1905,0],[-3.607116,37.190889,0],[-3.607412,37.191195,0],[-3.607623,37.191408,0],[-3.60777,37.191504,0],[-3.607841,37.191561,0],[-3.607861,37.191621,0],[-3.607845,37.19169,0],[-3.607979,37.192185,0],[-3.608197,37.192909,0],[-3.608434,37.193729,0],[-3.608604,37.194289,0],[-3.608689,37.194512,0],[-3.608777,37.19469,0],[-3.608976,37.194997,0],[-3.60938,37.195597,0],[-3.609901,37.196383,0],[-3.610042,37.196587,0],[-3.61021,37.196722,0],[-3.610486,37.196862,0],[-3.610547,37.196916,0],[-3.610588,37.19699,0],[-3.610604,37.197063,0],[-3.61059,37.197135,0],[-3.61059,37.197281,0],[-3.610621,37.197345,0],[-3.610668,37.197408,0],[-3.610851,37.197597,0],[-3.611468,37.198194,0],[-3.611977,37.198691,0],[-3.61232,37.199023,0],[-3.612604,37.199312,0],[-3.612778,37.199436,0],[-3.612993,37.199619,0],[-3.61355,37.200165,0],[-3.614122,37.200755,0],[-3.614492,37.20112,0],[-3.614642,37.201168,0],[-3.614711,37.201205,0],[-3.614761,37.201265,0],[-3.614773,37.201339,0],[-3.614813,37.201442,0],[-3.615293,37.201936,0],[-3.615869,37.202533,0],[-3.616322,37.203001,0],[-3.616686,37.203384,0],[-3.617079,37.203782,0],[-3.617741,37.204482,0],[-3.618068,37.204874,0],[-3.618398,37.20525,0],[-3.619019,37.205903,0],[-3.61911,37.205978,0],[-3.619232,37.206035,0]]},"properties":{"name":"CARRIL PACIFICADO","description":"LONGITUD:2.181,3m","styleUrl":"#line-C500FF-3000","stroke-opacity":1,"stroke":"#c500ff","stroke-width":3}},{"type":"Feature","geometry":{"type":"LineString","coordinates":[[-3.613868,37.211482,0],[-3.613591,37.210494,0],[-3.613354,37.209662,0],[-3.613289,37.209516,0],[-3.613216,37.209428,0],[-3.613195,37.209338,0],[-3.61321,37.209165,0],[-3.613078,37.208687,0],[-3.612926,37.208157,0],[-3.612707,37.207471,0],[-3.612518,37.206971,0],[-3.612335,37.20656,0],[-3.612046,37.205985,0],[-3.611933,37.205848,0],[-3.611906,37.205787,0],[-3.611872,37.205664,0],[-3.61161,37.20523,0],[-3.611015,37.204342,0],[-3.61055,37.203658,0],[-3.61037,37.203518,0],[-3.610323,37.203429,0],[-3.610296,37.20329,0],[-3.60992,37.202734,0],[-3.609439,37.202028,0],[-3.608895,37.201221,0],[-3.608434,37.200543,0],[-3.607917,37.199782,0],[-3.607641,37.199348,0],[-3.607404,37.198923,0],[-3.607124,37.198329,0]]},"properties":{"name":"CARRIL PACIFICADO","description":"LONGITUD:1.592m","styleUrl":"#line-C500FF-3000","stroke-opacity":1,"stroke":"#c500ff","stroke-width":3}},{"type":"Feature","geometry":{"type":"LineString","coordinates":[[-3.607502,37.198097,0],[-3.607598,37.198334,0],[-3.60767,37.198478,0],[-3.607847,37.19883,0],[-3.608161,37.199381,0],[-3.608898,37.20048,0],[-3.609149,37.200798,0],[-3.609342,37.201127,0],[-3.609744,37.201722,0],[-3.610239,37.202448,0],[-3.610682,37.203102,0],[-3.610856,37.203255,0],[-3.610893,37.20332,0],[-3.610914,37.203431,0],[-3.611169,37.203819,0],[-3.611518,37.204334,0],[-3.611932,37.204939,0],[-3.612192,37.205357,0],[-3.61234,37.205523,0],[-3.612383,37.205614,0],[-3.612401,37.205712,0],[-3.612501,37.205905,0],[-3.612658,37.206229,0],[-3.612879,37.206705,0],[-3.6131,37.207249,0],[-3.613311,37.207885,0],[-3.613497,37.208528,0],[-3.613621,37.208981,0],[-3.613675,37.209135,0],[-3.613732,37.209189,0],[-3.613778,37.209248,0],[-3.6138,37.20933,0],[-3.613781,37.209411,0],[-3.613776,37.209508,0],[-3.613867,37.209835,0],[-3.61404,37.21044,0],[-3.614269,37.211266,0]]},"properties":{"name":"CARRIL PACIFICADO","description":"LONGITUD:1.595m","styleUrl":"#line-C500FF-3000","stroke-opacity":1,"stroke":"#c500ff","stroke-width":3}},{"type":"Feature","geometry":{"type":"LineString","coordinates":[[-3.615568,37.195367,0],[-3.615592,37.195591,0],[-3.615594,37.195863,0],[-3.615636,37.197338,0],[-3.615699,37.197493,0],[-3.616432,37.198209,0],[-3.617196,37.198958,0],[-3.617286,37.199028,0],[-3.617362,37.199026,0],[-3.617574,37.199007,0],[-3.617694,37.199013,0],[-3.617828,37.199081,0],[-3.617947,37.199199,0],[-3.617996,37.199278,0],[-3.617987,37.199392,0],[-3.617949,37.199466,0],[-3.617892,37.199527,0],[-3.617905,37.199674,0],[-3.619289,37.201033,0],[-3.619966,37.201697,0],[-3.620794,37.202501,0]]},"properties":{"name":"CARRIL PACIFICADO","description":"LONGITUD:986,4m","styleUrl":"#line-C500FF-3000","stroke-opacity":1,"stroke":"#c500ff","stroke-width":3}},{"type":"Feature","geometry":{"type":"LineString","coordinates":[[-3.620174,37.202922,0],[-3.61906,37.201834,0],[-3.618036,37.200824,0],[-3.617265,37.20008,0],[-3.617137,37.200076,0],[-3.616967,37.200109,0],[-3.616801,37.200079,0],[-3.616584,37.199912,0],[-3.616519,37.199754,0],[-3.61654,37.199628,0],[-3.616587,37.19957,0],[-3.616618,37.199482,0],[-3.616602,37.199415,0],[-3.616276,37.199097,0],[-3.615059,37.197896,0]]},"properties":{"name":"CARRIL PACIFICADO","description":"LONGITUD:751,3m","styleUrl":"#line-C500FF-3000","stroke-opacity":1,"stroke":"#c500ff","stroke-width":3}},{"type":"Feature","geometry":{"type":"LineString","coordinates":[[-3.617916,37.199076,0],[-3.617972,37.199056,0],[-3.618421,37.198761,0],[-3.619401,37.198121,0],[-3.620264,37.197553,0],[-3.620948,37.197108,0],[-3.620982,37.197048,0]]},"properties":{"name":"CARRIL PACIFICADO","description":"LONGITUD:353,9m","styleUrl":"#line-C500FF-3000","stroke-opacity":1,"stroke":"#c500ff","stroke-width":3}},{"type":"Feature","geometry":{"type":"LineString","coordinates":[[-3.621052,37.197109,0],[-3.620163,37.197694,0],[-3.619138,37.198358,0],[-3.618008,37.199083,0]]},"properties":{"name":"CARRIL PACIFICADO","description":"LONGITUD:347,8m","styleUrl":"#line-C500FF-3000","stroke-opacity":1,"stroke":"#c500ff","stroke-width":3}},{"type":"Feature","geometry":{"type":"LineString","coordinates":[[-3.62103,37.196102,0],[-3.620901,37.196021,0],[-3.620618,37.195883,0],[-3.620205,37.195709,0],[-3.619748,37.195528,0],[-3.619405,37.195355,0],[-3.618772,37.194978,0],[-3.618403,37.194756,0],[-3.618224,37.19462,0],[-3.617585,37.194008,0],[-3.616918,37.193328,0],[-3.616075,37.192399,0],[-3.615307,37.191548,0]]},"properties":{"name":"CARRIL PACIFICADO","description":"LONGITUD:727,7m","styleUrl":"#line-C500FF-3000","stroke-opacity":1,"stroke":"#c500ff","stroke-width":3}},{"type":"Feature","geometry":{"type":"LineString","coordinates":[[-3.615223,37.191281,0],[-3.61539,37.191469,0],[-3.616251,37.192422,0],[-3.616796,37.193016,0],[-3.617247,37.193517,0],[-3.617842,37.194101,0],[-3.618343,37.19457,0],[-3.61844,37.194649,0],[-3.618896,37.194923,0],[-3.619316,37.195185,0],[-3.619705,37.195392,0],[-3.619966,37.195511,0],[-3.620381,37.19567,0],[-3.620766,37.195838,0],[-3.620993,37.195958,0]]},"properties":{"name":"CARRIL PACIFICADO","description":"LONGITUD:740,5m","styleUrl":"#line-C500FF-3000","stroke-opacity":1,"stroke":"#c500ff","stroke-width":3}},{"type":"Feature","geometry":{"type":"LineString","coordinates":[[-3.622508,37.197501,0],[-3.622279,37.19687,0],[-3.622225,37.196823,0]]},"properties":{"name":"CARRIL PACIFICADO","description":"LONGITUD:80m","styleUrl":"#line-C500FF-3000","stroke-opacity":1,"stroke":"#c500ff","stroke-width":3}},{"type":"Feature","geometry":{"type":"LineString","coordinates":[[-3.622404,37.196464,0],[-3.622481,37.19661,0],[-3.622907,37.197363,0]]},"properties":{"name":"CARRIL PACIFICADO","description":"LONGITUD:109,3m","styleUrl":"#line-C500FF-3000","stroke-opacity":1,"stroke":"#c500ff","stroke-width":3}},{"type":"Feature","geometry":{"type":"LineString","coordinates":[[-3.625183,37.195889,0],[-3.625975,37.19547,0],[-3.62722,37.194793,0]]},"properties":{"name":"CARRIL PACIFICADO","description":"LONGITUD:217,9m","styleUrl":"#line-C500FF-3000","stroke-opacity":1,"stroke":"#c500ff","stroke-width":3}},{"type":"Feature","geometry":{"type":"LineString","coordinates":[[-3.627335,37.194844,0],[-3.626901,37.19507,0],[-3.6256,37.195769,0],[-3.625236,37.195961,0]]},"properties":{"name":"CARRIL PACIFICADO","description":"LONGITUD:223,8m","styleUrl":"#line-C500FF-3000","stroke-opacity":1,"stroke":"#c500ff","stroke-width":3}},{"type":"Feature","geometry":{"type":"LineString","coordinates":[[-3.595297,37.157944,0],[-3.595301,37.157946,0],[-3.59532,37.158023,0],[-3.59532,37.158104,0],[-3.595312,37.158543,0],[-3.595301,37.158939,0],[-3.595286,37.159142,0],[-3.595278,37.159215,0],[-3.595242,37.159436,0],[-3.595119,37.159928,0],[-3.595011,37.160309,0],[-3.595011,37.16046,0],[-3.595008,37.160463,0]]},"properties":{"name":"CARRIL PACIFICADO","description":"LONGITUD:282,3m","styleUrl":"#line-C500FF-3000","stroke-opacity":1,"stroke":"#c500ff","stroke-width":3}},{"type":"Feature","geometry":{"type":"LineString","coordinates":[[-3.603919,37.165229,0],[-3.603655,37.164772,0],[-3.602512,37.162847,0],[-3.602395,37.162786,0],[-3.602282,37.162669,0],[-3.60225,37.162535,0],[-3.602265,37.162457,0],[-3.601558,37.161319,0],[-3.601254,37.16097,0],[-3.600748,37.160667,0],[-3.600418,37.160533,0],[-3.60006,37.160433,0],[-3.599728,37.160377,0],[-3.598713,37.160268,0],[-3.59804,37.160157,0],[-3.596938,37.159975,0],[-3.595352,37.159804,0]]},"properties":{"name":"CICLO CALLE","description":"LONGITUD:1.079,9m","styleUrl":"#line-FF0000-3000","stroke-opacity":1,"stroke":"#ff0000","stroke-width":3}},{"type":"Feature","geometry":{"type":"LineString","coordinates":[[-3.595361,37.15969,0],[-3.596616,37.15985,0],[-3.598095,37.160071,0],[-3.598857,37.160182,0],[-3.599734,37.160276,0],[-3.600244,37.160332,0],[-3.600685,37.160488,0],[-3.601072,37.160713,0],[-3.601393,37.160936,0],[-3.601569,37.161126,0],[-3.601714,37.161285,0],[-3.602275,37.162193,0],[-3.602416,37.162411,0],[-3.602493,37.162459,0],[-3.602557,37.162486,0],[-3.602601,37.162549,0],[-3.602599,37.162681,0],[-3.602672,37.162823,0],[-3.604043,37.165155,0]]},"properties":{"name":"CICLO CALLE","description":"LONGITUD:1.090,8m","styleUrl":"#line-FF0000-3000","stroke-opacity":1,"stroke":"#ff0000","stroke-width":3}},{"type":"Feature","geometry":{"type":"LineString","coordinates":[[-3.614241,37.18149,0],[-3.614027,37.181142,0],[-3.613438,37.180169,0],[-3.613088,37.179583,0],[-3.612691,37.178931,0],[-3.612597,37.178764,0]]},"properties":{"name":"CICLO CALLE","description":"LONGITUD:335,7m","styleUrl":"#line-FF0000-3000","stroke-opacity":1,"stroke":"#ff0000","stroke-width":3}},{"type":"Feature","geometry":{"type":"LineString","coordinates":[[-3.600473,37.179912,0],[-3.600475,37.179894,0],[-3.60044,37.179825,0],[-3.600361,37.17974,0],[-3.60028,37.179646,0],[-3.600155,37.179475,0],[-3.600146,37.179437,0],[-3.600328,37.178824,0],[-3.600325,37.178797,0],[-3.600257,37.17867,0],[-3.600201,37.178617,0],[-3.600149,37.178574,0],[-3.600086,37.17848,0],[-3.600025,37.178351,0],[-3.599999,37.178248,0],[-3.599908,37.178071,0],[-3.599876,37.178026,0],[-3.599731,37.177857,0]]},"properties":{"name":"CICLO CALLE","description":"LONGITUD:252,1m","styleUrl":"#line-FF0000-3000","stroke-opacity":1,"stroke":"#ff0000","stroke-width":3}},{"type":"Feature","geometry":{"type":"LineString","coordinates":[[-3.601173,37.181364,0],[-3.601057,37.181312,0],[-3.600952,37.181227,0],[-3.600635,37.180946,0],[-3.600488,37.180655,0],[-3.600474,37.180535,0],[-3.600502,37.179951,0]]},"properties":{"name":"CICLO CALLE","description":"LONGITUD:180m","styleUrl":"#line-FF0000-3000","stroke-opacity":1,"stroke":"#ff0000","stroke-width":3}},{"type":"Feature","geometry":{"type":"LineString","coordinates":[[-3.602463,37.18193,0],[-3.601983,37.181733,0],[-3.601547,37.181562,0],[-3.601185,37.181419,0]]},"properties":{"name":"CICLO CALLE","description":"LONGITUD:126,9m","styleUrl":"#line-FF0000-3000","stroke-opacity":1,"stroke":"#ff0000","stroke-width":3}},{"type":"Feature","geometry":{"type":"LineString","coordinates":[[-3.587619,37.167244,0],[-3.587507,37.167168,0],[-3.587342,37.167107,0],[-3.585742,37.166643,0],[-3.583973,37.166133,0],[-3.581934,37.16555,0],[-3.58004,37.165004,0],[-3.578315,37.164515,0]]},"properties":{"name":"CICLO CALLE","description":"LONGITUD:880,7m","styleUrl":"#line-FF0000-3000","stroke-opacity":1,"stroke":"#ff0000","stroke-width":3}},{"type":"Feature","geometry":{"type":"LineString","coordinates":[[-3.574138,37.163621,0],[-3.575839,37.163896,0],[-3.576281,37.163989,0],[-3.578112,37.164416,0],[-3.580337,37.165047,0],[-3.581996,37.165525,0],[-3.583636,37.165993,0],[-3.585078,37.166409,0],[-3.58627,37.166756,0],[-3.587257,37.167042,0],[-3.587714,37.167153,0],[-3.587855,37.167211,0],[-3.588818,37.167642,0]]},"properties":{"name":"CICLO CALLE","description":"LONGITUD:1.381,1m","styleUrl":"#line-FF0000-3000","stroke-opacity":1,"stroke":"#ff0000","stroke-width":3}},{"type":"Feature","geometry":{"type":"LineString","coordinates":[[-3.604689,37.183886,0],[-3.605078,37.183134,0],[-3.605191,37.182935,0]]},"properties":{"name":"CICLO CALLE","description":"LONGITUD:114,6m","styleUrl":"#line-FF0000-3000","stroke-opacity":1,"stroke":"#ff0000","stroke-width":3}},{"type":"Feature","geometry":{"type":"LineString","coordinates":[[-3.613815,37.18286,0],[-3.614639,37.182538,0],[-3.614687,37.182488,0],[-3.614701,37.182407,0],[-3.6146,37.182236,0],[-3.613947,37.181174,0],[-3.613357,37.1802,0],[-3.613007,37.179614,0],[-3.61261,37.178962,0],[-3.612516,37.178794,0]]},"properties":{"name":"CICLO CALLE","description":"LONGITUD:542,8m","styleUrl":"#line-FF0000-3000","stroke-opacity":1,"stroke":"#ff0000","stroke-width":3}},{"type":"Feature","geometry":{"type":"LineString","coordinates":[[-3.599419,37.161119,0],[-3.599183,37.161083,0],[-3.598955,37.161094,0],[-3.598555,37.161048,0],[-3.597123,37.160863,0],[-3.59529,37.160627,0]]},"properties":{"name":"CICLO CALLE","description":"LONGITUD:371,1m","styleUrl":"#line-FF0000-3000","stroke-opacity":1,"stroke":"#ff0000","stroke-width":3}},{"type":"Feature","geometry":{"type":"LineString","coordinates":[[-3.595323,37.160487,0],[-3.595732,37.160542,0],[-3.596318,37.160619,0],[-3.597044,37.160726,0],[-3.598754,37.160944,0],[-3.598982,37.160983,0],[-3.599178,37.161049,0],[-3.599366,37.161076,0],[-3.599437,37.16106,0]]},"properties":{"name":"CICLO CALLE","description":"LONGITUD:372m","styleUrl":"#line-FF0000-3000","stroke-opacity":1,"stroke":"#ff0000","stroke-width":3}},{"type":"Feature","geometry":{"type":"LineString","coordinates":[[-3.608534,37.163447,0],[-3.607865,37.16374,0],[-3.607481,37.163917,0],[-3.606736,37.164312,0],[-3.605806,37.164794,0],[-3.605353,37.165021,0],[-3.604692,37.16532,0]]},"properties":{"name":"CICLO CALLE","description":"LONGITUD:399,7m","styleUrl":"#line-FF0000-3000","stroke-opacity":1,"stroke":"#ff0000","stroke-width":3}},{"type":"Feature","geometry":{"type":"LineString","coordinates":[[-3.604794,37.165776,0],[-3.60536,37.166719,0],[-3.605546,37.167033,0],[-3.605832,37.167494,0],[-3.60624,37.168169,0],[-3.606355,37.168343,0],[-3.606861,37.169186,0],[-3.606957,37.169336,0],[-3.607467,37.170178,0],[-3.607596,37.170383,0],[-3.608078,37.17117,0],[-3.608738,37.172251,0],[-3.609263,37.173115,0]]},"properties":{"name":"CICLO CALLE","description":"LONGITUD:905,7m","styleUrl":"#line-FF0000-3000","stroke-opacity":1,"stroke":"#ff0000","stroke-width":3}},{"type":"Feature","geometry":{"type":"LineString","coordinates":[[-3.587253,37.157381,0],[-3.587688,37.157841,0],[-3.588013,37.158188,0],[-3.588324,37.158602,0],[-3.588648,37.159089,0],[-3.589038,37.15966,0],[-3.589228,37.15996,0],[-3.589297,37.160136,0],[-3.589426,37.160227,0],[-3.589462,37.160311,0],[-3.589429,37.160389,0],[-3.589369,37.160465,0],[-3.589591,37.161157,0],[-3.589689,37.161483,0],[-3.589753,37.161646,0],[-3.589917,37.161909,0],[-3.590013,37.162036,0],[-3.590104,37.16208,0],[-3.59013,37.162135,0],[-3.590113,37.162206,0],[-3.590454,37.16286,0],[-3.590639,37.163185,0],[-3.590742,37.163371,0],[-3.590827,37.163442,0],[-3.590987,37.163483,0],[-3.591415,37.163562,0],[-3.591578,37.163656,0],[-3.591691,37.163739,0],[-3.591812,37.16388,0],[-3.591874,37.16401,0],[-3.592006,37.164701,0],[-3.592045,37.164867,0],[-3.592227,37.165802,0]]},"properties":{"name":"CICLO CALLE","description":"LONGITUD:1.082,5m","styleUrl":"#line-FF0000-3000","stroke-opacity":1,"stroke":"#ff0000","stroke-width":3}},{"type":"Feature","geometry":{"type":"LineString","coordinates":[[-3.592192,37.16588,0],[-3.592194,37.165818,0],[-3.591989,37.164746,0],[-3.591845,37.164045,0],[-3.591778,37.163892,0],[-3.591553,37.163696,0],[-3.591416,37.163628,0],[-3.590846,37.163484,0],[-3.590717,37.1634,0],[-3.590144,37.162358,0],[-3.590059,37.16222,0],[-3.589993,37.162154,0],[-3.589993,37.162099,0],[-3.589954,37.162023,0],[-3.589736,37.161679,0],[-3.589659,37.161495,0],[-3.589342,37.160485,0],[-3.589269,37.160386,0],[-3.589222,37.160309,0],[-3.589242,37.16016,0],[-3.58921,37.160029,0],[-3.588973,37.159627,0],[-3.588329,37.158666,0],[-3.588112,37.158385,0],[-3.58794,37.158184,0],[-3.5878,37.158093,0],[-3.58762,37.157988,0],[-3.587134,37.157451,0]]},"properties":{"name":"CICLO CALLE","description":"LONGITUD:1.080,5m","styleUrl":"#line-FF0000-3000","stroke-opacity":1,"stroke":"#ff0000","stroke-width":3}},{"type":"Feature","geometry":{"type":"LineString","coordinates":[[-3.592336,37.166183,0],[-3.592883,37.166984,0],[-3.593199,37.167467,0],[-3.593723,37.168179,0],[-3.59411,37.168722,0]]},"properties":{"name":"CICLO CALLE","description":"LONGITUD:322,8m","styleUrl":"#line-FF0000-3000","stroke-opacity":1,"stroke":"#ff0000","stroke-width":3}},{"type":"Feature","geometry":{"type":"LineString","coordinates":[[-3.594122,37.168816,0],[-3.594121,37.168786,0],[-3.593945,37.168545,0],[-3.593517,37.167959,0],[-3.592837,37.166978,0],[-3.592296,37.166185,0]]},"properties":{"name":"CICLO CALLE","description":"LONGITUD:334,4m","styleUrl":"#line-FF0000-3000","stroke-opacity":1,"stroke":"#ff0000","stroke-width":3}},{"type":"Feature","geometry":{"type":"LineString","coordinates":[[-3.600125,37.184865,0],[-3.600138,37.185055,0],[-3.600124,37.185191,0],[-3.600049,37.185646,0],[-3.600041,37.185794,0],[-3.600072,37.185876,0],[-3.600083,37.18631,0],[-3.600065,37.186733,0],[-3.599973,37.187246,0],[-3.599892,37.187691,0],[-3.599924,37.187767,0],[-3.600048,37.187921,0],[-3.600073,37.187966,0]]},"properties":{"name":"CICLO CALLE","description":"LONGITUD:350,3m","styleUrl":"#line-FF0000-3000","stroke-opacity":1,"stroke":"#ff0000","stroke-width":3}},{"type":"Feature","geometry":{"type":"LineString","coordinates":[[-3.601951,37.183026,0],[-3.601109,37.183827,0],[-3.600391,37.184497,0],[-3.600211,37.18467,0],[-3.600154,37.18476,0],[-3.600128,37.184876,0]]},"properties":{"name":"CICLO CALLE","description":"LONGITUD:263,3m","styleUrl":"#line-FF0000-3000","stroke-opacity":1,"stroke":"#ff0000","stroke-width":3}},{"type":"Feature","geometry":{"type":"LineString","coordinates":[[-3.624499,37.196323,0],[-3.624313,37.196353,0],[-3.624219,37.196352,0],[-3.623962,37.196337,0],[-3.622604,37.196252,0]]},"properties":{"name":"CICLO CALLE","description":"LONGITUD:169m","styleUrl":"#line-FF0000-3000","stroke-opacity":1,"stroke":"#ff0000","stroke-width":3}},{"type":"Feature","geometry":{"type":"LineString","coordinates":[[-3.622507,37.196153,0],[-3.622543,37.196166,0],[-3.623423,37.19622,0],[-3.624161,37.196272,0],[-3.624307,37.196271,0],[-3.624442,37.19622,0]]},"properties":{"name":"CICLO CALLE","description":"LONGITUD:173,8m","styleUrl":"#line-FF0000-3000","stroke-opacity":1,"stroke":"#ff0000","stroke-width":3}},{"type":"Feature","geometry":{"type":"LineString","coordinates":[[-3.628051,37.205341,0],[-3.628027,37.205279,0],[-3.627942,37.205223,0],[-3.627858,37.205191,0],[-3.627693,37.205063,0],[-3.62753,37.204885,0],[-3.627316,37.204598,0],[-3.626987,37.204066,0],[-3.626647,37.20355,0],[-3.626324,37.203112,0],[-3.626015,37.202739,0],[-3.625914,37.202647,0],[-3.625662,37.202376,0],[-3.62546,37.202133,0],[-3.625297,37.201924,0],[-3.625006,37.201542,0],[-3.624612,37.201021,0],[-3.62437,37.200746,0],[-3.623894,37.200034,0],[-3.62362,37.199556,0],[-3.622951,37.198376,0],[-3.622598,37.197764,0]]},"properties":{"name":"CICLO CALLE","description":"LONGITUD:975,5m","styleUrl":"#line-FF0000-3000","stroke-opacity":1,"stroke":"#ff0000","stroke-width":3}},{"type":"Feature","geometry":{"type":"LineString","coordinates":[[-3.622761,37.197819,0],[-3.622735,37.197866,0],[-3.622746,37.197931,0],[-3.623001,37.19837,0],[-3.623409,37.199098,0],[-3.623806,37.199812,0],[-3.624001,37.200118,0],[-3.624191,37.200397,0],[-3.624401,37.200717,0],[-3.624575,37.200921,0],[-3.625098,37.201612,0],[-3.625496,37.20213,0],[-3.625797,37.202481,0],[-3.625928,37.202605,0],[-3.626053,37.202739,0],[-3.626241,37.202968,0],[-3.626507,37.20331,0],[-3.62679,37.203699,0],[-3.627331,37.204558,0],[-3.627505,37.204794,0],[-3.627687,37.204991,0],[-3.627864,37.20515,0],[-3.627972,37.205197,0],[-3.628071,37.205262,0],[-3.628135,37.205337,0],[-3.628216,37.205407,0]]},"properties":{"name":"CICLO CALLE","description":"LONGITUD:979,4m","styleUrl":"#line-FF0000-3000","stroke-opacity":1,"stroke":"#ff0000","stroke-width":3}},{"type":"Feature","geometry":{"type":"LineString","coordinates":[[-3.612431,37.178433,0],[-3.611895,37.177564,0],[-3.611717,37.177194,0],[-3.611211,37.176392,0],[-3.610462,37.175165,0],[-3.609437,37.173468,0],[-3.609213,37.17314,0],[-3.608897,37.172622,0],[-3.60806,37.171261,0],[-3.607293,37.170021,0],[-3.606512,37.168748,0],[-3.605526,37.167109,0],[-3.604612,37.165601,0]]},"properties":{"name":"CICLO CALLE","description":"LONGITUD:1.584m","styleUrl":"#line-FF0000-3000","stroke-opacity":1,"stroke":"#ff0000","stroke-width":3}},{"type":"Feature","geometry":{"type":"LineString","coordinates":[[-3.628928,37.189814,0],[-3.628702,37.189783,0],[-3.627999,37.189645,0],[-3.626823,37.189402,0],[-3.626424,37.189345,0],[-3.625941,37.189297,0],[-3.624542,37.189272,0],[-3.623652,37.189255,0],[-3.623304,37.189237,0],[-3.622971,37.189203,0],[-3.622644,37.189158,0],[-3.622247,37.18907,0],[-3.621979,37.189021,0],[-3.621819,37.189086,0],[-3.621725,37.189102,0],[-3.621615,37.189065,0],[-3.621481,37.188966,0],[-3.621433,37.188948,0],[-3.621243,37.188927,0],[-3.620652,37.188915,0],[-3.61942,37.188913,0]]},"properties":{"name":"CICLO CALLE","description":"LONGITUD:860,7m","styleUrl":"#line-FF0000-3000","stroke-opacity":1,"stroke":"#ff0000","stroke-width":3}},{"type":"Feature","geometry":{"type":"LineString","coordinates":[[-3.619428,37.188857,0],[-3.620665,37.188856,0],[-3.621211,37.188868,0],[-3.621499,37.188884,0],[-3.621607,37.188848,0],[-3.621733,37.188812,0],[-3.621868,37.18885,0],[-3.621989,37.188932,0],[-3.622143,37.188993,0],[-3.622608,37.189094,0],[-3.623023,37.189156,0],[-3.623394,37.189189,0],[-3.623928,37.189201,0],[-3.625553,37.189237,0],[-3.626105,37.189257,0],[-3.626641,37.189319,0],[-3.62711,37.189402,0],[-3.627448,37.189476,0],[-3.627754,37.18954,0],[-3.628535,37.1897,0],[-3.628991,37.189766,0],[-3.629256,37.189789,0],[-3.629891,37.189777,0],[-3.629977,37.189751,0]]},"properties":{"name":"CICLO CALLE","description":"LONGITUD:953,1m","styleUrl":"#line-FF0000-3000","stroke-opacity":1,"stroke":"#ff0000","stroke-width":3}},{"type":"Feature","geometry":{"type":"LineString","coordinates":[[-3.638756,37.190937,0],[-3.637796,37.19081,0],[-3.636621,37.190641,0],[-3.634707,37.190373,0],[-3.633918,37.19027,0],[-3.633405,37.190195,0],[-3.63315,37.190124,0],[-3.632942,37.189985,0],[-3.632782,37.189795,0],[-3.632623,37.189654,0],[-3.632445,37.189574,0],[-3.632293,37.189538,0],[-3.632144,37.189539,0],[-3.631893,37.189587,0],[-3.631534,37.189675,0],[-3.631312,37.189668,0],[-3.631135,37.189622,0],[-3.630919,37.189534,0],[-3.630754,37.189469,0],[-3.630554,37.18945,0],[-3.630371,37.189494,0],[-3.630287,37.189557,0],[-3.630258,37.189642,0],[-3.630269,37.189711,0],[-3.630228,37.189773,0],[-3.63016,37.189801,0],[-3.630021,37.189803,0],[-3.629526,37.189824,0],[-3.629322,37.189829,0],[-3.629143,37.189823,0]]},"properties":{"name":"CICLO CALLE","description":"LONGITUD:919,8m","styleUrl":"#line-FF0000-3000","stroke-opacity":1,"stroke":"#ff0000","stroke-width":3}},{"type":"Feature","geometry":{"type":"LineString","coordinates":[[-3.609927,37.196732,0],[-3.609893,37.196646,0],[-3.609735,37.196414,0]]},"properties":{"name":"CICLO-CARRIL-BUS-VMP","description":"LONGITUD:39,3m","styleUrl":"#line-FFAA00-3000","stroke-opacity":1,"stroke":"#ffaa00","stroke-width":3}},{"type":"Feature","geometry":{"type":"LineString","coordinates":[[-3.600416,37.183256,0],[-3.600939,37.183776,0],[-3.601161,37.184053,0],[-3.601664,37.184605,0],[-3.601832,37.184787,0],[-3.602508,37.185535,0],[-3.602635,37.185673,0],[-3.60329,37.186407,0],[-3.603397,37.186631,0],[-3.603538,37.18686,0],[-3.603546,37.186871,0],[-3.603627,37.187077,0],[-3.603638,37.187145,0],[-3.60364,37.187154,0],[-3.603643,37.18719,0],[-3.603645,37.187231,0],[-3.603661,37.187528,0],[-3.603666,37.187658,0],[-3.603674,37.18782,0],[-3.603687,37.188054,0],[-3.603699,37.188219,0],[-3.603701,37.188469,0],[-3.603705,37.188588,0],[-3.60371,37.188673,0],[-3.60372,37.188842,0],[-3.603723,37.188916,0],[-3.603728,37.189035,0],[-3.603737,37.18913,0],[-3.603755,37.189522,0],[-3.603772,37.189793,0]]},"properties":{"name":"CICLO-CARRIL-BUS-VMP","description":"LONGITUD:814,9m","styleUrl":"#line-FFAA00-3000","stroke-opacity":1,"stroke":"#ffaa00","stroke-width":3}},{"type":"Feature","geometry":{"type":"LineString","coordinates":[[-3.615072,37.189641,0],[-3.615851,37.190001,0],[-3.61608,37.190107,0],[-3.616226,37.190175,0],[-3.616472,37.190288,0],[-3.616724,37.190404,0],[-3.617027,37.190543,0],[-3.617072,37.190563,0],[-3.617276,37.190657,0]]},"properties":{"name":"CICLO-CARRIL-BUS-VMP","description":"LONGITUD:225,7m","styleUrl":"#line-FFAA00-3000","stroke-opacity":1,"stroke":"#ffaa00","stroke-width":3}},{"type":"Feature","geometry":{"type":"LineString","coordinates":[[-3.610641,37.197216,0],[-3.610642,37.197227,0],[-3.610644,37.197238,0],[-3.610646,37.197248,0],[-3.610649,37.197259,0],[-3.610652,37.197269,0],[-3.610655,37.19728,0],[-3.610659,37.19729,0],[-3.610663,37.1973,0],[-3.610668,37.19731,0],[-3.610673,37.19732,0],[-3.610679,37.19733,0],[-3.610685,37.19734,0],[-3.610692,37.197349,0],[-3.610698,37.197359,0],[-3.610706,37.197368,0],[-3.610866,37.197537,0],[-3.61105,37.197713,0]]},"properties":{"name":"CICLO-CARRIL-BUS-VMP","description":"LONGITUD:67m","styleUrl":"#line-FFAA00-3000","stroke-opacity":1,"stroke":"#ffaa00","stroke-width":3}},{"type":"Feature","geometry":{"type":"LineString","coordinates":[[-3.59601,37.167595,0],[-3.595852,37.167405,0],[-3.595472,37.166948,0],[-3.595179,37.166594,0],[-3.594677,37.165994,0],[-3.594272,37.165505,0],[-3.594106,37.165298,0]]},"properties":{"name":"CICLO-CARRIL-BUS-VMP","description":"LONGITUD:305,8m","styleUrl":"#line-FFAA00-3000","stroke-opacity":1,"stroke":"#ffaa00","stroke-width":3}},{"type":"Feature","geometry":{"type":"LineString","coordinates":[[-3.607582,37.146889,0],[-3.607425,37.146654,0]]},"properties":{"name":"OTROS MUNICIPIOS","description":"LONGITUD:29,4m","styleUrl":"#line-FFFF00-3000","stroke-opacity":1,"stroke":"#ffff00","stroke-width":3}},{"type":"Feature","geometry":{"type":"LineString","coordinates":[[-3.591957,37.214212,0],[-3.592009,37.21404,0],[-3.592062,37.213916,0],[-3.592287,37.213647,0],[-3.592474,37.213386,0],[-3.592553,37.213235,0],[-3.592776,37.212848,0],[-3.592844,37.212729,0],[-3.592899,37.212587,0],[-3.592929,37.212503,0],[-3.593066,37.212299,0],[-3.593138,37.212146,0],[-3.593223,37.212019,0],[-3.593304,37.211964,0],[-3.593368,37.211927,0],[-3.593444,37.21175,0],[-3.593475,37.211692,0],[-3.593514,37.211656,0],[-3.59358,37.211594,0],[-3.593628,37.211521,0],[-3.593709,37.211357,0],[-3.593957,37.210816,0],[-3.594055,37.210609,0],[-3.594251,37.210327,0],[-3.594378,37.210262,0],[-3.594472,37.210123,0]]},"properties":{"name":"OTROS MUNICIPIOS","description":"LONGITUD:511,9m","styleUrl":"#line-FFFF00-3000","stroke-opacity":1,"stroke":"#ffff00","stroke-width":3}},{"type":"Feature","geometry":{"type":"LineString","coordinates":[[-3.609463,37.215162,0],[-3.609309,37.214702,0],[-3.609285,37.21457,0],[-3.609287,37.214411,0],[-3.609309,37.214264,0],[-3.609368,37.214045,0],[-3.60948,37.213841,0],[-3.609668,37.213598,0],[-3.609969,37.213274,0]]},"properties":{"name":"OTROS MUNICIPIOS","description":"LONGITUD:227,7m","styleUrl":"#line-FFFF00-3000","stroke-opacity":1,"stroke":"#ffff00","stroke-width":3}},{"type":"Feature","geometry":{"type":"LineString","coordinates":[[-3.615424,37.214813,0],[-3.615346,37.214604,0],[-3.615245,37.214351,0],[-3.615147,37.214065,0],[-3.615048,37.213767,0],[-3.614974,37.213588,0],[-3.614884,37.213376,0],[-3.614787,37.213222,0],[-3.61459,37.212908,0],[-3.614418,37.212493,0],[-3.614407,37.212464,0],[-3.614398,37.212435,0],[-3.61439,37.212406,0],[-3.614383,37.212376,0],[-3.614378,37.212346,0],[-3.614374,37.212317,0],[-3.61437,37.212287,0],[-3.614369,37.212257,0],[-3.614368,37.212227,0],[-3.614368,37.212197,0]]},"properties":{"name":"OTROS MUNICIPIOS","description":"LONGITUD:306,4m","styleUrl":"#line-FFFF00-3000","stroke-opacity":1,"stroke":"#ffff00","stroke-width":3}},{"type":"Feature","geometry":{"type":"LineString","coordinates":[[-3.593765,37.213035,0],[-3.59404,37.21315,0],[-3.594416,37.213306,0],[-3.594783,37.213443,0],[-3.595056,37.213526,0],[-3.595428,37.213617,0],[-3.595791,37.213682,0],[-3.596232,37.213733,0],[-3.596498,37.213749,0],[-3.59676,37.213756,0],[-3.597152,37.213755,0],[-3.598158,37.213732,0],[-3.599032,37.21371,0],[-3.600083,37.213684,0],[-3.601263,37.213655,0],[-3.602195,37.213623,0],[-3.602756,37.213612,0]]},"properties":{"name":"OTROS MUNICIPIOS","description":"LONGITUD:813,2m","styleUrl":"#line-FFFF00-3000","stroke-opacity":1,"stroke":"#ffff00","stroke-width":3}},{"type":"Feature","geometry":{"type":"LineString","coordinates":[[-3.610036,37.21291,0],[-3.610046,37.213015,0],[-3.609857,37.213208,0],[-3.609969,37.213274,0],[-3.61007,37.213187,0],[-3.610129,37.213158,0],[-3.610195,37.213139,0],[-3.610272,37.213128,0],[-3.610315,37.213128,0],[-3.610405,37.213137,0],[-3.610476,37.213139,0],[-3.610584,37.213122,0],[-3.610749,37.213085,0],[-3.611005,37.21303,0],[-3.610974,37.212938,0],[-3.610892,37.212954,0],[-3.610854,37.212947,0],[-3.610815,37.212908,0],[-3.610815,37.212819,0],[-3.610788,37.212663,0]]},"properties":{"name":"OTROS MUNICIPIOS","description":"LONGITUD:204,7m","styleUrl":"#line-FFFF00-3000","stroke-opacity":1,"stroke":"#ffff00","stroke-width":3}},{"type":"Feature","geometry":{"type":"LineString","coordinates":[[-3.613897,37.211874,0],[-3.613993,37.212032,0],[-3.613994,37.212072,0],[-3.61397,37.212102,0],[-3.613872,37.212169,0],[-3.613949,37.212241,0],[-3.614048,37.21218,0],[-3.614102,37.212166,0],[-3.614172,37.212166,0],[-3.614252,37.212182,0],[-3.614323,37.212187,0],[-3.614368,37.212197,0],[-3.614408,37.212217,0],[-3.614444,37.212255,0],[-3.614478,37.212313,0],[-3.614629,37.212261,0],[-3.614606,37.212213,0],[-3.614594,37.212173,0],[-3.614598,37.212118,0],[-3.614624,37.212067,0],[-3.614656,37.212025,0],[-3.614688,37.211961,0],[-3.614701,37.211901,0],[-3.6147,37.211855,0],[-3.614687,37.211795,0],[-3.614618,37.211636,0]]},"properties":{"name":"OTROS MUNICIPIOS","description":"LONGITUD:194m","styleUrl":"#line-FFFF00-3000","stroke-opacity":1,"stroke":"#ffff00","stroke-width":3}},{"type":"Feature","geometry":{"type":"LineString","coordinates":[[-3.607425,37.148201,0],[-3.607445,37.148212,0],[-3.60747,37.148224,0],[-3.607481,37.148224,0],[-3.60749,37.148218,0],[-3.607569,37.148119,0]]},"properties":{"name":"OTROS MUNICIPIOS","description":"LONGITUD:19,8m","styleUrl":"#line-FFFF00-3000","stroke-opacity":1,"stroke":"#ffff00","stroke-width":3}},{"type":"Feature","geometry":{"type":"LineString","coordinates":[[-3.607942,37.147482,0],[-3.607695,37.147322,0]]},"properties":{"name":"OTROS MUNICIPIOS","description":"LONGITUD:28,3m","styleUrl":"#line-FFFF00-3000","stroke-opacity":1,"stroke":"#ffff00","stroke-width":3}},{"type":"Feature","geometry":{"type":"LineString","coordinates":[[-3.607269,37.147843,0],[-3.60747,37.147955,0]]},"properties":{"name":"OTROS MUNICIPIOS","description":"LONGITUD:21,8m","styleUrl":"#line-FFFF00-3000","stroke-opacity":1,"stroke":"#ffff00","stroke-width":3}},{"type":"Feature","geometry":{"type":"LineString","coordinates":[[-3.60813,37.147571,0],[-3.608437,37.147471,0]]},"properties":{"name":"OTROS MUNICIPIOS","description":"LONGITUD:29,4m","styleUrl":"#line-FFFF00-3000","stroke-opacity":1,"stroke":"#ffff00","stroke-width":3}},{"type":"Feature","geometry":{"type":"LineString","coordinates":[[-3.608888,37.149039,0],[-3.609197,37.148933,0]]},"properties":{"name":"OTROS MUNICIPIOS","description":"LONGITUD:29,8m","styleUrl":"#line-FFFF00-3000","stroke-opacity":1,"stroke":"#ffff00","stroke-width":3}},{"type":"Feature","geometry":{"type":"LineString","coordinates":[[-3.609302,37.14983,0],[-3.609647,37.149709,0]]},"properties":{"name":"OTROS MUNICIPIOS","description":"LONGITUD:33,4m","styleUrl":"#line-FFFF00-3000","stroke-opacity":1,"stroke":"#ffff00","stroke-width":3}},{"type":"Feature","geometry":{"type":"LineString","coordinates":[[-3.61028,37.151729,0],[-3.610581,37.15163,0]]},"properties":{"name":"OTROS MUNICIPIOS","description":"LONGITUD:28,9m","styleUrl":"#line-FFFF00-3000","stroke-opacity":1,"stroke":"#ffff00","stroke-width":3}},{"type":"Feature","geometry":{"type":"LineString","coordinates":[[-3.609691,37.150587,0],[-3.609985,37.150486,0]]},"properties":{"name":"OTROS MUNICIPIOS","description":"LONGITUD:28,4m","styleUrl":"#line-FFFF00-3000","stroke-opacity":1,"stroke":"#ffff00","stroke-width":3}},{"type":"Feature","geometry":{"type":"LineString","coordinates":[[-3.65419,37.172315,0],[-3.654185,37.172514,0],[-3.654192,37.172622,0],[-3.654358,37.172881,0],[-3.654412,37.173053,0],[-3.654415,37.173103,0],[-3.654402,37.173165,0],[-3.654234,37.173463,0],[-3.653991,37.173374,0],[-3.653755,37.173294,0],[-3.653605,37.173244,0],[-3.653523,37.173209,0],[-3.653415,37.173177,0],[-3.653005,37.173032,0],[-3.652742,37.172937,0],[-3.652464,37.172846,0],[-3.652419,37.172829,0],[-3.652069,37.172703,0],[-3.651689,37.172562,0],[-3.651372,37.172448,0],[-3.651024,37.172316,0],[-3.650912,37.172273,0]]},"properties":{"name":"OTROS MUNICIPIOS","description":"LONGITUD:458,2m","styleUrl":"#line-FFFF00-3000","stroke-opacity":1,"stroke":"#ffff00","stroke-width":3}},{"type":"Feature","geometry":{"type":"LineString","coordinates":[[-3.612654,37.156794,0],[-3.612666,37.156753,0],[-3.612717,37.156487,0],[-3.612765,37.156236,0],[-3.612785,37.155968,0],[-3.61281,37.155738,0],[-3.612818,37.155628,0],[-3.612827,37.155465,0],[-3.612828,37.155256,0],[-3.612831,37.155028,0],[-3.612818,37.154805,0],[-3.612806,37.154629,0],[-3.612782,37.154361,0],[-3.612754,37.154178,0],[-3.612716,37.153858,0],[-3.612692,37.153726,0],[-3.612659,37.15359,0],[-3.612636,37.153468,0],[-3.612619,37.153424,0],[-3.612583,37.153397,0],[-3.612535,37.153377,0],[-3.612453,37.153384,0],[-3.612406,37.153417,0],[-3.61238,37.153452,0],[-3.612374,37.153492,0],[-3.612401,37.153536,0],[-3.612473,37.153582,0],[-3.612553,37.153621,0],[-3.612628,37.153688,0],[-3.612668,37.153749,0],[-3.612716,37.153858,0]]},"properties":{"name":"OTROS MUNICIPIOS","description":"LONGITUD:459,5m","styleUrl":"#line-FFFF00-3000","stroke-opacity":1,"stroke":"#ffff00","stroke-width":3}},{"type":"Feature","geometry":{"type":"LineString","coordinates":[[-3.608491,37.149791,0],[-3.608514,37.149807,0],[-3.608543,37.149816,0],[-3.609166,37.149935,0]]},"properties":{"name":"OTROS MUNICIPIOS","description":"LONGITUD:62,4m","styleUrl":"#line-FFFF00-3000","stroke-opacity":1,"stroke":"#ffff00","stroke-width":3}},{"type":"Feature","geometry":{"type":"LineString","coordinates":[[-3.645183,37.152742,0],[-3.645186,37.15278,0],[-3.645212,37.153077,0],[-3.645286,37.15362,0],[-3.645338,37.154103,0],[-3.645337,37.154179,0],[-3.645321,37.154234,0],[-3.645295,37.154266,0],[-3.64521,37.154307,0],[-3.64512,37.154345,0],[-3.644953,37.154425,0],[-3.644819,37.154506,0],[-3.644701,37.154597,0],[-3.644581,37.154688,0],[-3.644513,37.154743,0],[-3.644447,37.154799,0],[-3.644401,37.154834,0],[-3.64435,37.154864,0],[-3.644275,37.154901,0],[-3.644242,37.154915,0],[-3.644208,37.154923,0],[-3.644195,37.154927,0],[-3.644183,37.154931,0],[-3.644171,37.154937,0],[-3.644126,37.154961,0],[-3.64412,37.154965,0],[-3.644115,37.154969,0],[-3.644111,37.154975,0],[-3.644108,37.15498,0],[-3.644107,37.154986,0],[-3.644083,37.155127,0],[-3.644077,37.155154,0],[-3.644065,37.155179,0],[-3.644048,37.155203,0],[-3.643951,37.155321,0],[-3.643395,37.15593,0],[-3.642548,37.156834,0],[-3.64231,37.15705,0],[-3.642225,37.15712,0],[-3.642115,37.157209,0],[-3.641919,37.157344,0],[-3.641805,37.157415,0],[-3.64129,37.157707,0],[-3.64073,37.158015,0],[-3.640611,37.158081,0],[-3.640585,37.158093,0],[-3.640558,37.158101,0],[-3.640529,37.158106,0],[-3.6405,37.158106,0],[-3.640471,37.158103,0],[-3.640454,37.158099,0],[-3.640438,37.158092,0],[-3.640425,37.158087,0],[-3.64041,37.158083,0],[-3.640395,37.158081,0],[-3.64038,37.158081,0],[-3.640365,37.158084,0],[-3.640345,37.158089,0],[-3.640327,37.158097,0],[-3.640315,37.158105,0],[-3.640305,37.158114,0],[-3.640296,37.158124,0],[-3.640293,37.15813,0],[-3.640292,37.158137,0],[-3.640282,37.158175,0],[-3.640267,37.158212,0],[-3.640245,37.158247,0],[-3.640215,37.158284,0],[-3.63901,37.158948,0],[-3.638714,37.159108,0],[-3.638414,37.159264,0],[-3.638111,37.159416,0],[-3.637805,37.159564,0],[-3.637495,37.159707,0],[-3.636643,37.160094,0],[-3.636386,37.16021,0],[-3.636102,37.160337,0],[-3.635893,37.160426,0],[-3.635681,37.160511,0],[-3.635466,37.16059,0],[-3.635248,37.160665,0]]},"properties":{"name":"OTROS MUNICIPIOS","description":"LONGITUD:1.340,5m","styleUrl":"#line-FFFF00-3000","stroke-opacity":1,"stroke":"#ffff00","stroke-width":3}},{"type":"Feature","geometry":{"type":"LineString","coordinates":[[-3.60727,37.147739,0],[-3.607695,37.147321,0],[-3.607705,37.147302,0],[-3.60771,37.147273,0],[-3.607709,37.147251,0],[-3.607698,37.147226,0],[-3.607691,37.1472,0],[-3.607687,37.147174,0],[-3.607685,37.147126,0],[-3.607692,37.147095,0],[-3.607695,37.147084,0],[-3.607694,37.147072,0],[-3.607688,37.14706,0],[-3.607662,37.147017,0],[-3.607608,37.146928,0],[-3.607582,37.146889,0],[-3.607809,37.146801,0],[-3.607984,37.146735,0],[-3.607934,37.146645,0],[-3.607765,37.146363,0],[-3.607648,37.146169,0],[-3.607517,37.145951,0],[-3.607474,37.145883,0]]},"properties":{"name":"OTROS MUNICIPIOS","description":"LONGITUD:245,5m","styleUrl":"#line-FFFF00-3000","stroke-opacity":1,"stroke":"#ffff00","stroke-width":3}},{"type":"Feature","geometry":{"type":"LineString","coordinates":[[-3.612255,37.15316,0],[-3.612288,37.153106,0],[-3.612293,37.153036,0],[-3.612278,37.152958,0],[-3.612255,37.152855,0],[-3.612225,37.152719,0],[-3.612191,37.152597,0],[-3.612154,37.152475,0],[-3.612114,37.152371,0],[-3.612076,37.152277,0],[-3.612024,37.152156,0],[-3.611981,37.152051,0],[-3.611923,37.151929,0],[-3.611817,37.151719,0],[-3.611488,37.151053,0],[-3.610515,37.149018,0],[-3.610425,37.148809,0],[-3.610372,37.148688,0],[-3.610277,37.148487,0],[-3.610203,37.14833,0],[-3.610149,37.148215,0],[-3.609882,37.147663,0],[-3.609836,37.147563,0],[-3.609783,37.147458,0],[-3.609683,37.147306,0],[-3.609592,37.147187,0],[-3.609482,37.147074,0],[-3.609352,37.146974,0],[-3.609261,37.14691,0],[-3.609191,37.146873,0],[-3.609156,37.14686,0],[-3.609117,37.146858,0],[-3.609066,37.146859,0],[-3.609009,37.146873,0],[-3.608973,37.146892,0],[-3.608941,37.146921,0],[-3.608926,37.146956,0],[-3.608926,37.146992,0],[-3.608941,37.147027,0],[-3.608959,37.147054,0],[-3.608972,37.147082,0],[-3.608498,37.147236,0],[-3.608454,37.147258,0],[-3.608391,37.14734,0],[-3.608388,37.14735,0],[-3.608386,37.147359,0],[-3.608387,37.147369,0],[-3.608389,37.147378,0],[-3.608736,37.148043,0],[-3.608767,37.148102,0],[-3.608824,37.14814,0],[-3.608842,37.148151,0],[-3.608862,37.14816,0],[-3.608874,37.148166,0],[-3.608885,37.148174,0],[-3.608894,37.148183,0],[-3.608901,37.148193,0],[-3.608925,37.148237,0],[-3.608946,37.148296,0],[-3.608949,37.148315,0],[-3.608949,37.148335,0],[-3.608944,37.148354,0],[-3.608936,37.148373,0],[-3.608931,37.148385,0],[-3.608928,37.148398,0],[-3.608928,37.148411,0],[-3.608931,37.148424,0],[-3.608936,37.148436,0],[-3.609195,37.148929,0],[-3.609472,37.149457,0],[-3.6095,37.149512,0],[-3.60951,37.149521,0],[-3.609541,37.149537,0],[-3.609564,37.149552,0],[-3.60958,37.149578,0],[-3.609631,37.149681,0],[-3.609691,37.149786,0],[-3.609708,37.149811,0],[-3.609732,37.14983,0],[-3.609792,37.149855,0],[-3.609835,37.149877,0],[-3.609874,37.149904,0],[-3.609939,37.149954,0],[-3.609948,37.14996,0],[-3.609959,37.149965,0],[-3.60997,37.149969,0],[-3.609982,37.14997,0],[-3.609995,37.14997,0],[-3.610007,37.149969,0],[-3.610019,37.149966,0],[-3.610096,37.149938,0],[-3.610139,37.15004,0],[-3.61005,37.150071,0],[-3.61003,37.150093,0],[-3.610025,37.15011,0],[-3.610022,37.15016,0],[-3.61002,37.150208,0],[-3.610008,37.150238,0],[-3.609993,37.150279,0],[-3.609972,37.150313,0],[-3.60994,37.150353,0],[-3.609936,37.150358,0],[-3.609933,37.150364,0],[-3.609931,37.15037,0],[-3.609931,37.150376,0],[-3.609932,37.150382,0],[-3.609934,37.150388,0],[-3.609953,37.150427,0],[-3.610039,37.150586,0],[-3.610162,37.150826,0],[-3.610302,37.151082,0],[-3.61031,37.151092,0],[-3.61032,37.151101,0],[-3.610331,37.151108,0],[-3.610344,37.151113,0],[-3.610358,37.151117,0],[-3.610368,37.15112,0],[-3.610376,37.151123,0],[-3.610384,37.151128,0],[-3.610391,37.151133,0],[-3.610397,37.15114,0],[-3.610402,37.151147,0],[-3.610444,37.15123,0],[-3.610446,37.151241,0],[-3.610446,37.151252,0],[-3.610444,37.151263,0],[-3.61044,37.151274,0],[-3.610435,37.151284,0],[-3.61043,37.151292,0],[-3.610427,37.1513,0],[-3.610426,37.151308,0],[-3.610426,37.151316,0],[-3.610428,37.151324,0],[-3.610431,37.151332,0],[-3.61054,37.151545,0],[-3.610606,37.151681,0],[-3.610636,37.151728,0],[-3.610666,37.151749,0],[-3.6107,37.151764,0],[-3.610806,37.15179,0],[-3.610858,37.151806,0],[-3.610906,37.151802,0],[-3.611214,37.151578,0],[-3.611246,37.151577,0],[-3.611322,37.151636,0],[-3.61132,37.15166,0],[-3.61101,37.151891,0],[-3.611001,37.151911,0],[-3.611004,37.151938,0],[-3.611014,37.151982,0],[-3.61103,37.152013,0],[-3.611027,37.152079,0],[-3.61105,37.152124,0],[-3.611572,37.152389,0],[-3.611582,37.152404,0],[-3.611576,37.152424,0],[-3.611439,37.152598,0],[-3.611424,37.152602,0],[-3.610952,37.152367,0],[-3.610902,37.152348,0],[-3.610848,37.152347,0],[-3.610799,37.152362,0],[-3.610734,37.152376,0],[-3.610654,37.152384,0],[-3.610587,37.152381,0],[-3.610466,37.152355,0],[-3.610412,37.152332,0],[-3.610373,37.15235,0],[-3.610083,37.15257,0],[-3.609988,37.152483,0],[-3.610267,37.152262,0],[-3.610288,37.152234,0],[-3.610278,37.152206,0],[-3.610251,37.152151,0],[-3.610243,37.152112,0],[-3.610239,37.152071,0],[-3.610243,37.152004,0],[-3.610279,37.151923,0],[-3.610313,37.151883,0],[-3.610331,37.151856,0],[-3.610332,37.151834,0],[-3.610323,37.15181,0],[-3.610307,37.15178,0],[-3.610141,37.151469,0],[-3.609972,37.15114,0],[-3.60983,37.150872,0],[-3.609754,37.150709,0],[-3.609666,37.150539,0],[-3.609647,37.150497,0],[-3.609634,37.150482,0],[-3.609615,37.150473,0],[-3.60959,37.150466,0],[-3.609535,37.150456,0],[-3.609504,37.150447,0],[-3.60945,37.150426,0],[-3.609401,37.150402,0],[-3.609353,37.150368,0],[-3.609315,37.150328,0],[-3.60929,37.150288,0],[-3.609265,37.150244,0],[-3.609242,37.150214,0],[-3.609217,37.150192,0],[-3.609189,37.150176,0],[-3.609098,37.150159,0],[-3.609166,37.149935,0],[-3.609251,37.149953,0],[-3.609289,37.14995,0],[-3.6093,37.149946,0],[-3.609309,37.14994,0],[-3.609318,37.149932,0],[-3.609324,37.149924,0],[-3.609329,37.149915,0],[-3.609331,37.149905,0],[-3.609332,37.149896,0],[-3.60933,37.149886,0],[-3.609327,37.149877,0],[-3.609202,37.149638,0],[-3.60889,37.149042,0],[-3.608568,37.148428,0],[-3.608195,37.147706,0],[-3.608104,37.147517,0],[-3.608094,37.147498,0],[-3.608079,37.147482,0],[-3.608061,37.147467,0],[-3.608044,37.14746,0],[-3.608026,37.147456,0],[-3.608007,37.147454,0],[-3.607988,37.147455,0],[-3.60798,37.147456,0],[-3.607972,37.147459,0],[-3.607965,37.147463,0],[-3.607958,37.147467,0],[-3.607952,37.147472,0],[-3.607431,37.147994,0],[-3.607427,37.147999,0],[-3.607424,37.148005,0],[-3.607423,37.14801,0],[-3.607422,37.148016,0],[-3.607423,37.148022,0],[-3.607425,37.148028,0],[-3.607428,37.148033,0],[-3.607432,37.148038,0],[-3.607437,37.148042,0],[-3.608242,37.148509,0],[-3.608258,37.148513,0],[-3.608275,37.148515,0],[-3.608292,37.148514,0],[-3.608309,37.148512,0],[-3.608326,37.148508,0],[-3.608568,37.148428,0]]},"properties":{"name":"OTROS MUNICIPIOS","description":"LONGITUD:2.658,8m","styleUrl":"#line-FFFF00-3000","stroke-opacity":1,"stroke":"#ffff00","stroke-width":3}},{"type":"Feature","geometry":{"type":"LineString","coordinates":[[-3.55626,37.16005,0],[-3.557736,37.16044,0],[-3.558224,37.160579,0],[-3.558969,37.160784,0],[-3.559769,37.161002,0],[-3.559947,37.161057,0],[-3.560127,37.161107,0],[-3.56031,37.161154,0],[-3.560494,37.161196,0],[-3.560814,37.161252,0],[-3.561175,37.161311,0],[-3.561538,37.161364,0],[-3.561901,37.161411,0],[-3.562079,37.161432,0],[-3.562258,37.161446,0],[-3.562875,37.161502,0],[-3.563069,37.161513,0],[-3.563264,37.161517,0],[-3.563563,37.161498,0],[-3.563861,37.161484,0],[-3.56416,37.161475,0],[-3.564459,37.16147,0],[-3.564532,37.161469,0],[-3.564605,37.161461,0],[-3.564677,37.161446,0],[-3.564746,37.161425,0],[-3.564812,37.161398,0],[-3.564872,37.161366,0],[-3.564926,37.161343,0],[-3.564983,37.161325,0],[-3.565041,37.16131,0],[-3.565101,37.161301,0],[-3.565367,37.16127,0],[-3.565634,37.161247,0],[-3.565853,37.161229,0],[-3.56586,37.161228,0],[-3.565869,37.161227,0],[-3.565878,37.161224,0],[-3.565886,37.16122,0],[-3.565893,37.161215,0],[-3.565899,37.161209,0],[-3.565904,37.161203,0],[-3.565907,37.161196,0],[-3.565908,37.161188,0],[-3.565908,37.161181,0],[-3.565906,37.161174,0],[-3.565904,37.16117,0],[-3.56588,37.160979,0],[-3.565878,37.160965,0],[-3.565879,37.160954,0],[-3.565885,37.160942,0],[-3.565894,37.160932,0],[-3.565905,37.160924,0],[-3.565918,37.160917,0],[-3.56593,37.160912,0],[-3.566001,37.160887,0],[-3.56608,37.160868,0],[-3.566162,37.160873,0],[-3.566584,37.160915,0],[-3.566653,37.160929,0],[-3.566905,37.160956,0],[-3.567054,37.160973,0],[-3.567329,37.161002,0],[-3.567584,37.161029,0],[-3.568164,37.161109,0],[-3.568708,37.161215,0],[-3.569248,37.161342,0],[-3.569825,37.161482,0],[-3.570107,37.16155,0],[-3.570384,37.161617,0],[-3.570957,37.161753,0],[-3.571648,37.161918,0],[-3.572178,37.162046,0],[-3.573931,37.162471,0],[-3.575343,37.16281,0],[-3.575979,37.162963,0],[-3.576505,37.16308,0],[-3.577056,37.163177,0],[-3.577552,37.163256,0],[-3.577961,37.163321,0],[-3.578464,37.163405,0],[-3.578811,37.163491,0],[-3.579564,37.163734,0],[-3.580341,37.163964,0],[-3.580895,37.164144,0],[-3.582122,37.16454,0],[-3.582881,37.164783,0],[-3.583529,37.164959,0],[-3.583971,37.165065,0],[-3.584626,37.165201,0],[-3.585117,37.165284,0],[-3.585716,37.16538,0],[-3.586176,37.165454,0],[-3.586663,37.165532,0],[-3.586939,37.165575,0],[-3.587281,37.165635,0],[-3.587617,37.165722,0],[-3.587791,37.165783,0],[-3.588058,37.165902,0],[-3.588232,37.166001,0],[-3.58846,37.166163,0],[-3.588653,37.166328,0],[-3.588795,37.16645,0],[-3.589012,37.166662,0],[-3.589157,37.166803,0],[-3.589351,37.166983,0],[-3.589498,37.167086,0]]},"properties":{"name":"SENDA CICLABLE","description":"LONGITUD:3.154,3m","styleUrl":"#line-55FF00-3000","stroke-opacity":1,"stroke":"#55ff00","stroke-width":3}}]}