{"type":"FeatureCollection","features":[{"type":"Feature","geometry":{"type":"Point","coordinates":[-3.599156,37.168442,0]},"properties":{"name":"ACEQUIA GORDA,CALLEJON,Nº 26","description":{"@type":"html","value":"Reserva Motocicletas <br><br> Distrito CENTRO <br> Barrio SAN MATIAS-REALEJO <br> Aparca Batería <br> Plazas 26 <br> Horario <br> POINT_X -3,599156 <br> POINT_Y 37,168442"},"styleUrl":"#icon-1633-4E342E","label-scale":0,"icon-opacity":1,"icon-color":"#4e342e","icon-scale":1,"icon":"https://www.gstatic.com/mapspro/images/stock/503-wht-blank_maps.png"}},{"type":"Feature","geometry":{"type":"Point","coordinates":[-3.598227,37.170878,0]},"properties":{"name":"ACERA DEL DARRO,CALLE,Nº 13","description":{"@type":"html","value":"Reserva Motocicletas <br><br> Distrito CENTRO <br> Barrio SAN MATIAS-REALEJO <br> Aparca Batería <br> Plazas 29 <br> Horario laborables de 8:00 a 22:00 <br> POINT_X -3,598227 <br> POINT_Y 37,170878"},"styleUrl":"#icon-1633-4E342E","label-scale":0,"icon-opacity":1,"icon-color":"#4e342e","icon-scale":1,"icon":"https://www.gstatic.com/mapspro/images/stock/503-wht-blank_maps.png"}},{"type":"Feature","geometry":{"type":"Point","coordinates":[-3.598661,37.17122,0]},"properties":{"name":"ACERA DEL DARRO,CALLE,Nº 48","description":{"@type":"html","value":"Reserva Motocicletas <br><br> Distrito CENTRO <br> Barrio SAN MATIAS-REALEJO <br> Aparca Batería <br> Plazas 28 <br> Horario <br> POINT_X -3,598661 <br> POINT_Y 37,17122"},"styleUrl":"#icon-1633-4E342E","label-scale":0,"icon-opacity":1,"icon-color":"#4e342e","icon-scale":1,"icon":"https://www.gstatic.com/mapspro/images/stock/503-wht-blank_maps.png"}},{"type":"Feature","geometry":{"type":"Point","coordinates":[-3.598506,37.17098,0]},"properties":{"name":"ACERA DEL DARRO,CALLE,Nº 54","description":{"@type":"html","value":"Reserva Motocicletas <br><br> Distrito CENTRO <br> Barrio SAN MATIAS-REALEJO <br> Aparca Batería <br> Plazas 53 <br> Horario laborables de 11:00 a 8:00 <br> POINT_X -3,598506 <br> POINT_Y 37,17098"},"styleUrl":"#icon-1633-4E342E","label-scale":0,"icon-opacity":1,"icon-color":"#4e342e","icon-scale":1,"icon":"https://www.gstatic.com/mapspro/images/stock/503-wht-blank_maps.png"}},{"type":"Feature","geometry":{"type":"Point","coordinates":[-3.602514,37.182477,0]},"properties":{"name":"ACERA DEL TRIUNFO,CALLE,Nº 1","description":{"@type":"html","value":"Reserva Motocicletas <br><br> Distrito CENTRO <br> Barrio CENTRO-SAGRARIO <br> Aparca Línea <br> Plazas 9 <br> Horario <br> POINT_X -3,602514 <br> POINT_Y 37,182477"},"styleUrl":"#icon-1633-4E342E","label-scale":0,"icon-opacity":1,"icon-color":"#4e342e","icon-scale":1,"icon":"https://www.gstatic.com/mapspro/images/stock/503-wht-blank_maps.png"}},{"type":"Feature","geometry":{"type":"Point","coordinates":[-3.602685,37.182586,0]},"properties":{"name":"ACERA DEL TRIUNFO,CALLE,Nº 3","description":{"@type":"html","value":"Reserva Motocicletas <br><br> Distrito CENTRO <br> Barrio CENTRO-SAGRARIO <br> Aparca Línea <br> Plazas 33 <br> Horario <br> POINT_X -3,602685 <br> POINT_Y 37,182586"},"styleUrl":"#icon-1633-4E342E","label-scale":0,"icon-opacity":1,"icon-color":"#4e342e","icon-scale":1,"icon":"https://www.gstatic.com/mapspro/images/stock/503-wht-blank_maps.png"}},{"type":"Feature","geometry":{"type":"Point","coordinates":[-3.603103,37.182856,0]},"properties":{"name":"ACERA DEL TRIUNFO,CALLE,Nº 9","description":{"@type":"html","value":"Reserva Motocicletas <br><br> Distrito CENTRO <br> Barrio CENTRO-SAGRARIO <br> Aparca Batería <br> Plazas 40 <br> Horario laborables de 8:00 a 20:00 <br> POINT_X -3,603103 <br> POINT_Y 37,182856"},"styleUrl":"#icon-1633-4E342E","label-scale":0,"icon-opacity":1,"icon-color":"#4e342e","icon-scale":1,"icon":"https://www.gstatic.com/mapspro/images/stock/503-wht-blank_maps.png"}},{"type":"Feature","geometry":{"type":"Point","coordinates":[-3.593568,37.163185,0]},"properties":{"name":"AGUSTIN LARA,CALLE,Nº 22","description":{"@type":"html","value":"Reserva Motocicletas <br><br> Distrito ZAIDIN <br> Barrio ZAIDIN-VERGELES <br> Aparca Batería <br> Plazas 3 <br> Horario <br> POINT_X -3,593568 <br> POINT_Y 37,163185"},"styleUrl":"#icon-1633-4E342E","label-scale":0,"icon-opacity":1,"icon-color":"#4e342e","icon-scale":1,"icon":"https://www.gstatic.com/mapspro/images/stock/503-wht-blank_maps.png"}},{"type":"Feature","geometry":{"type":"Point","coordinates":[-3.578865,37.161947,0]},"properties":{"name":"AIXA LA HORRA,CALLE,Nº 8","description":{"@type":"html","value":"Reserva Motocicletas <br><br> Distrito GENIL <br> Barrio BOLA DE ORO <br> Aparca Batería <br> Plazas 7 <br> Horario <br> POINT_X -3,578865 <br> POINT_Y 37,161947"},"styleUrl":"#icon-1633-4E342E","label-scale":0,"icon-opacity":1,"icon-color":"#4e342e","icon-scale":1,"icon":"https://www.gstatic.com/mapspro/images/stock/503-wht-blank_maps.png"}},{"type":"Feature","geometry":{"type":"Point","coordinates":[-3.617889,37.183665,0]},"properties":{"name":"ALBONDON,CALLE,Nº 12","description":{"@type":"html","value":"Reserva Motocicletas <br><br> Distrito RONDA <br> Barrio ROSALEDA <br> Aparca Batería <br> Plazas 12 <br> Horario laborables de 8:00 a 20:00 <br> POINT_X -3,617889 <br> POINT_Y 37,183665"},"styleUrl":"#icon-1633-4E342E","label-scale":0,"icon-opacity":1,"icon-color":"#4e342e","icon-scale":1,"icon":"https://www.gstatic.com/mapspro/images/stock/503-wht-blank_maps.png"}},{"type":"Feature","geometry":{"type":"Point","coordinates":[-3.589023,37.164362,0]},"properties":{"name":"ALCALA DE HENARES,CALLE,Nº 1","description":{"@type":"html","value":"Reserva Motocicletas <br><br> Distrito GENIL <br> Barrio CERVANTES <br> Aparca Batería <br> Plazas 15 <br> Horario 8:00 A 20:00 <br> POINT_X -3,589023 <br> POINT_Y 37,164362"},"styleUrl":"#icon-1633-4E342E","label-scale":0,"icon-opacity":1,"icon-color":"#4e342e","icon-scale":1,"icon":"https://www.gstatic.com/mapspro/images/stock/503-wht-blank_maps.png"}},{"type":"Feature","geometry":{"type":"Point","coordinates":[-3.599639,37.169042,0]},"properties":{"name":"ALHAMAR,CALLE,Nº 2","description":{"@type":"html","value":"Reserva Motocicletas <br><br> Distrito CENTRO <br> Barrio SAN MATIAS-REALEJO <br> Aparca Batería <br> Plazas 12 <br> Horario <br> POINT_X -3,599639 <br> POINT_Y 37,169042"},"styleUrl":"#icon-1633-4E342E","label-scale":0,"icon-opacity":1,"icon-color":"#4e342e","icon-scale":1,"icon":"https://www.gstatic.com/mapspro/images/stock/503-wht-blank_maps.png"}},{"type":"Feature","geometry":{"type":"Point","coordinates":[-3.599638,37.16895,0]},"properties":{"name":"ALHAMAR,CALLE,Nº 3","description":{"@type":"html","value":"Reserva Motocicletas <br><br> Distrito CENTRO <br> Barrio SAN MATIAS-REALEJO <br> Aparca Batería <br> Plazas 12 <br> Horario <br> POINT_X -3,599638 <br> POINT_Y 37,16895"},"styleUrl":"#icon-1633-4E342E","label-scale":0,"icon-opacity":1,"icon-color":"#4e342e","icon-scale":1,"icon":"https://www.gstatic.com/mapspro/images/stock/503-wht-blank_maps.png"}},{"type":"Feature","geometry":{"type":"Point","coordinates":[-3.601449,37.175225,0]},"properties":{"name":"ALHONDIGA,CALLE,Nº 33","description":{"@type":"html","value":"Reserva Motocicletas <br><br> Distrito CENTRO <br> Barrio CENTRO-SAGRARIO <br> Aparca Batería <br> Plazas 14 <br> Horario laborables de 11:00 a 22:00 <br> POINT_X -3,601449 <br> POINT_Y 37,175225"},"styleUrl":"#icon-1633-4E342E","label-scale":0,"icon-opacity":1,"icon-color":"#4e342e","icon-scale":1,"icon":"https://www.gstatic.com/mapspro/images/stock/503-wht-blank_maps.png"}},{"type":"Feature","geometry":{"type":"Point","coordinates":[-3.601503,37.175308,0]},"properties":{"name":"ALHONDIGA,PLAZA,DE LA,Nº 4","description":{"@type":"html","value":"Reserva Motocicletas <br><br> Distrito CENTRO <br> Barrio CENTRO-SAGRARIO <br> Aparca Batería <br> Plazas 12 <br> Horario <br> POINT_X -3,601503 <br> POINT_Y 37,175308"},"styleUrl":"#icon-1633-4E342E","label-scale":0,"icon-opacity":1,"icon-color":"#4e342e","icon-scale":1,"icon":"https://www.gstatic.com/mapspro/images/stock/503-wht-blank_maps.png"}},{"type":"Feature","geometry":{"type":"Point","coordinates":[-3.597252,37.176734,0]},"properties":{"name":"ALMIRECEROS,CALLE,Nº 0","description":{"@type":"html","value":"Reserva Motocicletas <br><br> Distrito CENTRO <br> Barrio CENTRO-SAGRARIO <br> Aparca Batería <br> Plazas 12 <br> Horario <br> POINT_X -3,597252 <br> POINT_Y 37,176734"},"styleUrl":"#icon-1633-4E342E","label-scale":0,"icon-opacity":1,"icon-color":"#4e342e","icon-scale":1,"icon":"https://www.gstatic.com/mapspro/images/stock/503-wht-blank_maps.png"}},{"type":"Feature","geometry":{"type":"Point","coordinates":[-3.597864,37.176663,0]},"properties":{"name":"ALMIRECEROS,CALLE,Nº 1","description":{"@type":"html","value":"Reserva Motocicletas <br><br> Distrito CENTRO <br> Barrio CENTRO-SAGRARIO <br> Aparca Línea <br> Plazas 13 <br> Horario <br> POINT_X -3,597864 <br> POINT_Y 37,176663"},"styleUrl":"#icon-1633-4E342E","label-scale":0,"icon-opacity":1,"icon-color":"#4e342e","icon-scale":1,"icon":"https://www.gstatic.com/mapspro/images/stock/503-wht-blank_maps.png"}},{"type":"Feature","geometry":{"type":"Point","coordinates":[-3.597655,37.176715,0]},"properties":{"name":"ALMIRECEROS,CALLE,Nº 3","description":{"@type":"html","value":"Reserva Motocicletas <br><br> Distrito CENTRO <br> Barrio CENTRO-SAGRARIO <br> Aparca Línea <br> Plazas 36 <br> Horario de 14:00 a 8:00 <br> POINT_X -3,597655 <br> POINT_Y 37,176715"},"styleUrl":"#icon-1633-4E342E","label-scale":0,"icon-opacity":1,"icon-color":"#4e342e","icon-scale":1,"icon":"https://www.gstatic.com/mapspro/images/stock/503-wht-blank_maps.png"}},{"type":"Feature","geometry":{"type":"Point","coordinates":[-3.61381,37.185372,0]},"properties":{"name":"ALONDRA,CALLE,Nº 13","description":{"@type":"html","value":"Reserva Motocicletas <br><br> Distrito BEIRO <br> Barrio PAJARITOS <br> Aparca Batería <br> Plazas 8 <br> Horario <br> POINT_X -3,61381 <br> POINT_Y 37,185372"},"styleUrl":"#icon-1633-4E342E","label-scale":0,"icon-opacity":1,"icon-color":"#4e342e","icon-scale":1,"icon":"https://www.gstatic.com/mapspro/images/stock/503-wht-blank_maps.png"}},{"type":"Feature","geometry":{"type":"Point","coordinates":[-3.60433,37.185664,0]},"properties":{"name":"ALTILLO DE LAS ERAS,PLAZA,Nº 1","description":{"@type":"html","value":"Reserva Motocicletas <br><br> Distrito BEIRO <br> Barrio DOCTORES-S. LAZARO <br> Aparca Batería <br> Plazas 24 <br> Horario <br> POINT_X -3,60433 <br> POINT_Y 37,185664"},"styleUrl":"#icon-1633-4E342E","label-scale":0,"icon-opacity":1,"icon-color":"#4e342e","icon-scale":1,"icon":"https://www.gstatic.com/mapspro/images/stock/503-wht-blank_maps.png"}},{"type":"Feature","geometry":{"type":"Point","coordinates":[-3.604358,37.185635,0]},"properties":{"name":"ALTILLO DE LAS ERAS,PLAZA,Nº 1","description":{"@type":"html","value":"Reserva Motocicletas <br><br> Distrito BEIRO <br> Barrio DOCTORES-S. LAZARO <br> Aparca Batería <br> Plazas 24 <br> Horario <br> POINT_X -3,604358 <br> POINT_Y 37,185635"},"styleUrl":"#icon-1633-4E342E","label-scale":0,"icon-opacity":1,"icon-color":"#4e342e","icon-scale":1,"icon":"https://www.gstatic.com/mapspro/images/stock/503-wht-blank_maps.png"}},{"type":"Feature","geometry":{"type":"Point","coordinates":[-3.604363,37.185673,0]},"properties":{"name":"ALTILLO DE LAS ERAS,PLAZA,Nº 1","description":{"@type":"html","value":"Reserva Motocicletas <br><br> Distrito BEIRO <br> Barrio DOCTORES-S. LAZARO <br> Aparca Batería <br> Plazas 16 <br> Horario <br> POINT_X -3,604363 <br> POINT_Y 37,185673"},"styleUrl":"#icon-1633-4E342E","label-scale":0,"icon-opacity":1,"icon-color":"#4e342e","icon-scale":1,"icon":"https://www.gstatic.com/mapspro/images/stock/503-wht-blank_maps.png"}},{"type":"Feature","geometry":{"type":"Point","coordinates":[-3.604679,37.185874,0]},"properties":{"name":"ALTILLO DE LAS ERAS,PLAZA,Nº 4","description":{"@type":"html","value":"Reserva Motocicletas <br><br> Distrito BEIRO <br> Barrio DOCTORES-S. LAZARO <br> Aparca Batería <br> Plazas 26 <br> Horario <br> POINT_X -3,604679 <br> POINT_Y 37,185874"},"styleUrl":"#icon-1633-4E342E","label-scale":0,"icon-opacity":1,"icon-color":"#4e342e","icon-scale":1,"icon":"https://www.gstatic.com/mapspro/images/stock/503-wht-blank_maps.png"}},{"type":"Feature","geometry":{"type":"Point","coordinates":[-3.603118,37.186165,0]},"properties":{"name":"ANCHA DE CAPUCHINOS,CALLE,Nº 15","description":{"@type":"html","value":"Reserva Motocicletas <br><br> Distrito BEIRO <br> Barrio SAN ILDEFONSO <br> Aparca Batería <br> Plazas 17 <br> Horario <br> POINT_X -3,603118 <br> POINT_Y 37,186165"},"styleUrl":"#icon-1633-4E342E","label-scale":0,"icon-opacity":1,"icon-color":"#4e342e","icon-scale":1,"icon":"https://www.gstatic.com/mapspro/images/stock/503-wht-blank_maps.png"}},{"type":"Feature","geometry":{"type":"Point","coordinates":[-3.602311,37.185274,0]},"properties":{"name":"ANCHA DE CAPUCHINOS,CALLE,Nº 3","description":{"@type":"html","value":"Reserva Motocicletas <br><br> Distrito BEIRO <br> Barrio SAN ILDEFONSO <br> Aparca Batería <br> Plazas 8 <br> Horario <br> POINT_X -3,602311 <br> POINT_Y 37,185274"},"styleUrl":"#icon-1633-4E342E","label-scale":0,"icon-opacity":1,"icon-color":"#4e342e","icon-scale":1,"icon":"https://www.gstatic.com/mapspro/images/stock/503-wht-blank_maps.png"}},{"type":"Feature","geometry":{"type":"Point","coordinates":[-3.606201,37.171313,0]},"properties":{"name":"ANCHA DE GRACIA,CALLE,Nº 12","description":{"@type":"html","value":"Reserva Motocicletas <br><br> Distrito RONDA <br> Barrio CAMINO DE RONDA <br> Aparca Batería <br> Plazas 10 <br> Horario laborables de 8:00 a 20:00 <br> POINT_X -3,606201 <br> POINT_Y 37,171313"},"styleUrl":"#icon-1633-4E342E","label-scale":0,"icon-opacity":1,"icon-color":"#4e342e","icon-scale":1,"icon":"https://www.gstatic.com/mapspro/images/stock/503-wht-blank_maps.png"}},{"type":"Feature","geometry":{"type":"Point","coordinates":[-3.626252,37.194023,0]},"properties":{"name":"ANDALUCIA,AVENIDA,DE,Nº 101","description":{"@type":"html","value":"Reserva Motocicletas <br><br> Distrito CHANA <br> Barrio ANGUSTIAS - CHANA - ENCINA <br> Aparca Batería <br> Plazas 10 <br> Horario <br> POINT_X -3,626252 <br> POINT_Y 37,194023"},"styleUrl":"#icon-1633-4E342E","label-scale":0,"icon-opacity":1,"icon-color":"#4e342e","icon-scale":1,"icon":"https://www.gstatic.com/mapspro/images/stock/503-wht-blank_maps.png"}},{"type":"Feature","geometry":{"type":"Point","coordinates":[-3.613303,37.18895,0]},"properties":{"name":"ANDALUCIA,AVENIDA,DE,Nº 20","description":{"@type":"html","value":"Reserva Motocicletas <br><br> Distrito BEIRO <br> Barrio PAJARITOS <br> Aparca Batería <br> Plazas 24 <br> Horario <br> POINT_X -3,613303 <br> POINT_Y 37,18895"},"styleUrl":"#icon-1633-4E342E","label-scale":0,"icon-opacity":1,"icon-color":"#4e342e","icon-scale":1,"icon":"https://www.gstatic.com/mapspro/images/stock/503-wht-blank_maps.png"}},{"type":"Feature","geometry":{"type":"Point","coordinates":[-3.612352,37.195141,0]},"properties":{"name":"ANDANADA,CALLE,Nº 2","description":{"@type":"html","value":"Reserva Motocicletas <br><br> Distrito BEIRO <br> Barrio LA CRUZ <br> Aparca Línea <br> Plazas 3 <br> Horario <br> POINT_X -3,612352 <br> POINT_Y 37,195141"},"styleUrl":"#icon-1633-4E342E","label-scale":0,"icon-opacity":1,"icon-color":"#4e342e","icon-scale":1,"icon":"https://www.gstatic.com/mapspro/images/stock/503-wht-blank_maps.png"}},{"type":"Feature","geometry":{"type":"Point","coordinates":[-3.616771,37.209998,0]},"properties":{"name":"ANDUJAR,CALLE,Nº 11","description":{"@type":"html","value":"Reserva Motocicletas <br><br> Distrito NORTE <br> Barrio ALMANJAYAR <br> Aparca Batería <br> Plazas 33 <br> Horario <br> POINT_X -3,616771 <br> POINT_Y 37,209998"},"styleUrl":"#icon-1633-4E342E","label-scale":0,"icon-opacity":1,"icon-color":"#4e342e","icon-scale":1,"icon":"https://www.gstatic.com/mapspro/images/stock/503-wht-blank_maps.png"}},{"type":"Feature","geometry":{"type":"Point","coordinates":[-3.596736,37.165657,0]},"properties":{"name":"ANGEL,CALLEJON,DEL,Nº 11","description":{"@type":"html","value":"Reserva Motocicletas <br><br> Distrito GENIL <br> Barrio CERVANTES <br> Aparca Batería <br> Plazas 7 <br> Horario <br> POINT_X -3,596736 <br> POINT_Y 37,165657"},"styleUrl":"#icon-1633-4E342E","label-scale":0,"icon-opacity":1,"icon-color":"#4e342e","icon-scale":1,"icon":"https://www.gstatic.com/mapspro/images/stock/503-wht-blank_maps.png"}},{"type":"Feature","geometry":{"type":"Point","coordinates":[-3.596789,37.165731,0]},"properties":{"name":"ANGEL,CALLEJON,DEL,Nº 11","description":{"@type":"html","value":"Reserva Motocicletas <br><br> Distrito GENIL <br> Barrio CERVANTES <br> Aparca Batería <br> Plazas 5 <br> Horario <br> POINT_X -3,596789 <br> POINT_Y 37,165731"},"styleUrl":"#icon-1633-4E342E","label-scale":0,"icon-opacity":1,"icon-color":"#4e342e","icon-scale":1,"icon":"https://www.gstatic.com/mapspro/images/stock/503-wht-blank_maps.png"}},{"type":"Feature","geometry":{"type":"Point","coordinates":[-3.607656,37.170416,0]},"properties":{"name":"ARABIAL,CALLE,Nº 0","description":{"@type":"html","value":"Reserva Motocicletas <br><br> Distrito RONDA <br> Barrio CAMINO DE RONDA <br> Aparca Batería <br> Plazas 12 <br> Horario <br> POINT_X -3,607656 <br> POINT_Y 37,170416"},"styleUrl":"#icon-1633-4E342E","label-scale":0,"icon-opacity":1,"icon-color":"#4e342e","icon-scale":1,"icon":"https://www.gstatic.com/mapspro/images/stock/503-wht-blank_maps.png"}},{"type":"Feature","geometry":{"type":"Point","coordinates":[-3.606875,37.169137,0]},"properties":{"name":"ARABIAL,CALLE,Nº 0","description":{"@type":"html","value":"Reserva Motocicletas <br><br> Distrito RONDA <br> Barrio FIGARES <br> Aparca Batería <br> Plazas 30 <br> Horario laborables de 8:00 a 20:00 <br> POINT_X -3,606875 <br> POINT_Y 37,169137"},"styleUrl":"#icon-1633-4E342E","label-scale":0,"icon-opacity":1,"icon-color":"#4e342e","icon-scale":1,"icon":"https://www.gstatic.com/mapspro/images/stock/503-wht-blank_maps.png"}},{"type":"Feature","geometry":{"type":"Point","coordinates":[-3.608218,37.171328,0]},"properties":{"name":"ARABIAL,CALLE,Nº 0","description":{"@type":"html","value":"Reserva Motocicletas <br><br> Distrito RONDA <br> Barrio CAMINO DE RONDA <br> Aparca Batería <br> Plazas 14 <br> Horario <br> POINT_X -3,608218 <br> POINT_Y 37,171328"},"styleUrl":"#icon-1633-4E342E","label-scale":0,"icon-opacity":1,"icon-color":"#4e342e","icon-scale":1,"icon":"https://www.gstatic.com/mapspro/images/stock/503-wht-blank_maps.png"}},{"type":"Feature","geometry":{"type":"Point","coordinates":[-3.612619,37.178565,0]},"properties":{"name":"ARABIAL,CALLE,Nº 96","description":{"@type":"html","value":"Reserva Motocicletas <br><br> Distrito RONDA <br> Barrio CAMINO DE RONDA <br> Aparca Batería <br> Plazas 40 <br> Horario <br> POINT_X -3,612619 <br> POINT_Y 37,178565"},"styleUrl":"#icon-1633-4E342E","label-scale":0,"icon-opacity":1,"icon-color":"#4e342e","icon-scale":1,"icon":"https://www.gstatic.com/mapspro/images/stock/503-wht-blank_maps.png"}},{"type":"Feature","geometry":{"type":"Point","coordinates":[-3.608779,37.174255,0]},"properties":{"name":"ARABIAL,GLORIETA,DE,Nº 1","description":{"@type":"html","value":"Reserva Motocicletas <br><br> Distrito RONDA <br> Barrio CAMINO DE RONDA <br> Aparca <br> Plazas <br> Horario <br> POINT_X -3,608779 <br> POINT_Y 37,174255"},"styleUrl":"#icon-1633-4E342E","label-scale":0,"icon-opacity":1,"icon-color":"#4e342e","icon-scale":1,"icon":"https://www.gstatic.com/mapspro/images/stock/503-wht-blank_maps.png"}},{"type":"Feature","geometry":{"type":"Point","coordinates":[-3.609765,37.17415,0]},"properties":{"name":"ARABIAL,GLORIETA,DE,Nº 8","description":{"@type":"html","value":"Reserva Motocicletas <br><br> Distrito RONDA <br> Barrio CAMINO DE RONDA <br> Aparca Batería <br> Plazas 26 <br> Horario <br> POINT_X -3,609765 <br> POINT_Y 37,17415"},"styleUrl":"#icon-1633-4E342E","label-scale":0,"icon-opacity":1,"icon-color":"#4e342e","icon-scale":1,"icon":"https://www.gstatic.com/mapspro/images/stock/503-wht-blank_maps.png"}},{"type":"Feature","geometry":{"type":"Point","coordinates":[-3.597797,37.168174,0]},"properties":{"name":"ARENAS,CALLEJON,DE,Nº 7","description":{"@type":"html","value":"Reserva Motocicletas <br><br> Distrito CENTRO <br> Barrio SAN MATIAS-REALEJO <br> Aparca Batería <br> Plazas 20 <br> Horario laborables de 8:00 a 20:00 <br> POINT_X -3,597797 <br> POINT_Y 37,168174"},"styleUrl":"#icon-1633-4E342E","label-scale":0,"icon-opacity":1,"icon-color":"#4e342e","icon-scale":1,"icon":"https://www.gstatic.com/mapspro/images/stock/503-wht-blank_maps.png"}},{"type":"Feature","geometry":{"type":"Point","coordinates":[-3.60141,37.151345,0]},"properties":{"name":"BADEN POWELL,CALLE,Nº 0","description":{"@type":"html","value":"Reserva Motocicletas <br><br> Distrito ZAIDIN <br> Barrio ZAIDIN-VERGELES <br> Aparca Batería <br> Plazas 6 <br> Horario <br> POINT_X -3,60141 <br> POINT_Y 37,151345"},"styleUrl":"#icon-1633-4E342E","label-scale":0,"icon-opacity":1,"icon-color":"#4e342e","icon-scale":1,"icon":"https://www.gstatic.com/mapspro/images/stock/503-wht-blank_maps.png"}},{"type":"Feature","geometry":{"type":"Point","coordinates":[-3.599847,37.177585,0]},"properties":{"name":"BARATILLOS,CALLE,Nº 1","description":{"@type":"html","value":"Reserva Motocicletas <br><br> Distrito CENTRO <br> Barrio CENTRO-SAGRARIO <br> Aparca Batería <br> Plazas 20 <br> Horario <br> POINT_X -3,599847 <br> POINT_Y 37,177585"},"styleUrl":"#icon-1633-4E342E","label-scale":0,"icon-opacity":1,"icon-color":"#4e342e","icon-scale":1,"icon":"https://www.gstatic.com/mapspro/images/stock/503-wht-blank_maps.png"}},{"type":"Feature","geometry":{"type":"Point","coordinates":[-3.599879,37.177656,0]},"properties":{"name":"BARATILLOS,CALLE,Nº 2","description":{"@type":"html","value":"Reserva Motocicletas <br><br> Distrito CENTRO <br> Barrio CENTRO-SAGRARIO <br> Aparca Batería <br> Plazas 24 <br> Horario laborables de 10:00 a 6:00 <br> POINT_X -3,599879 <br> POINT_Y 37,177656"},"styleUrl":"#icon-1633-4E342E","label-scale":0,"icon-opacity":1,"icon-color":"#4e342e","icon-scale":1,"icon":"https://www.gstatic.com/mapspro/images/stock/503-wht-blank_maps.png"}},{"type":"Feature","geometry":{"type":"Point","coordinates":[-3.599952,37.177511,0]},"properties":{"name":"BARATILLOS,CALLE,Nº 4","description":{"@type":"html","value":"Reserva Motocicletas <br><br> Distrito CENTRO <br> Barrio CENTRO-SAGRARIO <br> Aparca Batería <br> Plazas 9 <br> Horario <br> POINT_X -3,599952 <br> POINT_Y 37,177511"},"styleUrl":"#icon-1633-4E342E","label-scale":0,"icon-opacity":1,"icon-color":"#4e342e","icon-scale":1,"icon":"https://www.gstatic.com/mapspro/images/stock/503-wht-blank_maps.png"}},{"type":"Feature","geometry":{"type":"Point","coordinates":[-3.593057,37.156598,0]},"properties":{"name":"BARON PIERRE DE COUBERTIN,PLAZA,Nº 0","description":{"@type":"html","value":"Reserva Motocicletas <br><br> Distrito GENIL <br> Barrio CASTAÑO MIRASIERRA <br> Aparca Batería <br> Plazas 33 <br> Horario <br> POINT_X -3,593057 <br> POINT_Y 37,156598"},"styleUrl":"#icon-1633-4E342E","label-scale":0,"icon-opacity":1,"icon-color":"#4e342e","icon-scale":1,"icon":"https://www.gstatic.com/mapspro/images/stock/503-wht-blank_maps.png"}},{"type":"Feature","geometry":{"type":"Point","coordinates":[-3.599428,37.185278,0]},"properties":{"name":"BARRICHUELO CARTUJA,CALLE,Nº 10","description":{"@type":"html","value":"Reserva Motocicletas <br><br> Distrito BEIRO <br> Barrio SAN ILDEFONSO <br> Aparca Batería <br> Plazas 4 <br> Horario <br> POINT_X -3,599428 <br> POINT_Y 37,185278"},"styleUrl":"#icon-1633-4E342E","label-scale":0,"icon-opacity":1,"icon-color":"#4e342e","icon-scale":1,"icon":"https://www.gstatic.com/mapspro/images/stock/503-wht-blank_maps.png"}},{"type":"Feature","geometry":{"type":"Point","coordinates":[-3.595145,37.168356,0]},"properties":{"name":"BASILIOS,PASEO,DE LOS,Nº 0","description":{"@type":"html","value":"Reserva Motocicletas <br><br> Distrito GENIL <br> Barrio CERVANTES <br> Aparca Batería <br> Plazas 12 <br> Horario laborables de 8:00 a 20:00 <br> POINT_X -3,595145 <br> POINT_Y 37,168356"},"styleUrl":"#icon-1633-4E342E","label-scale":0,"icon-opacity":1,"icon-color":"#4e342e","icon-scale":1,"icon":"https://www.gstatic.com/mapspro/images/stock/503-wht-blank_maps.png"}},{"type":"Feature","geometry":{"type":"Point","coordinates":[-3.595351,37.168251,0]},"properties":{"name":"BASILIOS,PASEO,DE LOS,Nº 0","description":{"@type":"html","value":"Reserva Motocicletas <br><br> Distrito GENIL <br> Barrio CERVANTES <br> Aparca Batería <br> Plazas 10 <br> Horario laborables de 8:00 a 20:00 <br> POINT_X -3,595351 <br> POINT_Y 37,168251"},"styleUrl":"#icon-1633-4E342E","label-scale":0,"icon-opacity":1,"icon-color":"#4e342e","icon-scale":1,"icon":"https://www.gstatic.com/mapspro/images/stock/503-wht-blank_maps.png"}},{"type":"Feature","geometry":{"type":"Point","coordinates":[-3.593008,37.16888,0]},"properties":{"name":"BASILIOS,PASEO,DE LOS,Nº 3","description":{"@type":"html","value":"Reserva Motocicletas <br><br> Distrito GENIL <br> Barrio CERVANTES <br> Aparca Línea <br> Plazas 6 <br> Horario <br> POINT_X -3,593008 <br> POINT_Y 37,16888"},"styleUrl":"#icon-1633-4E342E","label-scale":0,"icon-opacity":1,"icon-color":"#4e342e","icon-scale":1,"icon":"https://www.gstatic.com/mapspro/images/stock/503-wht-blank_maps.png"}},{"type":"Feature","geometry":{"type":"Point","coordinates":[-3.597643,37.17156,0]},"properties":{"name":"BIBATAUBIN,PLAZA,DE,Nº 0","description":{"@type":"html","value":"Reserva Motocicletas <br><br> Distrito CENTRO <br> Barrio SAN MATIAS-REALEJO <br> Aparca Línea <br> Plazas 24 <br> Horario de 8:00 a 20:00 <br> POINT_X -3,597643 <br> POINT_Y 37,17156"},"styleUrl":"#icon-1633-4E342E","label-scale":0,"icon-opacity":1,"icon-color":"#4e342e","icon-scale":1,"icon":"https://www.gstatic.com/mapspro/images/stock/503-wht-blank_maps.png"}},{"type":"Feature","geometry":{"type":"Point","coordinates":[-3.597743,37.171833,0]},"properties":{"name":"BIBATAUBIN,PLAZA,DE,Nº 1","description":{"@type":"html","value":"Reserva Motocicletas <br><br> Distrito CENTRO <br> Barrio SAN MATIAS-REALEJO <br> Aparca Batería <br> Plazas 30 <br> Horario de 8:00 a 20:00 <br> POINT_X -3,597743 <br> POINT_Y 37,171833"},"styleUrl":"#icon-1633-4E342E","label-scale":0,"icon-opacity":1,"icon-color":"#4e342e","icon-scale":1,"icon":"https://www.gstatic.com/mapspro/images/stock/503-wht-blank_maps.png"}},{"type":"Feature","geometry":{"type":"Point","coordinates":[-3.597807,37.171792,0]},"properties":{"name":"BIBATAUBIN,PLAZA,DE,Nº 1","description":{"@type":"html","value":"Reserva Motocicletas <br><br> Distrito CENTRO <br> Barrio SAN MATIAS-REALEJO <br> Aparca Batería <br> Plazas 20 <br> Horario <br> POINT_X -3,597807 <br> POINT_Y 37,171792"},"styleUrl":"#icon-1633-4E342E","label-scale":0,"icon-opacity":1,"icon-color":"#4e342e","icon-scale":1,"icon":"https://www.gstatic.com/mapspro/images/stock/503-wht-blank_maps.png"}},{"type":"Feature","geometry":{"type":"Point","coordinates":[-3.597589,37.17151,0]},"properties":{"name":"BIBATAUBIN,PLAZA,DE,Nº 2","description":{"@type":"html","value":"Reserva Motocicletas <br><br> Distrito CENTRO <br> Barrio SAN MATIAS-REALEJO <br> Aparca Batería <br> Plazas 25 <br> Horario <br> POINT_X -3,597589 <br> POINT_Y 37,17151"},"styleUrl":"#icon-1633-4E342E","label-scale":0,"icon-opacity":1,"icon-color":"#4e342e","icon-scale":1,"icon":"https://www.gstatic.com/mapspro/images/stock/503-wht-blank_maps.png"}},{"type":"Feature","geometry":{"type":"Point","coordinates":[-3.600409,37.179168,0]},"properties":{"name":"BOLSILLO DE SANTA PAULA,CALLE,Nº 1","description":{"@type":"html","value":"Reserva Motocicletas <br><br> Distrito CENTRO <br> Barrio CENTRO-SAGRARIO <br> Aparca Batería <br> Plazas 8 <br> Horario <br> POINT_X -3,600409 <br> POINT_Y 37,179168"},"styleUrl":"#icon-1633-4E342E","label-scale":0,"icon-opacity":1,"icon-color":"#4e342e","icon-scale":1,"icon":"https://www.gstatic.com/mapspro/images/stock/503-wht-blank_maps.png"}},{"type":"Feature","geometry":{"type":"Point","coordinates":[-3.600323,37.179136,0]},"properties":{"name":"BOLSILLO DE SANTA PAULA,CALLE,Nº 1","description":{"@type":"html","value":"Reserva Motocicletas <br><br> Distrito CENTRO <br> Barrio CENTRO-SAGRARIO <br> Aparca Batería <br> Plazas 8 <br> Horario <br> POINT_X -3,600323 <br> POINT_Y 37,179136"},"styleUrl":"#icon-1633-4E342E","label-scale":0,"icon-opacity":1,"icon-color":"#4e342e","icon-scale":1,"icon":"https://www.gstatic.com/mapspro/images/stock/503-wht-blank_maps.png"}},{"type":"Feature","geometry":{"type":"Point","coordinates":[-3.589562,37.168376,0]},"properties":{"name":"BOMBA,PASEO,DE LA,Nº 14","description":{"@type":"html","value":"Reserva Motocicletas <br><br> Distrito CENTRO <br> Barrio SAN MATIAS-REALEJO <br> Aparca Batería <br> Plazas 7 <br> Horario <br> POINT_X -3,589562 <br> POINT_Y 37,168376"},"styleUrl":"#icon-1633-4E342E","label-scale":0,"icon-opacity":1,"icon-color":"#4e342e","icon-scale":1,"icon":"https://www.gstatic.com/mapspro/images/stock/503-wht-blank_maps.png"}},{"type":"Feature","geometry":{"type":"Point","coordinates":[-3.589457,37.168327,0]},"properties":{"name":"BOMBA,PASEO,DE LA,Nº 15","description":{"@type":"html","value":"Reserva Motocicletas <br><br> Distrito CENTRO <br> Barrio SAN MATIAS-REALEJO <br> Aparca Batería <br> Plazas 4 <br> Horario <br> POINT_X -3,589457 <br> POINT_Y 37,168327"},"styleUrl":"#icon-1633-4E342E","label-scale":0,"icon-opacity":1,"icon-color":"#4e342e","icon-scale":1,"icon":"https://www.gstatic.com/mapspro/images/stock/503-wht-blank_maps.png"}},{"type":"Feature","geometry":{"type":"Point","coordinates":[-3.589254,37.168238,0]},"properties":{"name":"BOMBA,PASEO,DE LA,Nº 16","description":{"@type":"html","value":"Reserva Motocicletas <br><br> Distrito CENTRO <br> Barrio SAN MATIAS-REALEJO <br> Aparca Batería <br> Plazas 8 <br> Horario <br> POINT_X -3,589254 <br> POINT_Y 37,168238"},"styleUrl":"#icon-1633-4E342E","label-scale":0,"icon-opacity":1,"icon-color":"#4e342e","icon-scale":1,"icon":"https://www.gstatic.com/mapspro/images/stock/503-wht-blank_maps.png"}},{"type":"Feature","geometry":{"type":"Point","coordinates":[-3.592408,37.169675,0]},"properties":{"name":"BOMBA,PASEO,DE LA,Nº 5","description":{"@type":"html","value":"Reserva Motocicletas <br><br> Distrito CENTRO <br> Barrio SAN MATIAS-REALEJO <br> Aparca Batería <br> Plazas 46 <br> Horario <br> POINT_X -3,592408 <br> POINT_Y 37,169675"},"styleUrl":"#icon-1633-4E342E","label-scale":0,"icon-opacity":1,"icon-color":"#4e342e","icon-scale":1,"icon":"https://www.gstatic.com/mapspro/images/stock/503-wht-blank_maps.png"}},{"type":"Feature","geometry":{"type":"Point","coordinates":[-3.591004,37.169035,0]},"properties":{"name":"BOMBA,PASEO,DE LA,Nº 9","description":{"@type":"html","value":"Reserva Motocicletas <br><br> Distrito CENTRO <br> Barrio SAN MATIAS-REALEJO <br> Aparca Batería <br> Plazas 5 <br> Horario <br> POINT_X -3,591004 <br> POINT_Y 37,169035"},"styleUrl":"#icon-1633-4E342E","label-scale":0,"icon-opacity":1,"icon-color":"#4e342e","icon-scale":1,"icon":"https://www.gstatic.com/mapspro/images/stock/503-wht-blank_maps.png"}},{"type":"Feature","geometry":{"type":"Point","coordinates":[-3.60265,37.175365,0]},"properties":{"name":"BUENSUCESO,CALLE,Nº 12","description":{"@type":"html","value":"Reserva Motocicletas <br><br> Distrito CENTRO <br> Barrio CENTRO-SAGRARIO <br> Aparca Batería <br> Plazas 18 <br> Horario de 8:00 a 20:00 <br> POINT_X -3,60265 <br> POINT_Y 37,175365"},"styleUrl":"#icon-1633-4E342E","label-scale":0,"icon-opacity":1,"icon-color":"#4e342e","icon-scale":1,"icon":"https://www.gstatic.com/mapspro/images/stock/503-wht-blank_maps.png"}},{"type":"Feature","geometry":{"type":"Point","coordinates":[-3.600094,37.160117,0]},"properties":{"name":"CADIZ,AVENIDA,DE,Nº 1","description":{"@type":"html","value":"Reserva Motocicletas <br><br> Distrito ZAIDIN <br> Barrio ZAIDIN-VERGELES <br> Aparca Batería <br> Plazas 12 <br> Horario <br> POINT_X -3,600094 <br> POINT_Y 37,160117"},"styleUrl":"#icon-1633-4E342E","label-scale":0,"icon-opacity":1,"icon-color":"#4e342e","icon-scale":1,"icon":"https://www.gstatic.com/mapspro/images/stock/503-wht-blank_maps.png"}},{"type":"Feature","geometry":{"type":"Point","coordinates":[-3.603882,37.189202,0]},"properties":{"name":"CALLE SIN ASIGNAR,Nº 0","description":{"@type":"html","value":"Reserva Motocicletas <br><br> Distrito BEIRO <br> Barrio CERCADO BAJO DE CARTUJA <br> Aparca Batería <br> Plazas 8 <br> Horario laborables de 8:00 a 20:00 <br> POINT_X -3,603882 <br> POINT_Y 37,189202"},"styleUrl":"#icon-1633-4E342E","label-scale":0,"icon-opacity":1,"icon-color":"#4e342e","icon-scale":1,"icon":"https://www.gstatic.com/mapspro/images/stock/503-wht-blank_maps.png"}},{"type":"Feature","geometry":{"type":"Point","coordinates":[-3.597088,37.171675,0]},"properties":{"name":"CAMPILLO BAJO,PLAZA,DEL,Nº 12","description":{"@type":"html","value":"Reserva Motocicletas <br><br> Distrito CENTRO <br> Barrio SAN MATIAS-REALEJO <br> Aparca <br> Plazas <br> Horario <br> POINT_X -3,597088 <br> POINT_Y 37,171675"},"styleUrl":"#icon-1633-4E342E","label-scale":0,"icon-opacity":1,"icon-color":"#4e342e","icon-scale":1,"icon":"https://www.gstatic.com/mapspro/images/stock/503-wht-blank_maps.png"}},{"type":"Feature","geometry":{"type":"Point","coordinates":[-3.598226,37.172382,0]},"properties":{"name":"CAMPILLO,PLAZA,DEL,Nº 1","description":{"@type":"html","value":"Reserva Motocicletas <br><br> Distrito CENTRO <br> Barrio SAN MATIAS-REALEJO <br> Aparca Batería <br> Plazas 20 <br> Horario <br> POINT_X -3,598226 <br> POINT_Y 37,172382"},"styleUrl":"#icon-1633-4E342E","label-scale":0,"icon-opacity":1,"icon-color":"#4e342e","icon-scale":1,"icon":"https://www.gstatic.com/mapspro/images/stock/503-wht-blank_maps.png"}},{"type":"Feature","geometry":{"type":"Point","coordinates":[-3.598225,37.17261,0]},"properties":{"name":"CAMPILLO,PLAZA,DEL,Nº 2","description":{"@type":"html","value":"Reserva Motocicletas <br><br> Distrito CENTRO <br> Barrio SAN MATIAS-REALEJO <br> Aparca Batería <br> Plazas 84 <br> Horario <br> POINT_X -3,598225 <br> POINT_Y 37,17261"},"styleUrl":"#icon-1633-4E342E","label-scale":0,"icon-opacity":1,"icon-color":"#4e342e","icon-scale":1,"icon":"https://www.gstatic.com/mapspro/images/stock/503-wht-blank_maps.png"}},{"type":"Feature","geometry":{"type":"Point","coordinates":[-3.59805,37.172327,0]},"properties":{"name":"CAMPILLO,PLAZA,DEL,Nº 5","description":{"@type":"html","value":"Reserva Motocicletas <br><br> Distrito CENTRO <br> Barrio SAN MATIAS-REALEJO <br> Aparca Batería <br> Plazas 20 <br> Horario <br> POINT_X -3,59805 <br> POINT_Y 37,172327"},"styleUrl":"#icon-1633-4E342E","label-scale":0,"icon-opacity":1,"icon-color":"#4e342e","icon-scale":1,"icon":"https://www.gstatic.com/mapspro/images/stock/503-wht-blank_maps.png"}},{"type":"Feature","geometry":{"type":"Point","coordinates":[-3.591665,37.173213,0]},"properties":{"name":"CAMPO DEL PRINCIPE,PLAZA,Nº 0","description":{"@type":"html","value":"Reserva Motocicletas <br><br> Distrito CENTRO <br> Barrio SAN MATIAS-REALEJO <br> Aparca Batería <br> Plazas 5 <br> Horario <br> POINT_X -3,591665 <br> POINT_Y 37,173213"},"styleUrl":"#icon-1633-4E342E","label-scale":0,"icon-opacity":1,"icon-color":"#4e342e","icon-scale":1,"icon":"https://www.gstatic.com/mapspro/images/stock/503-wht-blank_maps.png"}},{"type":"Feature","geometry":{"type":"Point","coordinates":[-3.591553,37.173205,0]},"properties":{"name":"CAMPO DEL PRINCIPE,PLAZA,Nº 0","description":{"@type":"html","value":"Reserva Motocicletas <br><br> Distrito CENTRO <br> Barrio SAN MATIAS-REALEJO <br> Aparca Batería <br> Plazas 13 <br> Horario laborables de 8:00 a 20:00 <br> POINT_X -3,591553 <br> POINT_Y 37,173205"},"styleUrl":"#icon-1633-4E342E","label-scale":0,"icon-opacity":1,"icon-color":"#4e342e","icon-scale":1,"icon":"https://www.gstatic.com/mapspro/images/stock/503-wht-blank_maps.png"}},{"type":"Feature","geometry":{"type":"Point","coordinates":[-3.591525,37.172888,0]},"properties":{"name":"CAMPO DEL PRINCIPE,PLAZA,Nº 11","description":{"@type":"html","value":"Reserva Motocicletas <br><br> Distrito CENTRO <br> Barrio SAN MATIAS-REALEJO <br> Aparca Batería <br> Plazas 20 <br> Horario laborables de 8:00 a 20:00 <br> POINT_X -3,591525 <br> POINT_Y 37,172888"},"styleUrl":"#icon-1633-4E342E","label-scale":0,"icon-opacity":1,"icon-color":"#4e342e","icon-scale":1,"icon":"https://www.gstatic.com/mapspro/images/stock/503-wht-blank_maps.png"}},{"type":"Feature","geometry":{"type":"Point","coordinates":[-3.591687,37.172703,0]},"properties":{"name":"CAMPO DEL PRINCIPE,PLAZA,Nº 12","description":{"@type":"html","value":"Reserva Motocicletas <br><br> Distrito CENTRO <br> Barrio SAN MATIAS-REALEJO <br> Aparca Batería <br> Plazas 6 <br> Horario laborables de 8:00 a 20:00 <br> POINT_X -3,591687 <br> POINT_Y 37,172703"},"styleUrl":"#icon-1633-4E342E","label-scale":0,"icon-opacity":1,"icon-color":"#4e342e","icon-scale":1,"icon":"https://www.gstatic.com/mapspro/images/stock/503-wht-blank_maps.png"}},{"type":"Feature","geometry":{"type":"Point","coordinates":[-3.591745,37.172656,0]},"properties":{"name":"CAMPO DEL PRINCIPE,PLAZA,Nº 12","description":{"@type":"html","value":"Reserva Motocicletas <br><br> Distrito CENTRO <br> Barrio SAN MATIAS-REALEJO <br> Aparca Batería <br> Plazas 6 <br> Horario laborables de 8:00 a 20:00 <br> POINT_X -3,591745 <br> POINT_Y 37,172656"},"styleUrl":"#icon-1633-4E342E","label-scale":0,"icon-opacity":1,"icon-color":"#4e342e","icon-scale":1,"icon":"https://www.gstatic.com/mapspro/images/stock/503-wht-blank_maps.png"}},{"type":"Feature","geometry":{"type":"Point","coordinates":[-3.595736,37.172208,0]},"properties":{"name":"CAMPOS,PLAZA,DE LOS,Nº 4","description":{"@type":"html","value":"Reserva Motocicletas <br><br> Distrito CENTRO <br> Barrio SAN MATIAS-REALEJO <br> Aparca Batería <br> Plazas 17 <br> Horario laborables de 11:00 a 20:00 <br> POINT_X -3,595736 <br> POINT_Y 37,172208"},"styleUrl":"#icon-1633-4E342E","label-scale":0,"icon-opacity":1,"icon-color":"#4e342e","icon-scale":1,"icon":"https://www.gstatic.com/mapspro/images/stock/503-wht-blank_maps.png"}},{"type":"Feature","geometry":{"type":"Point","coordinates":[-3.595702,37.172094,0]},"properties":{"name":"CAMPOS,PLAZA,DE LOS,Nº 5","description":{"@type":"html","value":"Reserva Motocicletas <br><br> Distrito CENTRO <br> Barrio SAN MATIAS-REALEJO <br> Aparca Batería <br> Plazas 8 <br> Horario <br> POINT_X -3,595702 <br> POINT_Y 37,172094"},"styleUrl":"#icon-1633-4E342E","label-scale":0,"icon-opacity":1,"icon-color":"#4e342e","icon-scale":1,"icon":"https://www.gstatic.com/mapspro/images/stock/503-wht-blank_maps.png"}},{"type":"Feature","geometry":{"type":"Point","coordinates":[-3.59601,37.177668,0]},"properties":{"name":"CARCEL ALTA,CALLE,Nº 7","description":{"@type":"html","value":"Reserva Motocicletas <br><br> Distrito ALBAICIN <br> Barrio ALBAICIN <br> Aparca Batería <br> Plazas 12 <br> Horario de 8:00 a 20:00 <br> POINT_X -3,59601 <br> POINT_Y 37,177668"},"styleUrl":"#icon-1633-4E342E","label-scale":0,"icon-opacity":1,"icon-color":"#4e342e","icon-scale":1,"icon":"https://www.gstatic.com/mapspro/images/stock/503-wht-blank_maps.png"}},{"type":"Feature","geometry":{"type":"Point","coordinates":[-3.603709,37.174463,0]},"properties":{"name":"CARLOS PAREJA,CALLE,Nº 1","description":{"@type":"html","value":"Reserva Motocicletas <br><br> Distrito CENTRO <br> Barrio CENTRO-SAGRARIO <br> Aparca Batería <br> Plazas 12 <br> Horario laborables de 8:00 a 20:00 <br> POINT_X -3,603709 <br> POINT_Y 37,174463"},"styleUrl":"#icon-1633-4E342E","label-scale":0,"icon-opacity":1,"icon-color":"#4e342e","icon-scale":1,"icon":"https://www.gstatic.com/mapspro/images/stock/503-wht-blank_maps.png"}},{"type":"Feature","geometry":{"type":"Point","coordinates":[-3.597908,37.171581,0]},"properties":{"name":"CARRERA DE LA VIRGEN,CALLE,Nº 0","description":{"@type":"html","value":"Reserva Motocicletas <br><br> Distrito CENTRO <br> Barrio SAN MATIAS-REALEJO <br> Aparca Batería <br> Plazas 29 <br> Horario lab. de 11:00 a 15:00 y de 18:00 a 8:00 <br> POINT_X -3,597908 <br> POINT_Y 37,171581"},"styleUrl":"#icon-1633-4E342E","label-scale":0,"icon-opacity":1,"icon-color":"#4e342e","icon-scale":1,"icon":"https://www.gstatic.com/mapspro/images/stock/503-wht-blank_maps.png"}},{"type":"Feature","geometry":{"type":"Point","coordinates":[-3.596179,37.169884,0]},"properties":{"name":"CARRERA DE LA VIRGEN,CALLE,Nº 31","description":{"@type":"html","value":"Reserva Motocicletas <br><br> Distrito CENTRO <br> Barrio SAN MATIAS-REALEJO <br> Aparca Batería <br> Plazas 40 <br> Horario laborables de 11:00 a 8:00 <br> POINT_X -3,596179 <br> POINT_Y 37,169884"},"styleUrl":"#icon-1633-4E342E","label-scale":0,"icon-opacity":1,"icon-color":"#4e342e","icon-scale":1,"icon":"https://www.gstatic.com/mapspro/images/stock/503-wht-blank_maps.png"}},{"type":"Feature","geometry":{"type":"Point","coordinates":[-3.593798,37.170058,0]},"properties":{"name":"CARRETAS,PLAZA,DE,Nº 1","description":{"@type":"html","value":"Reserva Motocicletas <br><br> Distrito CENTRO <br> Barrio SAN MATIAS-REALEJO <br> Aparca Batería <br> Plazas 17 <br> Horario <br> POINT_X -3,593798 <br> POINT_Y 37,170058"},"styleUrl":"#icon-1633-4E342E","label-scale":0,"icon-opacity":1,"icon-color":"#4e342e","icon-scale":1,"icon":"https://www.gstatic.com/mapspro/images/stock/503-wht-blank_maps.png"}},{"type":"Feature","geometry":{"type":"Point","coordinates":[-3.605845,37.173881,0]},"properties":{"name":"CASILLAS DE PRATS,CALLE,Nº 16","description":{"@type":"html","value":"Reserva Motocicletas <br><br> Distrito CENTRO <br> Barrio CENTRO-SAGRARIO <br> Aparca Batería <br> Plazas 26 <br> Horario laborables de 8:00 a 20:00 <br> POINT_X -3,605845 <br> POINT_Y 37,173881"},"styleUrl":"#icon-1633-4E342E","label-scale":0,"icon-opacity":1,"icon-color":"#4e342e","icon-scale":1,"icon":"https://www.gstatic.com/mapspro/images/stock/503-wht-blank_maps.png"}},{"type":"Feature","geometry":{"type":"Point","coordinates":[-3.606957,37.170313,0]},"properties":{"name":"CATAMARCA,CALLE,Nº 1","description":{"@type":"html","value":"Reserva Motocicletas <br><br> Distrito RONDA <br> Barrio FIGARES <br> Aparca Batería <br> Plazas 21 <br> Horario laborables de 8:00 a 22:00 <br> POINT_X -3,606957 <br> POINT_Y 37,170313"},"styleUrl":"#icon-1633-4E342E","label-scale":0,"icon-opacity":1,"icon-color":"#4e342e","icon-scale":1,"icon":"https://www.gstatic.com/mapspro/images/stock/503-wht-blank_maps.png"}},{"type":"Feature","geometry":{"type":"Point","coordinates":[-3.600011,37.180638,0]},"properties":{"name":"CEDRAN,CALLE,Nº 1","description":{"@type":"html","value":"Reserva Motocicletas <br><br> Distrito CENTRO <br> Barrio CENTRO-SAGRARIO <br> Aparca <br> Plazas <br> Horario <br> POINT_X -3,600011 <br> POINT_Y 37,180638"},"styleUrl":"#icon-1633-4E342E","label-scale":0,"icon-opacity":1,"icon-color":"#4e342e","icon-scale":1,"icon":"https://www.gstatic.com/mapspro/images/stock/503-wht-blank_maps.png"}},{"type":"Feature","geometry":{"type":"Point","coordinates":[-3.599797,37.180679,0]},"properties":{"name":"CEDRAN,CALLE,Nº 2","description":{"@type":"html","value":"Reserva Motocicletas <br><br> Distrito CENTRO <br> Barrio CENTRO-SAGRARIO <br> Aparca <br> Plazas <br> Horario <br> POINT_X -3,599797 <br> POINT_Y 37,180679"},"styleUrl":"#icon-1633-4E342E","label-scale":0,"icon-opacity":1,"icon-color":"#4e342e","icon-scale":1,"icon":"https://www.gstatic.com/mapspro/images/stock/503-wht-blank_maps.png"}},{"type":"Feature","geometry":{"type":"Point","coordinates":[-3.592886,37.181656,0]},"properties":{"name":"CEMENTERIO DE SAN NICOLAS,PLAZA,Nº 5","description":{"@type":"html","value":"Reserva Motocicletas <br><br> Distrito ALBAICIN <br> Barrio ALBAICIN <br> Aparca <br> Plazas <br> Horario <br> POINT_X -3,592886 <br> POINT_Y 37,181656"},"styleUrl":"#icon-1633-4E342E","label-scale":0,"icon-opacity":1,"icon-color":"#4e342e","icon-scale":1,"icon":"https://www.gstatic.com/mapspro/images/stock/503-wht-blank_maps.png"}},{"type":"Feature","geometry":{"type":"Point","coordinates":[-3.605668,37.190262,0]},"properties":{"name":"CIUDAD DE LOS CARMENES,PLAZA,DE LA,Nº 1","description":{"@type":"html","value":"Reserva Motocicletas <br><br> Distrito BEIRO <br> Barrio CERCADO BAJO DE CARTUJA <br> Aparca <br> Plazas <br> Horario <br> POINT_X -3,605668 <br> POINT_Y 37,190262"},"styleUrl":"#icon-1633-4E342E","label-scale":0,"icon-opacity":1,"icon-color":"#4e342e","icon-scale":1,"icon":"https://www.gstatic.com/mapspro/images/stock/503-wht-blank_maps.png"}},{"type":"Feature","geometry":{"type":"Point","coordinates":[-3.600275,37.147619,0]},"properties":{"name":"CONOCIMIENTO,AVENIDA,DEL,Nº 0","description":{"@type":"html","value":"Reserva Motocicletas <br><br> Distrito ZAIDIN <br> Barrio ZAIDIN-VERGELES <br> Aparca Batería <br> Plazas 9 <br> Horario <br> POINT_X -3,600275 <br> POINT_Y 37,147619"},"styleUrl":"#icon-1633-4E342E","label-scale":0,"icon-opacity":1,"icon-color":"#4e342e","icon-scale":1,"icon":"https://www.gstatic.com/mapspro/images/stock/503-wht-blank_maps.png"}},{"type":"Feature","geometry":{"type":"Point","coordinates":[-3.605979,37.145032,0]},"properties":{"name":"CONOCIMIENTO,AVENIDA,DEL,Nº 0","description":{"@type":"html","value":"Reserva Motocicletas <br><br> Distrito ZAIDIN <br> Barrio ZAIDIN-VERGELES <br> Aparca Batería <br> Plazas 13 <br> Horario laborables de 8:00 a 20:00 <br> POINT_X -3,605979 <br> POINT_Y 37,145032"},"styleUrl":"#icon-1633-4E342E","label-scale":0,"icon-opacity":1,"icon-color":"#4e342e","icon-scale":1,"icon":"https://www.gstatic.com/mapspro/images/stock/503-wht-blank_maps.png"}},{"type":"Feature","geometry":{"type":"Point","coordinates":[-3.595141,37.171458,0]},"properties":{"name":"CUARTO REAL DE SANTO DOMINGO,CALLE,Nº 2","description":{"@type":"html","value":"Reserva Motocicletas <br><br> Distrito CENTRO <br> Barrio SAN MATIAS-REALEJO <br> Aparca Batería <br> Plazas 21 <br> Horario <br> POINT_X -3,595141 <br> POINT_Y 37,171458"},"styleUrl":"#icon-1633-4E342E","label-scale":0,"icon-opacity":1,"icon-color":"#4e342e","icon-scale":1,"icon":"https://www.gstatic.com/mapspro/images/stock/503-wht-blank_maps.png"}},{"type":"Feature","geometry":{"type":"Point","coordinates":[-3.596286,37.176405,0]},"properties":{"name":"CUCHILLEROS,PLAZA,DE,Nº 1","description":{"@type":"html","value":"Reserva Motocicletas <br><br> Distrito CENTRO <br> Barrio SAN MATIAS-REALEJO <br> Aparca Batería <br> Plazas 10 <br> Horario laborables de 8:00 a 20:00 <br> POINT_X -3,596286 <br> POINT_Y 37,176405"},"styleUrl":"#icon-1633-4E342E","label-scale":0,"icon-opacity":1,"icon-color":"#4e342e","icon-scale":1,"icon":"https://www.gstatic.com/mapspro/images/stock/503-wht-blank_maps.png"}},{"type":"Feature","geometry":{"type":"Point","coordinates":[-3.596348,37.176267,0]},"properties":{"name":"CUCHILLEROS,PLAZA,DE,Nº 14","description":{"@type":"html","value":"Reserva Motocicletas <br><br> Distrito CENTRO <br> Barrio SAN MATIAS-REALEJO <br> Aparca Batería <br> Plazas 15 <br> Horario laborables de 8:00 a 20:00 <br> POINT_X -3,596348 <br> POINT_Y 37,176267"},"styleUrl":"#icon-1633-4E342E","label-scale":0,"icon-opacity":1,"icon-color":"#4e342e","icon-scale":1,"icon":"https://www.gstatic.com/mapspro/images/stock/503-wht-blank_maps.png"}},{"type":"Feature","geometry":{"type":"Point","coordinates":[-3.595913,37.176325,0]},"properties":{"name":"CUCHILLEROS,PLAZA,DE,Nº 5","description":{"@type":"html","value":"Reserva Motocicletas <br><br> Distrito CENTRO <br> Barrio SAN MATIAS-REALEJO <br> Aparca Batería <br> Plazas 9 <br> Horario <br> POINT_X -3,595913 <br> POINT_Y 37,176325"},"styleUrl":"#icon-1633-4E342E","label-scale":0,"icon-opacity":1,"icon-color":"#4e342e","icon-scale":1,"icon":"https://www.gstatic.com/mapspro/images/stock/503-wht-blank_maps.png"}},{"type":"Feature","geometry":{"type":"Point","coordinates":[-3.620135,37.18864,0]},"properties":{"name":"DELFIN,CALLE,Nº 1","description":{"@type":"html","value":"Reserva Motocicletas <br><br> Distrito CHANA <br> Barrio ANGUSTIAS - CHANA - ENCINA <br> Aparca Batería <br> Plazas 5 <br> Horario <br> POINT_X -3,620135 <br> POINT_Y 37,18864"},"styleUrl":"#icon-1633-4E342E","label-scale":0,"icon-opacity":1,"icon-color":"#4e342e","icon-scale":1,"icon":"https://www.gstatic.com/mapspro/images/stock/503-wht-blank_maps.png"}},{"type":"Feature","geometry":{"type":"Point","coordinates":[-3.597018,37.175133,0]},"properties":{"name":"DESCALZAS,PLAZA,DE LAS,Nº 2","description":{"@type":"html","value":"Reserva Motocicletas <br><br> Distrito CENTRO <br> Barrio SAN MATIAS-REALEJO <br> Aparca Batería <br> Plazas 53 <br> Horario <br> POINT_X -3,597018 <br> POINT_Y 37,175133"},"styleUrl":"#icon-1633-4E342E","label-scale":0,"icon-opacity":1,"icon-color":"#4e342e","icon-scale":1,"icon":"https://www.gstatic.com/mapspro/images/stock/503-wht-blank_maps.png"}},{"type":"Feature","geometry":{"type":"Point","coordinates":[-3.600936,37.152262,0]},"properties":{"name":"DILAR,AVENIDA,DE,Nº 113","description":{"@type":"html","value":"Reserva Motocicletas <br><br> Distrito ZAIDIN <br> Barrio ZAIDIN-VERGELES <br> Aparca Batería <br> Plazas 5 <br> Horario de 8:00 a 20:00 <br> POINT_X -3,600936 <br> POINT_Y 37,152262"},"styleUrl":"#icon-1633-4E342E","label-scale":0,"icon-opacity":1,"icon-color":"#4e342e","icon-scale":1,"icon":"https://www.gstatic.com/mapspro/images/stock/503-wht-blank_maps.png"}},{"type":"Feature","geometry":{"type":"Point","coordinates":[-3.601685,37.150184,0]},"properties":{"name":"DILAR,AVENIDA,DE,Nº 138","description":{"@type":"html","value":"Reserva Motocicletas <br><br> Distrito ZAIDIN <br> Barrio ZAIDIN-VERGELES <br> Aparca Batería <br> Plazas 7 <br> Horario laborables de 8:00 a 20:00 <br> POINT_X -3,601685 <br> POINT_Y 37,150184"},"styleUrl":"#icon-1633-4E342E","label-scale":0,"icon-opacity":1,"icon-color":"#4e342e","icon-scale":1,"icon":"https://www.gstatic.com/mapspro/images/stock/503-wht-blank_maps.png"}},{"type":"Feature","geometry":{"type":"Point","coordinates":[-3.600044,37.158114,0]},"properties":{"name":"DILAR,AVENIDA,DE,Nº 28","description":{"@type":"html","value":"Reserva Motocicletas <br><br> Distrito ZAIDIN <br> Barrio ZAIDIN-VERGELES <br> Aparca Batería <br> Plazas 24 <br> Horario <br> POINT_X -3,600044 <br> POINT_Y 37,158114"},"styleUrl":"#icon-1633-4E342E","label-scale":0,"icon-opacity":1,"icon-color":"#4e342e","icon-scale":1,"icon":"https://www.gstatic.com/mapspro/images/stock/503-wht-blank_maps.png"}},{"type":"Feature","geometry":{"type":"Point","coordinates":[-3.600446,37.156409,0]},"properties":{"name":"DILAR,AVENIDA,DE,Nº 52","description":{"@type":"html","value":"Reserva Motocicletas <br><br> Distrito ZAIDIN <br> Barrio ZAIDIN-VERGELES <br> Aparca Batería <br> Plazas 6 <br> Horario <br> POINT_X -3,600446 <br> POINT_Y 37,156409"},"styleUrl":"#icon-1633-4E342E","label-scale":0,"icon-opacity":1,"icon-color":"#4e342e","icon-scale":1,"icon":"https://www.gstatic.com/mapspro/images/stock/503-wht-blank_maps.png"}},{"type":"Feature","geometry":{"type":"Point","coordinates":[-3.600692,37.155811,0]},"properties":{"name":"DILAR,AVENIDA,DE,Nº 58","description":{"@type":"html","value":"Reserva Motocicletas <br><br> Distrito ZAIDIN <br> Barrio ZAIDIN-VERGELES <br> Aparca Batería <br> Plazas 14 <br> Horario <br> POINT_X -3,600692 <br> POINT_Y 37,155811"},"styleUrl":"#icon-1633-4E342E","label-scale":0,"icon-opacity":1,"icon-color":"#4e342e","icon-scale":1,"icon":"https://www.gstatic.com/mapspro/images/stock/503-wht-blank_maps.png"}},{"type":"Feature","geometry":{"type":"Point","coordinates":[-3.603113,37.18388,0]},"properties":{"name":"DIVINA PASTORA,AVENIDA,Nº 0","description":{"@type":"html","value":"Reserva Motocicletas <br><br> Distrito BEIRO <br> Barrio SAN ILDEFONSO <br> Aparca Batería <br> Plazas 24 <br> Horario <br> POINT_X -3,603113 <br> POINT_Y 37,18388"},"styleUrl":"#icon-1633-4E342E","label-scale":0,"icon-opacity":1,"icon-color":"#4e342e","icon-scale":1,"icon":"https://www.gstatic.com/mapspro/images/stock/503-wht-blank_maps.png"}},{"type":"Feature","geometry":{"type":"Point","coordinates":[-3.608395,37.188604,0]},"properties":{"name":"DOCTOR AZPITARTE,CALLE,Nº 2","description":{"@type":"html","value":"Reserva Motocicletas <br><br> Distrito BEIRO <br> Barrio DOCTORES-S. LAZARO <br> Aparca Batería <br> Plazas 33 <br> Horario <br> POINT_X -3,608395 <br> POINT_Y 37,188604"},"styleUrl":"#icon-1633-4E342E","label-scale":0,"icon-opacity":1,"icon-color":"#4e342e","icon-scale":1,"icon":"https://www.gstatic.com/mapspro/images/stock/503-wht-blank_maps.png"}},{"type":"Feature","geometry":{"type":"Point","coordinates":[-3.608645,37.188596,0]},"properties":{"name":"DOCTOR AZPITARTE,CALLE,Nº 2","description":{"@type":"html","value":"Reserva Motocicletas <br><br> Distrito BEIRO <br> Barrio DOCTORES-S. LAZARO <br> Aparca Batería <br> Plazas 32 <br> Horario laborables de 8:00 a 20:00 <br> POINT_X -3,608645 <br> POINT_Y 37,188596"},"styleUrl":"#icon-1633-4E342E","label-scale":0,"icon-opacity":1,"icon-color":"#4e342e","icon-scale":1,"icon":"https://www.gstatic.com/mapspro/images/stock/503-wht-blank_maps.png"}},{"type":"Feature","geometry":{"type":"Point","coordinates":[-3.608755,37.190748,0]},"properties":{"name":"DOCTOR CASTROVIEJO,CALLE,Nº 14","description":{"@type":"html","value":"Reserva Motocicletas <br><br> Distrito BEIRO <br> Barrio DOCTORES-S. LAZARO <br> Aparca Batería <br> Plazas 3 <br> Horario <br> POINT_X -3,608755 <br> POINT_Y 37,190748"},"styleUrl":"#icon-1633-4E342E","label-scale":0,"icon-opacity":1,"icon-color":"#4e342e","icon-scale":1,"icon":"https://www.gstatic.com/mapspro/images/stock/503-wht-blank_maps.png"}},{"type":"Feature","geometry":{"type":"Point","coordinates":[-3.600136,37.159083,0]},"properties":{"name":"DOCTOR CREUS,CALLE,Nº 1","description":{"@type":"html","value":"Reserva Motocicletas <br><br> Distrito ZAIDIN <br> Barrio ZAIDIN-VERGELES <br> Aparca Batería <br> Plazas 13 <br> Horario <br> POINT_X -3,600136 <br> POINT_Y 37,159083"},"styleUrl":"#icon-1633-4E342E","label-scale":0,"icon-opacity":1,"icon-color":"#4e342e","icon-scale":1,"icon":"https://www.gstatic.com/mapspro/images/stock/503-wht-blank_maps.png"}},{"type":"Feature","geometry":{"type":"Point","coordinates":[-3.608252,37.190244,0]},"properties":{"name":"DOCTOR LOPEZ NEYRA,PLAZA,DEL,Nº 4","description":{"@type":"html","value":"Reserva Motocicletas <br><br> Distrito BEIRO <br> Barrio DOCTORES-S. LAZARO <br> Aparca Batería <br> Plazas 10 <br> Horario laborables de 8:00 a 20:00 <br> POINT_X -3,608252 <br> POINT_Y 37,190244"},"styleUrl":"#icon-1633-4E342E","label-scale":0,"icon-opacity":1,"icon-color":"#4e342e","icon-scale":1,"icon":"https://www.gstatic.com/mapspro/images/stock/503-wht-blank_maps.png"}},{"type":"Feature","geometry":{"type":"Point","coordinates":[-3.608012,37.189939,0]},"properties":{"name":"DOCTOR LOPEZ NEYRA,PLAZA,DEL,Nº 6","description":{"@type":"html","value":"Reserva Motocicletas <br><br> Distrito BEIRO <br> Barrio DOCTORES-S. LAZARO <br> Aparca Línea <br> Plazas 23 <br> Horario EL DIA 13/11/2014 SE REDUCE <br> POINT_X -3,608012 <br> POINT_Y 37,189939"},"styleUrl":"#icon-1633-4E342E","label-scale":0,"icon-opacity":1,"icon-color":"#4e342e","icon-scale":1,"icon":"https://www.gstatic.com/mapspro/images/stock/503-wht-blank_maps.png"}},{"type":"Feature","geometry":{"type":"Point","coordinates":[-3.602239,37.171546,0]},"properties":{"name":"DOCTOR MARTIN LAGOS,CALLE,Nº 3","description":{"@type":"html","value":"Reserva Motocicletas <br><br> Distrito CENTRO <br> Barrio SAN MATIAS-REALEJO <br> Aparca Batería <br> Plazas 13 <br> Horario <br> POINT_X -3,602239 <br> POINT_Y 37,171546"},"styleUrl":"#icon-1633-4E342E","label-scale":0,"icon-opacity":1,"icon-color":"#4e342e","icon-scale":1,"icon":"https://www.gstatic.com/mapspro/images/stock/503-wht-blank_maps.png"}},{"type":"Feature","geometry":{"type":"Point","coordinates":[-3.602472,37.171676,0]},"properties":{"name":"DOCTOR MARTIN LAGOS,CALLE,Nº 4","description":{"@type":"html","value":"Reserva Motocicletas <br><br> Distrito RONDA <br> Barrio FIGARES <br> Aparca Línea <br> Plazas 32 <br> Horario <br> POINT_X -3,602472 <br> POINT_Y 37,171676"},"styleUrl":"#icon-1633-4E342E","label-scale":0,"icon-opacity":1,"icon-color":"#4e342e","icon-scale":1,"icon":"https://www.gstatic.com/mapspro/images/stock/503-wht-blank_maps.png"}},{"type":"Feature","geometry":{"type":"Point","coordinates":[-3.626607,37.192203,0]},"properties":{"name":"DOCTOR MEDINA OLMOS,CALLE,Nº 20","description":{"@type":"html","value":"Reserva Motocicletas <br><br> Distrito CHANA <br> Barrio ANGUSTIAS - CHANA - ENCINA <br> Aparca Batería <br> Plazas 7 <br> Horario <br> POINT_X -3,626607 <br> POINT_Y 37,192203"},"styleUrl":"#icon-1633-4E342E","label-scale":0,"icon-opacity":1,"icon-color":"#4e342e","icon-scale":1,"icon":"https://www.gstatic.com/mapspro/images/stock/503-wht-blank_maps.png"}},{"type":"Feature","geometry":{"type":"Point","coordinates":[-3.608111,37.186855,0]},"properties":{"name":"DOCTOR OLORIZ,AVENIDA,Nº 7","description":{"@type":"html","value":"Reserva Motocicletas <br><br> Distrito BEIRO <br> Barrio DOCTORES-S. LAZARO <br> Aparca Batería <br> Plazas 26 <br> Horario <br> POINT_X -3,608111 <br> POINT_Y 37,186855"},"styleUrl":"#icon-1633-4E342E","label-scale":0,"icon-opacity":1,"icon-color":"#4e342e","icon-scale":1,"icon":"https://www.gstatic.com/mapspro/images/stock/503-wht-blank_maps.png"}},{"type":"Feature","geometry":{"type":"Point","coordinates":[-3.609157,37.189614,0]},"properties":{"name":"DOCTOR PAREJA YEBENES,CALLE,Nº 3","description":{"@type":"html","value":"Reserva Motocicletas <br><br> Distrito BEIRO <br> Barrio DOCTORES-S. LAZARO <br> Aparca Batería <br> Plazas 6 <br> Horario <br> POINT_X -3,609157 <br> POINT_Y 37,189614"},"styleUrl":"#icon-1633-4E342E","label-scale":0,"icon-opacity":1,"icon-color":"#4e342e","icon-scale":1,"icon":"https://www.gstatic.com/mapspro/images/stock/503-wht-blank_maps.png"}},{"type":"Feature","geometry":{"type":"Point","coordinates":[-3.604416,37.185324,0]},"properties":{"name":"DON EMILIO DURAN DURAN,CALLE,Nº 1","description":{"@type":"html","value":"Reserva Motocicletas <br><br> Distrito BEIRO <br> Barrio DOCTORES-S. LAZARO <br> Aparca Batería <br> Plazas 20 <br> Horario <br> POINT_X -3,604416 <br> POINT_Y 37,185324"},"styleUrl":"#icon-1633-4E342E","label-scale":0,"icon-opacity":1,"icon-color":"#4e342e","icon-scale":1,"icon":"https://www.gstatic.com/mapspro/images/stock/503-wht-blank_maps.png"}},{"type":"Feature","geometry":{"type":"Point","coordinates":[-3.606525,37.168026,0]},"properties":{"name":"ELENA MARTIN VIVALDI,CALLE,Nº 1","description":{"@type":"html","value":"Reserva Motocicletas <br><br> Distrito RONDA <br> Barrio FIGARES <br> Aparca Batería <br> Plazas 18 <br> Horario <br> POINT_X -3,606525 <br> POINT_Y 37,168026"},"styleUrl":"#icon-1633-4E342E","label-scale":0,"icon-opacity":1,"icon-color":"#4e342e","icon-scale":1,"icon":"https://www.gstatic.com/mapspro/images/stock/503-wht-blank_maps.png"}},{"type":"Feature","geometry":{"type":"Point","coordinates":[-3.606486,37.168042,0]},"properties":{"name":"ELENA MARTIN VIVALDI,CALLE,Nº 1","description":{"@type":"html","value":"Reserva Motocicletas <br><br> Distrito RONDA <br> Barrio FIGARES <br> Aparca Batería <br> Plazas 29 <br> Horario <br> POINT_X -3,606486 <br> POINT_Y 37,168042"},"styleUrl":"#icon-1633-4E342E","label-scale":0,"icon-opacity":1,"icon-color":"#4e342e","icon-scale":1,"icon":"https://www.gstatic.com/mapspro/images/stock/503-wht-blank_maps.png"}},{"type":"Feature","geometry":{"type":"Point","coordinates":[-3.596637,37.176872,0]},"properties":{"name":"ELVIRA,CALLE,Nº 2","description":{"@type":"html","value":"Reserva Motocicletas <br><br> Distrito ALBAICIN <br> Barrio ALBAICIN <br> Aparca Batería <br> Plazas 8 <br> Horario <br> POINT_X -3,596637 <br> POINT_Y 37,176872"},"styleUrl":"#icon-1633-4E342E","label-scale":0,"icon-opacity":1,"icon-color":"#4e342e","icon-scale":1,"icon":"https://www.gstatic.com/mapspro/images/stock/503-wht-blank_maps.png"}},{"type":"Feature","geometry":{"type":"Point","coordinates":[-3.607949,37.158844,0]},"properties":{"name":"EMIR,CALLE,Nº 0","description":{"@type":"html","value":"Reserva Motocicletas <br><br> Distrito RONDA <br> Barrio FIGARES <br> Aparca Batería <br> Plazas 13 <br> Horario <br> POINT_X -3,607949 <br> POINT_Y 37,158844"},"styleUrl":"#icon-1633-4E342E","label-scale":0,"icon-opacity":1,"icon-color":"#4e342e","icon-scale":1,"icon":"https://www.gstatic.com/mapspro/images/stock/503-wht-blank_maps.png"}},{"type":"Feature","geometry":{"type":"Point","coordinates":[-3.592458,37.15404,0]},"properties":{"name":"EMPERADOR CARLOS V,PASEO,DEL,Nº 17","description":{"@type":"html","value":"Reserva Motocicletas <br><br> Distrito GENIL <br> Barrio CASTAÑO MIRASIERRA <br> Aparca Batería <br> Plazas 8 <br> Horario <br> POINT_X -3,592458 <br> POINT_Y 37,15404"},"styleUrl":"#icon-1633-4E342E","label-scale":0,"icon-opacity":1,"icon-color":"#4e342e","icon-scale":1,"icon":"https://www.gstatic.com/mapspro/images/stock/503-wht-blank_maps.png"}},{"type":"Feature","geometry":{"type":"Point","coordinates":[-3.592312,37.153861,0]},"properties":{"name":"EMPERADOR CARLOS V,PASEO,DEL,Nº 17","description":{"@type":"html","value":"Reserva Motocicletas <br><br> Distrito GENIL <br> Barrio CASTAÑO MIRASIERRA <br> Aparca Batería <br> Plazas 5 <br> Horario <br> POINT_X -3,592312 <br> POINT_Y 37,153861"},"styleUrl":"#icon-1633-4E342E","label-scale":0,"icon-opacity":1,"icon-color":"#4e342e","icon-scale":1,"icon":"https://www.gstatic.com/mapspro/images/stock/503-wht-blank_maps.png"}},{"type":"Feature","geometry":{"type":"Point","coordinates":[-3.607565,37.175397,0]},"properties":{"name":"EMPERATRIZ EUGENIA,CALLE,Nº 17","description":{"@type":"html","value":"Reserva Motocicletas <br><br> Distrito RONDA <br> Barrio CAMINO DE RONDA <br> Aparca Batería <br> Plazas 14 <br> Horario <br> POINT_X -3,607565 <br> POINT_Y 37,175397"},"styleUrl":"#icon-1633-4E342E","label-scale":0,"icon-opacity":1,"icon-color":"#4e342e","icon-scale":1,"icon":"https://www.gstatic.com/mapspro/images/stock/503-wht-blank_maps.png"}},{"type":"Feature","geometry":{"type":"Point","coordinates":[-3.598065,37.174336,0]},"properties":{"name":"ESCUDO DEL CARMEN,CALLE,Nº 17","description":{"@type":"html","value":"Reserva Motocicletas <br><br> Distrito CENTRO <br> Barrio SAN MATIAS-REALEJO <br> Aparca <br> Plazas <br> Horario <br> POINT_X -3,598065 <br> POINT_Y 37,174336"},"styleUrl":"#icon-1633-4E342E","label-scale":0,"icon-opacity":1,"icon-color":"#4e342e","icon-scale":1,"icon":"https://www.gstatic.com/mapspro/images/stock/503-wht-blank_maps.png"}},{"type":"Feature","geometry":{"type":"Point","coordinates":[-3.598306,37.174177,0]},"properties":{"name":"ESCUDO DEL CARMEN,CALLE,Nº 20","description":{"@type":"html","value":"Reserva Motocicletas <br><br> Distrito CENTRO <br> Barrio SAN MATIAS-REALEJO <br> Aparca Batería <br> Plazas 14 <br> Horario <br> POINT_X -3,598306 <br> POINT_Y 37,174177"},"styleUrl":"#icon-1633-4E342E","label-scale":0,"icon-opacity":1,"icon-color":"#4e342e","icon-scale":1,"icon":"https://www.gstatic.com/mapspro/images/stock/503-wht-blank_maps.png"}},{"type":"Feature","geometry":{"type":"Point","coordinates":[-3.603288,37.158035,0]},"properties":{"name":"ESCULTOR EDUARDO ESPINOSA CUADROS,CALLE,Nº 0","description":{"@type":"html","value":"Reserva Motocicletas <br><br> Distrito ZAIDIN <br> Barrio ZAIDIN-VERGELES <br> Aparca Batería <br> Plazas 7 <br> Horario <br> POINT_X -3,603288 <br> POINT_Y 37,158035"},"styleUrl":"#icon-1633-4E342E","label-scale":0,"icon-opacity":1,"icon-color":"#4e342e","icon-scale":1,"icon":"https://www.gstatic.com/mapspro/images/stock/503-wht-blank_maps.png"}},{"type":"Feature","geometry":{"type":"Point","coordinates":[-3.602728,37.157776,0]},"properties":{"name":"ESCULTOR EDUARDO ESPINOSA CUADROS,CALLE,Nº 0","description":{"@type":"html","value":"Reserva Motocicletas <br><br> Distrito ZAIDIN <br> Barrio ZAIDIN-VERGELES <br> Aparca Batería <br> Plazas 7 <br> Horario <br> POINT_X -3,602728 <br> POINT_Y 37,157776"},"styleUrl":"#icon-1633-4E342E","label-scale":0,"icon-opacity":1,"icon-color":"#4e342e","icon-scale":1,"icon":"https://www.gstatic.com/mapspro/images/stock/503-wht-blank_maps.png"}},{"type":"Feature","geometry":{"type":"Point","coordinates":[-3.628163,37.192242,0]},"properties":{"name":"ESTRELLAS,CALLE,Nº 18","description":{"@type":"html","value":"Reserva Motocicletas <br><br> Distrito CHANA <br> Barrio ANGUSTIAS - CHANA - ENCINA <br> Aparca Batería <br> Plazas 10 <br> Horario laborables de 8:00 a 20:00 <br> POINT_X -3,628163 <br> POINT_Y 37,192242"},"styleUrl":"#icon-1633-4E342E","label-scale":0,"icon-opacity":1,"icon-color":"#4e342e","icon-scale":1,"icon":"https://www.gstatic.com/mapspro/images/stock/503-wht-blank_maps.png"}},{"type":"Feature","geometry":{"type":"Point","coordinates":[-3.590765,37.160043,0]},"properties":{"name":"EUROPA,PASEO,DE,Nº 0","description":{"@type":"html","value":"Reserva Motocicletas <br><br> Distrito GENIL <br> Barrio CERVANTES <br> Aparca Batería <br> Plazas 7 <br> Horario <br> POINT_X -3,590765 <br> POINT_Y 37,160043"},"styleUrl":"#icon-1633-4E342E","label-scale":0,"icon-opacity":1,"icon-color":"#4e342e","icon-scale":1,"icon":"https://www.gstatic.com/mapspro/images/stock/503-wht-blank_maps.png"}},{"type":"Feature","geometry":{"type":"Point","coordinates":[-3.611268,37.184866,0]},"properties":{"name":"FAISAN,CALLE,Nº 20","description":{"@type":"html","value":"Reserva Motocicletas <br><br> Distrito BEIRO <br> Barrio PAJARITOS <br> Aparca Batería <br> Plazas 13 <br> Horario laborables de 8:00 a 20:00 <br> POINT_X -3,611268 <br> POINT_Y 37,184866"},"styleUrl":"#icon-1633-4E342E","label-scale":0,"icon-opacity":1,"icon-color":"#4e342e","icon-scale":1,"icon":"https://www.gstatic.com/mapspro/images/stock/503-wht-blank_maps.png"}},{"type":"Feature","geometry":{"type":"Point","coordinates":[-3.610659,37.186599,0]},"properties":{"name":"FAISAN,CALLE,Nº 3","description":{"@type":"html","value":"Reserva Motocicletas <br><br> Distrito BEIRO <br> Barrio PAJARITOS <br> Aparca Batería <br> Plazas 44 <br> Horario laborables de 8:00 a 20:00 <br> POINT_X -3,610659 <br> POINT_Y 37,186599"},"styleUrl":"#icon-1633-4E342E","label-scale":0,"icon-opacity":1,"icon-color":"#4e342e","icon-scale":1,"icon":"https://www.gstatic.com/mapspro/images/stock/503-wht-blank_maps.png"}},{"type":"Feature","geometry":{"type":"Point","coordinates":[-3.610827,37.186295,0]},"properties":{"name":"FAISAN,CALLE,Nº 8","description":{"@type":"html","value":"Reserva Motocicletas <br><br> Distrito BEIRO <br> Barrio PAJARITOS <br> Aparca Batería <br> Plazas 33 <br> Horario laborables de 8:00 a 15:00 <br> POINT_X -3,610827 <br> POINT_Y 37,186295"},"styleUrl":"#icon-1633-4E342E","label-scale":0,"icon-opacity":1,"icon-color":"#4e342e","icon-scale":1,"icon":"https://www.gstatic.com/mapspro/images/stock/503-wht-blank_maps.png"}},{"type":"Feature","geometry":{"type":"Point","coordinates":[-3.604588,37.15618,0]},"properties":{"name":"FELIX RODRIGUEZ DE LA FUENTE,CALLE,Nº 8","description":{"@type":"html","value":"Reserva Motocicletas <br><br> Distrito ZAIDIN <br> Barrio ZAIDIN-VERGELES <br> Aparca Batería <br> Plazas 8 <br> Horario <br> POINT_X -3,604588 <br> POINT_Y 37,15618"},"styleUrl":"#icon-1633-4E342E","label-scale":0,"icon-opacity":1,"icon-color":"#4e342e","icon-scale":1,"icon":"https://www.gstatic.com/mapspro/images/stock/503-wht-blank_maps.png"}},{"type":"Feature","geometry":{"type":"Point","coordinates":[-3.594337,37.161427,0]},"properties":{"name":"FONTIVEROS,CALLE,Nº 27","description":{"@type":"html","value":"Reserva Motocicletas <br><br> Distrito ZAIDIN <br> Barrio ZAIDIN-VERGELES <br> Aparca Batería <br> Plazas 23 <br> Horario <br> POINT_X -3,594337 <br> POINT_Y 37,161427"},"styleUrl":"#icon-1633-4E342E","label-scale":0,"icon-opacity":1,"icon-color":"#4e342e","icon-scale":1,"icon":"https://www.gstatic.com/mapspro/images/stock/503-wht-blank_maps.png"}},{"type":"Feature","geometry":{"type":"Point","coordinates":[-3.582887,37.164493,0]},"properties":{"name":"FUENTE DE LA BICHA,PASEO,Nº 0","description":{"@type":"html","value":"Reserva Motocicletas <br><br> Distrito GENIL <br> Barrio BOLA DE ORO <br> Aparca Batería <br> Plazas 10 <br> Horario <br> POINT_X -3,582887 <br> POINT_Y 37,164493"},"styleUrl":"#icon-1633-4E342E","label-scale":0,"icon-opacity":1,"icon-color":"#4e342e","icon-scale":1,"icon":"https://www.gstatic.com/mapspro/images/stock/503-wht-blank_maps.png"}},{"type":"Feature","geometry":{"type":"Point","coordinates":[-3.611942,37.190375,0]},"properties":{"name":"FUERZAS ARMADAS,AVENIDA,DE LAS,Nº 0","description":{"@type":"html","value":"Reserva Motocicletas <br><br> Distrito BEIRO <br> Barrio LA CRUZ <br> Aparca Batería <br> Plazas 42 <br> Horario <br> POINT_X -3,611942 <br> POINT_Y 37,190375"},"styleUrl":"#icon-1633-4E342E","label-scale":0,"icon-opacity":1,"icon-color":"#4e342e","icon-scale":1,"icon":"https://www.gstatic.com/mapspro/images/stock/503-wht-blank_maps.png"}},{"type":"Feature","geometry":{"type":"Point","coordinates":[-3.612046,37.190012,0]},"properties":{"name":"FUERZAS ARMADAS,AVENIDA,DE LAS,Nº 0","description":{"@type":"html","value":"Reserva Motocicletas <br><br> Distrito BEIRO <br> Barrio LA CRUZ <br> Aparca <br> Plazas <br> Horario <br> POINT_X -3,612046 <br> POINT_Y 37,190012"},"styleUrl":"#icon-1633-4E342E","label-scale":0,"icon-opacity":1,"icon-color":"#4e342e","icon-scale":1,"icon":"https://www.gstatic.com/mapspro/images/stock/503-wht-blank_maps.png"}},{"type":"Feature","geometry":{"type":"Point","coordinates":[-3.612309,37.190174,0]},"properties":{"name":"FUERZAS ARMADAS,AVENIDA,DE LAS,Nº 0","description":{"@type":"html","value":"Reserva Motocicletas <br><br> Distrito BEIRO <br> Barrio LA CRUZ <br> Aparca <br> Plazas <br> Horario <br> POINT_X -3,612309 <br> POINT_Y 37,190174"},"styleUrl":"#icon-1633-4E342E","label-scale":0,"icon-opacity":1,"icon-color":"#4e342e","icon-scale":1,"icon":"https://www.gstatic.com/mapspro/images/stock/503-wht-blank_maps.png"}},{"type":"Feature","geometry":{"type":"Point","coordinates":[-3.61227,37.189543,0]},"properties":{"name":"FUERZAS ARMADAS,AVENIDA,DE LAS,Nº 23","description":{"@type":"html","value":"Reserva Motocicletas <br><br> Distrito BEIRO <br> Barrio PAJARITOS <br> Aparca Batería <br> Plazas 20 <br> Horario laborables de 8:00 a 20:00 <br> POINT_X -3,61227 <br> POINT_Y 37,189543"},"styleUrl":"#icon-1633-4E342E","label-scale":0,"icon-opacity":1,"icon-color":"#4e342e","icon-scale":1,"icon":"https://www.gstatic.com/mapspro/images/stock/503-wht-blank_maps.png"}},{"type":"Feature","geometry":{"type":"Point","coordinates":[-3.61262,37.189779,0]},"properties":{"name":"FUERZAS ARMADAS,AVENIDA,DE LAS,Nº 25","description":{"@type":"html","value":"Reserva Motocicletas <br><br> Distrito BEIRO <br> Barrio PAJARITOS <br> Aparca Batería <br> Plazas 20 <br> Horario laborables de 8:00 a 20:00 <br> POINT_X -3,61262 <br> POINT_Y 37,189779"},"styleUrl":"#icon-1633-4E342E","label-scale":0,"icon-opacity":1,"icon-color":"#4e342e","icon-scale":1,"icon":"https://www.gstatic.com/mapspro/images/stock/503-wht-blank_maps.png"}},{"type":"Feature","geometry":{"type":"Point","coordinates":[-3.61248,37.189689,0]},"properties":{"name":"FUERZAS ARMADAS,AVENIDA,DE LAS,Nº 25","description":{"@type":"html","value":"Reserva Motocicletas <br><br> Distrito BEIRO <br> Barrio PAJARITOS <br> Aparca Batería <br> Plazas 7 <br> Horario <br> POINT_X -3,61248 <br> POINT_Y 37,189689"},"styleUrl":"#icon-1633-4E342E","label-scale":0,"icon-opacity":1,"icon-color":"#4e342e","icon-scale":1,"icon":"https://www.gstatic.com/mapspro/images/stock/503-wht-blank_maps.png"}},{"type":"Feature","geometry":{"type":"Point","coordinates":[-3.595545,37.204769,0]},"properties":{"name":"GABRIELA MISTRAL,CALLE,Nº 12","description":{"@type":"html","value":"Reserva Motocicletas <br><br> Distrito NORTE <br> Barrio PARQUE NUEVA GRANADA <br> Aparca Batería <br> Plazas 10 <br> Horario <br> POINT_X -3,595545 <br> POINT_Y 37,204769"},"styleUrl":"#icon-1633-4E342E","label-scale":0,"icon-opacity":1,"icon-color":"#4e342e","icon-scale":1,"icon":"https://www.gstatic.com/mapspro/images/stock/503-wht-blank_maps.png"}},{"type":"Feature","geometry":{"type":"Point","coordinates":[-3.598236,37.151585,0]},"properties":{"name":"GARRIDO DEL CASTILLO,CALLE,Nº 0","description":{"@type":"html","value":"Reserva Motocicletas <br><br> Distrito ZAIDIN <br> Barrio ZAIDIN-VERGELES <br> Aparca Batería <br> Plazas 4 <br> Horario <br> POINT_X -3,598236 <br> POINT_Y 37,151585"},"styleUrl":"#icon-1633-4E342E","label-scale":0,"icon-opacity":1,"icon-color":"#4e342e","icon-scale":1,"icon":"https://www.gstatic.com/mapspro/images/stock/503-wht-blank_maps.png"}},{"type":"Feature","geometry":{"type":"Point","coordinates":[-3.59792,37.168062,0]},"properties":{"name":"GENERAL EMILIO HERRERA,PLAZA,Nº 0","description":{"@type":"html","value":"Reserva Motocicletas <br><br> Distrito CENTRO <br> Barrio SAN MATIAS-REALEJO <br> Aparca Batería <br> Plazas 7 <br> Horario <br> POINT_X -3,59792 <br> POINT_Y 37,168062"},"styleUrl":"#icon-1633-4E342E","label-scale":0,"icon-opacity":1,"icon-color":"#4e342e","icon-scale":1,"icon":"https://www.gstatic.com/mapspro/images/stock/503-wht-blank_maps.png"}},{"type":"Feature","geometry":{"type":"Point","coordinates":[-3.611589,37.181107,0]},"properties":{"name":"GONZALO GALLAS,CALLE,Nº 29","description":{"@type":"html","value":"Reserva Motocicletas <br><br> Distrito RONDA <br> Barrio CAMINO DE RONDA <br> Aparca Batería <br> Plazas 8 <br> Horario <br> POINT_X -3,611589 <br> POINT_Y 37,181107"},"styleUrl":"#icon-1633-4E342E","label-scale":0,"icon-opacity":1,"icon-color":"#4e342e","icon-scale":1,"icon":"https://www.gstatic.com/mapspro/images/stock/503-wht-blank_maps.png"}},{"type":"Feature","geometry":{"type":"Point","coordinates":[-3.60432,37.172632,0]},"properties":{"name":"GRACIA,PLAZA,DE,Nº 1","description":{"@type":"html","value":"Reserva Motocicletas <br><br> Distrito CENTRO <br> Barrio CENTRO-SAGRARIO <br> Aparca Batería <br> Plazas 30 <br> Horario <br> POINT_X -3,60432 <br> POINT_Y 37,172632"},"styleUrl":"#icon-1633-4E342E","label-scale":0,"icon-opacity":1,"icon-color":"#4e342e","icon-scale":1,"icon":"https://www.gstatic.com/mapspro/images/stock/503-wht-blank_maps.png"}},{"type":"Feature","geometry":{"type":"Point","coordinates":[-3.604303,37.173021,0]},"properties":{"name":"GRACIA,PLAZA,DE,Nº 7","description":{"@type":"html","value":"Reserva Motocicletas <br><br> Distrito CENTRO <br> Barrio CENTRO-SAGRARIO <br> Aparca Batería <br> Plazas 13 <br> Horario laborables de 8:00 a 20:00 <br> POINT_X -3,604303 <br> POINT_Y 37,173021"},"styleUrl":"#icon-1633-4E342E","label-scale":0,"icon-opacity":1,"icon-color":"#4e342e","icon-scale":1,"icon":"https://www.gstatic.com/mapspro/images/stock/503-wht-blank_maps.png"}},{"type":"Feature","geometry":{"type":"Point","coordinates":[-3.605301,37.177548,0]},"properties":{"name":"GRAN CAPITAN,CALLE,Nº 22","description":{"@type":"html","value":"Reserva Motocicletas <br><br> Distrito CENTRO <br> Barrio CENTRO-SAGRARIO <br> Aparca Batería <br> Plazas 21 <br> Horario <br> POINT_X -3,605301 <br> POINT_Y 37,177548"},"styleUrl":"#icon-1633-4E342E","label-scale":0,"icon-opacity":1,"icon-color":"#4e342e","icon-scale":1,"icon":"https://www.gstatic.com/mapspro/images/stock/503-wht-blank_maps.png"}},{"type":"Feature","geometry":{"type":"Point","coordinates":[-3.605236,37.177494,0]},"properties":{"name":"GRAN CAPITAN,CALLE,Nº 23","description":{"@type":"html","value":"Reserva Motocicletas <br><br> Distrito CENTRO <br> Barrio CENTRO-SAGRARIO <br> Aparca Batería <br> Plazas 13 <br> Horario laborables de 8:00 a 20:00 <br> POINT_X -3,605236 <br> POINT_Y 37,177494"},"styleUrl":"#icon-1633-4E342E","label-scale":0,"icon-opacity":1,"icon-color":"#4e342e","icon-scale":1,"icon":"https://www.gstatic.com/mapspro/images/stock/503-wht-blank_maps.png"}},{"type":"Feature","geometry":{"type":"Point","coordinates":[-3.60595,37.176882,0]},"properties":{"name":"GRAN CAPITAN,PLAZA,DE,Nº 1","description":{"@type":"html","value":"Reserva Motocicletas <br><br> Distrito RONDA <br> Barrio CAMINO DE RONDA <br> Aparca Batería <br> Plazas 20 <br> Horario <br> POINT_X -3,60595 <br> POINT_Y 37,176882"},"styleUrl":"#icon-1633-4E342E","label-scale":0,"icon-opacity":1,"icon-color":"#4e342e","icon-scale":1,"icon":"https://www.gstatic.com/mapspro/images/stock/503-wht-blank_maps.png"}},{"type":"Feature","geometry":{"type":"Point","coordinates":[-3.612568,37.177171,0]},"properties":{"name":"GUITARRISTA MANUEL CANO,PLAZA,Nº 0","description":{"@type":"html","value":"Reserva Motocicletas <br><br> Distrito RONDA <br> Barrio CAMINO DE RONDA <br> Aparca Batería <br> Plazas 100 <br> Horario <br> POINT_X -3,612568 <br> POINT_Y 37,177171"},"styleUrl":"#icon-1633-4E342E","label-scale":0,"icon-opacity":1,"icon-color":"#4e342e","icon-scale":1,"icon":"https://www.gstatic.com/mapspro/images/stock/503-wht-blank_maps.png"}},{"type":"Feature","geometry":{"type":"Point","coordinates":[-3.594741,37.174368,0]},"properties":{"name":"HOSPICIO VIEJO,PLACETA,DEL,Nº 13","description":{"@type":"html","value":"Reserva Motocicletas <br><br> Distrito CENTRO <br> Barrio SAN MATIAS-REALEJO <br> Aparca Batería <br> Plazas 10 <br> Horario <br> POINT_X -3,594741 <br> POINT_Y 37,174368"},"styleUrl":"#icon-1633-4E342E","label-scale":0,"icon-opacity":1,"icon-color":"#4e342e","icon-scale":1,"icon":"https://www.gstatic.com/mapspro/images/stock/503-wht-blank_maps.png"}},{"type":"Feature","geometry":{"type":"Point","coordinates":[-3.601758,37.18318,0]},"properties":{"name":"HOSPICIO,AVENIDA,DEL,Nº 2","description":{"@type":"html","value":"Reserva Motocicletas <br><br> Distrito BEIRO <br> Barrio SAN ILDEFONSO <br> Aparca Línea <br> Plazas 26 <br> Horario <br> POINT_X -3,601758 <br> POINT_Y 37,18318"},"styleUrl":"#icon-1633-4E342E","label-scale":0,"icon-opacity":1,"icon-color":"#4e342e","icon-scale":1,"icon":"https://www.gstatic.com/mapspro/images/stock/503-wht-blank_maps.png"}},{"type":"Feature","geometry":{"type":"Point","coordinates":[-3.601579,37.18333,0]},"properties":{"name":"HOSPICIO,AVENIDA,DEL,Nº 4","description":{"@type":"html","value":"Reserva Motocicletas <br><br> Distrito BEIRO <br> Barrio SAN ILDEFONSO <br> Aparca Batería <br> Plazas 14 <br> Horario <br> POINT_X -3,601579 <br> POINT_Y 37,18333"},"styleUrl":"#icon-1633-4E342E","label-scale":0,"icon-opacity":1,"icon-color":"#4e342e","icon-scale":1,"icon":"https://www.gstatic.com/mapspro/images/stock/503-wht-blank_maps.png"}},{"type":"Feature","geometry":{"type":"Point","coordinates":[-3.60762,37.156159,0]},"properties":{"name":"HOSTELERIA,CARRIL,DE,Nº 14","description":{"@type":"html","value":"Reserva Motocicletas <br><br> Distrito ZAIDIN <br> Barrio ZAIDIN-VERGELES <br> Aparca Batería <br> Plazas 21 <br> Horario <br> POINT_X -3,60762 <br> POINT_Y 37,156159"},"styleUrl":"#icon-1633-4E342E","label-scale":0,"icon-opacity":1,"icon-color":"#4e342e","icon-scale":1,"icon":"https://www.gstatic.com/mapspro/images/stock/503-wht-blank_maps.png"}},{"type":"Feature","geometry":{"type":"Point","coordinates":[-3.590917,37.171345,0]},"properties":{"name":"HOTELES DE BELEN CALLE C,CALLE,Nº 4","description":{"@type":"html","value":"Reserva Motocicletas <br><br> Distrito CENTRO <br> Barrio SAN MATIAS-REALEJO <br> Aparca Batería <br> Plazas 25 <br> Horario <br> POINT_X -3,590917 <br> POINT_Y 37,171345"},"styleUrl":"#icon-1633-4E342E","label-scale":0,"icon-opacity":1,"icon-color":"#4e342e","icon-scale":1,"icon":"https://www.gstatic.com/mapspro/images/stock/503-wht-blank_maps.png"}},{"type":"Feature","geometry":{"type":"Point","coordinates":[-3.600416,37.149105,0]},"properties":{"name":"ILUSTRACION,AVENIDA,DE LA,Nº 0","description":{"@type":"html","value":"Reserva Motocicletas <br><br> Distrito ZAIDIN <br> Barrio ZAIDIN-VERGELES <br> Aparca Batería <br> Plazas 8 <br> Horario <br> POINT_X -3,600416 <br> POINT_Y 37,149105"},"styleUrl":"#icon-1633-4E342E","label-scale":0,"icon-opacity":1,"icon-color":"#4e342e","icon-scale":1,"icon":"https://www.gstatic.com/mapspro/images/stock/503-wht-blank_maps.png"}},{"type":"Feature","geometry":{"type":"Point","coordinates":[-3.603474,37.149113,0]},"properties":{"name":"ILUSTRACION,AVENIDA,DE LA,Nº 0","description":{"@type":"html","value":"Reserva Motocicletas <br><br> Distrito ZAIDIN <br> Barrio ZAIDIN-VERGELES <br> Aparca Batería <br> Plazas 13 <br> Horario <br> POINT_X -3,603474 <br> POINT_Y 37,149113"},"styleUrl":"#icon-1633-4E342E","label-scale":0,"icon-opacity":1,"icon-color":"#4e342e","icon-scale":1,"icon":"https://www.gstatic.com/mapspro/images/stock/503-wht-blank_maps.png"}},{"type":"Feature","geometry":{"type":"Point","coordinates":[-3.596347,37.177092,0]},"properties":{"name":"IMPRENTA,CALLE,Nº 2","description":{"@type":"html","value":"Reserva Motocicletas <br><br> Distrito ALBAICIN <br> Barrio ALBAICIN <br> Aparca Batería <br> Plazas 9 <br> Horario <br> POINT_X -3,596347 <br> POINT_Y 37,177092"},"styleUrl":"#icon-1633-4E342E","label-scale":0,"icon-opacity":1,"icon-color":"#4e342e","icon-scale":1,"icon":"https://www.gstatic.com/mapspro/images/stock/503-wht-blank_maps.png"}},{"type":"Feature","geometry":{"type":"Point","coordinates":[-3.596406,37.177305,0]},"properties":{"name":"IMPRENTA,CALLE,Nº 5","description":{"@type":"html","value":"Reserva Motocicletas <br><br> Distrito ALBAICIN <br> Barrio ALBAICIN <br> Aparca Batería <br> Plazas 36 <br> Horario <br> POINT_X -3,596406 <br> POINT_Y 37,177305"},"styleUrl":"#icon-1633-4E342E","label-scale":0,"icon-opacity":1,"icon-color":"#4e342e","icon-scale":1,"icon":"https://www.gstatic.com/mapspro/images/stock/503-wht-blank_maps.png"}},{"type":"Feature","geometry":{"type":"Point","coordinates":[-3.604838,37.147517,0]},"properties":{"name":"INVESTIGACION,AVENIDA,DE LA,Nº 0","description":{"@type":"html","value":"Reserva Motocicletas <br><br> Distrito ZAIDIN <br> Barrio ZAIDIN-VERGELES <br> Aparca Batería <br> Plazas 44 <br> Horario laborables de 8:00 a 20:00 <br> POINT_X -3,604838 <br> POINT_Y 37,147517"},"styleUrl":"#icon-1633-4E342E","label-scale":0,"icon-opacity":1,"icon-color":"#4e342e","icon-scale":1,"icon":"https://www.gstatic.com/mapspro/images/stock/503-wht-blank_maps.png"}},{"type":"Feature","geometry":{"type":"Point","coordinates":[-3.606194,37.14787,0]},"properties":{"name":"INVESTIGACION,AVENIDA,DE LA,Nº 0","description":{"@type":"html","value":"Reserva Motocicletas <br><br> Distrito ZAIDIN <br> Barrio ZAIDIN-VERGELES <br> Aparca Batería <br> Plazas 20 <br> Horario de 8:00 a 20:00 <br> POINT_X -3,606194 <br> POINT_Y 37,14787"},"styleUrl":"#icon-1633-4E342E","label-scale":0,"icon-opacity":1,"icon-color":"#4e342e","icon-scale":1,"icon":"https://www.gstatic.com/mapspro/images/stock/503-wht-blank_maps.png"}},{"type":"Feature","geometry":{"type":"Point","coordinates":[-3.60679,37.147892,0]},"properties":{"name":"INVESTIGACION,AVENIDA,DE LA,Nº 0","description":{"@type":"html","value":"Reserva Motocicletas <br><br> Distrito ZAIDIN <br> Barrio ZAIDIN-VERGELES <br> Aparca Batería <br> Plazas 32 <br> Horario laborables de 8:00 a 20:00 <br> POINT_X -3,60679 <br> POINT_Y 37,147892"},"styleUrl":"#icon-1633-4E342E","label-scale":0,"icon-opacity":1,"icon-color":"#4e342e","icon-scale":1,"icon":"https://www.gstatic.com/mapspro/images/stock/503-wht-blank_maps.png"}},{"type":"Feature","geometry":{"type":"Point","coordinates":[-3.605139,37.147574,0]},"properties":{"name":"INVESTIGACION,AVENIDA,DE LA,Nº 0","description":{"@type":"html","value":"Reserva Motocicletas <br><br> Distrito ZAIDIN <br> Barrio ZAIDIN-VERGELES <br> Aparca Batería <br> Plazas 20 <br> Horario laborables de 8:00 a 20:00 <br> POINT_X -3,605139 <br> POINT_Y 37,147574"},"styleUrl":"#icon-1633-4E342E","label-scale":0,"icon-opacity":1,"icon-color":"#4e342e","icon-scale":1,"icon":"https://www.gstatic.com/mapspro/images/stock/503-wht-blank_maps.png"}},{"type":"Feature","geometry":{"type":"Point","coordinates":[-3.606266,37.147793,0]},"properties":{"name":"INVESTIGACION,AVENIDA,DE LA,Nº 0","description":{"@type":"html","value":"Reserva Motocicletas <br><br> Distrito ZAIDIN <br> Barrio ZAIDIN-VERGELES <br> Aparca Batería <br> Plazas 29 <br> Horario <br> POINT_X -3,606266 <br> POINT_Y 37,147793"},"styleUrl":"#icon-1633-4E342E","label-scale":0,"icon-opacity":1,"icon-color":"#4e342e","icon-scale":1,"icon":"https://www.gstatic.com/mapspro/images/stock/503-wht-blank_maps.png"}},{"type":"Feature","geometry":{"type":"Point","coordinates":[-3.603553,37.146952,0]},"properties":{"name":"INVESTIGACION,AVENIDA,DE LA,Nº 0","description":{"@type":"html","value":"Reserva Motocicletas <br><br> Distrito ZAIDIN <br> Barrio ZAIDIN-VERGELES <br> Aparca Batería <br> Plazas 50 <br> Horario laborables de 8:00 a 20:00 <br> POINT_X -3,603553 <br> POINT_Y 37,146952"},"styleUrl":"#icon-1633-4E342E","label-scale":0,"icon-opacity":1,"icon-color":"#4e342e","icon-scale":1,"icon":"https://www.gstatic.com/mapspro/images/stock/503-wht-blank_maps.png"}},{"type":"Feature","geometry":{"type":"Point","coordinates":[-3.609188,37.18685,0]},"properties":{"name":"ISAAC ALBENIZ,CALLE,Nº 1","description":{"@type":"html","value":"Reserva Motocicletas <br><br> Distrito BEIRO <br> Barrio DOCTORES-S. LAZARO <br> Aparca Batería <br> Plazas 22 <br> Horario <br> POINT_X -3,609188 <br> POINT_Y 37,18685"},"styleUrl":"#icon-1633-4E342E","label-scale":0,"icon-opacity":1,"icon-color":"#4e342e","icon-scale":1,"icon":"https://www.gstatic.com/mapspro/images/stock/503-wht-blank_maps.png"}},{"type":"Feature","geometry":{"type":"Point","coordinates":[-3.608935,37.187188,0]},"properties":{"name":"ISAAC ALBENIZ,CALLE,Nº 11","description":{"@type":"html","value":"Reserva Motocicletas <br><br> Distrito BEIRO <br> Barrio DOCTORES-S. LAZARO <br> Aparca <br> Plazas <br> Horario <br> POINT_X -3,608935 <br> POINT_Y 37,187188"},"styleUrl":"#icon-1633-4E342E","label-scale":0,"icon-opacity":1,"icon-color":"#4e342e","icon-scale":1,"icon":"https://www.gstatic.com/mapspro/images/stock/503-wht-blank_maps.png"}},{"type":"Feature","geometry":{"type":"Point","coordinates":[-3.608626,37.187632,0]},"properties":{"name":"ISAAC ALBENIZ,CALLE,Nº 17","description":{"@type":"html","value":"Reserva Motocicletas <br><br> Distrito BEIRO <br> Barrio DOCTORES-S. LAZARO <br> Aparca <br> Plazas <br> Horario <br> POINT_X -3,608626 <br> POINT_Y 37,187632"},"styleUrl":"#icon-1633-4E342E","label-scale":0,"icon-opacity":1,"icon-color":"#4e342e","icon-scale":1,"icon":"https://www.gstatic.com/mapspro/images/stock/503-wht-blank_maps.png"}},{"type":"Feature","geometry":{"type":"Point","coordinates":[-3.608101,37.188276,0]},"properties":{"name":"ISAAC ALBENIZ,CALLE,Nº 18","description":{"@type":"html","value":"Reserva Motocicletas <br><br> Distrito BEIRO <br> Barrio DOCTORES-S. LAZARO <br> Aparca Batería <br> Plazas 12 <br> Horario <br> POINT_X -3,608101 <br> POINT_Y 37,188276"},"styleUrl":"#icon-1633-4E342E","label-scale":0,"icon-opacity":1,"icon-color":"#4e342e","icon-scale":1,"icon":"https://www.gstatic.com/mapspro/images/stock/503-wht-blank_maps.png"}},{"type":"Feature","geometry":{"type":"Point","coordinates":[-3.60802,37.188454,0]},"properties":{"name":"ISAAC ALBENIZ,CALLE,Nº 18","description":{"@type":"html","value":"Reserva Motocicletas <br><br> Distrito BEIRO <br> Barrio DOCTORES-S. LAZARO <br> Aparca <br> Plazas <br> Horario <br> POINT_X -3,60802 <br> POINT_Y 37,188454"},"styleUrl":"#icon-1633-4E342E","label-scale":0,"icon-opacity":1,"icon-color":"#4e342e","icon-scale":1,"icon":"https://www.gstatic.com/mapspro/images/stock/503-wht-blank_maps.png"}},{"type":"Feature","geometry":{"type":"Point","coordinates":[-3.603626,37.164761,0]},"properties":{"name":"JARDIN DE LA REINA,PASEO,Nº 3","description":{"@type":"html","value":"Reserva Motocicletas <br><br> Distrito RONDA <br> Barrio FIGARES <br> Aparca Batería <br> Plazas 24 <br> Horario <br> POINT_X -3,603626 <br> POINT_Y 37,164761"},"styleUrl":"#icon-1633-4E342E","label-scale":0,"icon-opacity":1,"icon-color":"#4e342e","icon-scale":1,"icon":"https://www.gstatic.com/mapspro/images/stock/503-wht-blank_maps.png"}},{"type":"Feature","geometry":{"type":"Point","coordinates":[-3.602844,37.163456,0]},"properties":{"name":"JARDIN DE LA REINA,PASEO,Nº 8","description":{"@type":"html","value":"Reserva Motocicletas <br><br> Distrito RONDA <br> Barrio FIGARES <br> Aparca Batería <br> Plazas 13 <br> Horario <br> POINT_X -3,602844 <br> POINT_Y 37,163456"},"styleUrl":"#icon-1633-4E342E","label-scale":0,"icon-opacity":1,"icon-color":"#4e342e","icon-scale":1,"icon":"https://www.gstatic.com/mapspro/images/stock/503-wht-blank_maps.png"}},{"type":"Feature","geometry":{"type":"Point","coordinates":[-3.597376,37.176626,0]},"properties":{"name":"JOAQUIN COSTA,CALLE,Nº 9","description":{"@type":"html","value":"Reserva Motocicletas <br><br> Distrito CENTRO <br> Barrio CENTRO-SAGRARIO <br> Aparca Batería <br> Plazas 30 <br> Horario laborables de 8:00 a 20:00 <br> POINT_X -3,597376 <br> POINT_Y 37,176626"},"styleUrl":"#icon-1633-4E342E","label-scale":0,"icon-opacity":1,"icon-color":"#4e342e","icon-scale":1,"icon":"https://www.gstatic.com/mapspro/images/stock/503-wht-blank_maps.png"}},{"type":"Feature","geometry":{"type":"Point","coordinates":[-3.607223,37.198417,0]},"properties":{"name":"JOAQUINA EGUARAS,CALLE,Nº 0","description":{"@type":"html","value":"Reserva Motocicletas <br><br> Distrito NORTE <br> Barrio JOAQUINA EGUARAS <br> Aparca <br> Plazas <br> Horario DE 8:00 A 15:00 <br> POINT_X -3,607223 <br> POINT_Y 37,198417"},"styleUrl":"#icon-1633-4E342E","label-scale":0,"icon-opacity":1,"icon-color":"#4e342e","icon-scale":1,"icon":"https://www.gstatic.com/mapspro/images/stock/503-wht-blank_maps.png"}},{"type":"Feature","geometry":{"type":"Point","coordinates":[-3.607994,37.160662,0]},"properties":{"name":"JOSE LUIS PEREZ PUJADAS,CALLE,Nº 8","description":{"@type":"html","value":"Reserva Motocicletas <br><br> Distrito RONDA <br> Barrio FIGARES <br> Aparca <br> Plazas <br> Horario <br> POINT_X -3,607994 <br> POINT_Y 37,160662"},"styleUrl":"#icon-1633-4E342E","label-scale":0,"icon-opacity":1,"icon-color":"#4e342e","icon-scale":1,"icon":"https://www.gstatic.com/mapspro/images/stock/503-wht-blank_maps.png"}},{"type":"Feature","geometry":{"type":"Point","coordinates":[-3.608169,37.19257,0]},"properties":{"name":"JUAN PABLO II,AVENIDA,Nº 19","description":{"@type":"html","value":"Reserva Motocicletas <br><br> Distrito BEIRO <br> Barrio LA CRUZ <br> Aparca Batería <br> Plazas 37 <br> Horario <br> POINT_X -3,608169 <br> POINT_Y 37,19257"},"styleUrl":"#icon-1633-4E342E","label-scale":0,"icon-opacity":1,"icon-color":"#4e342e","icon-scale":1,"icon":"https://www.gstatic.com/mapspro/images/stock/503-wht-blank_maps.png"}},{"type":"Feature","geometry":{"type":"Point","coordinates":[-3.602873,37.176939,0]},"properties":{"name":"LOBOS,PLAZA,DE LOS,Nº 1","description":{"@type":"html","value":"Reserva Motocicletas <br><br> Distrito CENTRO <br> Barrio CENTRO-SAGRARIO <br> Aparca Batería <br> Plazas 14 <br> Horario laborables de 8:00 a 20:00 <br> POINT_X -3,602873 <br> POINT_Y 37,176939"},"styleUrl":"#icon-1633-4E342E","label-scale":0,"icon-opacity":1,"icon-color":"#4e342e","icon-scale":1,"icon":"https://www.gstatic.com/mapspro/images/stock/503-wht-blank_maps.png"}},{"type":"Feature","geometry":{"type":"Point","coordinates":[-3.602937,37.177166,0]},"properties":{"name":"LOBOS,PLAZA,DE LOS,Nº 15","description":{"@type":"html","value":"Reserva Motocicletas <br><br> Distrito CENTRO <br> Barrio CENTRO-SAGRARIO <br> Aparca Batería <br> Plazas 21 <br> Horario laborables de 8:00 a 20:00 <br> POINT_X -3,602937 <br> POINT_Y 37,177166"},"styleUrl":"#icon-1633-4E342E","label-scale":0,"icon-opacity":1,"icon-color":"#4e342e","icon-scale":1,"icon":"https://www.gstatic.com/mapspro/images/stock/503-wht-blank_maps.png"}},{"type":"Feature","geometry":{"type":"Point","coordinates":[-3.615315,37.188061,0]},"properties":{"name":"LUBINA,CALLE,Nº 0","description":{"@type":"html","value":"Reserva Motocicletas <br><br> Distrito CHANA <br> Barrio ANGUSTIAS - CHANA - ENCINA <br> Aparca Línea <br> Plazas 12 <br> Horario laborables de 8:00 a 20:00 <br> POINT_X -3,615315 <br> POINT_Y 37,188061"},"styleUrl":"#icon-1633-4E342E","label-scale":0,"icon-opacity":1,"icon-color":"#4e342e","icon-scale":1,"icon":"https://www.gstatic.com/mapspro/images/stock/503-wht-blank_maps.png"}},{"type":"Feature","geometry":{"type":"Point","coordinates":[-3.603149,37.171347,0]},"properties":{"name":"LUIS BRAILLE,CALLE,Nº 1","description":{"@type":"html","value":"Reserva Motocicletas <br><br> Distrito RONDA <br> Barrio FIGARES <br> Aparca <br> Plazas <br> Horario <br> POINT_X -3,603149 <br> POINT_Y 37,171347"},"styleUrl":"#icon-1633-4E342E","label-scale":0,"icon-opacity":1,"icon-color":"#4e342e","icon-scale":1,"icon":"https://www.gstatic.com/mapspro/images/stock/503-wht-blank_maps.png"}},{"type":"Feature","geometry":{"type":"Point","coordinates":[-3.605246,37.189095,0]},"properties":{"name":"MADRID,AVENIDA,DE,Nº 28","description":{"@type":"html","value":"Reserva Motocicletas <br><br> Distrito BEIRO <br> Barrio CERCADO BAJO DE CARTUJA <br> Aparca Batería <br> Plazas 18 <br> Horario <br> POINT_X -3,605246 <br> POINT_Y 37,189095"},"styleUrl":"#icon-1633-4E342E","label-scale":0,"icon-opacity":1,"icon-color":"#4e342e","icon-scale":1,"icon":"https://www.gstatic.com/mapspro/images/stock/503-wht-blank_maps.png"}},{"type":"Feature","geometry":{"type":"Point","coordinates":[-3.605289,37.188976,0]},"properties":{"name":"MADRID,AVENIDA,DE,Nº 28","description":{"@type":"html","value":"Reserva Motocicletas <br><br> Distrito BEIRO <br> Barrio DOCTORES-S. LAZARO <br> Aparca Batería <br> Plazas 42 <br> Horario <br> POINT_X -3,605289 <br> POINT_Y 37,188976"},"styleUrl":"#icon-1633-4E342E","label-scale":0,"icon-opacity":1,"icon-color":"#4e342e","icon-scale":1,"icon":"https://www.gstatic.com/mapspro/images/stock/503-wht-blank_maps.png"}},{"type":"Feature","geometry":{"type":"Point","coordinates":[-3.610287,37.193385,0]},"properties":{"name":"MADROÑERAS,CALLE,LAS,Nº 10","description":{"@type":"html","value":"Reserva Motocicletas <br><br> Distrito BEIRO <br> Barrio LA CRUZ <br> Aparca Batería <br> Plazas 3 <br> Horario <br> POINT_X -3,610287 <br> POINT_Y 37,193385"},"styleUrl":"#icon-1633-4E342E","label-scale":0,"icon-opacity":1,"icon-color":"#4e342e","icon-scale":1,"icon":"https://www.gstatic.com/mapspro/images/stock/503-wht-blank_maps.png"}},{"type":"Feature","geometry":{"type":"Point","coordinates":[-3.610251,37.193335,0]},"properties":{"name":"MADROÑERAS,CALLE,LAS,Nº 10","description":{"@type":"html","value":"Reserva Motocicletas <br><br> Distrito BEIRO <br> Barrio LA CRUZ <br> Aparca Batería <br> Plazas 3 <br> Horario <br> POINT_X -3,610251 <br> POINT_Y 37,193335"},"styleUrl":"#icon-1633-4E342E","label-scale":0,"icon-opacity":1,"icon-color":"#4e342e","icon-scale":1,"icon":"https://www.gstatic.com/mapspro/images/stock/503-wht-blank_maps.png"}},{"type":"Feature","geometry":{"type":"Point","coordinates":[-3.610002,37.192804,0]},"properties":{"name":"MADROÑERAS,CALLE,LAS,Nº 7","description":{"@type":"html","value":"Reserva Motocicletas <br><br> Distrito BEIRO <br> Barrio LA CRUZ <br> Aparca Batería <br> Plazas 2 <br> Horario <br> POINT_X -3,610002 <br> POINT_Y 37,192804"},"styleUrl":"#icon-1633-4E342E","label-scale":0,"icon-opacity":1,"icon-color":"#4e342e","icon-scale":1,"icon":"https://www.gstatic.com/mapspro/images/stock/503-wht-blank_maps.png"}},{"type":"Feature","geometry":{"type":"Point","coordinates":[-3.602613,37.177142,0]},"properties":{"name":"MALAGA,CALLE,Nº 13","description":{"@type":"html","value":"Reserva Motocicletas <br><br> Distrito CENTRO <br> Barrio CENTRO-SAGRARIO <br> Aparca Batería <br> Plazas 42 <br> Horario <br> POINT_X -3,602613 <br> POINT_Y 37,177142"},"styleUrl":"#icon-1633-4E342E","label-scale":0,"icon-opacity":1,"icon-color":"#4e342e","icon-scale":1,"icon":"https://www.gstatic.com/mapspro/images/stock/503-wht-blank_maps.png"}},{"type":"Feature","geometry":{"type":"Point","coordinates":[-3.608869,37.193111,0]},"properties":{"name":"MANOLETE,CALLE,Nº 4","description":{"@type":"html","value":"Reserva Motocicletas <br><br> Distrito BEIRO <br> Barrio LA CRUZ <br> Aparca Batería <br> Plazas 33 <br> Horario <br> POINT_X -3,608869 <br> POINT_Y 37,193111"},"styleUrl":"#icon-1633-4E342E","label-scale":0,"icon-opacity":1,"icon-color":"#4e342e","icon-scale":1,"icon":"https://www.gstatic.com/mapspro/images/stock/503-wht-blank_maps.png"}},{"type":"Feature","geometry":{"type":"Point","coordinates":[-3.604608,37.169175,0]},"properties":{"name":"MANUEL DE FALLA,CALLE,Nº 19","description":{"@type":"html","value":"Reserva Motocicletas <br><br> Distrito RONDA <br> Barrio FIGARES <br> Aparca Batería <br> Plazas 15 <br> Horario <br> POINT_X -3,604608 <br> POINT_Y 37,169175"},"styleUrl":"#icon-1633-4E342E","label-scale":0,"icon-opacity":1,"icon-color":"#4e342e","icon-scale":1,"icon":"https://www.gstatic.com/mapspro/images/stock/503-wht-blank_maps.png"}},{"type":"Feature","geometry":{"type":"Point","coordinates":[-3.598625,37.158141,0]},"properties":{"name":"MARGARITA XIRGU,CALLE,Nº 0","description":{"@type":"html","value":"Reserva Motocicletas <br><br> Distrito ZAIDIN <br> Barrio ZAIDIN-VERGELES <br> Aparca Batería <br> Plazas 16 <br> Horario laborables de 8:00 a 20:00 <br> POINT_X -3,598625 <br> POINT_Y 37,158141"},"styleUrl":"#icon-1633-4E342E","label-scale":0,"icon-opacity":1,"icon-color":"#4e342e","icon-scale":1,"icon":"https://www.gstatic.com/mapspro/images/stock/503-wht-blank_maps.png"}},{"type":"Feature","geometry":{"type":"Point","coordinates":[-3.594754,37.205356,0]},"properties":{"name":"MARIA DE MAEZTU,CALLE,Nº 0","description":{"@type":"html","value":"Reserva Motocicletas <br><br> Distrito NORTE <br> Barrio PARQUE NUEVA GRANADA <br> Aparca Batería <br> Plazas 18 <br> Horario <br> POINT_X -3,594754 <br> POINT_Y 37,205356"},"styleUrl":"#icon-1633-4E342E","label-scale":0,"icon-opacity":1,"icon-color":"#4e342e","icon-scale":1,"icon":"https://www.gstatic.com/mapspro/images/stock/503-wht-blank_maps.png"}},{"type":"Feature","geometry":{"type":"Point","coordinates":[-3.596814,37.172166,0]},"properties":{"name":"MARIANA PINEDA,PLAZA,DE,Nº 2","description":{"@type":"html","value":"Reserva Motocicletas <br><br> Distrito CENTRO <br> Barrio SAN MATIAS-REALEJO <br> Aparca Batería <br> Plazas 20 <br> Horario de 8:00 a 20:00 <br> POINT_X -3,596814 <br> POINT_Y 37,172166"},"styleUrl":"#icon-1633-4E342E","label-scale":0,"icon-opacity":1,"icon-color":"#4e342e","icon-scale":1,"icon":"https://www.gstatic.com/mapspro/images/stock/503-wht-blank_maps.png"}},{"type":"Feature","geometry":{"type":"Point","coordinates":[-3.596923,37.172038,0]},"properties":{"name":"MARIANA PINEDA,PLAZA,DE,Nº 6","description":{"@type":"html","value":"Reserva Motocicletas <br><br> Distrito CENTRO <br> Barrio SAN MATIAS-REALEJO <br> Aparca Batería <br> Plazas 10 <br> Horario de 8:00 a 20:00 <br> POINT_X -3,596923 <br> POINT_Y 37,172038"},"styleUrl":"#icon-1633-4E342E","label-scale":0,"icon-opacity":1,"icon-color":"#4e342e","icon-scale":1,"icon":"https://www.gstatic.com/mapspro/images/stock/503-wht-blank_maps.png"}},{"type":"Feature","geometry":{"type":"Point","coordinates":[-3.597092,37.17201,0]},"properties":{"name":"MARIANA PINEDA,PLAZA,DE,Nº 7","description":{"@type":"html","value":"Reserva Motocicletas <br><br> Distrito CENTRO <br> Barrio SAN MATIAS-REALEJO <br> Aparca Batería <br> Plazas 20 <br> Horario laborables de 11:00 a 8:00 <br> POINT_X -3,597092 <br> POINT_Y 37,17201"},"styleUrl":"#icon-1633-4E342E","label-scale":0,"icon-opacity":1,"icon-color":"#4e342e","icon-scale":1,"icon":"https://www.gstatic.com/mapspro/images/stock/503-wht-blank_maps.png"}},{"type":"Feature","geometry":{"type":"Point","coordinates":[-3.597288,37.172108,0]},"properties":{"name":"MARIANA PINEDA,PLAZA,DE,Nº 9","description":{"@type":"html","value":"Reserva Motocicletas <br><br> Distrito CENTRO <br> Barrio SAN MATIAS-REALEJO <br> Aparca Batería <br> Plazas 33 <br> Horario de 8:00 a 20:00 h. <br> POINT_X -3,597288 <br> POINT_Y 37,172108"},"styleUrl":"#icon-1633-4E342E","label-scale":0,"icon-opacity":1,"icon-color":"#4e342e","icon-scale":1,"icon":"https://www.gstatic.com/mapspro/images/stock/503-wht-blank_maps.png"}},{"type":"Feature","geometry":{"type":"Point","coordinates":[-3.600072,37.17873,0]},"properties":{"name":"MARQUES DE FALCES,CALLE,Nº 1","description":{"@type":"html","value":"Reserva Motocicletas <br><br> Distrito CENTRO <br> Barrio CENTRO-SAGRARIO <br> Aparca Batería <br> Plazas 25 <br> Horario <br> POINT_X -3,600072 <br> POINT_Y 37,17873"},"styleUrl":"#icon-1633-4E342E","label-scale":0,"icon-opacity":1,"icon-color":"#4e342e","icon-scale":1,"icon":"https://www.gstatic.com/mapspro/images/stock/503-wht-blank_maps.png"}},{"type":"Feature","geometry":{"type":"Point","coordinates":[-3.598835,37.179221,0]},"properties":{"name":"MARQUES DE FALCES,CALLE,Nº 13","description":{"@type":"html","value":"Reserva Motocicletas <br><br> Distrito CENTRO <br> Barrio CENTRO-SAGRARIO <br> Aparca Batería <br> Plazas 8 <br> Horario <br> POINT_X -3,598835 <br> POINT_Y 37,179221"},"styleUrl":"#icon-1633-4E342E","label-scale":0,"icon-opacity":1,"icon-color":"#4e342e","icon-scale":1,"icon":"https://www.gstatic.com/mapspro/images/stock/503-wht-blank_maps.png"}},{"type":"Feature","geometry":{"type":"Point","coordinates":[-3.599678,37.17888,0]},"properties":{"name":"MARQUES DE FALCES,CALLE,Nº 5","description":{"@type":"html","value":"Reserva Motocicletas <br><br> Distrito CENTRO <br> Barrio CENTRO-SAGRARIO <br> Aparca Batería <br> Plazas 68 <br> Horario <br> POINT_X -3,599678 <br> POINT_Y 37,17888"},"styleUrl":"#icon-1633-4E342E","label-scale":0,"icon-opacity":1,"icon-color":"#4e342e","icon-scale":1,"icon":"https://www.gstatic.com/mapspro/images/stock/503-wht-blank_maps.png"}},{"type":"Feature","geometry":{"type":"Point","coordinates":[-3.599057,37.179135,0]},"properties":{"name":"MARQUES DE FALCES,CALLE,Nº 8","description":{"@type":"html","value":"Reserva Motocicletas <br><br> Distrito CENTRO <br> Barrio CENTRO-SAGRARIO <br> Aparca Batería <br> Plazas 34 <br> Horario <br> POINT_X -3,599057 <br> POINT_Y 37,179135"},"styleUrl":"#icon-1633-4E342E","label-scale":0,"icon-opacity":1,"icon-color":"#4e342e","icon-scale":1,"icon":"https://www.gstatic.com/mapspro/images/stock/503-wht-blank_maps.png"}},{"type":"Feature","geometry":{"type":"Point","coordinates":[-3.599096,37.179058,0]},"properties":{"name":"MARQUES DE FALCES,CALLE,Nº 8","description":{"@type":"html","value":"Reserva Motocicletas <br><br> Distrito CENTRO <br> Barrio CENTRO-SAGRARIO <br> Aparca Línea <br> Plazas 4 <br> Horario <br> POINT_X -3,599096 <br> POINT_Y 37,179058"},"styleUrl":"#icon-1633-4E342E","label-scale":0,"icon-opacity":1,"icon-color":"#4e342e","icon-scale":1,"icon":"https://www.gstatic.com/mapspro/images/stock/503-wht-blank_maps.png"}},{"type":"Feature","geometry":{"type":"Point","coordinates":[-3.600713,37.169998,0]},"properties":{"name":"MARQUES DE LOS VELEZ,CALLE,Nº 5","description":{"@type":"html","value":"Reserva Motocicletas <br><br> Distrito CENTRO <br> Barrio SAN MATIAS-REALEJO <br> Aparca Batería <br> Plazas 6 <br> Horario <br> POINT_X -3,600713 <br> POINT_Y 37,169998"},"styleUrl":"#icon-1633-4E342E","label-scale":0,"icon-opacity":1,"icon-color":"#4e342e","icon-scale":1,"icon":"https://www.gstatic.com/mapspro/images/stock/503-wht-blank_maps.png"}},{"type":"Feature","geometry":{"type":"Point","coordinates":[-3.603968,37.17095,0]},"properties":{"name":"MARTINEZ CAMPOS,CALLE,Nº 13","description":{"@type":"html","value":"Reserva Motocicletas <br><br> Distrito RONDA <br> Barrio FIGARES <br> Aparca Batería <br> Plazas 26 <br> Horario <br> POINT_X -3,603968 <br> POINT_Y 37,17095"},"styleUrl":"#icon-1633-4E342E","label-scale":0,"icon-opacity":1,"icon-color":"#4e342e","icon-scale":1,"icon":"https://www.gstatic.com/mapspro/images/stock/503-wht-blank_maps.png"}},{"type":"Feature","geometry":{"type":"Point","coordinates":[-3.604204,37.171317,0]},"properties":{"name":"MARTINEZ CAMPOS,CALLE,Nº 15","description":{"@type":"html","value":"Reserva Motocicletas <br><br> Distrito RONDA <br> Barrio FIGARES <br> Aparca Batería <br> Plazas 24 <br> Horario lab. de 11:00 a 15:00 y de 18:00 a 20:00 <br> POINT_X -3,604204 <br> POINT_Y 37,171317"},"styleUrl":"#icon-1633-4E342E","label-scale":0,"icon-opacity":1,"icon-color":"#4e342e","icon-scale":1,"icon":"https://www.gstatic.com/mapspro/images/stock/503-wht-blank_maps.png"}},{"type":"Feature","geometry":{"type":"Point","coordinates":[-3.588758,37.173742,0]},"properties":{"name":"MARTIRES,PASEO,DE LOS,Nº 10","description":{"@type":"html","value":"Reserva Motocicletas <br><br> Distrito CENTRO <br> Barrio SAN MATIAS-REALEJO <br> Aparca <br> Plazas <br> Horario <br> POINT_X -3,588758 <br> POINT_Y 37,173742"},"styleUrl":"#icon-1633-4E342E","label-scale":0,"icon-opacity":1,"icon-color":"#4e342e","icon-scale":1,"icon":"https://www.gstatic.com/mapspro/images/stock/503-wht-blank_maps.png"}},{"type":"Feature","geometry":{"type":"Point","coordinates":[-3.615348,37.190901,0]},"properties":{"name":"MENCIA CALDERON,CALLE,Nº 4","description":{"@type":"html","value":"Reserva Motocicletas <br><br> Distrito CHANA <br> Barrio CERRILLO DE MARACENA <br> Aparca Batería <br> Plazas 13 <br> Horario laborables de 8:00 a 20:00 <br> POINT_X -3,615348 <br> POINT_Y 37,190901"},"styleUrl":"#icon-1633-4E342E","label-scale":0,"icon-opacity":1,"icon-color":"#4e342e","icon-scale":1,"icon":"https://www.gstatic.com/mapspro/images/stock/503-wht-blank_maps.png"}},{"type":"Feature","geometry":{"type":"Point","coordinates":[-3.594358,37.17625,0]},"properties":{"name":"MIGA,PLACETA,DE LA,Nº 14","description":{"@type":"html","value":"Reserva Motocicletas <br><br> Distrito CENTRO <br> Barrio SAN MATIAS-REALEJO <br> Aparca Batería <br> Plazas 9 <br> Horario <br> POINT_X -3,594358 <br> POINT_Y 37,17625"},"styleUrl":"#icon-1633-4E342E","label-scale":0,"icon-opacity":1,"icon-color":"#4e342e","icon-scale":1,"icon":"https://www.gstatic.com/mapspro/images/stock/503-wht-blank_maps.png"}},{"type":"Feature","geometry":{"type":"Point","coordinates":[-3.592696,37.173334,0]},"properties":{"name":"MISERICORDIA CORONADA,CALLE,Nº 2","description":{"@type":"html","value":"Reserva Motocicletas <br><br> Distrito CENTRO <br> Barrio SAN MATIAS-REALEJO <br> Aparca Batería <br> Plazas 13 <br> Horario 8:00 A 22:00 <br> POINT_X -3,592696 <br> POINT_Y 37,173334"},"styleUrl":"#icon-1633-4E342E","label-scale":0,"icon-opacity":1,"icon-color":"#4e342e","icon-scale":1,"icon":"https://www.gstatic.com/mapspro/images/stock/503-wht-blank_maps.png"}},{"type":"Feature","geometry":{"type":"Point","coordinates":[-3.588473,37.168338,0]},"properties":{"name":"MOLINOS,CUESTA,Nº 7","description":{"@type":"html","value":"Reserva Motocicletas <br><br> Distrito GENIL <br> Barrio CARRETERA DE LA SIERRA <br> Aparca Batería <br> Plazas 9 <br> Horario <br> POINT_X -3,588473 <br> POINT_Y 37,168338"},"styleUrl":"#icon-1633-4E342E","label-scale":0,"icon-opacity":1,"icon-color":"#4e342e","icon-scale":1,"icon":"https://www.gstatic.com/mapspro/images/stock/503-wht-blank_maps.png"}},{"type":"Feature","geometry":{"type":"Point","coordinates":[-3.609736,37.156588,0]},"properties":{"name":"MULADIES,CALLE,Nº 2","description":{"@type":"html","value":"Reserva Motocicletas <br><br> Distrito RONDA <br> Barrio FIGARES <br> Aparca Batería <br> Plazas 9 <br> Horario laborables de 8:00 a 20:00 <br> POINT_X -3,609736 <br> POINT_Y 37,156588"},"styleUrl":"#icon-1633-4E342E","label-scale":0,"icon-opacity":1,"icon-color":"#4e342e","icon-scale":1,"icon":"https://www.gstatic.com/mapspro/images/stock/503-wht-blank_maps.png"}},{"type":"Feature","geometry":{"type":"Point","coordinates":[-3.601489,37.168858,0]},"properties":{"name":"MULHACEN,CALLE,Nº 16","description":{"@type":"html","value":"Reserva Motocicletas <br><br> Distrito RONDA <br> Barrio FIGARES <br> Aparca Batería <br> Plazas 10 <br> Horario <br> POINT_X -3,601489 <br> POINT_Y 37,168858"},"styleUrl":"#icon-1633-4E342E","label-scale":0,"icon-opacity":1,"icon-color":"#4e342e","icon-scale":1,"icon":"https://www.gstatic.com/mapspro/images/stock/503-wht-blank_maps.png"}},{"type":"Feature","geometry":{"type":"Point","coordinates":[-3.601374,37.167939,0]},"properties":{"name":"MULHACEN,CALLE,Nº 27","description":{"@type":"html","value":"Reserva Motocicletas <br><br> Distrito RONDA <br> Barrio FIGARES <br> Aparca <br> Plazas <br> Horario <br> POINT_X -3,601374 <br> POINT_Y 37,167939"},"styleUrl":"#icon-1633-4E342E","label-scale":0,"icon-opacity":1,"icon-color":"#4e342e","icon-scale":1,"icon":"https://www.gstatic.com/mapspro/images/stock/503-wht-blank_maps.png"}},{"type":"Feature","geometry":{"type":"Point","coordinates":[-3.599612,37.181134,0]},"properties":{"name":"NARANJOS,PLACETA,DE LOS,Nº 0","description":{"@type":"html","value":"Reserva Motocicletas <br><br> Distrito CENTRO <br> Barrio CENTRO-SAGRARIO <br> Aparca Batería <br> Plazas 28 <br> Horario laborables de 8:00 a 20:00 <br> POINT_X -3,599612 <br> POINT_Y 37,181134"},"styleUrl":"#icon-1633-4E342E","label-scale":0,"icon-opacity":1,"icon-color":"#4e342e","icon-scale":1,"icon":"https://www.gstatic.com/mapspro/images/stock/503-wht-blank_maps.png"}},{"type":"Feature","geometry":{"type":"Point","coordinates":[-3.59958,37.157437,0]},"properties":{"name":"NAVARRA,CALLE,Nº 26","description":{"@type":"html","value":"Reserva Motocicletas <br><br> Distrito ZAIDIN <br> Barrio ZAIDIN-VERGELES <br> Aparca Batería <br> Plazas 10 <br> Horario laborables de 8:00 a 20:00 <br> POINT_X -3,59958 <br> POINT_Y 37,157437"},"styleUrl":"#icon-1633-4E342E","label-scale":0,"icon-opacity":1,"icon-color":"#4e342e","icon-scale":1,"icon":"https://www.gstatic.com/mapspro/images/stock/503-wht-blank_maps.png"}},{"type":"Feature","geometry":{"type":"Point","coordinates":[-3.599301,37.159629,0]},"properties":{"name":"NAVARRA,CALLE,Nº 4","description":{"@type":"html","value":"Reserva Motocicletas <br><br> Distrito ZAIDIN <br> Barrio ZAIDIN-VERGELES <br> Aparca Batería <br> Plazas 4 <br> Horario <br> POINT_X -3,599301 <br> POINT_Y 37,159629"},"styleUrl":"#icon-1633-4E342E","label-scale":0,"icon-opacity":1,"icon-color":"#4e342e","icon-scale":1,"icon":"https://www.gstatic.com/mapspro/images/stock/503-wht-blank_maps.png"}},{"type":"Feature","geometry":{"type":"Point","coordinates":[-3.608364,37.168508,0]},"properties":{"name":"NEPTUNO,CALLE,Nº 12","description":{"@type":"html","value":"Reserva Motocicletas <br><br> Distrito RONDA <br> Barrio FIGARES <br> Aparca Batería <br> Plazas 20 <br> Horario <br> POINT_X -3,608364 <br> POINT_Y 37,168508"},"styleUrl":"#icon-1633-4E342E","label-scale":0,"icon-opacity":1,"icon-color":"#4e342e","icon-scale":1,"icon":"https://www.gstatic.com/mapspro/images/stock/503-wht-blank_maps.png"}},{"type":"Feature","geometry":{"type":"Point","coordinates":[-3.613387,37.189422,0]},"properties":{"name":"NUESTRA SEÑORA DE LA SALUD,CALLE,Nº 3","description":{"@type":"html","value":"Reserva Motocicletas <br><br> Distrito BEIRO <br> Barrio PAJARITOS <br> Aparca Línea <br> Plazas 24 <br> Horario <br> POINT_X -3,613387 <br> POINT_Y 37,189422"},"styleUrl":"#icon-1633-4E342E","label-scale":0,"icon-opacity":1,"icon-color":"#4e342e","icon-scale":1,"icon":"https://www.gstatic.com/mapspro/images/stock/503-wht-blank_maps.png"}},{"type":"Feature","geometry":{"type":"Point","coordinates":[-3.599582,37.168124,0]},"properties":{"name":"NUESTRO PADRE JESUS DESPOJADO,PLAZA,DE,Nº 1","description":{"@type":"html","value":"Reserva Motocicletas <br><br> Distrito CENTRO <br> Barrio SAN MATIAS-REALEJO <br> Aparca Batería <br> Plazas 49 <br> Horario <br> POINT_X -3,599582 <br> POINT_Y 37,168124"},"styleUrl":"#icon-1633-4E342E","label-scale":0,"icon-opacity":1,"icon-color":"#4e342e","icon-scale":1,"icon":"https://www.gstatic.com/mapspro/images/stock/503-wht-blank_maps.png"}},{"type":"Feature","geometry":{"type":"Point","coordinates":[-3.599358,37.16828,0]},"properties":{"name":"NUESTRO PADRE JESUS DESPOJADO,PLAZA,DE,Nº 2","description":{"@type":"html","value":"Reserva Motocicletas <br><br> Distrito CENTRO <br> Barrio SAN MATIAS-REALEJO <br> Aparca Batería <br> Plazas 10 <br> Horario <br> POINT_X -3,599358 <br> POINT_Y 37,16828"},"styleUrl":"#icon-1633-4E342E","label-scale":0,"icon-opacity":1,"icon-color":"#4e342e","icon-scale":1,"icon":"https://www.gstatic.com/mapspro/images/stock/503-wht-blank_maps.png"}},{"type":"Feature","geometry":{"type":"Point","coordinates":[-3.599314,37.168496,0]},"properties":{"name":"NUESTRO PADRE JESUS DESPOJADO,PLAZA,DE,Nº 2","description":{"@type":"html","value":"Reserva Motocicletas <br><br> Distrito CENTRO <br> Barrio SAN MATIAS-REALEJO <br> Aparca Batería <br> Plazas 30 <br> Horario <br> POINT_X -3,599314 <br> POINT_Y 37,168496"},"styleUrl":"#icon-1633-4E342E","label-scale":0,"icon-opacity":1,"icon-color":"#4e342e","icon-scale":1,"icon":"https://www.gstatic.com/mapspro/images/stock/503-wht-blank_maps.png"}},{"type":"Feature","geometry":{"type":"Point","coordinates":[-3.595973,37.176653,0]},"properties":{"name":"NUEVA,PLAZA,Nº 13","description":{"@type":"html","value":"Reserva Motocicletas <br><br> Distrito CENTRO <br> Barrio SAN MATIAS-REALEJO <br> Aparca Batería <br> Plazas 6 <br> Horario <br> POINT_X -3,595973 <br> POINT_Y 37,176653"},"styleUrl":"#icon-1633-4E342E","label-scale":0,"icon-opacity":1,"icon-color":"#4e342e","icon-scale":1,"icon":"https://www.gstatic.com/mapspro/images/stock/503-wht-blank_maps.png"}},{"type":"Feature","geometry":{"type":"Point","coordinates":[-3.595273,37.177008,0]},"properties":{"name":"NUEVA,PLAZA,Nº 8","description":{"@type":"html","value":"Reserva Motocicletas <br><br> Distrito CENTRO <br> Barrio SAN MATIAS-REALEJO <br> Aparca Batería <br> Plazas 61 <br> Horario <br> POINT_X -3,595273 <br> POINT_Y 37,177008"},"styleUrl":"#icon-1633-4E342E","label-scale":0,"icon-opacity":1,"icon-color":"#4e342e","icon-scale":1,"icon":"https://www.gstatic.com/mapspro/images/stock/503-wht-blank_maps.png"}},{"type":"Feature","geometry":{"type":"Point","coordinates":[-3.59533,37.177029,0]},"properties":{"name":"NUEVA,PLAZA,Nº 8","description":{"@type":"html","value":"Reserva Motocicletas <br><br> Distrito CENTRO <br> Barrio SAN MATIAS-REALEJO <br> Aparca Batería <br> Plazas 62 <br> Horario <br> POINT_X -3,59533 <br> POINT_Y 37,177029"},"styleUrl":"#icon-1633-4E342E","label-scale":0,"icon-opacity":1,"icon-color":"#4e342e","icon-scale":1,"icon":"https://www.gstatic.com/mapspro/images/stock/503-wht-blank_maps.png"}},{"type":"Feature","geometry":{"type":"Point","coordinates":[-3.595284,37.177023,0]},"properties":{"name":"NUEVA,PLAZA,Nº 8","description":{"@type":"html","value":"Reserva Motocicletas <br><br> Distrito CENTRO <br> Barrio SAN MATIAS-REALEJO <br> Aparca Batería <br> Plazas 61 <br> Horario <br> POINT_X -3,595284 <br> POINT_Y 37,177023"},"styleUrl":"#icon-1633-4E342E","label-scale":0,"icon-opacity":1,"icon-color":"#4e342e","icon-scale":1,"icon":"https://www.gstatic.com/mapspro/images/stock/503-wht-blank_maps.png"}},{"type":"Feature","geometry":{"type":"Point","coordinates":[-3.604246,37.175508,0]},"properties":{"name":"OBISPO HURTADO,CALLE,Nº 0","description":{"@type":"html","value":"Reserva Motocicletas <br><br> Distrito CENTRO <br> Barrio CENTRO-SAGRARIO <br> Aparca Batería <br> Plazas 20 <br> Horario <br> POINT_X -3,604246 <br> POINT_Y 37,175508"},"styleUrl":"#icon-1633-4E342E","label-scale":0,"icon-opacity":1,"icon-color":"#4e342e","icon-scale":1,"icon":"https://www.gstatic.com/mapspro/images/stock/503-wht-blank_maps.png"}},{"type":"Feature","geometry":{"type":"Point","coordinates":[-3.599954,37.157246,0]},"properties":{"name":"OSCAR ROMERO,CALLE,Nº 4","description":{"@type":"html","value":"Reserva Motocicletas <br><br> Distrito ZAIDIN <br> Barrio ZAIDIN-VERGELES <br> Aparca Batería <br> Plazas 26 <br> Horario <br> POINT_X -3,599954 <br> POINT_Y 37,157246"},"styleUrl":"#icon-1633-4E342E","label-scale":0,"icon-opacity":1,"icon-color":"#4e342e","icon-scale":1,"icon":"https://www.gstatic.com/mapspro/images/stock/503-wht-blank_maps.png"}},{"type":"Feature","geometry":{"type":"Point","coordinates":[-3.598265,37.163045,0]},"properties":{"name":"PABLO PICASSO,AVENIDA,Nº 2","description":{"@type":"html","value":"Reserva Motocicletas <br><br> Distrito ZAIDIN <br> Barrio ZAIDIN-VERGELES <br> Aparca Batería <br> Plazas 13 <br> Horario <br> POINT_X -3,598265 <br> POINT_Y 37,163045"},"styleUrl":"#icon-1633-4E342E","label-scale":0,"icon-opacity":1,"icon-color":"#4e342e","icon-scale":1,"icon":"https://www.gstatic.com/mapspro/images/stock/503-wht-blank_maps.png"}},{"type":"Feature","geometry":{"type":"Point","coordinates":[-3.593094,37.165609,0]},"properties":{"name":"PABLO PICASSO,AVENIDA,Nº 30","description":{"@type":"html","value":"Reserva Motocicletas <br><br> Distrito GENIL <br> Barrio CERVANTES <br> Aparca Batería <br> Plazas 13 <br> Horario laborables de 8:00 a 20:00 <br> POINT_X -3,593094 <br> POINT_Y 37,165609"},"styleUrl":"#icon-1633-4E342E","label-scale":0,"icon-opacity":1,"icon-color":"#4e342e","icon-scale":1,"icon":"https://www.gstatic.com/mapspro/images/stock/503-wht-blank_maps.png"}},{"type":"Feature","geometry":{"type":"Point","coordinates":[-3.595335,37.172993,0]},"properties":{"name":"PADRE MAESTRO LUIS DE GRANADA,CALLE,Nº 2","description":{"@type":"html","value":"Reserva Motocicletas <br><br> Distrito CENTRO <br> Barrio SAN MATIAS-REALEJO <br> Aparca Batería <br> Plazas 13 <br> Horario de 8:00 a 20:00 <br> POINT_X -3,595335 <br> POINT_Y 37,172993"},"styleUrl":"#icon-1633-4E342E","label-scale":0,"icon-opacity":1,"icon-color":"#4e342e","icon-scale":1,"icon":"https://www.gstatic.com/mapspro/images/stock/503-wht-blank_maps.png"}},{"type":"Feature","geometry":{"type":"Point","coordinates":[-3.59562,37.172911,0]},"properties":{"name":"PALACIOS,CALLE,Nº 5","description":{"@type":"html","value":"Reserva Motocicletas <br><br> Distrito CENTRO <br> Barrio SAN MATIAS-REALEJO <br> Aparca Batería <br> Plazas 14 <br> Horario <br> POINT_X -3,59562 <br> POINT_Y 37,172911"},"styleUrl":"#icon-1633-4E342E","label-scale":0,"icon-opacity":1,"icon-color":"#4e342e","icon-scale":1,"icon":"https://www.gstatic.com/mapspro/images/stock/503-wht-blank_maps.png"}},{"type":"Feature","geometry":{"type":"Point","coordinates":[-3.61291,37.185951,0]},"properties":{"name":"PALOMA,CALLE,Nº 11","description":{"@type":"html","value":"Reserva Motocicletas <br><br> Distrito BEIRO <br> Barrio PAJARITOS <br> Aparca Batería <br> Plazas 4 <br> Horario <br> POINT_X -3,61291 <br> POINT_Y 37,185951"},"styleUrl":"#icon-1633-4E342E","label-scale":0,"icon-opacity":1,"icon-color":"#4e342e","icon-scale":1,"icon":"https://www.gstatic.com/mapspro/images/stock/503-wht-blank_maps.png"}},{"type":"Feature","geometry":{"type":"Point","coordinates":[-3.593117,37.17341,0]},"properties":{"name":"PANADERAS,CALLE,Nº 1","description":{"@type":"html","value":"Reserva Motocicletas <br><br> Distrito CENTRO <br> Barrio SAN MATIAS-REALEJO <br> Aparca Batería <br> Plazas 20 <br> Horario <br> POINT_X -3,593117 <br> POINT_Y 37,17341"},"styleUrl":"#icon-1633-4E342E","label-scale":0,"icon-opacity":1,"icon-color":"#4e342e","icon-scale":1,"icon":"https://www.gstatic.com/mapspro/images/stock/503-wht-blank_maps.png"}},{"type":"Feature","geometry":{"type":"Point","coordinates":[-3.606346,37.170182,0]},"properties":{"name":"PATAGONIA,CALLE,Nº 2","description":{"@type":"html","value":"Reserva Motocicletas <br><br> Distrito RONDA <br> Barrio FIGARES <br> Aparca Batería <br> Plazas 30 <br> Horario LABORABLES DE 8:00 A 22:00 <br> POINT_X -3,606346 <br> POINT_Y 37,170182"},"styleUrl":"#icon-1633-4E342E","label-scale":0,"icon-opacity":1,"icon-color":"#4e342e","icon-scale":1,"icon":"https://www.gstatic.com/mapspro/images/stock/503-wht-blank_maps.png"}},{"type":"Feature","geometry":{"type":"Point","coordinates":[-3.612828,37.182119,0]},"properties":{"name":"PEREZ GALDOS,CALLE,Nº 4","description":{"@type":"html","value":"Reserva Motocicletas <br><br> Distrito RONDA <br> Barrio CAMINO DE RONDA <br> Aparca Batería <br> Plazas 12 <br> Horario <br> POINT_X -3,612828 <br> POINT_Y 37,182119"},"styleUrl":"#icon-1633-4E342E","label-scale":0,"icon-opacity":1,"icon-color":"#4e342e","icon-scale":1,"icon":"https://www.gstatic.com/mapspro/images/stock/503-wht-blank_maps.png"}},{"type":"Feature","geometry":{"type":"Point","coordinates":[-3.624837,37.196967,0]},"properties":{"name":"PERIODISTA DANIEL SAUCEDO ARANDA,CALLE,Nº 1","description":{"@type":"html","value":"Reserva Motocicletas <br><br> Distrito CHANA <br> Barrio CERRILLO DE MARACENA <br> Aparca Batería <br> Plazas 18 <br> Horario <br> POINT_X -3,624837 <br> POINT_Y 37,196967"},"styleUrl":"#icon-1633-4E342E","label-scale":0,"icon-opacity":1,"icon-color":"#4e342e","icon-scale":1,"icon":"https://www.gstatic.com/mapspro/images/stock/503-wht-blank_maps.png"}},{"type":"Feature","geometry":{"type":"Point","coordinates":[-3.623327,37.196352,0]},"properties":{"name":"PERIODISTA EUGENIO SELLES,CALLE,Nº 8","description":{"@type":"html","value":"Reserva Motocicletas <br><br> Distrito CHANA <br> Barrio CERRILLO DE MARACENA <br> Aparca Batería <br> Plazas 20 <br> Horario laborables de 8:00 a 20:00 <br> POINT_X -3,623327 <br> POINT_Y 37,196352"},"styleUrl":"#icon-1633-4E342E","label-scale":0,"icon-opacity":1,"icon-color":"#4e342e","icon-scale":1,"icon":"https://www.gstatic.com/mapspro/images/stock/503-wht-blank_maps.png"}},{"type":"Feature","geometry":{"type":"Point","coordinates":[-3.621322,37.194842,0]},"properties":{"name":"PERIODISTA FERNANDO GOMEZ DE LA CRUZ,CALLE,Nº 0","description":{"@type":"html","value":"Reserva Motocicletas <br><br> Distrito CHANA <br> Barrio CERRILLO DE MARACENA <br> Aparca Batería <br> Plazas 7 <br> Horario laborables de 8:00 a 20:00 <br> POINT_X -3,621322 <br> POINT_Y 37,194842"},"styleUrl":"#icon-1633-4E342E","label-scale":0,"icon-opacity":1,"icon-color":"#4e342e","icon-scale":1,"icon":"https://www.gstatic.com/mapspro/images/stock/503-wht-blank_maps.png"}},{"type":"Feature","geometry":{"type":"Point","coordinates":[-3.623871,37.197464,0]},"properties":{"name":"PERIODISTA RAFAEL GOMEZ MONTERO,CALLE,Nº 2","description":{"@type":"html","value":"Reserva Motocicletas <br><br> Distrito CHANA <br> Barrio CERRILLO DE MARACENA <br> Aparca Batería <br> Plazas 13 <br> Horario <br> POINT_X -3,623871 <br> POINT_Y 37,197464"},"styleUrl":"#icon-1633-4E342E","label-scale":0,"icon-opacity":1,"icon-color":"#4e342e","icon-scale":1,"icon":"https://www.gstatic.com/mapspro/images/stock/503-wht-blank_maps.png"}},{"type":"Feature","geometry":{"type":"Point","coordinates":[-3.598275,37.174039,0]},"properties":{"name":"PIEDRA SANTA,CALLE,Nº 21","description":{"@type":"html","value":"Reserva Motocicletas <br><br> Distrito CENTRO <br> Barrio SAN MATIAS-REALEJO <br> Aparca Batería <br> Plazas 16 <br> Horario <br> POINT_X -3,598275 <br> POINT_Y 37,174039"},"styleUrl":"#icon-1633-4E342E","label-scale":0,"icon-opacity":1,"icon-color":"#4e342e","icon-scale":1,"icon":"https://www.gstatic.com/mapspro/images/stock/503-wht-blank_maps.png"}},{"type":"Feature","geometry":{"type":"Point","coordinates":[-3.59618,37.158098,0]},"properties":{"name":"PINTOR MANUEL MALDONADO,CALLE,Nº 3","description":{"@type":"html","value":"Reserva Motocicletas <br><br> Distrito ZAIDIN <br> Barrio ZAIDIN-VERGELES <br> Aparca Batería <br> Plazas 22 <br> Horario laborables de 8:00 a 20:00 <br> POINT_X -3,59618 <br> POINT_Y 37,158098"},"styleUrl":"#icon-1633-4E342E","label-scale":0,"icon-opacity":1,"icon-color":"#4e342e","icon-scale":1,"icon":"https://www.gstatic.com/mapspro/images/stock/503-wht-blank_maps.png"}},{"type":"Feature","geometry":{"type":"Point","coordinates":[-3.608154,37.16963,0]},"properties":{"name":"POSEIDON,CALLE,Nº 0","description":{"@type":"html","value":"Reserva Motocicletas <br><br> Distrito RONDA <br> Barrio FIGARES <br> Aparca Batería <br> Plazas 20 <br> Horario laborables de 8:00 a 20:00 <br> POINT_X -3,608154 <br> POINT_Y 37,16963"},"styleUrl":"#icon-1633-4E342E","label-scale":0,"icon-opacity":1,"icon-color":"#4e342e","icon-scale":1,"icon":"https://www.gstatic.com/mapspro/images/stock/503-wht-blank_maps.png"}},{"type":"Feature","geometry":{"type":"Point","coordinates":[-3.599175,37.177938,0]},"properties":{"name":"POSTIGO SAN AGUSTIN,CALLE,Nº 3","description":{"@type":"html","value":"Reserva Motocicletas <br><br> Distrito CENTRO <br> Barrio CENTRO-SAGRARIO <br> Aparca Batería <br> Plazas 46 <br> Horario <br> POINT_X -3,599175 <br> POINT_Y 37,177938"},"styleUrl":"#icon-1633-4E342E","label-scale":0,"icon-opacity":1,"icon-color":"#4e342e","icon-scale":1,"icon":"https://www.gstatic.com/mapspro/images/stock/503-wht-blank_maps.png"}},{"type":"Feature","geometry":{"type":"Point","coordinates":[-3.599525,37.178449,0]},"properties":{"name":"POSTIGO VELUTTI,CALLE,Nº 1","description":{"@type":"html","value":"Reserva Motocicletas <br><br> Distrito CENTRO <br> Barrio CENTRO-SAGRARIO <br> Aparca Batería <br> Plazas 26 <br> Horario <br> POINT_X -3,599525 <br> POINT_Y 37,178449"},"styleUrl":"#icon-1633-4E342E","label-scale":0,"icon-opacity":1,"icon-color":"#4e342e","icon-scale":1,"icon":"https://www.gstatic.com/mapspro/images/stock/503-wht-blank_maps.png"}},{"type":"Feature","geometry":{"type":"Point","coordinates":[-3.591379,37.161791,0]},"properties":{"name":"PRIMAVERA,CALLE,Nº 0","description":{"@type":"html","value":"Reserva Motocicletas <br><br> Distrito GENIL <br> Barrio CERVANTES <br> Aparca Batería <br> Plazas 34 <br> Horario <br> POINT_X -3,591379 <br> POINT_Y 37,161791"},"styleUrl":"#icon-1633-4E342E","label-scale":0,"icon-opacity":1,"icon-color":"#4e342e","icon-scale":1,"icon":"https://www.gstatic.com/mapspro/images/stock/503-wht-blank_maps.png"}},{"type":"Feature","geometry":{"type":"Point","coordinates":[-3.596663,37.172516,0]},"properties":{"name":"PROGRESO,CUESTA,DEL,Nº 5","description":{"@type":"html","value":"Reserva Motocicletas <br><br> Distrito CENTRO <br> Barrio SAN MATIAS-REALEJO <br> Aparca Batería <br> Plazas 25 <br> Horario <br> POINT_X -3,596663 <br> POINT_Y 37,172516"},"styleUrl":"#icon-1633-4E342E","label-scale":0,"icon-opacity":1,"icon-color":"#4e342e","icon-scale":1,"icon":"https://www.gstatic.com/mapspro/images/stock/503-wht-blank_maps.png"}},{"type":"Feature","geometry":{"type":"Point","coordinates":[-3.569932,37.16364,0]},"properties":{"name":"RAUDA,CALLE,Nº 37","description":{"@type":"html","value":"Reserva Motocicletas <br><br> Distrito GENIL <br> Barrio CARRETERA DE LA SIERRA <br> Aparca Batería <br> Plazas 4 <br> Horario <br> POINT_X -3,569932 <br> POINT_Y 37,16364"},"styleUrl":"#icon-1633-4E342E","label-scale":0,"icon-opacity":1,"icon-color":"#4e342e","icon-scale":1,"icon":"https://www.gstatic.com/mapspro/images/stock/503-wht-blank_maps.png"}},{"type":"Feature","geometry":{"type":"Point","coordinates":[-3.586026,37.162246,0]},"properties":{"name":"REAL DE LOS NEVEROS,CAMINO,Nº 12","description":{"@type":"html","value":"Reserva Motocicletas <br><br> Distrito GENIL <br> Barrio BOLA DE ORO <br> Aparca Batería <br> Plazas 32 <br> Horario laborables de 8:00 a 20:00 <br> POINT_X -3,586026 <br> POINT_Y 37,162246"},"styleUrl":"#icon-1633-4E342E","label-scale":0,"icon-opacity":1,"icon-color":"#4e342e","icon-scale":1,"icon":"https://www.gstatic.com/mapspro/images/stock/503-wht-blank_maps.png"}},{"type":"Feature","geometry":{"type":"Point","coordinates":[-3.57681,37.157146,0]},"properties":{"name":"REAL DE LOS NEVEROS,CAMINO,Nº 88","description":{"@type":"html","value":"Reserva Motocicletas <br><br> Distrito GENIL <br> Barrio BOLA DE ORO <br> Aparca Batería <br> Plazas 6 <br> Horario <br> POINT_X -3,57681 <br> POINT_Y 37,157146"},"styleUrl":"#icon-1633-4E342E","label-scale":0,"icon-opacity":1,"icon-color":"#4e342e","icon-scale":1,"icon":"https://www.gstatic.com/mapspro/images/stock/503-wht-blank_maps.png"}},{"type":"Feature","geometry":{"type":"Point","coordinates":[-3.600982,37.172855,0]},"properties":{"name":"RECOGIDAS,CALLE,Nº 8","description":{"@type":"html","value":"Reserva Motocicletas <br><br> Distrito CENTRO <br> Barrio CENTRO-SAGRARIO <br> Aparca Batería <br> Plazas 14 <br> Horario <br> POINT_X -3,600982 <br> POINT_Y 37,172855"},"styleUrl":"#icon-1633-4E342E","label-scale":0,"icon-opacity":1,"icon-color":"#4e342e","icon-scale":1,"icon":"https://www.gstatic.com/mapspro/images/stock/503-wht-blank_maps.png"}},{"type":"Feature","geometry":{"type":"Point","coordinates":[-3.604493,37.180598,0]},"properties":{"name":"RECTOR LOPEZ ARGUETA,CALLE,Nº 13","description":{"@type":"html","value":"Reserva Motocicletas <br><br> Distrito CENTRO <br> Barrio CENTRO-SAGRARIO <br> Aparca Línea <br> Plazas 23 <br> Horario <br> POINT_X -3,604493 <br> POINT_Y 37,180598"},"styleUrl":"#icon-1633-4E342E","label-scale":0,"icon-opacity":1,"icon-color":"#4e342e","icon-scale":1,"icon":"https://www.gstatic.com/mapspro/images/stock/503-wht-blank_maps.png"}},{"type":"Feature","geometry":{"type":"Point","coordinates":[-3.605072,37.180914,0]},"properties":{"name":"RECTOR LOPEZ ARGUETA,CALLE,Nº 23","description":{"@type":"html","value":"Reserva Motocicletas <br><br> Distrito CENTRO <br> Barrio CENTRO-SAGRARIO <br> Aparca Línea <br> Plazas 15 <br> Horario <br> POINT_X -3,605072 <br> POINT_Y 37,180914"},"styleUrl":"#icon-1633-4E342E","label-scale":0,"icon-opacity":1,"icon-color":"#4e342e","icon-scale":1,"icon":"https://www.gstatic.com/mapspro/images/stock/503-wht-blank_maps.png"}},{"type":"Feature","geometry":{"type":"Point","coordinates":[-3.603691,37.180088,0]},"properties":{"name":"RECTOR LOPEZ ARGUETA,CALLE,Nº 7","description":{"@type":"html","value":"Reserva Motocicletas <br><br> Distrito CENTRO <br> Barrio CENTRO-SAGRARIO <br> Aparca Línea <br> Plazas 15 <br> Horario <br> POINT_X -3,603691 <br> POINT_Y 37,180088"},"styleUrl":"#icon-1633-4E342E","label-scale":0,"icon-opacity":1,"icon-color":"#4e342e","icon-scale":1,"icon":"https://www.gstatic.com/mapspro/images/stock/503-wht-blank_maps.png"}},{"type":"Feature","geometry":{"type":"Point","coordinates":[-3.60542,37.181103,0]},"properties":{"name":"RECTOR LOPEZ ARGUETA,CALLE,Nº 8","description":{"@type":"html","value":"Reserva Motocicletas <br><br> Distrito CENTRO <br> Barrio CENTRO-SAGRARIO <br> Aparca Línea <br> Plazas 7 <br> Horario <br> POINT_X -3,60542 <br> POINT_Y 37,181103"},"styleUrl":"#icon-1633-4E342E","label-scale":0,"icon-opacity":1,"icon-color":"#4e342e","icon-scale":1,"icon":"https://www.gstatic.com/mapspro/images/stock/503-wht-blank_maps.png"}},{"type":"Feature","geometry":{"type":"Point","coordinates":[-3.606412,37.184728,0]},"properties":{"name":"RECTOR MARIN OCETE,CALLE,Nº 0","description":{"@type":"html","value":"Reserva Motocicletas <br><br> Distrito BEIRO <br> Barrio PAJARITOS <br> Aparca Línea <br> Plazas 20 <br> Horario <br> POINT_X -3,606412 <br> POINT_Y 37,184728"},"styleUrl":"#icon-1633-4E342E","label-scale":0,"icon-opacity":1,"icon-color":"#4e342e","icon-scale":1,"icon":"https://www.gstatic.com/mapspro/images/stock/503-wht-blank_maps.png"}},{"type":"Feature","geometry":{"type":"Point","coordinates":[-3.602094,37.164897,0]},"properties":{"name":"REY ABU SAID,CALLE,Nº 0","description":{"@type":"html","value":"Reserva Motocicletas <br><br> Distrito RONDA <br> Barrio FIGARES <br> Aparca Batería <br> Plazas 16 <br> Horario <br> POINT_X -3,602094 <br> POINT_Y 37,164897"},"styleUrl":"#icon-1633-4E342E","label-scale":0,"icon-opacity":1,"icon-color":"#4e342e","icon-scale":1,"icon":"https://www.gstatic.com/mapspro/images/stock/503-wht-blank_maps.png"}},{"type":"Feature","geometry":{"type":"Point","coordinates":[-3.600828,37.164558,0]},"properties":{"name":"REY ABU SAID,CALLE,Nº 11","description":{"@type":"html","value":"Reserva Motocicletas <br><br> Distrito RONDA <br> Barrio FIGARES <br> Aparca Batería <br> Plazas 28 <br> Horario laborables de 7:00 a 20:00 <br> POINT_X -3,600828 <br> POINT_Y 37,164558"},"styleUrl":"#icon-1633-4E342E","label-scale":0,"icon-opacity":1,"icon-color":"#4e342e","icon-scale":1,"icon":"https://www.gstatic.com/mapspro/images/stock/503-wht-blank_maps.png"}},{"type":"Feature","geometry":{"type":"Point","coordinates":[-3.612366,37.188519,0]},"properties":{"name":"RIBERA DEL BEIRO,CALLE,Nº 5","description":{"@type":"html","value":"Reserva Motocicletas <br><br> Distrito BEIRO <br> Barrio PAJARITOS <br> Aparca Línea <br> Plazas 26 <br> Horario <br> POINT_X -3,612366 <br> POINT_Y 37,188519"},"styleUrl":"#icon-1633-4E342E","label-scale":0,"icon-opacity":1,"icon-color":"#4e342e","icon-scale":1,"icon":"https://www.gstatic.com/mapspro/images/stock/503-wht-blank_maps.png"}},{"type":"Feature","geometry":{"type":"Point","coordinates":[-3.602745,37.165613,0]},"properties":{"name":"RIBERA DEL VIOLON,CALLE,Nº 1","description":{"@type":"html","value":"Reserva Motocicletas <br><br> Distrito RONDA <br> Barrio FIGARES <br> Aparca Batería <br> Plazas 8 <br> Horario de 8:00 a 20:00 <br> POINT_X -3,602745 <br> POINT_Y 37,165613"},"styleUrl":"#icon-1633-4E342E","label-scale":0,"icon-opacity":1,"icon-color":"#4e342e","icon-scale":1,"icon":"https://www.gstatic.com/mapspro/images/stock/503-wht-blank_maps.png"}},{"type":"Feature","geometry":{"type":"Point","coordinates":[-3.605379,37.169202,0]},"properties":{"name":"RONDA,CAMINO,DE,Nº 0","description":{"@type":"html","value":"Reserva Motocicletas <br><br> Distrito RONDA <br> Barrio FIGARES <br> Aparca Batería <br> Plazas 14 <br> Horario <br> POINT_X -3,605379 <br> POINT_Y 37,169202"},"styleUrl":"#icon-1633-4E342E","label-scale":0,"icon-opacity":1,"icon-color":"#4e342e","icon-scale":1,"icon":"https://www.gstatic.com/mapspro/images/stock/503-wht-blank_maps.png"}},{"type":"Feature","geometry":{"type":"Point","coordinates":[-3.607281,37.172708,0]},"properties":{"name":"RONDA,CAMINO,DE,Nº 100","description":{"@type":"html","value":"Reserva Motocicletas <br><br> Distrito RONDA <br> Barrio CAMINO DE RONDA <br> Aparca Batería <br> Plazas 13 <br> Horario <br> POINT_X -3,607281 <br> POINT_Y 37,172708"},"styleUrl":"#icon-1633-4E342E","label-scale":0,"icon-opacity":1,"icon-color":"#4e342e","icon-scale":1,"icon":"https://www.gstatic.com/mapspro/images/stock/503-wht-blank_maps.png"}},{"type":"Feature","geometry":{"type":"Point","coordinates":[-3.614602,37.184405,0]},"properties":{"name":"RONDA,CAMINO,DE,Nº 171","description":{"@type":"html","value":"Reserva Motocicletas <br><br> Distrito RONDA <br> Barrio ROSALEDA <br> Aparca Línea <br> Plazas 16 <br> Horario <br> POINT_X -3,614602 <br> POINT_Y 37,184405"},"styleUrl":"#icon-1633-4E342E","label-scale":0,"icon-opacity":1,"icon-color":"#4e342e","icon-scale":1,"icon":"https://www.gstatic.com/mapspro/images/stock/503-wht-blank_maps.png"}},{"type":"Feature","geometry":{"type":"Point","coordinates":[-3.614657,37.186609,0]},"properties":{"name":"RONDA,CAMINO,DE,Nº 183","description":{"@type":"html","value":"Reserva Motocicletas <br><br> Distrito BEIRO <br> Barrio PAJARITOS <br> Aparca Batería <br> Plazas 5 <br> Horario laborables de 8:00 a 20:00 <br> POINT_X -3,614657 <br> POINT_Y 37,186609"},"styleUrl":"#icon-1633-4E342E","label-scale":0,"icon-opacity":1,"icon-color":"#4e342e","icon-scale":1,"icon":"https://www.gstatic.com/mapspro/images/stock/503-wht-blank_maps.png"}},{"type":"Feature","geometry":{"type":"Point","coordinates":[-3.578013,37.171335,0]},"properties":{"name":"SABICA,PASEO,DE LA,Nº 0","description":{"@type":"html","value":"Reserva Motocicletas <br><br> Distrito GENIL <br> Barrio CARRETERA DE LA SIERRA <br> Aparca <br> Plazas <br> Horario <br> POINT_X -3,578013 <br> POINT_Y 37,171335"},"styleUrl":"#icon-1633-4E342E","label-scale":0,"icon-opacity":1,"icon-color":"#4e342e","icon-scale":1,"icon":"https://www.gstatic.com/mapspro/images/stock/503-wht-blank_maps.png"}},{"type":"Feature","geometry":{"type":"Point","coordinates":[-3.595535,37.169662,0]},"properties":{"name":"SALON,PASEO,DEL,Nº 1","description":{"@type":"html","value":"Reserva Motocicletas <br><br> Distrito CENTRO <br> Barrio SAN MATIAS-REALEJO <br> Aparca Línea <br> Plazas 20 <br> Horario de 8:00 a 20:00 <br> POINT_X -3,595535 <br> POINT_Y 37,169662"},"styleUrl":"#icon-1633-4E342E","label-scale":0,"icon-opacity":1,"icon-color":"#4e342e","icon-scale":1,"icon":"https://www.gstatic.com/mapspro/images/stock/503-wht-blank_maps.png"}},{"type":"Feature","geometry":{"type":"Point","coordinates":[-3.59526,37.169687,0]},"properties":{"name":"SALON,PASEO,DEL,Nº 2","description":{"@type":"html","value":"Reserva Motocicletas <br><br> Distrito CENTRO <br> Barrio SAN MATIAS-REALEJO <br> Aparca Batería <br> Plazas 20 <br> Horario lab. de 11:00 a 15:00 y de 18:00 a 8:00 <br> POINT_X -3,59526 <br> POINT_Y 37,169687"},"styleUrl":"#icon-1633-4E342E","label-scale":0,"icon-opacity":1,"icon-color":"#4e342e","icon-scale":1,"icon":"https://www.gstatic.com/mapspro/images/stock/503-wht-blank_maps.png"}},{"type":"Feature","geometry":{"type":"Point","coordinates":[-3.599062,37.167948,0]},"properties":{"name":"SAN ANTON,CALLE,Nº 70","description":{"@type":"html","value":"Reserva Motocicletas <br><br> Distrito RONDA <br> Barrio FIGARES <br> Aparca Batería <br> Plazas 28 <br> Horario <br> POINT_X -3,599062 <br> POINT_Y 37,167948"},"styleUrl":"#icon-1633-4E342E","label-scale":0,"icon-opacity":1,"icon-color":"#4e342e","icon-scale":1,"icon":"https://www.gstatic.com/mapspro/images/stock/503-wht-blank_maps.png"}},{"type":"Feature","geometry":{"type":"Point","coordinates":[-3.602007,37.179295,0]},"properties":{"name":"SAN JERONIMO,CALLE,Nº 44","description":{"@type":"html","value":"Reserva Motocicletas <br><br> Distrito CENTRO <br> Barrio CENTRO-SAGRARIO <br> Aparca Línea <br> Plazas 14 <br> Horario <br> POINT_X -3,602007 <br> POINT_Y 37,179295"},"styleUrl":"#icon-1633-4E342E","label-scale":0,"icon-opacity":1,"icon-color":"#4e342e","icon-scale":1,"icon":"https://www.gstatic.com/mapspro/images/stock/503-wht-blank_maps.png"}},{"type":"Feature","geometry":{"type":"Point","coordinates":[-3.601301,37.170665,0]},"properties":{"name":"SAN JOSE BAJA,CALLE,Nº 35","description":{"@type":"html","value":"Reserva Motocicletas <br><br> Distrito CENTRO <br> Barrio SAN MATIAS-REALEJO <br> Aparca Batería <br> Plazas 13 <br> Horario <br> POINT_X -3,601301 <br> POINT_Y 37,170665"},"styleUrl":"#icon-1633-4E342E","label-scale":0,"icon-opacity":1,"icon-color":"#4e342e","icon-scale":1,"icon":"https://www.gstatic.com/mapspro/images/stock/503-wht-blank_maps.png"}},{"type":"Feature","geometry":{"type":"Point","coordinates":[-3.602357,37.182539,0]},"properties":{"name":"SAN JUAN DE DIOS,CALLE,Nº 54","description":{"@type":"html","value":"Reserva Motocicletas <br><br> Distrito CENTRO <br> Barrio CENTRO-SAGRARIO <br> Aparca Batería <br> Plazas 17 <br> Horario <br> POINT_X -3,602357 <br> POINT_Y 37,182539"},"styleUrl":"#icon-1633-4E342E","label-scale":0,"icon-opacity":1,"icon-color":"#4e342e","icon-scale":1,"icon":"https://www.gstatic.com/mapspro/images/stock/503-wht-blank_maps.png"}},{"type":"Feature","geometry":{"type":"Point","coordinates":[-3.606706,37.187068,0]},"properties":{"name":"SAN LAZARO,PLAZA,DE,Nº 10","description":{"@type":"html","value":"Reserva Motocicletas <br><br> Distrito BEIRO <br> Barrio DOCTORES-S. LAZARO <br> Aparca Batería <br> Plazas 9 <br> Horario <br> POINT_X -3,606706 <br> POINT_Y 37,187068"},"styleUrl":"#icon-1633-4E342E","label-scale":0,"icon-opacity":1,"icon-color":"#4e342e","icon-scale":1,"icon":"https://www.gstatic.com/mapspro/images/stock/503-wht-blank_maps.png"}},{"type":"Feature","geometry":{"type":"Point","coordinates":[-3.606725,37.187079,0]},"properties":{"name":"SAN LAZARO,PLAZA,DE,Nº 10","description":{"@type":"html","value":"Reserva Motocicletas <br><br> Distrito BEIRO <br> Barrio DOCTORES-S. LAZARO <br> Aparca Batería <br> Plazas 9 <br> Horario <br> POINT_X -3,606725 <br> POINT_Y 37,187079"},"styleUrl":"#icon-1633-4E342E","label-scale":0,"icon-opacity":1,"icon-color":"#4e342e","icon-scale":1,"icon":"https://www.gstatic.com/mapspro/images/stock/503-wht-blank_maps.png"}},{"type":"Feature","geometry":{"type":"Point","coordinates":[-3.605574,37.181305,0]},"properties":{"name":"SANTA BARBARA,CALLE,Nº 0","description":{"@type":"html","value":"Reserva Motocicletas <br><br> Distrito CENTRO <br> Barrio CENTRO-SAGRARIO <br> Aparca Batería <br> Plazas 12 <br> Horario <br> POINT_X -3,605574 <br> POINT_Y 37,181305"},"styleUrl":"#icon-1633-4E342E","label-scale":0,"icon-opacity":1,"icon-color":"#4e342e","icon-scale":1,"icon":"https://www.gstatic.com/mapspro/images/stock/503-wht-blank_maps.png"}},{"type":"Feature","geometry":{"type":"Point","coordinates":[-3.605451,37.18141,0]},"properties":{"name":"SANTA BARBARA,CALLE,Nº 18","description":{"@type":"html","value":"Reserva Motocicletas <br><br> Distrito CENTRO <br> Barrio CENTRO-SAGRARIO <br> Aparca Línea <br> Plazas 8 <br> Horario <br> POINT_X -3,605451 <br> POINT_Y 37,18141"},"styleUrl":"#icon-1633-4E342E","label-scale":0,"icon-opacity":1,"icon-color":"#4e342e","icon-scale":1,"icon":"https://www.gstatic.com/mapspro/images/stock/503-wht-blank_maps.png"}},{"type":"Feature","geometry":{"type":"Point","coordinates":[-3.599929,37.180999,0]},"properties":{"name":"SANTA LUCIA,CALLE,Nº 13","description":{"@type":"html","value":"Reserva Motocicletas <br><br> Distrito CENTRO <br> Barrio CENTRO-SAGRARIO <br> Aparca Batería <br> Plazas 17 <br> Horario laborables de 8:00 a 20:00 <br> POINT_X -3,599929 <br> POINT_Y 37,180999"},"styleUrl":"#icon-1633-4E342E","label-scale":0,"icon-opacity":1,"icon-color":"#4e342e","icon-scale":1,"icon":"https://www.gstatic.com/mapspro/images/stock/503-wht-blank_maps.png"}},{"type":"Feature","geometry":{"type":"Point","coordinates":[-3.599807,37.180813,0]},"properties":{"name":"SANTA LUCIA,CALLE,Nº 6","description":{"@type":"html","value":"Reserva Motocicletas <br><br> Distrito CENTRO <br> Barrio CENTRO-SAGRARIO <br> Aparca <br> Plazas <br> Horario <br> POINT_X -3,599807 <br> POINT_Y 37,180813"},"styleUrl":"#icon-1633-4E342E","label-scale":0,"icon-opacity":1,"icon-color":"#4e342e","icon-scale":1,"icon":"https://www.gstatic.com/mapspro/images/stock/503-wht-blank_maps.png"}},{"type":"Feature","geometry":{"type":"Point","coordinates":[-3.600272,37.178745,0]},"properties":{"name":"SANTA PAULA,CALLE,Nº 18","description":{"@type":"html","value":"Reserva Motocicletas <br><br> Distrito CENTRO <br> Barrio CENTRO-SAGRARIO <br> Aparca Batería <br> Plazas 20 <br> Horario <br> POINT_X -3,600272 <br> POINT_Y 37,178745"},"styleUrl":"#icon-1633-4E342E","label-scale":0,"icon-opacity":1,"icon-color":"#4e342e","icon-scale":1,"icon":"https://www.gstatic.com/mapspro/images/stock/503-wht-blank_maps.png"}},{"type":"Feature","geometry":{"type":"Point","coordinates":[-3.598503,37.151072,0]},"properties":{"name":"SANTA ROSALIA,CALLE,Nº 22","description":{"@type":"html","value":"Reserva Motocicletas <br><br> Distrito ZAIDIN <br> Barrio ZAIDIN-VERGELES <br> Aparca Batería <br> Plazas 6 <br> Horario <br> POINT_X -3,598503 <br> POINT_Y 37,151072"},"styleUrl":"#icon-1633-4E342E","label-scale":0,"icon-opacity":1,"icon-color":"#4e342e","icon-scale":1,"icon":"https://www.gstatic.com/mapspro/images/stock/503-wht-blank_maps.png"}},{"type":"Feature","geometry":{"type":"Point","coordinates":[-3.598273,37.151084,0]},"properties":{"name":"SANTA ROSALIA,CALLE,Nº 24","description":{"@type":"html","value":"Reserva Motocicletas <br><br> Distrito ZAIDIN <br> Barrio ZAIDIN-VERGELES <br> Aparca Batería <br> Plazas 4 <br> Horario <br> POINT_X -3,598273 <br> POINT_Y 37,151084"},"styleUrl":"#icon-1633-4E342E","label-scale":0,"icon-opacity":1,"icon-color":"#4e342e","icon-scale":1,"icon":"https://www.gstatic.com/mapspro/images/stock/503-wht-blank_maps.png"}},{"type":"Feature","geometry":{"type":"Point","coordinates":[-3.600571,37.151393,0]},"properties":{"name":"SANTA ROSALIA,CALLE,Nº 4","description":{"@type":"html","value":"Reserva Motocicletas <br><br> Distrito ZAIDIN <br> Barrio ZAIDIN-VERGELES <br> Aparca Batería <br> Plazas 13 <br> Horario laborables de 8:00 a 20:00 <br> POINT_X -3,600571 <br> POINT_Y 37,151393"},"styleUrl":"#icon-1633-4E342E","label-scale":0,"icon-opacity":1,"icon-color":"#4e342e","icon-scale":1,"icon":"https://www.gstatic.com/mapspro/images/stock/503-wht-blank_maps.png"}},{"type":"Feature","geometry":{"type":"Point","coordinates":[-3.598094,37.155259,0]},"properties":{"name":"SANTANDER,CALLE,Nº 1","description":{"@type":"html","value":"Reserva Motocicletas <br><br> Distrito ZAIDIN <br> Barrio ZAIDIN-VERGELES <br> Aparca Batería <br> Plazas 17 <br> Horario <br> POINT_X -3,598094 <br> POINT_Y 37,155259"},"styleUrl":"#icon-1633-4E342E","label-scale":0,"icon-opacity":1,"icon-color":"#4e342e","icon-scale":1,"icon":"https://www.gstatic.com/mapspro/images/stock/503-wht-blank_maps.png"}},{"type":"Feature","geometry":{"type":"Point","coordinates":[-3.595279,37.172649,0]},"properties":{"name":"SANTO DOMINGO,CALLEJON,DE,Nº 2","description":{"@type":"html","value":"Reserva Motocicletas <br><br> Distrito CENTRO <br> Barrio SAN MATIAS-REALEJO <br> Aparca Batería <br> Plazas 20 <br> Horario laborables de 8:00 a 20:00 <br> POINT_X -3,595279 <br> POINT_Y 37,172649"},"styleUrl":"#icon-1633-4E342E","label-scale":0,"icon-opacity":1,"icon-color":"#4e342e","icon-scale":1,"icon":"https://www.gstatic.com/mapspro/images/stock/503-wht-blank_maps.png"}},{"type":"Feature","geometry":{"type":"Point","coordinates":[-3.614957,37.180169,0]},"properties":{"name":"SANTO TOMAS DE VILLANUEVA,CALLE,Nº 18","description":{"@type":"html","value":"Reserva Motocicletas <br><br> Distrito RONDA <br> Barrio CAMINO DE RONDA <br> Aparca Batería <br> Plazas 44 <br> Horario <br> POINT_X -3,614957 <br> POINT_Y 37,180169"},"styleUrl":"#icon-1633-4E342E","label-scale":0,"icon-opacity":1,"icon-color":"#4e342e","icon-scale":1,"icon":"https://www.gstatic.com/mapspro/images/stock/503-wht-blank_maps.png"}},{"type":"Feature","geometry":{"type":"Point","coordinates":[-3.600445,37.180068,0]},"properties":{"name":"SANTOS,CALLE,LOS,Nº 1","description":{"@type":"html","value":"Reserva Motocicletas <br><br> Distrito CENTRO <br> Barrio CENTRO-SAGRARIO <br> Aparca <br> Plazas <br> Horario 8:00 A 20:00 <br> POINT_X -3,600445 <br> POINT_Y 37,180068"},"styleUrl":"#icon-1633-4E342E","label-scale":0,"icon-opacity":1,"icon-color":"#4e342e","icon-scale":1,"icon":"https://www.gstatic.com/mapspro/images/stock/503-wht-blank_maps.png"}},{"type":"Feature","geometry":{"type":"Point","coordinates":[-3.598538,37.173536,0]},"properties":{"name":"SARABIA,CALLE,Nº 2","description":{"@type":"html","value":"Reserva Motocicletas <br><br> Distrito CENTRO <br> Barrio SAN MATIAS-REALEJO <br> Aparca Batería <br> Plazas 10 <br> Horario <br> POINT_X -3,598538 <br> POINT_Y 37,173536"},"styleUrl":"#icon-1633-4E342E","label-scale":0,"icon-opacity":1,"icon-color":"#4e342e","icon-scale":1,"icon":"https://www.gstatic.com/mapspro/images/stock/503-wht-blank_maps.png"}},{"type":"Feature","geometry":{"type":"Point","coordinates":[-3.598231,37.173399,0]},"properties":{"name":"SARABIA,CALLE,Nº 4","description":{"@type":"html","value":"Reserva Motocicletas <br><br> Distrito CENTRO <br> Barrio SAN MATIAS-REALEJO <br> Aparca Batería <br> Plazas 53 <br> Horario <br> POINT_X -3,598231 <br> POINT_Y 37,173399"},"styleUrl":"#icon-1633-4E342E","label-scale":0,"icon-opacity":1,"icon-color":"#4e342e","icon-scale":1,"icon":"https://www.gstatic.com/mapspro/images/stock/503-wht-blank_maps.png"}},{"type":"Feature","geometry":{"type":"Point","coordinates":[-3.585211,37.166417,0]},"properties":{"name":"SIERRA,CARRETERA,DE LA,Nº 30","description":{"@type":"html","value":"Reserva Motocicletas <br><br> Distrito GENIL <br> Barrio CARRETERA DE LA SIERRA <br> Aparca Batería <br> Plazas 8 <br> Horario laborables de 8:00 a 20:00 <br> POINT_X -3,585211 <br> POINT_Y 37,166417"},"styleUrl":"#icon-1633-4E342E","label-scale":0,"icon-opacity":1,"icon-color":"#4e342e","icon-scale":1,"icon":"https://www.gstatic.com/mapspro/images/stock/503-wht-blank_maps.png"}},{"type":"Feature","geometry":{"type":"Point","coordinates":[-3.606042,37.175261,0]},"properties":{"name":"SOCRATES,CALLE,Nº 7","description":{"@type":"html","value":"Reserva Motocicletas <br><br> Distrito CENTRO <br> Barrio CENTRO-SAGRARIO <br> Aparca Batería <br> Plazas 16 <br> Horario <br> POINT_X -3,606042 <br> POINT_Y 37,175261"},"styleUrl":"#icon-1633-4E342E","label-scale":0,"icon-opacity":1,"icon-color":"#4e342e","icon-scale":1,"icon":"https://www.gstatic.com/mapspro/images/stock/503-wht-blank_maps.png"}},{"type":"Feature","geometry":{"type":"Point","coordinates":[-3.603029,37.172288,0]},"properties":{"name":"SOLARILLO DE GRACIA,CALLE,Nº 4","description":{"@type":"html","value":"Reserva Motocicletas <br><br> Distrito CENTRO <br> Barrio CENTRO-SAGRARIO <br> Aparca Batería <br> Plazas 12 <br> Horario laborables de 8:00 a 20:00 <br> POINT_X -3,603029 <br> POINT_Y 37,172288"},"styleUrl":"#icon-1633-4E342E","label-scale":0,"icon-opacity":1,"icon-color":"#4e342e","icon-scale":1,"icon":"https://www.gstatic.com/mapspro/images/stock/503-wht-blank_maps.png"}},{"type":"Feature","geometry":{"type":"Point","coordinates":[-3.606,37.180783,0]},"properties":{"name":"SOR CRISTINA DE LA CRUZ DE ARTEAGA,PLAZA,Nº 0","description":{"@type":"html","value":"Reserva Motocicletas <br><br> Distrito CENTRO <br> Barrio CENTRO-SAGRARIO <br> Aparca Batería <br> Plazas 20 <br> Horario <br> POINT_X -3,606 <br> POINT_Y 37,180783"},"styleUrl":"#icon-1633-4E342E","label-scale":0,"icon-opacity":1,"icon-color":"#4e342e","icon-scale":1,"icon":"https://www.gstatic.com/mapspro/images/stock/503-wht-blank_maps.png"}},{"type":"Feature","geometry":{"type":"Point","coordinates":[-3.605798,37.180727,0]},"properties":{"name":"SOR CRISTINA DE LA CRUZ DE ARTEAGA,PLAZA,Nº 5","description":{"@type":"html","value":"Reserva Motocicletas <br><br> Distrito CENTRO <br> Barrio CENTRO-SAGRARIO <br> Aparca Batería <br> Plazas 40 <br> Horario <br> POINT_X -3,605798 <br> POINT_Y 37,180727"},"styleUrl":"#icon-1633-4E342E","label-scale":0,"icon-opacity":1,"icon-color":"#4e342e","icon-scale":1,"icon":"https://www.gstatic.com/mapspro/images/stock/503-wht-blank_maps.png"}},{"type":"Feature","geometry":{"type":"Point","coordinates":[-3.595409,37.166495,0]},"properties":{"name":"SOS DEL REY CATOLICO,CALLE,Nº 9","description":{"@type":"html","value":"Reserva Motocicletas <br><br> Distrito GENIL <br> Barrio CERVANTES <br> Aparca Batería <br> Plazas 13 <br> Horario laborables de 8:00 a 20:00 <br> POINT_X -3,595409 <br> POINT_Y 37,166495"},"styleUrl":"#icon-1633-4E342E","label-scale":0,"icon-opacity":1,"icon-color":"#4e342e","icon-scale":1,"icon":"https://www.gstatic.com/mapspro/images/stock/503-wht-blank_maps.png"}},{"type":"Feature","geometry":{"type":"Point","coordinates":[-3.601071,37.181511,0]},"properties":{"name":"TINAJILLA,CALLE,Nº 1","description":{"@type":"html","value":"Reserva Motocicletas <br><br> Distrito CENTRO <br> Barrio CENTRO-SAGRARIO <br> Aparca Batería <br> Plazas 18 <br> Horario <br> POINT_X -3,601071 <br> POINT_Y 37,181511"},"styleUrl":"#icon-1633-4E342E","label-scale":0,"icon-opacity":1,"icon-color":"#4e342e","icon-scale":1,"icon":"https://www.gstatic.com/mapspro/images/stock/503-wht-blank_maps.png"}},{"type":"Feature","geometry":{"type":"Point","coordinates":[-3.600571,37.181945,0]},"properties":{"name":"TINAJILLA,CALLE,Nº 5","description":{"@type":"html","value":"Reserva Motocicletas <br><br> Distrito CENTRO <br> Barrio CENTRO-SAGRARIO <br> Aparca Batería <br> Plazas 28 <br> Horario <br> POINT_X -3,600571 <br> POINT_Y 37,181945"},"styleUrl":"#icon-1633-4E342E","label-scale":0,"icon-opacity":1,"icon-color":"#4e342e","icon-scale":1,"icon":"https://www.gstatic.com/mapspro/images/stock/503-wht-blank_maps.png"}},{"type":"Feature","geometry":{"type":"Point","coordinates":[-3.586175,37.156505,0]},"properties":{"name":"TORRE DE LA BARBA,CALLE,Nº 2","description":{"@type":"html","value":"Reserva Motocicletas <br><br> Distrito GENIL <br> Barrio CERVANTES <br> Aparca Batería <br> Plazas 12 <br> Horario laborables de 8:00 a 20:00 <br> POINT_X -3,586175 <br> POINT_Y 37,156505"},"styleUrl":"#icon-1633-4E342E","label-scale":0,"icon-opacity":1,"icon-color":"#4e342e","icon-scale":1,"icon":"https://www.gstatic.com/mapspro/images/stock/503-wht-blank_maps.png"}},{"type":"Feature","geometry":{"type":"Point","coordinates":[-3.589655,37.154031,0]},"properties":{"name":"TORRE DE LA CAUTIVA,CALLE,Nº 15","description":{"@type":"html","value":"Reserva Motocicletas <br><br> Distrito GENIL <br> Barrio CASTAÑO MIRASIERRA <br> Aparca Batería <br> Plazas 7 <br> Horario <br> POINT_X -3,589655 <br> POINT_Y 37,154031"},"styleUrl":"#icon-1633-4E342E","label-scale":0,"icon-opacity":1,"icon-color":"#4e342e","icon-scale":1,"icon":"https://www.gstatic.com/mapspro/images/stock/503-wht-blank_maps.png"}},{"type":"Feature","geometry":{"type":"Point","coordinates":[-3.590378,37.155908,0]},"properties":{"name":"TORRE DE LOS PICOS,CALLE,Nº 17","description":{"@type":"html","value":"Reserva Motocicletas <br><br> Distrito GENIL <br> Barrio CASTAÑO MIRASIERRA <br> Aparca Batería <br> Plazas 17 <br> Horario laborables de 8:00 a 20:00 <br> POINT_X -3,590378 <br> POINT_Y 37,155908"},"styleUrl":"#icon-1633-4E342E","label-scale":0,"icon-opacity":1,"icon-color":"#4e342e","icon-scale":1,"icon":"https://www.gstatic.com/mapspro/images/stock/503-wht-blank_maps.png"}},{"type":"Feature","geometry":{"type":"Point","coordinates":[-3.61203,37.185836,0]},"properties":{"name":"TORTOLA,CALLE,Nº 27","description":{"@type":"html","value":"Reserva Motocicletas <br><br> Distrito BEIRO <br> Barrio PAJARITOS <br> Aparca Batería <br> Plazas 12 <br> Horario laborables de 8:00 a 20:00 <br> POINT_X -3,61203 <br> POINT_Y 37,185836"},"styleUrl":"#icon-1633-4E342E","label-scale":0,"icon-opacity":1,"icon-color":"#4e342e","icon-scale":1,"icon":"https://www.gstatic.com/mapspro/images/stock/503-wht-blank_maps.png"}},{"type":"Feature","geometry":{"type":"Point","coordinates":[-3.597964,37.175071,0]},"properties":{"name":"TOVAR,PLACETA,DE,Nº 1","description":{"@type":"html","value":"Reserva Motocicletas <br><br> Distrito CENTRO <br> Barrio SAN MATIAS-REALEJO <br> Aparca Batería <br> Plazas 24 <br> Horario <br> POINT_X -3,597964 <br> POINT_Y 37,175071"},"styleUrl":"#icon-1633-4E342E","label-scale":0,"icon-opacity":1,"icon-color":"#4e342e","icon-scale":1,"icon":"https://www.gstatic.com/mapspro/images/stock/503-wht-blank_maps.png"}},{"type":"Feature","geometry":{"type":"Point","coordinates":[-3.598078,37.175177,0]},"properties":{"name":"TOVAR,PLACETA,DE,Nº 2","description":{"@type":"html","value":"Reserva Motocicletas <br><br> Distrito CENTRO <br> Barrio SAN MATIAS-REALEJO <br> Aparca Batería <br> Plazas 9 <br> Horario <br> POINT_X -3,598078 <br> POINT_Y 37,175177"},"styleUrl":"#icon-1633-4E342E","label-scale":0,"icon-opacity":1,"icon-color":"#4e342e","icon-scale":1,"icon":"https://www.gstatic.com/mapspro/images/stock/503-wht-blank_maps.png"}},{"type":"Feature","geometry":{"type":"Point","coordinates":[-3.597943,37.175134,0]},"properties":{"name":"TOVAR,PLACETA,DE,Nº 3","description":{"@type":"html","value":"Reserva Motocicletas <br><br> Distrito CENTRO <br> Barrio SAN MATIAS-REALEJO <br> Aparca Línea <br> Plazas 26 <br> Horario <br> POINT_X -3,597943 <br> POINT_Y 37,175134"},"styleUrl":"#icon-1633-4E342E","label-scale":0,"icon-opacity":1,"icon-color":"#4e342e","icon-scale":1,"icon":"https://www.gstatic.com/mapspro/images/stock/503-wht-blank_maps.png"}},{"type":"Feature","geometry":{"type":"Point","coordinates":[-3.606214,37.174479,0]},"properties":{"name":"TRAJANO,CALLE,Nº 2","description":{"@type":"html","value":"Reserva Motocicletas <br><br> Distrito CENTRO <br> Barrio CENTRO-SAGRARIO <br> Aparca Batería <br> Plazas 14 <br> Horario de 8:00 a 20:00 <br> POINT_X -3,606214 <br> POINT_Y 37,174479"},"styleUrl":"#icon-1633-4E342E","label-scale":0,"icon-opacity":1,"icon-color":"#4e342e","icon-scale":1,"icon":"https://www.gstatic.com/mapspro/images/stock/503-wht-blank_maps.png"}},{"type":"Feature","geometry":{"type":"Point","coordinates":[-3.602052,37.176081,0]},"properties":{"name":"TRINIDAD,PLAZA,DE LA,Nº 5","description":{"@type":"html","value":"Reserva Motocicletas <br><br> Distrito CENTRO <br> Barrio CENTRO-SAGRARIO <br> Aparca Batería <br> Plazas 21 <br> Horario de 8:00 a 22:00 <br> POINT_X -3,602052 <br> POINT_Y 37,176081"},"styleUrl":"#icon-1633-4E342E","label-scale":0,"icon-opacity":1,"icon-color":"#4e342e","icon-scale":1,"icon":"https://www.gstatic.com/mapspro/images/stock/503-wht-blank_maps.png"}},{"type":"Feature","geometry":{"type":"Point","coordinates":[-3.600003,37.182428,0]},"properties":{"name":"TRIUNFO,PLAZA,DEL,Nº 1","description":{"@type":"html","value":"Reserva Motocicletas <br><br> Distrito BEIRO <br> Barrio SAN ILDEFONSO <br> Aparca Batería <br> Plazas 26 <br> Horario laborables de 8:00 a 22:00 <br> POINT_X -3,600003 <br> POINT_Y 37,182428"},"styleUrl":"#icon-1633-4E342E","label-scale":0,"icon-opacity":1,"icon-color":"#4e342e","icon-scale":1,"icon":"https://www.gstatic.com/mapspro/images/stock/503-wht-blank_maps.png"}},{"type":"Feature","geometry":{"type":"Point","coordinates":[-3.602267,37.181725,0]},"properties":{"name":"TRIVIÑO,PLACETA,DE,Nº 4","description":{"@type":"html","value":"Reserva Motocicletas <br><br> Distrito CENTRO <br> Barrio CENTRO-SAGRARIO <br> Aparca Batería <br> Plazas 13 <br> Horario <br> POINT_X -3,602267 <br> POINT_Y 37,181725"},"styleUrl":"#icon-1633-4E342E","label-scale":0,"icon-opacity":1,"icon-color":"#4e342e","icon-scale":1,"icon":"https://www.gstatic.com/mapspro/images/stock/503-wht-blank_maps.png"}},{"type":"Feature","geometry":{"type":"Point","coordinates":[-3.601457,37.178247,0]},"properties":{"name":"UNIVERSIDAD,PLAZA,DE LA,Nº 1","description":{"@type":"html","value":"Reserva Motocicletas <br><br> Distrito CENTRO <br> Barrio CENTRO-SAGRARIO <br> Aparca <br> Plazas <br> Horario <br> POINT_X -3,601457 <br> POINT_Y 37,178247"},"styleUrl":"#icon-1633-4E342E","label-scale":0,"icon-opacity":1,"icon-color":"#4e342e","icon-scale":1,"icon":"https://www.gstatic.com/mapspro/images/stock/503-wht-blank_maps.png"}},{"type":"Feature","geometry":{"type":"Point","coordinates":[-3.601685,37.178302,0]},"properties":{"name":"UNIVERSIDAD,PLAZA,DE LA,Nº 2","description":{"@type":"html","value":"Reserva Motocicletas <br><br> Distrito CENTRO <br> Barrio CENTRO-SAGRARIO <br> Aparca Batería <br> Plazas 30 <br> Horario <br> POINT_X -3,601685 <br> POINT_Y 37,178302"},"styleUrl":"#icon-1633-4E342E","label-scale":0,"icon-opacity":1,"icon-color":"#4e342e","icon-scale":1,"icon":"https://www.gstatic.com/mapspro/images/stock/503-wht-blank_maps.png"}},{"type":"Feature","geometry":{"type":"Point","coordinates":[-3.626654,37.1928,0]},"properties":{"name":"VIRGEN DE LA CONSOLACION,CALLE,Nº 11","description":{"@type":"html","value":"Reserva Motocicletas <br><br> Distrito CHANA <br> Barrio ANGUSTIAS - CHANA - ENCINA <br> Aparca Batería <br> Plazas 8 <br> Horario <br> POINT_X -3,626654 <br> POINT_Y 37,1928"},"styleUrl":"#icon-1633-4E342E","label-scale":0,"icon-opacity":1,"icon-color":"#4e342e","icon-scale":1,"icon":"https://www.gstatic.com/mapspro/images/stock/503-wht-blank_maps.png"}},{"type":"Feature","geometry":{"type":"Point","coordinates":[-3.626572,37.193028,0]},"properties":{"name":"VIRGEN DE LA CONSOLACION,CALLE,Nº 6","description":{"@type":"html","value":"Reserva Motocicletas <br><br> Distrito CHANA <br> Barrio ANGUSTIAS - CHANA - ENCINA <br> Aparca Batería <br> Plazas 4 <br> Horario <br> POINT_X -3,626572 <br> POINT_Y 37,193028"},"styleUrl":"#icon-1633-4E342E","label-scale":0,"icon-opacity":1,"icon-color":"#4e342e","icon-scale":1,"icon":"https://www.gstatic.com/mapspro/images/stock/503-wht-blank_maps.png"}},{"type":"Feature","geometry":{"type":"Point","coordinates":[-3.589791,37.164137,0]},"properties":{"name":"VIRGEN DEL ROCIO,CALLE,Nº 6","description":{"@type":"html","value":"Reserva Motocicletas <br><br> Distrito GENIL <br> Barrio CERVANTES <br> Aparca Batería <br> Plazas 3 <br> Horario <br> POINT_X -3,589791 <br> POINT_Y 37,164137"},"styleUrl":"#icon-1633-4E342E","label-scale":0,"icon-opacity":1,"icon-color":"#4e342e","icon-scale":1,"icon":"https://www.gstatic.com/mapspro/images/stock/503-wht-blank_maps.png"}},{"type":"Feature","geometry":{"type":"Point","coordinates":[-3.61022,37.193291,0]},"properties":{"name":"YERBAGUENA,CALLE,Nº 14","description":{"@type":"html","value":"Reserva Motocicletas <br><br> Distrito BEIRO <br> Barrio LA CRUZ <br> Aparca Batería <br> Plazas 2 <br> Horario <br> POINT_X -3,61022 <br> POINT_Y 37,193291"},"styleUrl":"#icon-1633-4E342E","label-scale":0,"icon-opacity":1,"icon-color":"#4e342e","icon-scale":1,"icon":"https://www.gstatic.com/mapspro/images/stock/503-wht-blank_maps.png"}}]}