<?xml version="1.0" encoding="UTF-8"?>
<kml xmlns="http://www.opengis.net/kml/2.2">
  <Document>
    <name>Plazas reservadas a motocicletas</name>
    <description><![CDATA[Plazas de aparcamiento reservadas a motocicletas/ciclomotores/bicicletas.<br>[actualizado en abril de 2020]]]></description>
    <Style id="icon-1633-4E342E-normal">
      <IconStyle>
        <color>ff2e344e</color>
        <scale>1</scale>
        <Icon>
          <href>https://www.gstatic.com/mapspro/images/stock/503-wht-blank_maps.png</href>
        </Icon>
      </IconStyle>
      <LabelStyle>
        <scale>0</scale>
      </LabelStyle>
    </Style>
    <Style id="icon-1633-4E342E-highlight">
      <IconStyle>
        <color>ff2e344e</color>
        <scale>1</scale>
        <Icon>
          <href>https://www.gstatic.com/mapspro/images/stock/503-wht-blank_maps.png</href>
        </Icon>
      </IconStyle>
      <LabelStyle>
        <scale>1</scale>
      </LabelStyle>
    </Style>
    <StyleMap id="icon-1633-4E342E">
      <Pair>
        <key>normal</key>
        <styleUrl>#icon-1633-4E342E-normal</styleUrl>
      </Pair>
      <Pair>
        <key>highlight</key>
        <styleUrl>#icon-1633-4E342E-highlight</styleUrl>
      </Pair>
    </StyleMap>
    <Folder>
      <name>MOTOCICLETAS</name>
      <Placemark>
        <name>ACEQUIA GORDA, CALLEJON, Nº 26</name>
        <description><![CDATA[Reserva Motocicletas    <br>       <br>   Distrito   CENTRO    <br>   Barrio   SAN MATIAS-REALEJO    <br>   Aparca   Batería    <br>   Plazas   26    <br>   Horario       <br>   POINT_X   -3,599156    <br>   POINT_Y   37,168442]]></description>
        <styleUrl>#icon-1633-4E342E</styleUrl>
        <Point>
          <coordinates>
            -3.599156,37.168442,0
          </coordinates>
        </Point>
      </Placemark>
      <Placemark>
        <name>ACERA DEL DARRO, CALLE, Nº 13</name>
        <description><![CDATA[Reserva Motocicletas    <br>       <br>   Distrito   CENTRO    <br>   Barrio   SAN MATIAS-REALEJO    <br>   Aparca   Batería    <br>   Plazas   29    <br>   Horario   laborables de 8:00 a 22:00    <br>   POINT_X   -3,598227    <br>   POINT_Y   37,170878]]></description>
        <styleUrl>#icon-1633-4E342E</styleUrl>
        <Point>
          <coordinates>
            -3.598227,37.170878,0
          </coordinates>
        </Point>
      </Placemark>
      <Placemark>
        <name>ACERA DEL DARRO, CALLE, Nº 48</name>
        <description><![CDATA[Reserva Motocicletas    <br>       <br>   Distrito   CENTRO    <br>   Barrio   SAN MATIAS-REALEJO    <br>   Aparca   Batería    <br>   Plazas   28    <br>   Horario       <br>   POINT_X   -3,598661    <br>   POINT_Y   37,17122]]></description>
        <styleUrl>#icon-1633-4E342E</styleUrl>
        <Point>
          <coordinates>
            -3.598661,37.17122,0
          </coordinates>
        </Point>
      </Placemark>
      <Placemark>
        <name>ACERA DEL DARRO, CALLE, Nº 54</name>
        <description><![CDATA[Reserva Motocicletas    <br>       <br>   Distrito   CENTRO    <br>   Barrio   SAN MATIAS-REALEJO    <br>   Aparca   Batería    <br>   Plazas   53    <br>   Horario   laborables de 11:00 a 8:00    <br>   POINT_X   -3,598506    <br>   POINT_Y   37,17098]]></description>
        <styleUrl>#icon-1633-4E342E</styleUrl>
        <Point>
          <coordinates>
            -3.598506,37.17098,0
          </coordinates>
        </Point>
      </Placemark>
      <Placemark>
        <name>ACERA DEL TRIUNFO, CALLE, Nº 1</name>
        <description><![CDATA[Reserva Motocicletas    <br>       <br>   Distrito   CENTRO    <br>   Barrio   CENTRO-SAGRARIO    <br>   Aparca   Línea    <br>   Plazas   9    <br>   Horario       <br>   POINT_X   -3,602514    <br>   POINT_Y   37,182477]]></description>
        <styleUrl>#icon-1633-4E342E</styleUrl>
        <Point>
          <coordinates>
            -3.602514,37.182477,0
          </coordinates>
        </Point>
      </Placemark>
      <Placemark>
        <name>ACERA DEL TRIUNFO, CALLE, Nº 3</name>
        <description><![CDATA[Reserva Motocicletas    <br>       <br>   Distrito   CENTRO    <br>   Barrio   CENTRO-SAGRARIO    <br>   Aparca   Línea    <br>   Plazas   33    <br>   Horario       <br>   POINT_X   -3,602685    <br>   POINT_Y   37,182586]]></description>
        <styleUrl>#icon-1633-4E342E</styleUrl>
        <Point>
          <coordinates>
            -3.602685,37.182586,0
          </coordinates>
        </Point>
      </Placemark>
      <Placemark>
        <name>ACERA DEL TRIUNFO, CALLE, Nº 9</name>
        <description><![CDATA[Reserva Motocicletas    <br>       <br>   Distrito   CENTRO    <br>   Barrio   CENTRO-SAGRARIO    <br>   Aparca   Batería    <br>   Plazas   40    <br>   Horario   laborables de 8:00 a 20:00    <br>   POINT_X   -3,603103    <br>   POINT_Y   37,182856]]></description>
        <styleUrl>#icon-1633-4E342E</styleUrl>
        <Point>
          <coordinates>
            -3.603103,37.182856,0
          </coordinates>
        </Point>
      </Placemark>
      <Placemark>
        <name>AGUSTIN LARA, CALLE, Nº 22</name>
        <description><![CDATA[Reserva Motocicletas    <br>       <br>   Distrito   ZAIDIN    <br>   Barrio   ZAIDIN-VERGELES    <br>   Aparca   Batería    <br>   Plazas   3    <br>   Horario       <br>   POINT_X   -3,593568    <br>   POINT_Y   37,163185]]></description>
        <styleUrl>#icon-1633-4E342E</styleUrl>
        <Point>
          <coordinates>
            -3.593568,37.163185,0
          </coordinates>
        </Point>
      </Placemark>
      <Placemark>
        <name>AIXA LA HORRA, CALLE, Nº 8</name>
        <description><![CDATA[Reserva Motocicletas    <br>       <br>   Distrito   GENIL    <br>   Barrio   BOLA DE ORO    <br>   Aparca   Batería    <br>   Plazas   7    <br>   Horario       <br>   POINT_X   -3,578865    <br>   POINT_Y   37,161947]]></description>
        <styleUrl>#icon-1633-4E342E</styleUrl>
        <Point>
          <coordinates>
            -3.578865,37.161947,0
          </coordinates>
        </Point>
      </Placemark>
      <Placemark>
        <name>ALBONDON, CALLE, Nº 12</name>
        <description><![CDATA[Reserva Motocicletas    <br>       <br>   Distrito   RONDA    <br>   Barrio   ROSALEDA    <br>   Aparca   Batería    <br>   Plazas   12    <br>   Horario   laborables de 8:00 a 20:00    <br>   POINT_X   -3,617889    <br>   POINT_Y   37,183665]]></description>
        <styleUrl>#icon-1633-4E342E</styleUrl>
        <Point>
          <coordinates>
            -3.617889,37.183665,0
          </coordinates>
        </Point>
      </Placemark>
      <Placemark>
        <name>ALCALA DE HENARES, CALLE, Nº 1</name>
        <description><![CDATA[Reserva Motocicletas    <br>       <br>   Distrito   GENIL    <br>   Barrio   CERVANTES    <br>   Aparca   Batería    <br>   Plazas   15    <br>   Horario   8:00 A 20:00    <br>   POINT_X   -3,589023    <br>   POINT_Y   37,164362]]></description>
        <styleUrl>#icon-1633-4E342E</styleUrl>
        <Point>
          <coordinates>
            -3.589023,37.164362,0
          </coordinates>
        </Point>
      </Placemark>
      <Placemark>
        <name>ALHAMAR, CALLE, Nº 2</name>
        <description><![CDATA[Reserva Motocicletas    <br>       <br>   Distrito   CENTRO    <br>   Barrio   SAN MATIAS-REALEJO    <br>   Aparca   Batería    <br>   Plazas   12    <br>   Horario       <br>   POINT_X   -3,599639    <br>   POINT_Y   37,169042]]></description>
        <styleUrl>#icon-1633-4E342E</styleUrl>
        <Point>
          <coordinates>
            -3.599639,37.169042,0
          </coordinates>
        </Point>
      </Placemark>
      <Placemark>
        <name>ALHAMAR, CALLE, Nº 3</name>
        <description><![CDATA[Reserva Motocicletas    <br>       <br>   Distrito   CENTRO    <br>   Barrio   SAN MATIAS-REALEJO    <br>   Aparca   Batería    <br>   Plazas   12    <br>   Horario       <br>   POINT_X   -3,599638    <br>   POINT_Y   37,16895]]></description>
        <styleUrl>#icon-1633-4E342E</styleUrl>
        <Point>
          <coordinates>
            -3.599638,37.16895,0
          </coordinates>
        </Point>
      </Placemark>
      <Placemark>
        <name>ALHONDIGA, CALLE, Nº 33</name>
        <description><![CDATA[Reserva Motocicletas    <br>       <br>   Distrito   CENTRO    <br>   Barrio   CENTRO-SAGRARIO    <br>   Aparca   Batería    <br>   Plazas   14    <br>   Horario   laborables de 11:00 a 22:00    <br>   POINT_X   -3,601449    <br>   POINT_Y   37,175225]]></description>
        <styleUrl>#icon-1633-4E342E</styleUrl>
        <Point>
          <coordinates>
            -3.601449,37.175225,0
          </coordinates>
        </Point>
      </Placemark>
      <Placemark>
        <name>ALHONDIGA, PLAZA, DE LA, Nº 4</name>
        <description><![CDATA[Reserva Motocicletas    <br>       <br>   Distrito   CENTRO    <br>   Barrio   CENTRO-SAGRARIO    <br>   Aparca   Batería    <br>   Plazas   12    <br>   Horario       <br>   POINT_X   -3,601503    <br>   POINT_Y   37,175308]]></description>
        <styleUrl>#icon-1633-4E342E</styleUrl>
        <Point>
          <coordinates>
            -3.601503,37.175308,0
          </coordinates>
        </Point>
      </Placemark>
      <Placemark>
        <name>ALMIRECEROS, CALLE, Nº 0</name>
        <description><![CDATA[Reserva Motocicletas    <br>       <br>   Distrito   CENTRO    <br>   Barrio   CENTRO-SAGRARIO    <br>   Aparca   Batería    <br>   Plazas   12    <br>   Horario       <br>   POINT_X   -3,597252    <br>   POINT_Y   37,176734]]></description>
        <styleUrl>#icon-1633-4E342E</styleUrl>
        <Point>
          <coordinates>
            -3.597252,37.176734,0
          </coordinates>
        </Point>
      </Placemark>
      <Placemark>
        <name>ALMIRECEROS, CALLE, Nº 1</name>
        <description><![CDATA[Reserva Motocicletas    <br>       <br>   Distrito   CENTRO    <br>   Barrio   CENTRO-SAGRARIO    <br>   Aparca   Línea    <br>   Plazas   13    <br>   Horario       <br>   POINT_X   -3,597864    <br>   POINT_Y   37,176663]]></description>
        <styleUrl>#icon-1633-4E342E</styleUrl>
        <Point>
          <coordinates>
            -3.597864,37.176663,0
          </coordinates>
        </Point>
      </Placemark>
      <Placemark>
        <name>ALMIRECEROS, CALLE, Nº 3</name>
        <description><![CDATA[Reserva Motocicletas    <br>       <br>   Distrito   CENTRO    <br>   Barrio   CENTRO-SAGRARIO    <br>   Aparca   Línea    <br>   Plazas   36    <br>   Horario   de 14:00 a 8:00    <br>   POINT_X   -3,597655    <br>   POINT_Y   37,176715]]></description>
        <styleUrl>#icon-1633-4E342E</styleUrl>
        <Point>
          <coordinates>
            -3.597655,37.176715,0
          </coordinates>
        </Point>
      </Placemark>
      <Placemark>
        <name>ALONDRA, CALLE, Nº 13</name>
        <description><![CDATA[Reserva Motocicletas    <br>       <br>   Distrito   BEIRO    <br>   Barrio   PAJARITOS    <br>   Aparca   Batería    <br>   Plazas   8    <br>   Horario       <br>   POINT_X   -3,61381    <br>   POINT_Y   37,185372]]></description>
        <styleUrl>#icon-1633-4E342E</styleUrl>
        <Point>
          <coordinates>
            -3.61381,37.185372,0
          </coordinates>
        </Point>
      </Placemark>
      <Placemark>
        <name>ALTILLO DE LAS ERAS, PLAZA, Nº 1</name>
        <description><![CDATA[Reserva Motocicletas    <br>       <br>   Distrito   BEIRO    <br>   Barrio   DOCTORES-S. LAZARO    <br>   Aparca   Batería    <br>   Plazas   24    <br>   Horario       <br>   POINT_X   -3,60433    <br>   POINT_Y   37,185664]]></description>
        <styleUrl>#icon-1633-4E342E</styleUrl>
        <Point>
          <coordinates>
            -3.60433,37.185664,0
          </coordinates>
        </Point>
      </Placemark>
      <Placemark>
        <name>ALTILLO DE LAS ERAS, PLAZA, Nº 1</name>
        <description><![CDATA[Reserva Motocicletas    <br>       <br>   Distrito   BEIRO    <br>   Barrio   DOCTORES-S. LAZARO    <br>   Aparca   Batería    <br>   Plazas   24    <br>   Horario       <br>   POINT_X   -3,604358    <br>   POINT_Y   37,185635]]></description>
        <styleUrl>#icon-1633-4E342E</styleUrl>
        <Point>
          <coordinates>
            -3.604358,37.185635,0
          </coordinates>
        </Point>
      </Placemark>
      <Placemark>
        <name>ALTILLO DE LAS ERAS, PLAZA, Nº 1</name>
        <description><![CDATA[Reserva Motocicletas    <br>       <br>   Distrito   BEIRO    <br>   Barrio   DOCTORES-S. LAZARO    <br>   Aparca   Batería    <br>   Plazas   16    <br>   Horario       <br>   POINT_X   -3,604363    <br>   POINT_Y   37,185673]]></description>
        <styleUrl>#icon-1633-4E342E</styleUrl>
        <Point>
          <coordinates>
            -3.604363,37.185673,0
          </coordinates>
        </Point>
      </Placemark>
      <Placemark>
        <name>ALTILLO DE LAS ERAS, PLAZA, Nº 4</name>
        <description><![CDATA[Reserva Motocicletas    <br>       <br>   Distrito   BEIRO    <br>   Barrio   DOCTORES-S. LAZARO    <br>   Aparca   Batería    <br>   Plazas   26    <br>   Horario       <br>   POINT_X   -3,604679    <br>   POINT_Y   37,185874]]></description>
        <styleUrl>#icon-1633-4E342E</styleUrl>
        <Point>
          <coordinates>
            -3.604679,37.185874,0
          </coordinates>
        </Point>
      </Placemark>
      <Placemark>
        <name>ANCHA DE CAPUCHINOS, CALLE, Nº 15</name>
        <description><![CDATA[Reserva Motocicletas    <br>       <br>   Distrito   BEIRO    <br>   Barrio   SAN ILDEFONSO    <br>   Aparca   Batería    <br>   Plazas   17    <br>   Horario       <br>   POINT_X   -3,603118    <br>   POINT_Y   37,186165]]></description>
        <styleUrl>#icon-1633-4E342E</styleUrl>
        <Point>
          <coordinates>
            -3.603118,37.186165,0
          </coordinates>
        </Point>
      </Placemark>
      <Placemark>
        <name>ANCHA DE CAPUCHINOS, CALLE, Nº 3</name>
        <description><![CDATA[Reserva Motocicletas    <br>       <br>   Distrito   BEIRO    <br>   Barrio   SAN ILDEFONSO    <br>   Aparca   Batería    <br>   Plazas   8    <br>   Horario       <br>   POINT_X   -3,602311    <br>   POINT_Y   37,185274]]></description>
        <styleUrl>#icon-1633-4E342E</styleUrl>
        <Point>
          <coordinates>
            -3.602311,37.185274,0
          </coordinates>
        </Point>
      </Placemark>
      <Placemark>
        <name>ANCHA DE GRACIA, CALLE, Nº 12</name>
        <description><![CDATA[Reserva Motocicletas    <br>       <br>   Distrito   RONDA    <br>   Barrio   CAMINO DE RONDA    <br>   Aparca   Batería    <br>   Plazas   10    <br>   Horario   laborables de 8:00 a 20:00    <br>   POINT_X   -3,606201    <br>   POINT_Y   37,171313]]></description>
        <styleUrl>#icon-1633-4E342E</styleUrl>
        <Point>
          <coordinates>
            -3.606201,37.171313,0
          </coordinates>
        </Point>
      </Placemark>
      <Placemark>
        <name>ANDALUCIA, AVENIDA, DE, Nº 101</name>
        <description><![CDATA[Reserva Motocicletas    <br>       <br>   Distrito   CHANA    <br>   Barrio   ANGUSTIAS - CHANA - ENCINA    <br>   Aparca   Batería    <br>   Plazas   10    <br>   Horario       <br>   POINT_X   -3,626252    <br>   POINT_Y   37,194023]]></description>
        <styleUrl>#icon-1633-4E342E</styleUrl>
        <Point>
          <coordinates>
            -3.626252,37.194023,0
          </coordinates>
        </Point>
      </Placemark>
      <Placemark>
        <name>ANDALUCIA, AVENIDA, DE, Nº 20</name>
        <description><![CDATA[Reserva Motocicletas    <br>       <br>   Distrito   BEIRO    <br>   Barrio   PAJARITOS    <br>   Aparca   Batería    <br>   Plazas   24    <br>   Horario       <br>   POINT_X   -3,613303    <br>   POINT_Y   37,18895]]></description>
        <styleUrl>#icon-1633-4E342E</styleUrl>
        <Point>
          <coordinates>
            -3.613303,37.18895,0
          </coordinates>
        </Point>
      </Placemark>
      <Placemark>
        <name>ANDANADA, CALLE, Nº 2</name>
        <description><![CDATA[Reserva Motocicletas    <br>       <br>   Distrito   BEIRO    <br>   Barrio   LA CRUZ    <br>   Aparca   Línea    <br>   Plazas   3    <br>   Horario       <br>   POINT_X   -3,612352    <br>   POINT_Y   37,195141]]></description>
        <styleUrl>#icon-1633-4E342E</styleUrl>
        <Point>
          <coordinates>
            -3.612352,37.195141,0
          </coordinates>
        </Point>
      </Placemark>
      <Placemark>
        <name>ANDUJAR, CALLE, Nº 11</name>
        <description><![CDATA[Reserva Motocicletas    <br>       <br>   Distrito   NORTE    <br>   Barrio   ALMANJAYAR    <br>   Aparca   Batería    <br>   Plazas   33    <br>   Horario       <br>   POINT_X   -3,616771    <br>   POINT_Y   37,209998]]></description>
        <styleUrl>#icon-1633-4E342E</styleUrl>
        <Point>
          <coordinates>
            -3.616771,37.209998,0
          </coordinates>
        </Point>
      </Placemark>
      <Placemark>
        <name>ANGEL, CALLEJON, DEL, Nº 11</name>
        <description><![CDATA[Reserva Motocicletas    <br>       <br>   Distrito   GENIL    <br>   Barrio   CERVANTES    <br>   Aparca   Batería    <br>   Plazas   7    <br>   Horario       <br>   POINT_X   -3,596736    <br>   POINT_Y   37,165657]]></description>
        <styleUrl>#icon-1633-4E342E</styleUrl>
        <Point>
          <coordinates>
            -3.596736,37.165657,0
          </coordinates>
        </Point>
      </Placemark>
      <Placemark>
        <name>ANGEL, CALLEJON, DEL, Nº 11</name>
        <description><![CDATA[Reserva Motocicletas    <br>       <br>   Distrito   GENIL    <br>   Barrio   CERVANTES    <br>   Aparca   Batería    <br>   Plazas   5    <br>   Horario       <br>   POINT_X   -3,596789    <br>   POINT_Y   37,165731]]></description>
        <styleUrl>#icon-1633-4E342E</styleUrl>
        <Point>
          <coordinates>
            -3.596789,37.165731,0
          </coordinates>
        </Point>
      </Placemark>
      <Placemark>
        <name>ARABIAL, CALLE, Nº 0</name>
        <description><![CDATA[Reserva Motocicletas    <br>       <br>   Distrito   RONDA    <br>   Barrio   CAMINO DE RONDA    <br>   Aparca   Batería    <br>   Plazas   12    <br>   Horario       <br>   POINT_X   -3,607656    <br>   POINT_Y   37,170416]]></description>
        <styleUrl>#icon-1633-4E342E</styleUrl>
        <Point>
          <coordinates>
            -3.607656,37.170416,0
          </coordinates>
        </Point>
      </Placemark>
      <Placemark>
        <name>ARABIAL, CALLE, Nº 0</name>
        <description><![CDATA[Reserva Motocicletas    <br>       <br>   Distrito   RONDA    <br>   Barrio   FIGARES    <br>   Aparca   Batería    <br>   Plazas   30    <br>   Horario   laborables de 8:00 a 20:00    <br>   POINT_X   -3,606875    <br>   POINT_Y   37,169137]]></description>
        <styleUrl>#icon-1633-4E342E</styleUrl>
        <Point>
          <coordinates>
            -3.606875,37.169137,0
          </coordinates>
        </Point>
      </Placemark>
      <Placemark>
        <name>ARABIAL, CALLE, Nº 0</name>
        <description><![CDATA[Reserva Motocicletas    <br>       <br>   Distrito   RONDA    <br>   Barrio   CAMINO DE RONDA    <br>   Aparca   Batería    <br>   Plazas   14    <br>   Horario       <br>   POINT_X   -3,608218    <br>   POINT_Y   37,171328]]></description>
        <styleUrl>#icon-1633-4E342E</styleUrl>
        <Point>
          <coordinates>
            -3.608218,37.171328,0
          </coordinates>
        </Point>
      </Placemark>
      <Placemark>
        <name>ARABIAL, CALLE, Nº 96</name>
        <description><![CDATA[Reserva Motocicletas    <br>       <br>   Distrito   RONDA    <br>   Barrio   CAMINO DE RONDA    <br>   Aparca   Batería    <br>   Plazas   40    <br>   Horario       <br>   POINT_X   -3,612619    <br>   POINT_Y   37,178565]]></description>
        <styleUrl>#icon-1633-4E342E</styleUrl>
        <Point>
          <coordinates>
            -3.612619,37.178565,0
          </coordinates>
        </Point>
      </Placemark>
      <Placemark>
        <name>ARABIAL, GLORIETA, DE, Nº 1</name>
        <description><![CDATA[Reserva Motocicletas    <br>       <br>   Distrito   RONDA    <br>   Barrio   CAMINO DE RONDA    <br>   Aparca       <br>   Plazas       <br>   Horario       <br>   POINT_X   -3,608779    <br>   POINT_Y   37,174255]]></description>
        <styleUrl>#icon-1633-4E342E</styleUrl>
        <Point>
          <coordinates>
            -3.608779,37.174255,0
          </coordinates>
        </Point>
      </Placemark>
      <Placemark>
        <name>ARABIAL, GLORIETA, DE, Nº 8</name>
        <description><![CDATA[Reserva Motocicletas    <br>       <br>   Distrito   RONDA    <br>   Barrio   CAMINO DE RONDA    <br>   Aparca   Batería    <br>   Plazas   26    <br>   Horario       <br>   POINT_X   -3,609765    <br>   POINT_Y   37,17415]]></description>
        <styleUrl>#icon-1633-4E342E</styleUrl>
        <Point>
          <coordinates>
            -3.609765,37.17415,0
          </coordinates>
        </Point>
      </Placemark>
      <Placemark>
        <name>ARENAS, CALLEJON, DE, Nº 7</name>
        <description><![CDATA[Reserva Motocicletas    <br>       <br>   Distrito   CENTRO    <br>   Barrio   SAN MATIAS-REALEJO    <br>   Aparca   Batería    <br>   Plazas   20    <br>   Horario   laborables de 8:00 a 20:00    <br>   POINT_X   -3,597797    <br>   POINT_Y   37,168174]]></description>
        <styleUrl>#icon-1633-4E342E</styleUrl>
        <Point>
          <coordinates>
            -3.597797,37.168174,0
          </coordinates>
        </Point>
      </Placemark>
      <Placemark>
        <name>BADEN POWELL, CALLE, Nº 0</name>
        <description><![CDATA[Reserva Motocicletas    <br>       <br>   Distrito   ZAIDIN    <br>   Barrio   ZAIDIN-VERGELES    <br>   Aparca   Batería    <br>   Plazas   6    <br>   Horario       <br>   POINT_X   -3,60141    <br>   POINT_Y   37,151345]]></description>
        <styleUrl>#icon-1633-4E342E</styleUrl>
        <Point>
          <coordinates>
            -3.60141,37.151345,0
          </coordinates>
        </Point>
      </Placemark>
      <Placemark>
        <name>BARATILLOS, CALLE, Nº 1</name>
        <description><![CDATA[Reserva Motocicletas    <br>       <br>   Distrito   CENTRO    <br>   Barrio   CENTRO-SAGRARIO    <br>   Aparca   Batería    <br>   Plazas   20    <br>   Horario       <br>   POINT_X   -3,599847    <br>   POINT_Y   37,177585]]></description>
        <styleUrl>#icon-1633-4E342E</styleUrl>
        <Point>
          <coordinates>
            -3.599847,37.177585,0
          </coordinates>
        </Point>
      </Placemark>
      <Placemark>
        <name>BARATILLOS, CALLE, Nº 2</name>
        <description><![CDATA[Reserva Motocicletas    <br>       <br>   Distrito   CENTRO    <br>   Barrio   CENTRO-SAGRARIO    <br>   Aparca   Batería    <br>   Plazas   24    <br>   Horario   laborables de 10:00 a 6:00    <br>   POINT_X   -3,599879    <br>   POINT_Y   37,177656]]></description>
        <styleUrl>#icon-1633-4E342E</styleUrl>
        <Point>
          <coordinates>
            -3.599879,37.177656,0
          </coordinates>
        </Point>
      </Placemark>
      <Placemark>
        <name>BARATILLOS, CALLE, Nº 4</name>
        <description><![CDATA[Reserva Motocicletas    <br>       <br>   Distrito   CENTRO    <br>   Barrio   CENTRO-SAGRARIO    <br>   Aparca   Batería    <br>   Plazas   9    <br>   Horario       <br>   POINT_X   -3,599952    <br>   POINT_Y   37,177511]]></description>
        <styleUrl>#icon-1633-4E342E</styleUrl>
        <Point>
          <coordinates>
            -3.599952,37.177511,0
          </coordinates>
        </Point>
      </Placemark>
      <Placemark>
        <name>BARON PIERRE DE COUBERTIN, PLAZA, Nº 0</name>
        <description><![CDATA[Reserva Motocicletas    <br>       <br>   Distrito   GENIL    <br>   Barrio   CASTAÑO MIRASIERRA    <br>   Aparca   Batería    <br>   Plazas   33    <br>   Horario       <br>   POINT_X   -3,593057    <br>   POINT_Y   37,156598]]></description>
        <styleUrl>#icon-1633-4E342E</styleUrl>
        <Point>
          <coordinates>
            -3.593057,37.156598,0
          </coordinates>
        </Point>
      </Placemark>
      <Placemark>
        <name>BARRICHUELO CARTUJA, CALLE, Nº 10</name>
        <description><![CDATA[Reserva Motocicletas    <br>       <br>   Distrito   BEIRO    <br>   Barrio   SAN ILDEFONSO    <br>   Aparca   Batería    <br>   Plazas   4    <br>   Horario       <br>   POINT_X   -3,599428    <br>   POINT_Y   37,185278]]></description>
        <styleUrl>#icon-1633-4E342E</styleUrl>
        <Point>
          <coordinates>
            -3.599428,37.185278,0
          </coordinates>
        </Point>
      </Placemark>
      <Placemark>
        <name>BASILIOS, PASEO, DE LOS, Nº 0</name>
        <description><![CDATA[Reserva Motocicletas    <br>       <br>   Distrito   GENIL    <br>   Barrio   CERVANTES    <br>   Aparca   Batería    <br>   Plazas   12    <br>   Horario   laborables de 8:00 a 20:00    <br>   POINT_X   -3,595145    <br>   POINT_Y   37,168356]]></description>
        <styleUrl>#icon-1633-4E342E</styleUrl>
        <Point>
          <coordinates>
            -3.595145,37.168356,0
          </coordinates>
        </Point>
      </Placemark>
      <Placemark>
        <name>BASILIOS, PASEO, DE LOS, Nº 0</name>
        <description><![CDATA[Reserva Motocicletas    <br>       <br>   Distrito   GENIL    <br>   Barrio   CERVANTES    <br>   Aparca   Batería    <br>   Plazas   10    <br>   Horario   laborables de 8:00 a 20:00    <br>   POINT_X   -3,595351    <br>   POINT_Y   37,168251]]></description>
        <styleUrl>#icon-1633-4E342E</styleUrl>
        <Point>
          <coordinates>
            -3.595351,37.168251,0
          </coordinates>
        </Point>
      </Placemark>
      <Placemark>
        <name>BASILIOS, PASEO, DE LOS, Nº 3</name>
        <description><![CDATA[Reserva Motocicletas    <br>       <br>   Distrito   GENIL    <br>   Barrio   CERVANTES    <br>   Aparca   Línea    <br>   Plazas   6    <br>   Horario       <br>   POINT_X   -3,593008    <br>   POINT_Y   37,16888]]></description>
        <styleUrl>#icon-1633-4E342E</styleUrl>
        <Point>
          <coordinates>
            -3.593008,37.16888,0
          </coordinates>
        </Point>
      </Placemark>
      <Placemark>
        <name>BIBATAUBIN, PLAZA, DE, Nº 0</name>
        <description><![CDATA[Reserva Motocicletas    <br>       <br>   Distrito   CENTRO    <br>   Barrio   SAN MATIAS-REALEJO    <br>   Aparca   Línea    <br>   Plazas   24    <br>   Horario   de 8:00 a 20:00    <br>   POINT_X   -3,597643    <br>   POINT_Y   37,17156]]></description>
        <styleUrl>#icon-1633-4E342E</styleUrl>
        <Point>
          <coordinates>
            -3.597643,37.17156,0
          </coordinates>
        </Point>
      </Placemark>
      <Placemark>
        <name>BIBATAUBIN, PLAZA, DE, Nº 1</name>
        <description><![CDATA[Reserva Motocicletas    <br>       <br>   Distrito   CENTRO    <br>   Barrio   SAN MATIAS-REALEJO    <br>   Aparca   Batería    <br>   Plazas   30    <br>   Horario   de 8:00 a 20:00    <br>   POINT_X   -3,597743    <br>   POINT_Y   37,171833]]></description>
        <styleUrl>#icon-1633-4E342E</styleUrl>
        <Point>
          <coordinates>
            -3.597743,37.171833,0
          </coordinates>
        </Point>
      </Placemark>
      <Placemark>
        <name>BIBATAUBIN, PLAZA, DE, Nº 1</name>
        <description><![CDATA[Reserva Motocicletas    <br>       <br>   Distrito   CENTRO    <br>   Barrio   SAN MATIAS-REALEJO    <br>   Aparca   Batería    <br>   Plazas   20    <br>   Horario       <br>   POINT_X   -3,597807    <br>   POINT_Y   37,171792]]></description>
        <styleUrl>#icon-1633-4E342E</styleUrl>
        <Point>
          <coordinates>
            -3.597807,37.171792,0
          </coordinates>
        </Point>
      </Placemark>
      <Placemark>
        <name>BIBATAUBIN, PLAZA, DE, Nº 2</name>
        <description><![CDATA[Reserva Motocicletas    <br>       <br>   Distrito   CENTRO    <br>   Barrio   SAN MATIAS-REALEJO    <br>   Aparca   Batería    <br>   Plazas   25    <br>   Horario       <br>   POINT_X   -3,597589    <br>   POINT_Y   37,17151]]></description>
        <styleUrl>#icon-1633-4E342E</styleUrl>
        <Point>
          <coordinates>
            -3.597589,37.17151,0
          </coordinates>
        </Point>
      </Placemark>
      <Placemark>
        <name>BOLSILLO DE SANTA PAULA, CALLE, Nº 1</name>
        <description><![CDATA[Reserva Motocicletas    <br>       <br>   Distrito   CENTRO    <br>   Barrio   CENTRO-SAGRARIO    <br>   Aparca   Batería    <br>   Plazas   8    <br>   Horario       <br>   POINT_X   -3,600409    <br>   POINT_Y   37,179168]]></description>
        <styleUrl>#icon-1633-4E342E</styleUrl>
        <Point>
          <coordinates>
            -3.600409,37.179168,0
          </coordinates>
        </Point>
      </Placemark>
      <Placemark>
        <name>BOLSILLO DE SANTA PAULA, CALLE, Nº 1</name>
        <description><![CDATA[Reserva Motocicletas    <br>       <br>   Distrito   CENTRO    <br>   Barrio   CENTRO-SAGRARIO    <br>   Aparca   Batería    <br>   Plazas   8    <br>   Horario       <br>   POINT_X   -3,600323    <br>   POINT_Y   37,179136]]></description>
        <styleUrl>#icon-1633-4E342E</styleUrl>
        <Point>
          <coordinates>
            -3.600323,37.179136,0
          </coordinates>
        </Point>
      </Placemark>
      <Placemark>
        <name>BOMBA, PASEO, DE LA, Nº 14</name>
        <description><![CDATA[Reserva Motocicletas    <br>       <br>   Distrito   CENTRO    <br>   Barrio   SAN MATIAS-REALEJO    <br>   Aparca   Batería    <br>   Plazas   7    <br>   Horario       <br>   POINT_X   -3,589562    <br>   POINT_Y   37,168376]]></description>
        <styleUrl>#icon-1633-4E342E</styleUrl>
        <Point>
          <coordinates>
            -3.589562,37.168376,0
          </coordinates>
        </Point>
      </Placemark>
      <Placemark>
        <name>BOMBA, PASEO, DE LA, Nº 15</name>
        <description><![CDATA[Reserva Motocicletas    <br>       <br>   Distrito   CENTRO    <br>   Barrio   SAN MATIAS-REALEJO    <br>   Aparca   Batería    <br>   Plazas   4    <br>   Horario       <br>   POINT_X   -3,589457    <br>   POINT_Y   37,168327]]></description>
        <styleUrl>#icon-1633-4E342E</styleUrl>
        <Point>
          <coordinates>
            -3.589457,37.168327,0
          </coordinates>
        </Point>
      </Placemark>
      <Placemark>
        <name>BOMBA, PASEO, DE LA, Nº 16</name>
        <description><![CDATA[Reserva Motocicletas    <br>       <br>   Distrito   CENTRO    <br>   Barrio   SAN MATIAS-REALEJO    <br>   Aparca   Batería    <br>   Plazas   8    <br>   Horario       <br>   POINT_X   -3,589254    <br>   POINT_Y   37,168238]]></description>
        <styleUrl>#icon-1633-4E342E</styleUrl>
        <Point>
          <coordinates>
            -3.589254,37.168238,0
          </coordinates>
        </Point>
      </Placemark>
      <Placemark>
        <name>BOMBA, PASEO, DE LA, Nº 5</name>
        <description><![CDATA[Reserva Motocicletas    <br>       <br>   Distrito   CENTRO    <br>   Barrio   SAN MATIAS-REALEJO    <br>   Aparca   Batería    <br>   Plazas   46    <br>   Horario       <br>   POINT_X   -3,592408    <br>   POINT_Y   37,169675]]></description>
        <styleUrl>#icon-1633-4E342E</styleUrl>
        <Point>
          <coordinates>
            -3.592408,37.169675,0
          </coordinates>
        </Point>
      </Placemark>
      <Placemark>
        <name>BOMBA, PASEO, DE LA, Nº 9</name>
        <description><![CDATA[Reserva Motocicletas    <br>       <br>   Distrito   CENTRO    <br>   Barrio   SAN MATIAS-REALEJO    <br>   Aparca   Batería    <br>   Plazas   5    <br>   Horario       <br>   POINT_X   -3,591004    <br>   POINT_Y   37,169035]]></description>
        <styleUrl>#icon-1633-4E342E</styleUrl>
        <Point>
          <coordinates>
            -3.591004,37.169035,0
          </coordinates>
        </Point>
      </Placemark>
      <Placemark>
        <name>BUENSUCESO, CALLE, Nº 12</name>
        <description><![CDATA[Reserva Motocicletas    <br>       <br>   Distrito   CENTRO    <br>   Barrio   CENTRO-SAGRARIO    <br>   Aparca   Batería    <br>   Plazas   18    <br>   Horario   de 8:00 a 20:00    <br>   POINT_X   -3,60265    <br>   POINT_Y   37,175365]]></description>
        <styleUrl>#icon-1633-4E342E</styleUrl>
        <Point>
          <coordinates>
            -3.60265,37.175365,0
          </coordinates>
        </Point>
      </Placemark>
      <Placemark>
        <name>CADIZ, AVENIDA, DE, Nº 1</name>
        <description><![CDATA[Reserva Motocicletas    <br>       <br>   Distrito   ZAIDIN    <br>   Barrio   ZAIDIN-VERGELES    <br>   Aparca   Batería    <br>   Plazas   12    <br>   Horario       <br>   POINT_X   -3,600094    <br>   POINT_Y   37,160117]]></description>
        <styleUrl>#icon-1633-4E342E</styleUrl>
        <Point>
          <coordinates>
            -3.600094,37.160117,0
          </coordinates>
        </Point>
      </Placemark>
      <Placemark>
        <name>CALLE SIN ASIGNAR, Nº 0</name>
        <description><![CDATA[Reserva Motocicletas    <br>       <br>   Distrito   BEIRO    <br>   Barrio   CERCADO BAJO DE CARTUJA    <br>   Aparca   Batería    <br>   Plazas   8    <br>   Horario   laborables de 8:00 a 20:00    <br>   POINT_X   -3,603882    <br>   POINT_Y   37,189202]]></description>
        <styleUrl>#icon-1633-4E342E</styleUrl>
        <Point>
          <coordinates>
            -3.603882,37.189202,0
          </coordinates>
        </Point>
      </Placemark>
      <Placemark>
        <name>CAMPILLO BAJO, PLAZA, DEL, Nº 12</name>
        <description><![CDATA[Reserva Motocicletas    <br>       <br>   Distrito   CENTRO    <br>   Barrio   SAN MATIAS-REALEJO    <br>   Aparca       <br>   Plazas       <br>   Horario       <br>   POINT_X   -3,597088    <br>   POINT_Y   37,171675]]></description>
        <styleUrl>#icon-1633-4E342E</styleUrl>
        <Point>
          <coordinates>
            -3.597088,37.171675,0
          </coordinates>
        </Point>
      </Placemark>
      <Placemark>
        <name>CAMPILLO, PLAZA, DEL, Nº 1</name>
        <description><![CDATA[Reserva Motocicletas    <br>       <br>   Distrito   CENTRO    <br>   Barrio   SAN MATIAS-REALEJO    <br>   Aparca   Batería    <br>   Plazas   20    <br>   Horario       <br>   POINT_X   -3,598226    <br>   POINT_Y   37,172382]]></description>
        <styleUrl>#icon-1633-4E342E</styleUrl>
        <Point>
          <coordinates>
            -3.598226,37.172382,0
          </coordinates>
        </Point>
      </Placemark>
      <Placemark>
        <name>CAMPILLO, PLAZA, DEL, Nº 2</name>
        <description><![CDATA[Reserva Motocicletas    <br>       <br>   Distrito   CENTRO    <br>   Barrio   SAN MATIAS-REALEJO    <br>   Aparca   Batería    <br>   Plazas   84    <br>   Horario       <br>   POINT_X   -3,598225    <br>   POINT_Y   37,17261]]></description>
        <styleUrl>#icon-1633-4E342E</styleUrl>
        <Point>
          <coordinates>
            -3.598225,37.17261,0
          </coordinates>
        </Point>
      </Placemark>
      <Placemark>
        <name>CAMPILLO, PLAZA, DEL, Nº 5</name>
        <description><![CDATA[Reserva Motocicletas    <br>       <br>   Distrito   CENTRO    <br>   Barrio   SAN MATIAS-REALEJO    <br>   Aparca   Batería    <br>   Plazas   20    <br>   Horario       <br>   POINT_X   -3,59805    <br>   POINT_Y   37,172327]]></description>
        <styleUrl>#icon-1633-4E342E</styleUrl>
        <Point>
          <coordinates>
            -3.59805,37.172327,0
          </coordinates>
        </Point>
      </Placemark>
      <Placemark>
        <name>CAMPO DEL PRINCIPE, PLAZA, Nº 0</name>
        <description><![CDATA[Reserva Motocicletas    <br>       <br>   Distrito   CENTRO    <br>   Barrio   SAN MATIAS-REALEJO    <br>   Aparca   Batería    <br>   Plazas   5    <br>   Horario       <br>   POINT_X   -3,591665    <br>   POINT_Y   37,173213]]></description>
        <styleUrl>#icon-1633-4E342E</styleUrl>
        <Point>
          <coordinates>
            -3.591665,37.173213,0
          </coordinates>
        </Point>
      </Placemark>
      <Placemark>
        <name>CAMPO DEL PRINCIPE, PLAZA, Nº 0</name>
        <description><![CDATA[Reserva Motocicletas    <br>       <br>   Distrito   CENTRO    <br>   Barrio   SAN MATIAS-REALEJO    <br>   Aparca   Batería    <br>   Plazas   13    <br>   Horario   laborables de 8:00 a 20:00    <br>   POINT_X   -3,591553    <br>   POINT_Y   37,173205]]></description>
        <styleUrl>#icon-1633-4E342E</styleUrl>
        <Point>
          <coordinates>
            -3.591553,37.173205,0
          </coordinates>
        </Point>
      </Placemark>
      <Placemark>
        <name>CAMPO DEL PRINCIPE, PLAZA, Nº 11</name>
        <description><![CDATA[Reserva Motocicletas    <br>       <br>   Distrito   CENTRO    <br>   Barrio   SAN MATIAS-REALEJO    <br>   Aparca   Batería    <br>   Plazas   20    <br>   Horario   laborables de 8:00 a 20:00    <br>   POINT_X   -3,591525    <br>   POINT_Y   37,172888]]></description>
        <styleUrl>#icon-1633-4E342E</styleUrl>
        <Point>
          <coordinates>
            -3.591525,37.172888,0
          </coordinates>
        </Point>
      </Placemark>
      <Placemark>
        <name>CAMPO DEL PRINCIPE, PLAZA, Nº 12</name>
        <description><![CDATA[Reserva Motocicletas    <br>       <br>   Distrito   CENTRO    <br>   Barrio   SAN MATIAS-REALEJO    <br>   Aparca   Batería    <br>   Plazas   6    <br>   Horario   laborables de 8:00 a 20:00    <br>   POINT_X   -3,591687    <br>   POINT_Y   37,172703]]></description>
        <styleUrl>#icon-1633-4E342E</styleUrl>
        <Point>
          <coordinates>
            -3.591687,37.172703,0
          </coordinates>
        </Point>
      </Placemark>
      <Placemark>
        <name>CAMPO DEL PRINCIPE, PLAZA, Nº 12</name>
        <description><![CDATA[Reserva Motocicletas    <br>       <br>   Distrito   CENTRO    <br>   Barrio   SAN MATIAS-REALEJO    <br>   Aparca   Batería    <br>   Plazas   6    <br>   Horario   laborables de 8:00 a 20:00    <br>   POINT_X   -3,591745    <br>   POINT_Y   37,172656]]></description>
        <styleUrl>#icon-1633-4E342E</styleUrl>
        <Point>
          <coordinates>
            -3.591745,37.172656,0
          </coordinates>
        </Point>
      </Placemark>
      <Placemark>
        <name>CAMPOS, PLAZA, DE LOS, Nº 4</name>
        <description><![CDATA[Reserva Motocicletas    <br>       <br>   Distrito   CENTRO    <br>   Barrio   SAN MATIAS-REALEJO    <br>   Aparca   Batería    <br>   Plazas   17    <br>   Horario   laborables de 11:00 a 20:00    <br>   POINT_X   -3,595736    <br>   POINT_Y   37,172208]]></description>
        <styleUrl>#icon-1633-4E342E</styleUrl>
        <Point>
          <coordinates>
            -3.595736,37.172208,0
          </coordinates>
        </Point>
      </Placemark>
      <Placemark>
        <name>CAMPOS, PLAZA, DE LOS, Nº 5</name>
        <description><![CDATA[Reserva Motocicletas    <br>       <br>   Distrito   CENTRO    <br>   Barrio   SAN MATIAS-REALEJO    <br>   Aparca   Batería    <br>   Plazas   8    <br>   Horario       <br>   POINT_X   -3,595702    <br>   POINT_Y   37,172094]]></description>
        <styleUrl>#icon-1633-4E342E</styleUrl>
        <Point>
          <coordinates>
            -3.595702,37.172094,0
          </coordinates>
        </Point>
      </Placemark>
      <Placemark>
        <name>CARCEL ALTA, CALLE, Nº 7</name>
        <description><![CDATA[Reserva Motocicletas    <br>       <br>   Distrito   ALBAICIN    <br>   Barrio   ALBAICIN    <br>   Aparca   Batería    <br>   Plazas   12    <br>   Horario   de 8:00 a 20:00    <br>   POINT_X   -3,59601    <br>   POINT_Y   37,177668]]></description>
        <styleUrl>#icon-1633-4E342E</styleUrl>
        <Point>
          <coordinates>
            -3.59601,37.177668,0
          </coordinates>
        </Point>
      </Placemark>
      <Placemark>
        <name>CARLOS PAREJA, CALLE, Nº 1</name>
        <description><![CDATA[Reserva Motocicletas    <br>       <br>   Distrito   CENTRO    <br>   Barrio   CENTRO-SAGRARIO    <br>   Aparca   Batería    <br>   Plazas   12    <br>   Horario   laborables de 8:00 a 20:00    <br>   POINT_X   -3,603709    <br>   POINT_Y   37,174463]]></description>
        <styleUrl>#icon-1633-4E342E</styleUrl>
        <Point>
          <coordinates>
            -3.603709,37.174463,0
          </coordinates>
        </Point>
      </Placemark>
      <Placemark>
        <name>CARRERA DE LA VIRGEN, CALLE, Nº 0</name>
        <description><![CDATA[Reserva Motocicletas    <br>       <br>   Distrito   CENTRO    <br>   Barrio   SAN MATIAS-REALEJO    <br>   Aparca   Batería    <br>   Plazas   29    <br>   Horario   lab. de 11:00 a 15:00 y de 18:00 a 8:00    <br>   POINT_X   -3,597908    <br>   POINT_Y   37,171581]]></description>
        <styleUrl>#icon-1633-4E342E</styleUrl>
        <Point>
          <coordinates>
            -3.597908,37.171581,0
          </coordinates>
        </Point>
      </Placemark>
      <Placemark>
        <name>CARRERA DE LA VIRGEN, CALLE, Nº 31</name>
        <description><![CDATA[Reserva Motocicletas    <br>       <br>   Distrito   CENTRO    <br>   Barrio   SAN MATIAS-REALEJO    <br>   Aparca   Batería    <br>   Plazas   40    <br>   Horario   laborables de 11:00 a 8:00    <br>   POINT_X   -3,596179    <br>   POINT_Y   37,169884]]></description>
        <styleUrl>#icon-1633-4E342E</styleUrl>
        <Point>
          <coordinates>
            -3.596179,37.169884,0
          </coordinates>
        </Point>
      </Placemark>
      <Placemark>
        <name>CARRETAS, PLAZA, DE, Nº 1</name>
        <description><![CDATA[Reserva Motocicletas    <br>       <br>   Distrito   CENTRO    <br>   Barrio   SAN MATIAS-REALEJO    <br>   Aparca   Batería    <br>   Plazas   17    <br>   Horario       <br>   POINT_X   -3,593798    <br>   POINT_Y   37,170058]]></description>
        <styleUrl>#icon-1633-4E342E</styleUrl>
        <Point>
          <coordinates>
            -3.593798,37.170058,0
          </coordinates>
        </Point>
      </Placemark>
      <Placemark>
        <name>CASILLAS DE PRATS, CALLE, Nº 16</name>
        <description><![CDATA[Reserva Motocicletas    <br>       <br>   Distrito   CENTRO    <br>   Barrio   CENTRO-SAGRARIO    <br>   Aparca   Batería    <br>   Plazas   26    <br>   Horario   laborables de 8:00 a 20:00    <br>   POINT_X   -3,605845    <br>   POINT_Y   37,173881]]></description>
        <styleUrl>#icon-1633-4E342E</styleUrl>
        <Point>
          <coordinates>
            -3.605845,37.173881,0
          </coordinates>
        </Point>
      </Placemark>
      <Placemark>
        <name>CATAMARCA, CALLE, Nº 1</name>
        <description><![CDATA[Reserva Motocicletas    <br>       <br>   Distrito   RONDA    <br>   Barrio   FIGARES    <br>   Aparca   Batería    <br>   Plazas   21    <br>   Horario   laborables de 8:00 a 22:00    <br>   POINT_X   -3,606957    <br>   POINT_Y   37,170313]]></description>
        <styleUrl>#icon-1633-4E342E</styleUrl>
        <Point>
          <coordinates>
            -3.606957,37.170313,0
          </coordinates>
        </Point>
      </Placemark>
      <Placemark>
        <name>CEDRAN, CALLE, Nº 1</name>
        <description><![CDATA[Reserva Motocicletas    <br>       <br>   Distrito   CENTRO    <br>   Barrio   CENTRO-SAGRARIO    <br>   Aparca       <br>   Plazas       <br>   Horario       <br>   POINT_X   -3,600011    <br>   POINT_Y   37,180638]]></description>
        <styleUrl>#icon-1633-4E342E</styleUrl>
        <Point>
          <coordinates>
            -3.600011,37.180638,0
          </coordinates>
        </Point>
      </Placemark>
      <Placemark>
        <name>CEDRAN, CALLE, Nº 2</name>
        <description><![CDATA[Reserva Motocicletas    <br>       <br>   Distrito   CENTRO    <br>   Barrio   CENTRO-SAGRARIO    <br>   Aparca       <br>   Plazas       <br>   Horario       <br>   POINT_X   -3,599797    <br>   POINT_Y   37,180679]]></description>
        <styleUrl>#icon-1633-4E342E</styleUrl>
        <Point>
          <coordinates>
            -3.599797,37.180679,0
          </coordinates>
        </Point>
      </Placemark>
      <Placemark>
        <name>CEMENTERIO DE SAN NICOLAS, PLAZA, Nº 5</name>
        <description><![CDATA[Reserva Motocicletas    <br>       <br>   Distrito   ALBAICIN    <br>   Barrio   ALBAICIN    <br>   Aparca       <br>   Plazas       <br>   Horario       <br>   POINT_X   -3,592886    <br>   POINT_Y   37,181656]]></description>
        <styleUrl>#icon-1633-4E342E</styleUrl>
        <Point>
          <coordinates>
            -3.592886,37.181656,0
          </coordinates>
        </Point>
      </Placemark>
      <Placemark>
        <name>CIUDAD DE LOS CARMENES, PLAZA, DE LA, Nº 1</name>
        <description><![CDATA[Reserva Motocicletas    <br>       <br>   Distrito   BEIRO    <br>   Barrio   CERCADO BAJO DE CARTUJA    <br>   Aparca       <br>   Plazas       <br>   Horario       <br>   POINT_X   -3,605668    <br>   POINT_Y   37,190262]]></description>
        <styleUrl>#icon-1633-4E342E</styleUrl>
        <Point>
          <coordinates>
            -3.605668,37.190262,0
          </coordinates>
        </Point>
      </Placemark>
      <Placemark>
        <name>CONOCIMIENTO, AVENIDA, DEL, Nº 0</name>
        <description><![CDATA[Reserva Motocicletas    <br>       <br>   Distrito   ZAIDIN    <br>   Barrio   ZAIDIN-VERGELES    <br>   Aparca   Batería    <br>   Plazas   9    <br>   Horario       <br>   POINT_X   -3,600275    <br>   POINT_Y   37,147619]]></description>
        <styleUrl>#icon-1633-4E342E</styleUrl>
        <Point>
          <coordinates>
            -3.600275,37.147619,0
          </coordinates>
        </Point>
      </Placemark>
      <Placemark>
        <name>CONOCIMIENTO, AVENIDA, DEL, Nº 0</name>
        <description><![CDATA[Reserva Motocicletas    <br>       <br>   Distrito   ZAIDIN    <br>   Barrio   ZAIDIN-VERGELES    <br>   Aparca   Batería    <br>   Plazas   13    <br>   Horario   laborables de 8:00 a 20:00    <br>   POINT_X   -3,605979    <br>   POINT_Y   37,145032]]></description>
        <styleUrl>#icon-1633-4E342E</styleUrl>
        <Point>
          <coordinates>
            -3.605979,37.145032,0
          </coordinates>
        </Point>
      </Placemark>
      <Placemark>
        <name>CUARTO REAL DE SANTO DOMINGO, CALLE, Nº 2</name>
        <description><![CDATA[Reserva Motocicletas    <br>       <br>   Distrito   CENTRO    <br>   Barrio   SAN MATIAS-REALEJO    <br>   Aparca   Batería    <br>   Plazas   21    <br>   Horario       <br>   POINT_X   -3,595141    <br>   POINT_Y   37,171458]]></description>
        <styleUrl>#icon-1633-4E342E</styleUrl>
        <Point>
          <coordinates>
            -3.595141,37.171458,0
          </coordinates>
        </Point>
      </Placemark>
      <Placemark>
        <name>CUCHILLEROS, PLAZA, DE, Nº 1</name>
        <description><![CDATA[Reserva Motocicletas    <br>       <br>   Distrito   CENTRO    <br>   Barrio   SAN MATIAS-REALEJO    <br>   Aparca   Batería    <br>   Plazas   10    <br>   Horario   laborables de 8:00 a 20:00    <br>   POINT_X   -3,596286    <br>   POINT_Y   37,176405]]></description>
        <styleUrl>#icon-1633-4E342E</styleUrl>
        <Point>
          <coordinates>
            -3.596286,37.176405,0
          </coordinates>
        </Point>
      </Placemark>
      <Placemark>
        <name>CUCHILLEROS, PLAZA, DE, Nº 14</name>
        <description><![CDATA[Reserva Motocicletas    <br>       <br>   Distrito   CENTRO    <br>   Barrio   SAN MATIAS-REALEJO    <br>   Aparca   Batería    <br>   Plazas   15    <br>   Horario   laborables de 8:00 a 20:00    <br>   POINT_X   -3,596348    <br>   POINT_Y   37,176267]]></description>
        <styleUrl>#icon-1633-4E342E</styleUrl>
        <Point>
          <coordinates>
            -3.596348,37.176267,0
          </coordinates>
        </Point>
      </Placemark>
      <Placemark>
        <name>CUCHILLEROS, PLAZA, DE, Nº 5</name>
        <description><![CDATA[Reserva Motocicletas    <br>       <br>   Distrito   CENTRO    <br>   Barrio   SAN MATIAS-REALEJO    <br>   Aparca   Batería    <br>   Plazas   9    <br>   Horario       <br>   POINT_X   -3,595913    <br>   POINT_Y   37,176325]]></description>
        <styleUrl>#icon-1633-4E342E</styleUrl>
        <Point>
          <coordinates>
            -3.595913,37.176325,0
          </coordinates>
        </Point>
      </Placemark>
      <Placemark>
        <name>DELFIN, CALLE, Nº 1</name>
        <description><![CDATA[Reserva Motocicletas    <br>       <br>   Distrito   CHANA    <br>   Barrio   ANGUSTIAS - CHANA - ENCINA    <br>   Aparca   Batería    <br>   Plazas   5    <br>   Horario       <br>   POINT_X   -3,620135    <br>   POINT_Y   37,18864]]></description>
        <styleUrl>#icon-1633-4E342E</styleUrl>
        <Point>
          <coordinates>
            -3.620135,37.18864,0
          </coordinates>
        </Point>
      </Placemark>
      <Placemark>
        <name>DESCALZAS, PLAZA, DE LAS, Nº 2</name>
        <description><![CDATA[Reserva Motocicletas    <br>       <br>   Distrito   CENTRO    <br>   Barrio   SAN MATIAS-REALEJO    <br>   Aparca   Batería    <br>   Plazas   53    <br>   Horario       <br>   POINT_X   -3,597018    <br>   POINT_Y   37,175133]]></description>
        <styleUrl>#icon-1633-4E342E</styleUrl>
        <Point>
          <coordinates>
            -3.597018,37.175133,0
          </coordinates>
        </Point>
      </Placemark>
      <Placemark>
        <name>DILAR, AVENIDA, DE, Nº 113</name>
        <description><![CDATA[Reserva Motocicletas    <br>       <br>   Distrito   ZAIDIN    <br>   Barrio   ZAIDIN-VERGELES    <br>   Aparca   Batería    <br>   Plazas   5    <br>   Horario   de 8:00 a 20:00    <br>   POINT_X   -3,600936    <br>   POINT_Y   37,152262]]></description>
        <styleUrl>#icon-1633-4E342E</styleUrl>
        <Point>
          <coordinates>
            -3.600936,37.152262,0
          </coordinates>
        </Point>
      </Placemark>
      <Placemark>
        <name>DILAR, AVENIDA, DE, Nº 138</name>
        <description><![CDATA[Reserva Motocicletas    <br>       <br>   Distrito   ZAIDIN    <br>   Barrio   ZAIDIN-VERGELES    <br>   Aparca   Batería    <br>   Plazas   7    <br>   Horario   laborables de 8:00 a 20:00    <br>   POINT_X   -3,601685    <br>   POINT_Y   37,150184]]></description>
        <styleUrl>#icon-1633-4E342E</styleUrl>
        <Point>
          <coordinates>
            -3.601685,37.150184,0
          </coordinates>
        </Point>
      </Placemark>
      <Placemark>
        <name>DILAR, AVENIDA, DE, Nº 28</name>
        <description><![CDATA[Reserva Motocicletas    <br>       <br>   Distrito   ZAIDIN    <br>   Barrio   ZAIDIN-VERGELES    <br>   Aparca   Batería    <br>   Plazas   24    <br>   Horario       <br>   POINT_X   -3,600044    <br>   POINT_Y   37,158114]]></description>
        <styleUrl>#icon-1633-4E342E</styleUrl>
        <Point>
          <coordinates>
            -3.600044,37.158114,0
          </coordinates>
        </Point>
      </Placemark>
      <Placemark>
        <name>DILAR, AVENIDA, DE, Nº 52</name>
        <description><![CDATA[Reserva Motocicletas    <br>       <br>   Distrito   ZAIDIN    <br>   Barrio   ZAIDIN-VERGELES    <br>   Aparca   Batería    <br>   Plazas   6    <br>   Horario       <br>   POINT_X   -3,600446    <br>   POINT_Y   37,156409]]></description>
        <styleUrl>#icon-1633-4E342E</styleUrl>
        <Point>
          <coordinates>
            -3.600446,37.156409,0
          </coordinates>
        </Point>
      </Placemark>
      <Placemark>
        <name>DILAR, AVENIDA, DE, Nº 58</name>
        <description><![CDATA[Reserva Motocicletas    <br>       <br>   Distrito   ZAIDIN    <br>   Barrio   ZAIDIN-VERGELES    <br>   Aparca   Batería    <br>   Plazas   14    <br>   Horario       <br>   POINT_X   -3,600692    <br>   POINT_Y   37,155811]]></description>
        <styleUrl>#icon-1633-4E342E</styleUrl>
        <Point>
          <coordinates>
            -3.600692,37.155811,0
          </coordinates>
        </Point>
      </Placemark>
      <Placemark>
        <name>DIVINA PASTORA, AVENIDA, Nº 0</name>
        <description><![CDATA[Reserva Motocicletas    <br>       <br>   Distrito   BEIRO    <br>   Barrio   SAN ILDEFONSO    <br>   Aparca   Batería    <br>   Plazas   24    <br>   Horario       <br>   POINT_X   -3,603113    <br>   POINT_Y   37,18388]]></description>
        <styleUrl>#icon-1633-4E342E</styleUrl>
        <Point>
          <coordinates>
            -3.603113,37.18388,0
          </coordinates>
        </Point>
      </Placemark>
      <Placemark>
        <name>DOCTOR AZPITARTE, CALLE, Nº 2</name>
        <description><![CDATA[Reserva Motocicletas    <br>       <br>   Distrito   BEIRO    <br>   Barrio   DOCTORES-S. LAZARO    <br>   Aparca   Batería    <br>   Plazas   33    <br>   Horario       <br>   POINT_X   -3,608395    <br>   POINT_Y   37,188604]]></description>
        <styleUrl>#icon-1633-4E342E</styleUrl>
        <Point>
          <coordinates>
            -3.608395,37.188604,0
          </coordinates>
        </Point>
      </Placemark>
      <Placemark>
        <name>DOCTOR AZPITARTE, CALLE, Nº 2</name>
        <description><![CDATA[Reserva Motocicletas    <br>       <br>   Distrito   BEIRO    <br>   Barrio   DOCTORES-S. LAZARO    <br>   Aparca   Batería    <br>   Plazas   32    <br>   Horario   laborables de 8:00 a 20:00    <br>   POINT_X   -3,608645    <br>   POINT_Y   37,188596]]></description>
        <styleUrl>#icon-1633-4E342E</styleUrl>
        <Point>
          <coordinates>
            -3.608645,37.188596,0
          </coordinates>
        </Point>
      </Placemark>
      <Placemark>
        <name>DOCTOR CASTROVIEJO, CALLE, Nº 14</name>
        <description><![CDATA[Reserva Motocicletas    <br>       <br>   Distrito   BEIRO    <br>   Barrio   DOCTORES-S. LAZARO    <br>   Aparca   Batería    <br>   Plazas   3    <br>   Horario       <br>   POINT_X   -3,608755    <br>   POINT_Y   37,190748]]></description>
        <styleUrl>#icon-1633-4E342E</styleUrl>
        <Point>
          <coordinates>
            -3.608755,37.190748,0
          </coordinates>
        </Point>
      </Placemark>
      <Placemark>
        <name>DOCTOR CREUS, CALLE, Nº 1</name>
        <description><![CDATA[Reserva Motocicletas    <br>       <br>   Distrito   ZAIDIN    <br>   Barrio   ZAIDIN-VERGELES    <br>   Aparca   Batería    <br>   Plazas   13    <br>   Horario       <br>   POINT_X   -3,600136    <br>   POINT_Y   37,159083]]></description>
        <styleUrl>#icon-1633-4E342E</styleUrl>
        <Point>
          <coordinates>
            -3.600136,37.159083,0
          </coordinates>
        </Point>
      </Placemark>
      <Placemark>
        <name>DOCTOR LOPEZ NEYRA, PLAZA, DEL, Nº 4</name>
        <description><![CDATA[Reserva Motocicletas    <br>       <br>   Distrito   BEIRO    <br>   Barrio   DOCTORES-S. LAZARO    <br>   Aparca   Batería    <br>   Plazas   10    <br>   Horario   laborables de 8:00 a 20:00    <br>   POINT_X   -3,608252    <br>   POINT_Y   37,190244]]></description>
        <styleUrl>#icon-1633-4E342E</styleUrl>
        <Point>
          <coordinates>
            -3.608252,37.190244,0
          </coordinates>
        </Point>
      </Placemark>
      <Placemark>
        <name>DOCTOR LOPEZ NEYRA, PLAZA, DEL, Nº 6</name>
        <description><![CDATA[Reserva Motocicletas    <br>       <br>   Distrito   BEIRO    <br>   Barrio   DOCTORES-S. LAZARO    <br>   Aparca   Línea    <br>   Plazas   23    <br>   Horario   EL DIA 13/11/2014 SE REDUCE    <br>   POINT_X   -3,608012    <br>   POINT_Y   37,189939]]></description>
        <styleUrl>#icon-1633-4E342E</styleUrl>
        <Point>
          <coordinates>
            -3.608012,37.189939,0
          </coordinates>
        </Point>
      </Placemark>
      <Placemark>
        <name>DOCTOR MARTIN LAGOS, CALLE, Nº 3</name>
        <description><![CDATA[Reserva Motocicletas    <br>       <br>   Distrito   CENTRO    <br>   Barrio   SAN MATIAS-REALEJO    <br>   Aparca   Batería    <br>   Plazas   13    <br>   Horario       <br>   POINT_X   -3,602239    <br>   POINT_Y   37,171546]]></description>
        <styleUrl>#icon-1633-4E342E</styleUrl>
        <Point>
          <coordinates>
            -3.602239,37.171546,0
          </coordinates>
        </Point>
      </Placemark>
      <Placemark>
        <name>DOCTOR MARTIN LAGOS, CALLE, Nº 4</name>
        <description><![CDATA[Reserva Motocicletas    <br>       <br>   Distrito   RONDA    <br>   Barrio   FIGARES    <br>   Aparca   Línea    <br>   Plazas   32    <br>   Horario       <br>   POINT_X   -3,602472    <br>   POINT_Y   37,171676]]></description>
        <styleUrl>#icon-1633-4E342E</styleUrl>
        <Point>
          <coordinates>
            -3.602472,37.171676,0
          </coordinates>
        </Point>
      </Placemark>
      <Placemark>
        <name>DOCTOR MEDINA OLMOS, CALLE, Nº 20</name>
        <description><![CDATA[Reserva Motocicletas    <br>       <br>   Distrito   CHANA    <br>   Barrio   ANGUSTIAS - CHANA - ENCINA    <br>   Aparca   Batería    <br>   Plazas   7    <br>   Horario       <br>   POINT_X   -3,626607    <br>   POINT_Y   37,192203]]></description>
        <styleUrl>#icon-1633-4E342E</styleUrl>
        <Point>
          <coordinates>
            -3.626607,37.192203,0
          </coordinates>
        </Point>
      </Placemark>
      <Placemark>
        <name>DOCTOR OLORIZ, AVENIDA, Nº 7</name>
        <description><![CDATA[Reserva Motocicletas    <br>       <br>   Distrito   BEIRO    <br>   Barrio   DOCTORES-S. LAZARO    <br>   Aparca   Batería    <br>   Plazas   26    <br>   Horario       <br>   POINT_X   -3,608111    <br>   POINT_Y   37,186855]]></description>
        <styleUrl>#icon-1633-4E342E</styleUrl>
        <Point>
          <coordinates>
            -3.608111,37.186855,0
          </coordinates>
        </Point>
      </Placemark>
      <Placemark>
        <name>DOCTOR PAREJA YEBENES, CALLE, Nº 3</name>
        <description><![CDATA[Reserva Motocicletas    <br>       <br>   Distrito   BEIRO    <br>   Barrio   DOCTORES-S. LAZARO    <br>   Aparca   Batería    <br>   Plazas   6    <br>   Horario       <br>   POINT_X   -3,609157    <br>   POINT_Y   37,189614]]></description>
        <styleUrl>#icon-1633-4E342E</styleUrl>
        <Point>
          <coordinates>
            -3.609157,37.189614,0
          </coordinates>
        </Point>
      </Placemark>
      <Placemark>
        <name>DON EMILIO DURAN DURAN, CALLE, Nº 1</name>
        <description><![CDATA[Reserva Motocicletas    <br>       <br>   Distrito   BEIRO    <br>   Barrio   DOCTORES-S. LAZARO    <br>   Aparca   Batería    <br>   Plazas   20    <br>   Horario       <br>   POINT_X   -3,604416    <br>   POINT_Y   37,185324]]></description>
        <styleUrl>#icon-1633-4E342E</styleUrl>
        <Point>
          <coordinates>
            -3.604416,37.185324,0
          </coordinates>
        </Point>
      </Placemark>
      <Placemark>
        <name>ELENA MARTIN VIVALDI, CALLE, Nº 1</name>
        <description><![CDATA[Reserva Motocicletas    <br>       <br>   Distrito   RONDA    <br>   Barrio   FIGARES    <br>   Aparca   Batería    <br>   Plazas   18    <br>   Horario       <br>   POINT_X   -3,606525    <br>   POINT_Y   37,168026]]></description>
        <styleUrl>#icon-1633-4E342E</styleUrl>
        <Point>
          <coordinates>
            -3.606525,37.168026,0
          </coordinates>
        </Point>
      </Placemark>
      <Placemark>
        <name>ELENA MARTIN VIVALDI, CALLE, Nº 1</name>
        <description><![CDATA[Reserva Motocicletas    <br>       <br>   Distrito   RONDA    <br>   Barrio   FIGARES    <br>   Aparca   Batería    <br>   Plazas   29    <br>   Horario       <br>   POINT_X   -3,606486    <br>   POINT_Y   37,168042]]></description>
        <styleUrl>#icon-1633-4E342E</styleUrl>
        <Point>
          <coordinates>
            -3.606486,37.168042,0
          </coordinates>
        </Point>
      </Placemark>
      <Placemark>
        <name>ELVIRA, CALLE, Nº 2</name>
        <description><![CDATA[Reserva Motocicletas    <br>       <br>   Distrito   ALBAICIN    <br>   Barrio   ALBAICIN    <br>   Aparca   Batería    <br>   Plazas   8    <br>   Horario       <br>   POINT_X   -3,596637    <br>   POINT_Y   37,176872]]></description>
        <styleUrl>#icon-1633-4E342E</styleUrl>
        <Point>
          <coordinates>
            -3.596637,37.176872,0
          </coordinates>
        </Point>
      </Placemark>
      <Placemark>
        <name>EMIR, CALLE, Nº 0</name>
        <description><![CDATA[Reserva Motocicletas    <br>       <br>   Distrito   RONDA    <br>   Barrio   FIGARES    <br>   Aparca   Batería    <br>   Plazas   13    <br>   Horario       <br>   POINT_X   -3,607949    <br>   POINT_Y   37,158844]]></description>
        <styleUrl>#icon-1633-4E342E</styleUrl>
        <Point>
          <coordinates>
            -3.607949,37.158844,0
          </coordinates>
        </Point>
      </Placemark>
      <Placemark>
        <name>EMPERADOR CARLOS V, PASEO, DEL, Nº 17</name>
        <description><![CDATA[Reserva Motocicletas    <br>       <br>   Distrito   GENIL    <br>   Barrio   CASTAÑO MIRASIERRA    <br>   Aparca   Batería    <br>   Plazas   8    <br>   Horario       <br>   POINT_X   -3,592458    <br>   POINT_Y   37,15404]]></description>
        <styleUrl>#icon-1633-4E342E</styleUrl>
        <Point>
          <coordinates>
            -3.592458,37.15404,0
          </coordinates>
        </Point>
      </Placemark>
      <Placemark>
        <name>EMPERADOR CARLOS V, PASEO, DEL, Nº 17</name>
        <description><![CDATA[Reserva Motocicletas    <br>       <br>   Distrito   GENIL    <br>   Barrio   CASTAÑO MIRASIERRA    <br>   Aparca   Batería    <br>   Plazas   5    <br>   Horario       <br>   POINT_X   -3,592312    <br>   POINT_Y   37,153861]]></description>
        <styleUrl>#icon-1633-4E342E</styleUrl>
        <Point>
          <coordinates>
            -3.592312,37.153861,0
          </coordinates>
        </Point>
      </Placemark>
      <Placemark>
        <name>EMPERATRIZ EUGENIA, CALLE, Nº 17</name>
        <description><![CDATA[Reserva Motocicletas    <br>       <br>   Distrito   RONDA    <br>   Barrio   CAMINO DE RONDA    <br>   Aparca   Batería    <br>   Plazas   14    <br>   Horario       <br>   POINT_X   -3,607565    <br>   POINT_Y   37,175397]]></description>
        <styleUrl>#icon-1633-4E342E</styleUrl>
        <Point>
          <coordinates>
            -3.607565,37.175397,0
          </coordinates>
        </Point>
      </Placemark>
      <Placemark>
        <name>ESCUDO DEL CARMEN, CALLE, Nº 17</name>
        <description><![CDATA[Reserva Motocicletas    <br>       <br>   Distrito   CENTRO    <br>   Barrio   SAN MATIAS-REALEJO    <br>   Aparca       <br>   Plazas       <br>   Horario       <br>   POINT_X   -3,598065    <br>   POINT_Y   37,174336]]></description>
        <styleUrl>#icon-1633-4E342E</styleUrl>
        <Point>
          <coordinates>
            -3.598065,37.174336,0
          </coordinates>
        </Point>
      </Placemark>
      <Placemark>
        <name>ESCUDO DEL CARMEN, CALLE, Nº 20</name>
        <description><![CDATA[Reserva Motocicletas    <br>       <br>   Distrito   CENTRO    <br>   Barrio   SAN MATIAS-REALEJO    <br>   Aparca   Batería    <br>   Plazas   14    <br>   Horario       <br>   POINT_X   -3,598306    <br>   POINT_Y   37,174177]]></description>
        <styleUrl>#icon-1633-4E342E</styleUrl>
        <Point>
          <coordinates>
            -3.598306,37.174177,0
          </coordinates>
        </Point>
      </Placemark>
      <Placemark>
        <name>ESCULTOR EDUARDO ESPINOSA CUADROS, CALLE, Nº 0</name>
        <description><![CDATA[Reserva Motocicletas    <br>       <br>   Distrito   ZAIDIN    <br>   Barrio   ZAIDIN-VERGELES    <br>   Aparca   Batería    <br>   Plazas   7    <br>   Horario       <br>   POINT_X   -3,603288    <br>   POINT_Y   37,158035]]></description>
        <styleUrl>#icon-1633-4E342E</styleUrl>
        <Point>
          <coordinates>
            -3.603288,37.158035,0
          </coordinates>
        </Point>
      </Placemark>
      <Placemark>
        <name>ESCULTOR EDUARDO ESPINOSA CUADROS, CALLE, Nº 0</name>
        <description><![CDATA[Reserva Motocicletas    <br>       <br>   Distrito   ZAIDIN    <br>   Barrio   ZAIDIN-VERGELES    <br>   Aparca   Batería    <br>   Plazas   7    <br>   Horario       <br>   POINT_X   -3,602728    <br>   POINT_Y   37,157776]]></description>
        <styleUrl>#icon-1633-4E342E</styleUrl>
        <Point>
          <coordinates>
            -3.602728,37.157776,0
          </coordinates>
        </Point>
      </Placemark>
      <Placemark>
        <name>ESTRELLAS, CALLE, Nº 18</name>
        <description><![CDATA[Reserva Motocicletas    <br>       <br>   Distrito   CHANA    <br>   Barrio   ANGUSTIAS - CHANA - ENCINA    <br>   Aparca   Batería    <br>   Plazas   10    <br>   Horario   laborables de 8:00 a 20:00    <br>   POINT_X   -3,628163    <br>   POINT_Y   37,192242]]></description>
        <styleUrl>#icon-1633-4E342E</styleUrl>
        <Point>
          <coordinates>
            -3.628163,37.192242,0
          </coordinates>
        </Point>
      </Placemark>
      <Placemark>
        <name>EUROPA, PASEO, DE, Nº 0</name>
        <description><![CDATA[Reserva Motocicletas    <br>       <br>   Distrito   GENIL    <br>   Barrio   CERVANTES    <br>   Aparca   Batería    <br>   Plazas   7    <br>   Horario       <br>   POINT_X   -3,590765    <br>   POINT_Y   37,160043]]></description>
        <styleUrl>#icon-1633-4E342E</styleUrl>
        <Point>
          <coordinates>
            -3.590765,37.160043,0
          </coordinates>
        </Point>
      </Placemark>
      <Placemark>
        <name>FAISAN, CALLE, Nº 20</name>
        <description><![CDATA[Reserva Motocicletas    <br>       <br>   Distrito   BEIRO    <br>   Barrio   PAJARITOS    <br>   Aparca   Batería    <br>   Plazas   13    <br>   Horario   laborables de 8:00 a 20:00    <br>   POINT_X   -3,611268    <br>   POINT_Y   37,184866]]></description>
        <styleUrl>#icon-1633-4E342E</styleUrl>
        <Point>
          <coordinates>
            -3.611268,37.184866,0
          </coordinates>
        </Point>
      </Placemark>
      <Placemark>
        <name>FAISAN, CALLE, Nº 3</name>
        <description><![CDATA[Reserva Motocicletas    <br>       <br>   Distrito   BEIRO    <br>   Barrio   PAJARITOS    <br>   Aparca   Batería    <br>   Plazas   44    <br>   Horario   laborables de 8:00 a 20:00    <br>   POINT_X   -3,610659    <br>   POINT_Y   37,186599]]></description>
        <styleUrl>#icon-1633-4E342E</styleUrl>
        <Point>
          <coordinates>
            -3.610659,37.186599,0
          </coordinates>
        </Point>
      </Placemark>
      <Placemark>
        <name>FAISAN, CALLE, Nº 8</name>
        <description><![CDATA[Reserva Motocicletas    <br>       <br>   Distrito   BEIRO    <br>   Barrio   PAJARITOS    <br>   Aparca   Batería    <br>   Plazas   33    <br>   Horario   laborables de 8:00 a 15:00    <br>   POINT_X   -3,610827    <br>   POINT_Y   37,186295]]></description>
        <styleUrl>#icon-1633-4E342E</styleUrl>
        <Point>
          <coordinates>
            -3.610827,37.186295,0
          </coordinates>
        </Point>
      </Placemark>
      <Placemark>
        <name>FELIX RODRIGUEZ DE LA FUENTE, CALLE, Nº 8</name>
        <description><![CDATA[Reserva Motocicletas    <br>       <br>   Distrito   ZAIDIN    <br>   Barrio   ZAIDIN-VERGELES    <br>   Aparca   Batería    <br>   Plazas   8    <br>   Horario       <br>   POINT_X   -3,604588    <br>   POINT_Y   37,15618]]></description>
        <styleUrl>#icon-1633-4E342E</styleUrl>
        <Point>
          <coordinates>
            -3.604588,37.15618,0
          </coordinates>
        </Point>
      </Placemark>
      <Placemark>
        <name>FONTIVEROS, CALLE, Nº 27</name>
        <description><![CDATA[Reserva Motocicletas    <br>       <br>   Distrito   ZAIDIN    <br>   Barrio   ZAIDIN-VERGELES    <br>   Aparca   Batería    <br>   Plazas   23    <br>   Horario       <br>   POINT_X   -3,594337    <br>   POINT_Y   37,161427]]></description>
        <styleUrl>#icon-1633-4E342E</styleUrl>
        <Point>
          <coordinates>
            -3.594337,37.161427,0
          </coordinates>
        </Point>
      </Placemark>
      <Placemark>
        <name>FUENTE DE LA BICHA, PASEO, Nº 0</name>
        <description><![CDATA[Reserva Motocicletas    <br>       <br>   Distrito   GENIL    <br>   Barrio   BOLA DE ORO    <br>   Aparca   Batería    <br>   Plazas   10    <br>   Horario       <br>   POINT_X   -3,582887    <br>   POINT_Y   37,164493]]></description>
        <styleUrl>#icon-1633-4E342E</styleUrl>
        <Point>
          <coordinates>
            -3.582887,37.164493,0
          </coordinates>
        </Point>
      </Placemark>
      <Placemark>
        <name>FUERZAS ARMADAS, AVENIDA, DE LAS, Nº 0</name>
        <description><![CDATA[Reserva Motocicletas    <br>       <br>   Distrito   BEIRO    <br>   Barrio   LA CRUZ    <br>   Aparca   Batería    <br>   Plazas   42    <br>   Horario       <br>   POINT_X   -3,611942    <br>   POINT_Y   37,190375]]></description>
        <styleUrl>#icon-1633-4E342E</styleUrl>
        <Point>
          <coordinates>
            -3.611942,37.190375,0
          </coordinates>
        </Point>
      </Placemark>
      <Placemark>
        <name>FUERZAS ARMADAS, AVENIDA, DE LAS, Nº 0</name>
        <description><![CDATA[Reserva Motocicletas    <br>       <br>   Distrito   BEIRO    <br>   Barrio   LA CRUZ    <br>   Aparca       <br>   Plazas       <br>   Horario       <br>   POINT_X   -3,612046    <br>   POINT_Y   37,190012]]></description>
        <styleUrl>#icon-1633-4E342E</styleUrl>
        <Point>
          <coordinates>
            -3.612046,37.190012,0
          </coordinates>
        </Point>
      </Placemark>
      <Placemark>
        <name>FUERZAS ARMADAS, AVENIDA, DE LAS, Nº 0</name>
        <description><![CDATA[Reserva Motocicletas    <br>       <br>   Distrito   BEIRO    <br>   Barrio   LA CRUZ    <br>   Aparca       <br>   Plazas       <br>   Horario       <br>   POINT_X   -3,612309    <br>   POINT_Y   37,190174]]></description>
        <styleUrl>#icon-1633-4E342E</styleUrl>
        <Point>
          <coordinates>
            -3.612309,37.190174,0
          </coordinates>
        </Point>
      </Placemark>
      <Placemark>
        <name>FUERZAS ARMADAS, AVENIDA, DE LAS, Nº 23</name>
        <description><![CDATA[Reserva Motocicletas    <br>       <br>   Distrito   BEIRO    <br>   Barrio   PAJARITOS    <br>   Aparca   Batería    <br>   Plazas   20    <br>   Horario   laborables de 8:00 a 20:00    <br>   POINT_X   -3,61227    <br>   POINT_Y   37,189543]]></description>
        <styleUrl>#icon-1633-4E342E</styleUrl>
        <Point>
          <coordinates>
            -3.61227,37.189543,0
          </coordinates>
        </Point>
      </Placemark>
      <Placemark>
        <name>FUERZAS ARMADAS, AVENIDA, DE LAS, Nº 25</name>
        <description><![CDATA[Reserva Motocicletas    <br>       <br>   Distrito   BEIRO    <br>   Barrio   PAJARITOS    <br>   Aparca   Batería    <br>   Plazas   20    <br>   Horario   laborables de 8:00 a 20:00    <br>   POINT_X   -3,61262    <br>   POINT_Y   37,189779]]></description>
        <styleUrl>#icon-1633-4E342E</styleUrl>
        <Point>
          <coordinates>
            -3.61262,37.189779,0
          </coordinates>
        </Point>
      </Placemark>
      <Placemark>
        <name>FUERZAS ARMADAS, AVENIDA, DE LAS, Nº 25</name>
        <description><![CDATA[Reserva Motocicletas    <br>       <br>   Distrito   BEIRO    <br>   Barrio   PAJARITOS    <br>   Aparca   Batería    <br>   Plazas   7    <br>   Horario       <br>   POINT_X   -3,61248    <br>   POINT_Y   37,189689]]></description>
        <styleUrl>#icon-1633-4E342E</styleUrl>
        <Point>
          <coordinates>
            -3.61248,37.189689,0
          </coordinates>
        </Point>
      </Placemark>
      <Placemark>
        <name>GABRIELA MISTRAL, CALLE, Nº 12</name>
        <description><![CDATA[Reserva Motocicletas    <br>       <br>   Distrito   NORTE    <br>   Barrio   PARQUE NUEVA GRANADA    <br>   Aparca   Batería    <br>   Plazas   10    <br>   Horario       <br>   POINT_X   -3,595545    <br>   POINT_Y   37,204769]]></description>
        <styleUrl>#icon-1633-4E342E</styleUrl>
        <Point>
          <coordinates>
            -3.595545,37.204769,0
          </coordinates>
        </Point>
      </Placemark>
      <Placemark>
        <name>GARRIDO DEL CASTILLO, CALLE, Nº 0</name>
        <description><![CDATA[Reserva Motocicletas    <br>       <br>   Distrito   ZAIDIN    <br>   Barrio   ZAIDIN-VERGELES    <br>   Aparca   Batería    <br>   Plazas   4    <br>   Horario       <br>   POINT_X   -3,598236    <br>   POINT_Y   37,151585]]></description>
        <styleUrl>#icon-1633-4E342E</styleUrl>
        <Point>
          <coordinates>
            -3.598236,37.151585,0
          </coordinates>
        </Point>
      </Placemark>
      <Placemark>
        <name>GENERAL EMILIO HERRERA, PLAZA, Nº 0</name>
        <description><![CDATA[Reserva Motocicletas    <br>       <br>   Distrito   CENTRO    <br>   Barrio   SAN MATIAS-REALEJO    <br>   Aparca   Batería    <br>   Plazas   7    <br>   Horario       <br>   POINT_X   -3,59792    <br>   POINT_Y   37,168062]]></description>
        <styleUrl>#icon-1633-4E342E</styleUrl>
        <Point>
          <coordinates>
            -3.59792,37.168062,0
          </coordinates>
        </Point>
      </Placemark>
      <Placemark>
        <name>GONZALO GALLAS, CALLE, Nº 29</name>
        <description><![CDATA[Reserva Motocicletas    <br>       <br>   Distrito   RONDA    <br>   Barrio   CAMINO DE RONDA    <br>   Aparca   Batería    <br>   Plazas   8    <br>   Horario       <br>   POINT_X   -3,611589    <br>   POINT_Y   37,181107]]></description>
        <styleUrl>#icon-1633-4E342E</styleUrl>
        <Point>
          <coordinates>
            -3.611589,37.181107,0
          </coordinates>
        </Point>
      </Placemark>
      <Placemark>
        <name>GRACIA, PLAZA, DE, Nº 1</name>
        <description><![CDATA[Reserva Motocicletas    <br>       <br>   Distrito   CENTRO    <br>   Barrio   CENTRO-SAGRARIO    <br>   Aparca   Batería    <br>   Plazas   30    <br>   Horario       <br>   POINT_X   -3,60432    <br>   POINT_Y   37,172632]]></description>
        <styleUrl>#icon-1633-4E342E</styleUrl>
        <Point>
          <coordinates>
            -3.60432,37.172632,0
          </coordinates>
        </Point>
      </Placemark>
      <Placemark>
        <name>GRACIA, PLAZA, DE, Nº 7</name>
        <description><![CDATA[Reserva Motocicletas    <br>       <br>   Distrito   CENTRO    <br>   Barrio   CENTRO-SAGRARIO    <br>   Aparca   Batería    <br>   Plazas   13    <br>   Horario   laborables de 8:00 a 20:00    <br>   POINT_X   -3,604303    <br>   POINT_Y   37,173021]]></description>
        <styleUrl>#icon-1633-4E342E</styleUrl>
        <Point>
          <coordinates>
            -3.604303,37.173021,0
          </coordinates>
        </Point>
      </Placemark>
      <Placemark>
        <name>GRAN CAPITAN, CALLE, Nº 22</name>
        <description><![CDATA[Reserva Motocicletas    <br>       <br>   Distrito   CENTRO    <br>   Barrio   CENTRO-SAGRARIO    <br>   Aparca   Batería    <br>   Plazas   21    <br>   Horario       <br>   POINT_X   -3,605301    <br>   POINT_Y   37,177548]]></description>
        <styleUrl>#icon-1633-4E342E</styleUrl>
        <Point>
          <coordinates>
            -3.605301,37.177548,0
          </coordinates>
        </Point>
      </Placemark>
      <Placemark>
        <name>GRAN CAPITAN, CALLE, Nº 23</name>
        <description><![CDATA[Reserva Motocicletas    <br>       <br>   Distrito   CENTRO    <br>   Barrio   CENTRO-SAGRARIO    <br>   Aparca   Batería    <br>   Plazas   13    <br>   Horario   laborables de 8:00 a 20:00    <br>   POINT_X   -3,605236    <br>   POINT_Y   37,177494]]></description>
        <styleUrl>#icon-1633-4E342E</styleUrl>
        <Point>
          <coordinates>
            -3.605236,37.177494,0
          </coordinates>
        </Point>
      </Placemark>
      <Placemark>
        <name>GRAN CAPITAN, PLAZA, DE, Nº 1</name>
        <description><![CDATA[Reserva Motocicletas    <br>       <br>   Distrito   RONDA    <br>   Barrio   CAMINO DE RONDA    <br>   Aparca   Batería    <br>   Plazas   20    <br>   Horario       <br>   POINT_X   -3,60595    <br>   POINT_Y   37,176882]]></description>
        <styleUrl>#icon-1633-4E342E</styleUrl>
        <Point>
          <coordinates>
            -3.60595,37.176882,0
          </coordinates>
        </Point>
      </Placemark>
      <Placemark>
        <name>GUITARRISTA MANUEL CANO, PLAZA, Nº 0</name>
        <description><![CDATA[Reserva Motocicletas    <br>       <br>   Distrito   RONDA    <br>   Barrio   CAMINO DE RONDA    <br>   Aparca   Batería    <br>   Plazas   100    <br>   Horario       <br>   POINT_X   -3,612568    <br>   POINT_Y   37,177171]]></description>
        <styleUrl>#icon-1633-4E342E</styleUrl>
        <Point>
          <coordinates>
            -3.612568,37.177171,0
          </coordinates>
        </Point>
      </Placemark>
      <Placemark>
        <name>HOSPICIO VIEJO, PLACETA, DEL, Nº 13</name>
        <description><![CDATA[Reserva Motocicletas    <br>       <br>   Distrito   CENTRO    <br>   Barrio   SAN MATIAS-REALEJO    <br>   Aparca   Batería    <br>   Plazas   10    <br>   Horario       <br>   POINT_X   -3,594741    <br>   POINT_Y   37,174368]]></description>
        <styleUrl>#icon-1633-4E342E</styleUrl>
        <Point>
          <coordinates>
            -3.594741,37.174368,0
          </coordinates>
        </Point>
      </Placemark>
      <Placemark>
        <name>HOSPICIO, AVENIDA, DEL, Nº 2</name>
        <description><![CDATA[Reserva Motocicletas    <br>       <br>   Distrito   BEIRO    <br>   Barrio   SAN ILDEFONSO    <br>   Aparca   Línea    <br>   Plazas   26    <br>   Horario       <br>   POINT_X   -3,601758    <br>   POINT_Y   37,18318]]></description>
        <styleUrl>#icon-1633-4E342E</styleUrl>
        <Point>
          <coordinates>
            -3.601758,37.18318,0
          </coordinates>
        </Point>
      </Placemark>
      <Placemark>
        <name>HOSPICIO, AVENIDA, DEL, Nº 4</name>
        <description><![CDATA[Reserva Motocicletas    <br>       <br>   Distrito   BEIRO    <br>   Barrio   SAN ILDEFONSO    <br>   Aparca   Batería    <br>   Plazas   14    <br>   Horario       <br>   POINT_X   -3,601579    <br>   POINT_Y   37,18333]]></description>
        <styleUrl>#icon-1633-4E342E</styleUrl>
        <Point>
          <coordinates>
            -3.601579,37.18333,0
          </coordinates>
        </Point>
      </Placemark>
      <Placemark>
        <name>HOSTELERIA, CARRIL, DE, Nº 14</name>
        <description><![CDATA[Reserva Motocicletas    <br>       <br>   Distrito   ZAIDIN    <br>   Barrio   ZAIDIN-VERGELES    <br>   Aparca   Batería    <br>   Plazas   21    <br>   Horario       <br>   POINT_X   -3,60762    <br>   POINT_Y   37,156159]]></description>
        <styleUrl>#icon-1633-4E342E</styleUrl>
        <Point>
          <coordinates>
            -3.60762,37.156159,0
          </coordinates>
        </Point>
      </Placemark>
      <Placemark>
        <name>HOTELES DE BELEN CALLE C, CALLE, Nº 4</name>
        <description><![CDATA[Reserva Motocicletas    <br>       <br>   Distrito   CENTRO    <br>   Barrio   SAN MATIAS-REALEJO    <br>   Aparca   Batería    <br>   Plazas   25    <br>   Horario       <br>   POINT_X   -3,590917    <br>   POINT_Y   37,171345]]></description>
        <styleUrl>#icon-1633-4E342E</styleUrl>
        <Point>
          <coordinates>
            -3.590917,37.171345,0
          </coordinates>
        </Point>
      </Placemark>
      <Placemark>
        <name>ILUSTRACION, AVENIDA, DE LA, Nº 0</name>
        <description><![CDATA[Reserva Motocicletas    <br>       <br>   Distrito   ZAIDIN    <br>   Barrio   ZAIDIN-VERGELES    <br>   Aparca   Batería    <br>   Plazas   8    <br>   Horario       <br>   POINT_X   -3,600416    <br>   POINT_Y   37,149105]]></description>
        <styleUrl>#icon-1633-4E342E</styleUrl>
        <Point>
          <coordinates>
            -3.600416,37.149105,0
          </coordinates>
        </Point>
      </Placemark>
      <Placemark>
        <name>ILUSTRACION, AVENIDA, DE LA, Nº 0</name>
        <description><![CDATA[Reserva Motocicletas    <br>       <br>   Distrito   ZAIDIN    <br>   Barrio   ZAIDIN-VERGELES    <br>   Aparca   Batería    <br>   Plazas   13    <br>   Horario       <br>   POINT_X   -3,603474    <br>   POINT_Y   37,149113]]></description>
        <styleUrl>#icon-1633-4E342E</styleUrl>
        <Point>
          <coordinates>
            -3.603474,37.149113,0
          </coordinates>
        </Point>
      </Placemark>
      <Placemark>
        <name>IMPRENTA, CALLE, Nº 2</name>
        <description><![CDATA[Reserva Motocicletas    <br>       <br>   Distrito   ALBAICIN    <br>   Barrio   ALBAICIN    <br>   Aparca   Batería    <br>   Plazas   9    <br>   Horario       <br>   POINT_X   -3,596347    <br>   POINT_Y   37,177092]]></description>
        <styleUrl>#icon-1633-4E342E</styleUrl>
        <Point>
          <coordinates>
            -3.596347,37.177092,0
          </coordinates>
        </Point>
      </Placemark>
      <Placemark>
        <name>IMPRENTA, CALLE, Nº 5</name>
        <description><![CDATA[Reserva Motocicletas    <br>       <br>   Distrito   ALBAICIN    <br>   Barrio   ALBAICIN    <br>   Aparca   Batería    <br>   Plazas   36    <br>   Horario       <br>   POINT_X   -3,596406    <br>   POINT_Y   37,177305]]></description>
        <styleUrl>#icon-1633-4E342E</styleUrl>
        <Point>
          <coordinates>
            -3.596406,37.177305,0
          </coordinates>
        </Point>
      </Placemark>
      <Placemark>
        <name>INVESTIGACION, AVENIDA, DE LA, Nº 0</name>
        <description><![CDATA[Reserva Motocicletas    <br>       <br>   Distrito   ZAIDIN    <br>   Barrio   ZAIDIN-VERGELES    <br>   Aparca   Batería    <br>   Plazas   44    <br>   Horario   laborables de 8:00 a 20:00    <br>   POINT_X   -3,604838    <br>   POINT_Y   37,147517]]></description>
        <styleUrl>#icon-1633-4E342E</styleUrl>
        <Point>
          <coordinates>
            -3.604838,37.147517,0
          </coordinates>
        </Point>
      </Placemark>
      <Placemark>
        <name>INVESTIGACION, AVENIDA, DE LA, Nº 0</name>
        <description><![CDATA[Reserva Motocicletas    <br>       <br>   Distrito   ZAIDIN    <br>   Barrio   ZAIDIN-VERGELES    <br>   Aparca   Batería    <br>   Plazas   20    <br>   Horario   de 8:00 a 20:00    <br>   POINT_X   -3,606194    <br>   POINT_Y   37,14787]]></description>
        <styleUrl>#icon-1633-4E342E</styleUrl>
        <Point>
          <coordinates>
            -3.606194,37.14787,0
          </coordinates>
        </Point>
      </Placemark>
      <Placemark>
        <name>INVESTIGACION, AVENIDA, DE LA, Nº 0</name>
        <description><![CDATA[Reserva Motocicletas    <br>       <br>   Distrito   ZAIDIN    <br>   Barrio   ZAIDIN-VERGELES    <br>   Aparca   Batería    <br>   Plazas   32    <br>   Horario   laborables de 8:00 a 20:00    <br>   POINT_X   -3,60679    <br>   POINT_Y   37,147892]]></description>
        <styleUrl>#icon-1633-4E342E</styleUrl>
        <Point>
          <coordinates>
            -3.60679,37.147892,0
          </coordinates>
        </Point>
      </Placemark>
      <Placemark>
        <name>INVESTIGACION, AVENIDA, DE LA, Nº 0</name>
        <description><![CDATA[Reserva Motocicletas    <br>       <br>   Distrito   ZAIDIN    <br>   Barrio   ZAIDIN-VERGELES    <br>   Aparca   Batería    <br>   Plazas   20    <br>   Horario   laborables de 8:00 a 20:00    <br>   POINT_X   -3,605139    <br>   POINT_Y   37,147574]]></description>
        <styleUrl>#icon-1633-4E342E</styleUrl>
        <Point>
          <coordinates>
            -3.605139,37.147574,0
          </coordinates>
        </Point>
      </Placemark>
      <Placemark>
        <name>INVESTIGACION, AVENIDA, DE LA, Nº 0</name>
        <description><![CDATA[Reserva Motocicletas    <br>       <br>   Distrito   ZAIDIN    <br>   Barrio   ZAIDIN-VERGELES    <br>   Aparca   Batería    <br>   Plazas   29    <br>   Horario       <br>   POINT_X   -3,606266    <br>   POINT_Y   37,147793]]></description>
        <styleUrl>#icon-1633-4E342E</styleUrl>
        <Point>
          <coordinates>
            -3.606266,37.147793,0
          </coordinates>
        </Point>
      </Placemark>
      <Placemark>
        <name>INVESTIGACION, AVENIDA, DE LA, Nº 0</name>
        <description><![CDATA[Reserva Motocicletas    <br>       <br>   Distrito   ZAIDIN    <br>   Barrio   ZAIDIN-VERGELES    <br>   Aparca   Batería    <br>   Plazas   50    <br>   Horario   laborables de 8:00 a 20:00    <br>   POINT_X   -3,603553    <br>   POINT_Y   37,146952]]></description>
        <styleUrl>#icon-1633-4E342E</styleUrl>
        <Point>
          <coordinates>
            -3.603553,37.146952,0
          </coordinates>
        </Point>
      </Placemark>
      <Placemark>
        <name>ISAAC ALBENIZ, CALLE, Nº 1</name>
        <description><![CDATA[Reserva Motocicletas    <br>       <br>   Distrito   BEIRO    <br>   Barrio   DOCTORES-S. LAZARO    <br>   Aparca   Batería    <br>   Plazas   22    <br>   Horario       <br>   POINT_X   -3,609188    <br>   POINT_Y   37,18685]]></description>
        <styleUrl>#icon-1633-4E342E</styleUrl>
        <Point>
          <coordinates>
            -3.609188,37.18685,0
          </coordinates>
        </Point>
      </Placemark>
      <Placemark>
        <name>ISAAC ALBENIZ, CALLE, Nº 11</name>
        <description><![CDATA[Reserva Motocicletas    <br>       <br>   Distrito   BEIRO    <br>   Barrio   DOCTORES-S. LAZARO    <br>   Aparca       <br>   Plazas       <br>   Horario       <br>   POINT_X   -3,608935    <br>   POINT_Y   37,187188]]></description>
        <styleUrl>#icon-1633-4E342E</styleUrl>
        <Point>
          <coordinates>
            -3.608935,37.187188,0
          </coordinates>
        </Point>
      </Placemark>
      <Placemark>
        <name>ISAAC ALBENIZ, CALLE, Nº 17</name>
        <description><![CDATA[Reserva Motocicletas    <br>       <br>   Distrito   BEIRO    <br>   Barrio   DOCTORES-S. LAZARO    <br>   Aparca       <br>   Plazas       <br>   Horario       <br>   POINT_X   -3,608626    <br>   POINT_Y   37,187632]]></description>
        <styleUrl>#icon-1633-4E342E</styleUrl>
        <Point>
          <coordinates>
            -3.608626,37.187632,0
          </coordinates>
        </Point>
      </Placemark>
      <Placemark>
        <name>ISAAC ALBENIZ, CALLE, Nº 18</name>
        <description><![CDATA[Reserva Motocicletas    <br>       <br>   Distrito   BEIRO    <br>   Barrio   DOCTORES-S. LAZARO    <br>   Aparca   Batería    <br>   Plazas   12    <br>   Horario       <br>   POINT_X   -3,608101    <br>   POINT_Y   37,188276]]></description>
        <styleUrl>#icon-1633-4E342E</styleUrl>
        <Point>
          <coordinates>
            -3.608101,37.188276,0
          </coordinates>
        </Point>
      </Placemark>
      <Placemark>
        <name>ISAAC ALBENIZ, CALLE, Nº 18</name>
        <description><![CDATA[Reserva Motocicletas    <br>       <br>   Distrito   BEIRO    <br>   Barrio   DOCTORES-S. LAZARO    <br>   Aparca       <br>   Plazas       <br>   Horario       <br>   POINT_X   -3,60802    <br>   POINT_Y   37,188454]]></description>
        <styleUrl>#icon-1633-4E342E</styleUrl>
        <Point>
          <coordinates>
            -3.60802,37.188454,0
          </coordinates>
        </Point>
      </Placemark>
      <Placemark>
        <name>JARDIN DE LA REINA, PASEO, Nº 3</name>
        <description><![CDATA[Reserva Motocicletas    <br>       <br>   Distrito   RONDA    <br>   Barrio   FIGARES    <br>   Aparca   Batería    <br>   Plazas   24    <br>   Horario       <br>   POINT_X   -3,603626    <br>   POINT_Y   37,164761]]></description>
        <styleUrl>#icon-1633-4E342E</styleUrl>
        <Point>
          <coordinates>
            -3.603626,37.164761,0
          </coordinates>
        </Point>
      </Placemark>
      <Placemark>
        <name>JARDIN DE LA REINA, PASEO, Nº 8</name>
        <description><![CDATA[Reserva Motocicletas    <br>       <br>   Distrito   RONDA    <br>   Barrio   FIGARES    <br>   Aparca   Batería    <br>   Plazas   13    <br>   Horario       <br>   POINT_X   -3,602844    <br>   POINT_Y   37,163456]]></description>
        <styleUrl>#icon-1633-4E342E</styleUrl>
        <Point>
          <coordinates>
            -3.602844,37.163456,0
          </coordinates>
        </Point>
      </Placemark>
      <Placemark>
        <name>JOAQUIN COSTA, CALLE, Nº 9</name>
        <description><![CDATA[Reserva Motocicletas    <br>       <br>   Distrito   CENTRO    <br>   Barrio   CENTRO-SAGRARIO    <br>   Aparca   Batería    <br>   Plazas   30    <br>   Horario   laborables de 8:00 a 20:00    <br>   POINT_X   -3,597376    <br>   POINT_Y   37,176626]]></description>
        <styleUrl>#icon-1633-4E342E</styleUrl>
        <Point>
          <coordinates>
            -3.597376,37.176626,0
          </coordinates>
        </Point>
      </Placemark>
      <Placemark>
        <name>JOAQUINA EGUARAS, CALLE, Nº 0</name>
        <description><![CDATA[Reserva Motocicletas    <br>       <br>   Distrito   NORTE    <br>   Barrio   JOAQUINA EGUARAS    <br>   Aparca       <br>   Plazas       <br>   Horario   DE 8:00 A 15:00    <br>   POINT_X   -3,607223    <br>   POINT_Y   37,198417]]></description>
        <styleUrl>#icon-1633-4E342E</styleUrl>
        <Point>
          <coordinates>
            -3.607223,37.198417,0
          </coordinates>
        </Point>
      </Placemark>
      <Placemark>
        <name>JOSE LUIS PEREZ PUJADAS, CALLE, Nº 8</name>
        <description><![CDATA[Reserva Motocicletas    <br>       <br>   Distrito   RONDA    <br>   Barrio   FIGARES    <br>   Aparca       <br>   Plazas       <br>   Horario       <br>   POINT_X   -3,607994    <br>   POINT_Y   37,160662]]></description>
        <styleUrl>#icon-1633-4E342E</styleUrl>
        <Point>
          <coordinates>
            -3.607994,37.160662,0
          </coordinates>
        </Point>
      </Placemark>
      <Placemark>
        <name>JUAN PABLO II, AVENIDA, Nº 19</name>
        <description><![CDATA[Reserva Motocicletas    <br>       <br>   Distrito   BEIRO    <br>   Barrio   LA CRUZ    <br>   Aparca   Batería    <br>   Plazas   37    <br>   Horario       <br>   POINT_X   -3,608169    <br>   POINT_Y   37,19257]]></description>
        <styleUrl>#icon-1633-4E342E</styleUrl>
        <Point>
          <coordinates>
            -3.608169,37.19257,0
          </coordinates>
        </Point>
      </Placemark>
      <Placemark>
        <name>LOBOS, PLAZA, DE LOS, Nº 1</name>
        <description><![CDATA[Reserva Motocicletas    <br>       <br>   Distrito   CENTRO    <br>   Barrio   CENTRO-SAGRARIO    <br>   Aparca   Batería    <br>   Plazas   14    <br>   Horario   laborables de 8:00 a 20:00    <br>   POINT_X   -3,602873    <br>   POINT_Y   37,176939]]></description>
        <styleUrl>#icon-1633-4E342E</styleUrl>
        <Point>
          <coordinates>
            -3.602873,37.176939,0
          </coordinates>
        </Point>
      </Placemark>
      <Placemark>
        <name>LOBOS, PLAZA, DE LOS, Nº 15</name>
        <description><![CDATA[Reserva Motocicletas    <br>       <br>   Distrito   CENTRO    <br>   Barrio   CENTRO-SAGRARIO    <br>   Aparca   Batería    <br>   Plazas   21    <br>   Horario   laborables de 8:00 a 20:00    <br>   POINT_X   -3,602937    <br>   POINT_Y   37,177166]]></description>
        <styleUrl>#icon-1633-4E342E</styleUrl>
        <Point>
          <coordinates>
            -3.602937,37.177166,0
          </coordinates>
        </Point>
      </Placemark>
      <Placemark>
        <name>LUBINA, CALLE, Nº 0</name>
        <description><![CDATA[Reserva Motocicletas    <br>       <br>   Distrito   CHANA    <br>   Barrio   ANGUSTIAS - CHANA - ENCINA    <br>   Aparca   Línea    <br>   Plazas   12    <br>   Horario   laborables de 8:00 a 20:00    <br>   POINT_X   -3,615315    <br>   POINT_Y   37,188061]]></description>
        <styleUrl>#icon-1633-4E342E</styleUrl>
        <Point>
          <coordinates>
            -3.615315,37.188061,0
          </coordinates>
        </Point>
      </Placemark>
      <Placemark>
        <name>LUIS BRAILLE, CALLE, Nº 1</name>
        <description><![CDATA[Reserva Motocicletas    <br>       <br>   Distrito   RONDA    <br>   Barrio   FIGARES    <br>   Aparca       <br>   Plazas       <br>   Horario       <br>   POINT_X   -3,603149    <br>   POINT_Y   37,171347]]></description>
        <styleUrl>#icon-1633-4E342E</styleUrl>
        <Point>
          <coordinates>
            -3.603149,37.171347,0
          </coordinates>
        </Point>
      </Placemark>
      <Placemark>
        <name>MADRID, AVENIDA, DE, Nº 28</name>
        <description><![CDATA[Reserva Motocicletas    <br>       <br>   Distrito   BEIRO    <br>   Barrio   CERCADO BAJO DE CARTUJA    <br>   Aparca   Batería    <br>   Plazas   18    <br>   Horario       <br>   POINT_X   -3,605246    <br>   POINT_Y   37,189095]]></description>
        <styleUrl>#icon-1633-4E342E</styleUrl>
        <Point>
          <coordinates>
            -3.605246,37.189095,0
          </coordinates>
        </Point>
      </Placemark>
      <Placemark>
        <name>MADRID, AVENIDA, DE, Nº 28</name>
        <description><![CDATA[Reserva Motocicletas    <br>       <br>   Distrito   BEIRO    <br>   Barrio   DOCTORES-S. LAZARO    <br>   Aparca   Batería    <br>   Plazas   42    <br>   Horario       <br>   POINT_X   -3,605289    <br>   POINT_Y   37,188976]]></description>
        <styleUrl>#icon-1633-4E342E</styleUrl>
        <Point>
          <coordinates>
            -3.605289,37.188976,0
          </coordinates>
        </Point>
      </Placemark>
      <Placemark>
        <name>MADROÑERAS, CALLE, LAS, Nº 10</name>
        <description><![CDATA[Reserva Motocicletas    <br>       <br>   Distrito   BEIRO    <br>   Barrio   LA CRUZ    <br>   Aparca   Batería    <br>   Plazas   3    <br>   Horario       <br>   POINT_X   -3,610287    <br>   POINT_Y   37,193385]]></description>
        <styleUrl>#icon-1633-4E342E</styleUrl>
        <Point>
          <coordinates>
            -3.610287,37.193385,0
          </coordinates>
        </Point>
      </Placemark>
      <Placemark>
        <name>MADROÑERAS, CALLE, LAS, Nº 10</name>
        <description><![CDATA[Reserva Motocicletas    <br>       <br>   Distrito   BEIRO    <br>   Barrio   LA CRUZ    <br>   Aparca   Batería    <br>   Plazas   3    <br>   Horario       <br>   POINT_X   -3,610251    <br>   POINT_Y   37,193335]]></description>
        <styleUrl>#icon-1633-4E342E</styleUrl>
        <Point>
          <coordinates>
            -3.610251,37.193335,0
          </coordinates>
        </Point>
      </Placemark>
      <Placemark>
        <name>MADROÑERAS, CALLE, LAS, Nº 7</name>
        <description><![CDATA[Reserva Motocicletas    <br>       <br>   Distrito   BEIRO    <br>   Barrio   LA CRUZ    <br>   Aparca   Batería    <br>   Plazas   2    <br>   Horario       <br>   POINT_X   -3,610002    <br>   POINT_Y   37,192804]]></description>
        <styleUrl>#icon-1633-4E342E</styleUrl>
        <Point>
          <coordinates>
            -3.610002,37.192804,0
          </coordinates>
        </Point>
      </Placemark>
      <Placemark>
        <name>MALAGA, CALLE, Nº 13</name>
        <description><![CDATA[Reserva Motocicletas    <br>       <br>   Distrito   CENTRO    <br>   Barrio   CENTRO-SAGRARIO    <br>   Aparca   Batería    <br>   Plazas   42    <br>   Horario       <br>   POINT_X   -3,602613    <br>   POINT_Y   37,177142]]></description>
        <styleUrl>#icon-1633-4E342E</styleUrl>
        <Point>
          <coordinates>
            -3.602613,37.177142,0
          </coordinates>
        </Point>
      </Placemark>
      <Placemark>
        <name>MANOLETE, CALLE, Nº 4</name>
        <description><![CDATA[Reserva Motocicletas    <br>       <br>   Distrito   BEIRO    <br>   Barrio   LA CRUZ    <br>   Aparca   Batería    <br>   Plazas   33    <br>   Horario       <br>   POINT_X   -3,608869    <br>   POINT_Y   37,193111]]></description>
        <styleUrl>#icon-1633-4E342E</styleUrl>
        <Point>
          <coordinates>
            -3.608869,37.193111,0
          </coordinates>
        </Point>
      </Placemark>
      <Placemark>
        <name>MANUEL DE FALLA, CALLE, Nº 19</name>
        <description><![CDATA[Reserva Motocicletas    <br>       <br>   Distrito   RONDA    <br>   Barrio   FIGARES    <br>   Aparca   Batería    <br>   Plazas   15    <br>   Horario       <br>   POINT_X   -3,604608    <br>   POINT_Y   37,169175]]></description>
        <styleUrl>#icon-1633-4E342E</styleUrl>
        <Point>
          <coordinates>
            -3.604608,37.169175,0
          </coordinates>
        </Point>
      </Placemark>
      <Placemark>
        <name>MARGARITA XIRGU, CALLE, Nº 0</name>
        <description><![CDATA[Reserva Motocicletas    <br>       <br>   Distrito   ZAIDIN    <br>   Barrio   ZAIDIN-VERGELES    <br>   Aparca   Batería    <br>   Plazas   16    <br>   Horario   laborables de 8:00 a 20:00    <br>   POINT_X   -3,598625    <br>   POINT_Y   37,158141]]></description>
        <styleUrl>#icon-1633-4E342E</styleUrl>
        <Point>
          <coordinates>
            -3.598625,37.158141,0
          </coordinates>
        </Point>
      </Placemark>
      <Placemark>
        <name>MARIA DE MAEZTU, CALLE, Nº 0</name>
        <description><![CDATA[Reserva Motocicletas    <br>       <br>   Distrito   NORTE    <br>   Barrio   PARQUE NUEVA GRANADA    <br>   Aparca   Batería    <br>   Plazas   18    <br>   Horario       <br>   POINT_X   -3,594754    <br>   POINT_Y   37,205356]]></description>
        <styleUrl>#icon-1633-4E342E</styleUrl>
        <Point>
          <coordinates>
            -3.594754,37.205356,0
          </coordinates>
        </Point>
      </Placemark>
      <Placemark>
        <name>MARIANA PINEDA, PLAZA, DE, Nº 2</name>
        <description><![CDATA[Reserva Motocicletas    <br>       <br>   Distrito   CENTRO    <br>   Barrio   SAN MATIAS-REALEJO    <br>   Aparca   Batería    <br>   Plazas   20    <br>   Horario   de 8:00 a 20:00    <br>   POINT_X   -3,596814    <br>   POINT_Y   37,172166]]></description>
        <styleUrl>#icon-1633-4E342E</styleUrl>
        <Point>
          <coordinates>
            -3.596814,37.172166,0
          </coordinates>
        </Point>
      </Placemark>
      <Placemark>
        <name>MARIANA PINEDA, PLAZA, DE, Nº 6</name>
        <description><![CDATA[Reserva Motocicletas    <br>       <br>   Distrito   CENTRO    <br>   Barrio   SAN MATIAS-REALEJO    <br>   Aparca   Batería    <br>   Plazas   10    <br>   Horario   de 8:00 a 20:00    <br>   POINT_X   -3,596923    <br>   POINT_Y   37,172038]]></description>
        <styleUrl>#icon-1633-4E342E</styleUrl>
        <Point>
          <coordinates>
            -3.596923,37.172038,0
          </coordinates>
        </Point>
      </Placemark>
      <Placemark>
        <name>MARIANA PINEDA, PLAZA, DE, Nº 7</name>
        <description><![CDATA[Reserva Motocicletas    <br>       <br>   Distrito   CENTRO    <br>   Barrio   SAN MATIAS-REALEJO    <br>   Aparca   Batería    <br>   Plazas   20    <br>   Horario   laborables de 11:00 a 8:00    <br>   POINT_X   -3,597092    <br>   POINT_Y   37,17201]]></description>
        <styleUrl>#icon-1633-4E342E</styleUrl>
        <Point>
          <coordinates>
            -3.597092,37.17201,0
          </coordinates>
        </Point>
      </Placemark>
      <Placemark>
        <name>MARIANA PINEDA, PLAZA, DE, Nº 9</name>
        <description><![CDATA[Reserva Motocicletas    <br>       <br>   Distrito   CENTRO    <br>   Barrio   SAN MATIAS-REALEJO    <br>   Aparca   Batería    <br>   Plazas   33    <br>   Horario   de 8:00 a 20:00 h.    <br>   POINT_X   -3,597288    <br>   POINT_Y   37,172108]]></description>
        <styleUrl>#icon-1633-4E342E</styleUrl>
        <Point>
          <coordinates>
            -3.597288,37.172108,0
          </coordinates>
        </Point>
      </Placemark>
      <Placemark>
        <name>MARQUES DE FALCES, CALLE, Nº 1</name>
        <description><![CDATA[Reserva Motocicletas    <br>       <br>   Distrito   CENTRO    <br>   Barrio   CENTRO-SAGRARIO    <br>   Aparca   Batería    <br>   Plazas   25    <br>   Horario       <br>   POINT_X   -3,600072    <br>   POINT_Y   37,17873]]></description>
        <styleUrl>#icon-1633-4E342E</styleUrl>
        <Point>
          <coordinates>
            -3.600072,37.17873,0
          </coordinates>
        </Point>
      </Placemark>
      <Placemark>
        <name>MARQUES DE FALCES, CALLE, Nº 13</name>
        <description><![CDATA[Reserva Motocicletas    <br>       <br>   Distrito   CENTRO    <br>   Barrio   CENTRO-SAGRARIO    <br>   Aparca   Batería    <br>   Plazas   8    <br>   Horario       <br>   POINT_X   -3,598835    <br>   POINT_Y   37,179221]]></description>
        <styleUrl>#icon-1633-4E342E</styleUrl>
        <Point>
          <coordinates>
            -3.598835,37.179221,0
          </coordinates>
        </Point>
      </Placemark>
      <Placemark>
        <name>MARQUES DE FALCES, CALLE, Nº 5</name>
        <description><![CDATA[Reserva Motocicletas    <br>       <br>   Distrito   CENTRO    <br>   Barrio   CENTRO-SAGRARIO    <br>   Aparca   Batería    <br>   Plazas   68    <br>   Horario       <br>   POINT_X   -3,599678    <br>   POINT_Y   37,17888]]></description>
        <styleUrl>#icon-1633-4E342E</styleUrl>
        <Point>
          <coordinates>
            -3.599678,37.17888,0
          </coordinates>
        </Point>
      </Placemark>
      <Placemark>
        <name>MARQUES DE FALCES, CALLE, Nº 8</name>
        <description><![CDATA[Reserva Motocicletas    <br>       <br>   Distrito   CENTRO    <br>   Barrio   CENTRO-SAGRARIO    <br>   Aparca   Batería    <br>   Plazas   34    <br>   Horario       <br>   POINT_X   -3,599057    <br>   POINT_Y   37,179135]]></description>
        <styleUrl>#icon-1633-4E342E</styleUrl>
        <Point>
          <coordinates>
            -3.599057,37.179135,0
          </coordinates>
        </Point>
      </Placemark>
      <Placemark>
        <name>MARQUES DE FALCES, CALLE, Nº 8</name>
        <description><![CDATA[Reserva Motocicletas    <br>       <br>   Distrito   CENTRO    <br>   Barrio   CENTRO-SAGRARIO    <br>   Aparca   Línea    <br>   Plazas   4    <br>   Horario       <br>   POINT_X   -3,599096    <br>   POINT_Y   37,179058]]></description>
        <styleUrl>#icon-1633-4E342E</styleUrl>
        <Point>
          <coordinates>
            -3.599096,37.179058,0
          </coordinates>
        </Point>
      </Placemark>
      <Placemark>
        <name>MARQUES DE LOS VELEZ, CALLE, Nº 5</name>
        <description><![CDATA[Reserva Motocicletas    <br>       <br>   Distrito   CENTRO    <br>   Barrio   SAN MATIAS-REALEJO    <br>   Aparca   Batería    <br>   Plazas   6    <br>   Horario       <br>   POINT_X   -3,600713    <br>   POINT_Y   37,169998]]></description>
        <styleUrl>#icon-1633-4E342E</styleUrl>
        <Point>
          <coordinates>
            -3.600713,37.169998,0
          </coordinates>
        </Point>
      </Placemark>
      <Placemark>
        <name>MARTINEZ CAMPOS, CALLE, Nº 13</name>
        <description><![CDATA[Reserva Motocicletas    <br>       <br>   Distrito   RONDA    <br>   Barrio   FIGARES    <br>   Aparca   Batería    <br>   Plazas   26    <br>   Horario       <br>   POINT_X   -3,603968    <br>   POINT_Y   37,17095]]></description>
        <styleUrl>#icon-1633-4E342E</styleUrl>
        <Point>
          <coordinates>
            -3.603968,37.17095,0
          </coordinates>
        </Point>
      </Placemark>
      <Placemark>
        <name>MARTINEZ CAMPOS, CALLE, Nº 15</name>
        <description><![CDATA[Reserva Motocicletas    <br>       <br>   Distrito   RONDA    <br>   Barrio   FIGARES    <br>   Aparca   Batería    <br>   Plazas   24    <br>   Horario   lab. de 11:00 a 15:00 y de 18:00 a 20:00    <br>   POINT_X   -3,604204    <br>   POINT_Y   37,171317]]></description>
        <styleUrl>#icon-1633-4E342E</styleUrl>
        <Point>
          <coordinates>
            -3.604204,37.171317,0
          </coordinates>
        </Point>
      </Placemark>
      <Placemark>
        <name>MARTIRES, PASEO, DE LOS, Nº 10</name>
        <description><![CDATA[Reserva Motocicletas    <br>       <br>   Distrito   CENTRO    <br>   Barrio   SAN MATIAS-REALEJO    <br>   Aparca       <br>   Plazas       <br>   Horario       <br>   POINT_X   -3,588758    <br>   POINT_Y   37,173742]]></description>
        <styleUrl>#icon-1633-4E342E</styleUrl>
        <Point>
          <coordinates>
            -3.588758,37.173742,0
          </coordinates>
        </Point>
      </Placemark>
      <Placemark>
        <name>MENCIA CALDERON, CALLE, Nº 4</name>
        <description><![CDATA[Reserva Motocicletas    <br>       <br>   Distrito   CHANA    <br>   Barrio   CERRILLO DE MARACENA    <br>   Aparca   Batería    <br>   Plazas   13    <br>   Horario   laborables de 8:00 a 20:00    <br>   POINT_X   -3,615348    <br>   POINT_Y   37,190901]]></description>
        <styleUrl>#icon-1633-4E342E</styleUrl>
        <Point>
          <coordinates>
            -3.615348,37.190901,0
          </coordinates>
        </Point>
      </Placemark>
      <Placemark>
        <name>MIGA, PLACETA, DE LA, Nº 14</name>
        <description><![CDATA[Reserva Motocicletas    <br>       <br>   Distrito   CENTRO    <br>   Barrio   SAN MATIAS-REALEJO    <br>   Aparca   Batería    <br>   Plazas   9    <br>   Horario       <br>   POINT_X   -3,594358    <br>   POINT_Y   37,17625]]></description>
        <styleUrl>#icon-1633-4E342E</styleUrl>
        <Point>
          <coordinates>
            -3.594358,37.17625,0
          </coordinates>
        </Point>
      </Placemark>
      <Placemark>
        <name>MISERICORDIA CORONADA, CALLE, Nº 2</name>
        <description><![CDATA[Reserva Motocicletas    <br>       <br>   Distrito   CENTRO    <br>   Barrio   SAN MATIAS-REALEJO    <br>   Aparca   Batería    <br>   Plazas   13    <br>   Horario   8:00 A 22:00    <br>   POINT_X   -3,592696    <br>   POINT_Y   37,173334]]></description>
        <styleUrl>#icon-1633-4E342E</styleUrl>
        <Point>
          <coordinates>
            -3.592696,37.173334,0
          </coordinates>
        </Point>
      </Placemark>
      <Placemark>
        <name>MOLINOS, CUESTA, Nº 7</name>
        <description><![CDATA[Reserva Motocicletas    <br>       <br>   Distrito   GENIL    <br>   Barrio   CARRETERA DE LA SIERRA    <br>   Aparca   Batería    <br>   Plazas   9    <br>   Horario       <br>   POINT_X   -3,588473    <br>   POINT_Y   37,168338]]></description>
        <styleUrl>#icon-1633-4E342E</styleUrl>
        <Point>
          <coordinates>
            -3.588473,37.168338,0
          </coordinates>
        </Point>
      </Placemark>
      <Placemark>
        <name>MULADIES, CALLE, Nº 2</name>
        <description><![CDATA[Reserva Motocicletas    <br>       <br>   Distrito   RONDA    <br>   Barrio   FIGARES    <br>   Aparca   Batería    <br>   Plazas   9    <br>   Horario   laborables de 8:00 a 20:00    <br>   POINT_X   -3,609736    <br>   POINT_Y   37,156588]]></description>
        <styleUrl>#icon-1633-4E342E</styleUrl>
        <Point>
          <coordinates>
            -3.609736,37.156588,0
          </coordinates>
        </Point>
      </Placemark>
      <Placemark>
        <name>MULHACEN, CALLE, Nº 16</name>
        <description><![CDATA[Reserva Motocicletas    <br>       <br>   Distrito   RONDA    <br>   Barrio   FIGARES    <br>   Aparca   Batería    <br>   Plazas   10    <br>   Horario       <br>   POINT_X   -3,601489    <br>   POINT_Y   37,168858]]></description>
        <styleUrl>#icon-1633-4E342E</styleUrl>
        <Point>
          <coordinates>
            -3.601489,37.168858,0
          </coordinates>
        </Point>
      </Placemark>
      <Placemark>
        <name>MULHACEN, CALLE, Nº 27</name>
        <description><![CDATA[Reserva Motocicletas    <br>       <br>   Distrito   RONDA    <br>   Barrio   FIGARES    <br>   Aparca       <br>   Plazas       <br>   Horario       <br>   POINT_X   -3,601374    <br>   POINT_Y   37,167939]]></description>
        <styleUrl>#icon-1633-4E342E</styleUrl>
        <Point>
          <coordinates>
            -3.601374,37.167939,0
          </coordinates>
        </Point>
      </Placemark>
      <Placemark>
        <name>NARANJOS, PLACETA, DE LOS, Nº 0</name>
        <description><![CDATA[Reserva Motocicletas    <br>       <br>   Distrito   CENTRO    <br>   Barrio   CENTRO-SAGRARIO    <br>   Aparca   Batería    <br>   Plazas   28    <br>   Horario   laborables de 8:00 a 20:00    <br>   POINT_X   -3,599612    <br>   POINT_Y   37,181134]]></description>
        <styleUrl>#icon-1633-4E342E</styleUrl>
        <Point>
          <coordinates>
            -3.599612,37.181134,0
          </coordinates>
        </Point>
      </Placemark>
      <Placemark>
        <name>NAVARRA, CALLE, Nº 26</name>
        <description><![CDATA[Reserva Motocicletas    <br>       <br>   Distrito   ZAIDIN    <br>   Barrio   ZAIDIN-VERGELES    <br>   Aparca   Batería    <br>   Plazas   10    <br>   Horario   laborables de 8:00 a 20:00    <br>   POINT_X   -3,59958    <br>   POINT_Y   37,157437]]></description>
        <styleUrl>#icon-1633-4E342E</styleUrl>
        <Point>
          <coordinates>
            -3.59958,37.157437,0
          </coordinates>
        </Point>
      </Placemark>
      <Placemark>
        <name>NAVARRA, CALLE, Nº 4</name>
        <description><![CDATA[Reserva Motocicletas    <br>       <br>   Distrito   ZAIDIN    <br>   Barrio   ZAIDIN-VERGELES    <br>   Aparca   Batería    <br>   Plazas   4    <br>   Horario       <br>   POINT_X   -3,599301    <br>   POINT_Y   37,159629]]></description>
        <styleUrl>#icon-1633-4E342E</styleUrl>
        <Point>
          <coordinates>
            -3.599301,37.159629,0
          </coordinates>
        </Point>
      </Placemark>
      <Placemark>
        <name>NEPTUNO, CALLE, Nº 12</name>
        <description><![CDATA[Reserva Motocicletas    <br>       <br>   Distrito   RONDA    <br>   Barrio   FIGARES    <br>   Aparca   Batería    <br>   Plazas   20    <br>   Horario       <br>   POINT_X   -3,608364    <br>   POINT_Y   37,168508]]></description>
        <styleUrl>#icon-1633-4E342E</styleUrl>
        <Point>
          <coordinates>
            -3.608364,37.168508,0
          </coordinates>
        </Point>
      </Placemark>
      <Placemark>
        <name>NUESTRA SEÑORA DE LA SALUD, CALLE, Nº 3</name>
        <description><![CDATA[Reserva Motocicletas    <br>       <br>   Distrito   BEIRO    <br>   Barrio   PAJARITOS    <br>   Aparca   Línea    <br>   Plazas   24    <br>   Horario       <br>   POINT_X   -3,613387    <br>   POINT_Y   37,189422]]></description>
        <styleUrl>#icon-1633-4E342E</styleUrl>
        <Point>
          <coordinates>
            -3.613387,37.189422,0
          </coordinates>
        </Point>
      </Placemark>
      <Placemark>
        <name>NUESTRO PADRE JESUS DESPOJADO, PLAZA, DE, Nº 1</name>
        <description><![CDATA[Reserva Motocicletas    <br>       <br>   Distrito   CENTRO    <br>   Barrio   SAN MATIAS-REALEJO    <br>   Aparca   Batería    <br>   Plazas   49    <br>   Horario       <br>   POINT_X   -3,599582    <br>   POINT_Y   37,168124]]></description>
        <styleUrl>#icon-1633-4E342E</styleUrl>
        <Point>
          <coordinates>
            -3.599582,37.168124,0
          </coordinates>
        </Point>
      </Placemark>
      <Placemark>
        <name>NUESTRO PADRE JESUS DESPOJADO, PLAZA, DE, Nº 2</name>
        <description><![CDATA[Reserva Motocicletas    <br>       <br>   Distrito   CENTRO    <br>   Barrio   SAN MATIAS-REALEJO    <br>   Aparca   Batería    <br>   Plazas   10    <br>   Horario       <br>   POINT_X   -3,599358    <br>   POINT_Y   37,16828]]></description>
        <styleUrl>#icon-1633-4E342E</styleUrl>
        <Point>
          <coordinates>
            -3.599358,37.16828,0
          </coordinates>
        </Point>
      </Placemark>
      <Placemark>
        <name>NUESTRO PADRE JESUS DESPOJADO, PLAZA, DE, Nº 2</name>
        <description><![CDATA[Reserva Motocicletas    <br>       <br>   Distrito   CENTRO    <br>   Barrio   SAN MATIAS-REALEJO    <br>   Aparca   Batería    <br>   Plazas   30    <br>   Horario       <br>   POINT_X   -3,599314    <br>   POINT_Y   37,168496]]></description>
        <styleUrl>#icon-1633-4E342E</styleUrl>
        <Point>
          <coordinates>
            -3.599314,37.168496,0
          </coordinates>
        </Point>
      </Placemark>
      <Placemark>
        <name>NUEVA, PLAZA, Nº 13</name>
        <description><![CDATA[Reserva Motocicletas    <br>       <br>   Distrito   CENTRO    <br>   Barrio   SAN MATIAS-REALEJO    <br>   Aparca   Batería    <br>   Plazas   6    <br>   Horario       <br>   POINT_X   -3,595973    <br>   POINT_Y   37,176653]]></description>
        <styleUrl>#icon-1633-4E342E</styleUrl>
        <Point>
          <coordinates>
            -3.595973,37.176653,0
          </coordinates>
        </Point>
      </Placemark>
      <Placemark>
        <name>NUEVA, PLAZA, Nº 8</name>
        <description><![CDATA[Reserva Motocicletas    <br>       <br>   Distrito   CENTRO    <br>   Barrio   SAN MATIAS-REALEJO    <br>   Aparca   Batería    <br>   Plazas   61    <br>   Horario       <br>   POINT_X   -3,595273    <br>   POINT_Y   37,177008]]></description>
        <styleUrl>#icon-1633-4E342E</styleUrl>
        <Point>
          <coordinates>
            -3.595273,37.177008,0
          </coordinates>
        </Point>
      </Placemark>
      <Placemark>
        <name>NUEVA, PLAZA, Nº 8</name>
        <description><![CDATA[Reserva Motocicletas    <br>       <br>   Distrito   CENTRO    <br>   Barrio   SAN MATIAS-REALEJO    <br>   Aparca   Batería    <br>   Plazas   62    <br>   Horario       <br>   POINT_X   -3,59533    <br>   POINT_Y   37,177029]]></description>
        <styleUrl>#icon-1633-4E342E</styleUrl>
        <Point>
          <coordinates>
            -3.59533,37.177029,0
          </coordinates>
        </Point>
      </Placemark>
      <Placemark>
        <name>NUEVA, PLAZA, Nº 8</name>
        <description><![CDATA[Reserva Motocicletas    <br>       <br>   Distrito   CENTRO    <br>   Barrio   SAN MATIAS-REALEJO    <br>   Aparca   Batería    <br>   Plazas   61    <br>   Horario       <br>   POINT_X   -3,595284    <br>   POINT_Y   37,177023]]></description>
        <styleUrl>#icon-1633-4E342E</styleUrl>
        <Point>
          <coordinates>
            -3.595284,37.177023,0
          </coordinates>
        </Point>
      </Placemark>
      <Placemark>
        <name>OBISPO HURTADO, CALLE, Nº 0</name>
        <description><![CDATA[Reserva Motocicletas    <br>       <br>   Distrito   CENTRO    <br>   Barrio   CENTRO-SAGRARIO    <br>   Aparca   Batería    <br>   Plazas   20    <br>   Horario       <br>   POINT_X   -3,604246    <br>   POINT_Y   37,175508]]></description>
        <styleUrl>#icon-1633-4E342E</styleUrl>
        <Point>
          <coordinates>
            -3.604246,37.175508,0
          </coordinates>
        </Point>
      </Placemark>
      <Placemark>
        <name>OSCAR ROMERO, CALLE, Nº 4</name>
        <description><![CDATA[Reserva Motocicletas    <br>       <br>   Distrito   ZAIDIN    <br>   Barrio   ZAIDIN-VERGELES    <br>   Aparca   Batería    <br>   Plazas   26    <br>   Horario       <br>   POINT_X   -3,599954    <br>   POINT_Y   37,157246]]></description>
        <styleUrl>#icon-1633-4E342E</styleUrl>
        <Point>
          <coordinates>
            -3.599954,37.157246,0
          </coordinates>
        </Point>
      </Placemark>
      <Placemark>
        <name>PABLO PICASSO, AVENIDA, Nº 2</name>
        <description><![CDATA[Reserva Motocicletas    <br>       <br>   Distrito   ZAIDIN    <br>   Barrio   ZAIDIN-VERGELES    <br>   Aparca   Batería    <br>   Plazas   13    <br>   Horario       <br>   POINT_X   -3,598265    <br>   POINT_Y   37,163045]]></description>
        <styleUrl>#icon-1633-4E342E</styleUrl>
        <Point>
          <coordinates>
            -3.598265,37.163045,0
          </coordinates>
        </Point>
      </Placemark>
      <Placemark>
        <name>PABLO PICASSO, AVENIDA, Nº 30</name>
        <description><![CDATA[Reserva Motocicletas    <br>       <br>   Distrito   GENIL    <br>   Barrio   CERVANTES    <br>   Aparca   Batería    <br>   Plazas   13    <br>   Horario   laborables de 8:00 a 20:00    <br>   POINT_X   -3,593094    <br>   POINT_Y   37,165609]]></description>
        <styleUrl>#icon-1633-4E342E</styleUrl>
        <Point>
          <coordinates>
            -3.593094,37.165609,0
          </coordinates>
        </Point>
      </Placemark>
      <Placemark>
        <name>PADRE MAESTRO LUIS DE GRANADA, CALLE, Nº 2</name>
        <description><![CDATA[Reserva Motocicletas    <br>       <br>   Distrito   CENTRO    <br>   Barrio   SAN MATIAS-REALEJO    <br>   Aparca   Batería    <br>   Plazas   13    <br>   Horario   de 8:00 a 20:00    <br>   POINT_X   -3,595335    <br>   POINT_Y   37,172993]]></description>
        <styleUrl>#icon-1633-4E342E</styleUrl>
        <Point>
          <coordinates>
            -3.595335,37.172993,0
          </coordinates>
        </Point>
      </Placemark>
      <Placemark>
        <name>PALACIOS, CALLE, Nº 5</name>
        <description><![CDATA[Reserva Motocicletas    <br>       <br>   Distrito   CENTRO    <br>   Barrio   SAN MATIAS-REALEJO    <br>   Aparca   Batería    <br>   Plazas   14    <br>   Horario       <br>   POINT_X   -3,59562    <br>   POINT_Y   37,172911]]></description>
        <styleUrl>#icon-1633-4E342E</styleUrl>
        <Point>
          <coordinates>
            -3.59562,37.172911,0
          </coordinates>
        </Point>
      </Placemark>
      <Placemark>
        <name>PALOMA, CALLE, Nº 11</name>
        <description><![CDATA[Reserva Motocicletas    <br>       <br>   Distrito   BEIRO    <br>   Barrio   PAJARITOS    <br>   Aparca   Batería    <br>   Plazas   4    <br>   Horario       <br>   POINT_X   -3,61291    <br>   POINT_Y   37,185951]]></description>
        <styleUrl>#icon-1633-4E342E</styleUrl>
        <Point>
          <coordinates>
            -3.61291,37.185951,0
          </coordinates>
        </Point>
      </Placemark>
      <Placemark>
        <name>PANADERAS, CALLE, Nº 1</name>
        <description><![CDATA[Reserva Motocicletas    <br>       <br>   Distrito   CENTRO    <br>   Barrio   SAN MATIAS-REALEJO    <br>   Aparca   Batería    <br>   Plazas   20    <br>   Horario       <br>   POINT_X   -3,593117    <br>   POINT_Y   37,17341]]></description>
        <styleUrl>#icon-1633-4E342E</styleUrl>
        <Point>
          <coordinates>
            -3.593117,37.17341,0
          </coordinates>
        </Point>
      </Placemark>
      <Placemark>
        <name>PATAGONIA, CALLE, Nº 2</name>
        <description><![CDATA[Reserva Motocicletas    <br>       <br>   Distrito   RONDA    <br>   Barrio   FIGARES    <br>   Aparca   Batería    <br>   Plazas   30    <br>   Horario   LABORABLES DE 8:00 A 22:00    <br>   POINT_X   -3,606346    <br>   POINT_Y   37,170182]]></description>
        <styleUrl>#icon-1633-4E342E</styleUrl>
        <Point>
          <coordinates>
            -3.606346,37.170182,0
          </coordinates>
        </Point>
      </Placemark>
      <Placemark>
        <name>PEREZ GALDOS, CALLE, Nº 4</name>
        <description><![CDATA[Reserva Motocicletas    <br>       <br>   Distrito   RONDA    <br>   Barrio   CAMINO DE RONDA    <br>   Aparca   Batería    <br>   Plazas   12    <br>   Horario       <br>   POINT_X   -3,612828    <br>   POINT_Y   37,182119]]></description>
        <styleUrl>#icon-1633-4E342E</styleUrl>
        <Point>
          <coordinates>
            -3.612828,37.182119,0
          </coordinates>
        </Point>
      </Placemark>
      <Placemark>
        <name>PERIODISTA DANIEL SAUCEDO ARANDA, CALLE, Nº 1</name>
        <description><![CDATA[Reserva Motocicletas    <br>       <br>   Distrito   CHANA    <br>   Barrio   CERRILLO DE MARACENA    <br>   Aparca   Batería    <br>   Plazas   18    <br>   Horario       <br>   POINT_X   -3,624837    <br>   POINT_Y   37,196967]]></description>
        <styleUrl>#icon-1633-4E342E</styleUrl>
        <Point>
          <coordinates>
            -3.624837,37.196967,0
          </coordinates>
        </Point>
      </Placemark>
      <Placemark>
        <name>PERIODISTA EUGENIO SELLES, CALLE, Nº 8</name>
        <description><![CDATA[Reserva Motocicletas    <br>       <br>   Distrito   CHANA    <br>   Barrio   CERRILLO DE MARACENA    <br>   Aparca   Batería    <br>   Plazas   20    <br>   Horario   laborables de 8:00 a 20:00    <br>   POINT_X   -3,623327    <br>   POINT_Y   37,196352]]></description>
        <styleUrl>#icon-1633-4E342E</styleUrl>
        <Point>
          <coordinates>
            -3.623327,37.196352,0
          </coordinates>
        </Point>
      </Placemark>
      <Placemark>
        <name>PERIODISTA FERNANDO GOMEZ DE LA CRUZ, CALLE, Nº 0</name>
        <description><![CDATA[Reserva Motocicletas    <br>       <br>   Distrito   CHANA    <br>   Barrio   CERRILLO DE MARACENA    <br>   Aparca   Batería    <br>   Plazas   7    <br>   Horario   laborables de 8:00 a 20:00    <br>   POINT_X   -3,621322    <br>   POINT_Y   37,194842]]></description>
        <styleUrl>#icon-1633-4E342E</styleUrl>
        <Point>
          <coordinates>
            -3.621322,37.194842,0
          </coordinates>
        </Point>
      </Placemark>
      <Placemark>
        <name>PERIODISTA RAFAEL GOMEZ MONTERO, CALLE, Nº 2</name>
        <description><![CDATA[Reserva Motocicletas    <br>       <br>   Distrito   CHANA    <br>   Barrio   CERRILLO DE MARACENA    <br>   Aparca   Batería    <br>   Plazas   13    <br>   Horario       <br>   POINT_X   -3,623871    <br>   POINT_Y   37,197464]]></description>
        <styleUrl>#icon-1633-4E342E</styleUrl>
        <Point>
          <coordinates>
            -3.623871,37.197464,0
          </coordinates>
        </Point>
      </Placemark>
      <Placemark>
        <name>PIEDRA SANTA, CALLE, Nº 21</name>
        <description><![CDATA[Reserva Motocicletas    <br>       <br>   Distrito   CENTRO    <br>   Barrio   SAN MATIAS-REALEJO    <br>   Aparca   Batería    <br>   Plazas   16    <br>   Horario       <br>   POINT_X   -3,598275    <br>   POINT_Y   37,174039]]></description>
        <styleUrl>#icon-1633-4E342E</styleUrl>
        <Point>
          <coordinates>
            -3.598275,37.174039,0
          </coordinates>
        </Point>
      </Placemark>
      <Placemark>
        <name>PINTOR MANUEL MALDONADO, CALLE, Nº 3</name>
        <description><![CDATA[Reserva Motocicletas    <br>       <br>   Distrito   ZAIDIN    <br>   Barrio   ZAIDIN-VERGELES    <br>   Aparca   Batería    <br>   Plazas   22    <br>   Horario   laborables de 8:00 a 20:00    <br>   POINT_X   -3,59618    <br>   POINT_Y   37,158098]]></description>
        <styleUrl>#icon-1633-4E342E</styleUrl>
        <Point>
          <coordinates>
            -3.59618,37.158098,0
          </coordinates>
        </Point>
      </Placemark>
      <Placemark>
        <name>POSEIDON, CALLE, Nº 0</name>
        <description><![CDATA[Reserva Motocicletas    <br>       <br>   Distrito   RONDA    <br>   Barrio   FIGARES    <br>   Aparca   Batería    <br>   Plazas   20    <br>   Horario   laborables de 8:00 a 20:00    <br>   POINT_X   -3,608154    <br>   POINT_Y   37,16963]]></description>
        <styleUrl>#icon-1633-4E342E</styleUrl>
        <Point>
          <coordinates>
            -3.608154,37.16963,0
          </coordinates>
        </Point>
      </Placemark>
      <Placemark>
        <name>POSTIGO SAN AGUSTIN, CALLE, Nº 3</name>
        <description><![CDATA[Reserva Motocicletas    <br>       <br>   Distrito   CENTRO    <br>   Barrio   CENTRO-SAGRARIO    <br>   Aparca   Batería    <br>   Plazas   46    <br>   Horario       <br>   POINT_X   -3,599175    <br>   POINT_Y   37,177938]]></description>
        <styleUrl>#icon-1633-4E342E</styleUrl>
        <Point>
          <coordinates>
            -3.599175,37.177938,0
          </coordinates>
        </Point>
      </Placemark>
      <Placemark>
        <name>POSTIGO VELUTTI, CALLE, Nº 1</name>
        <description><![CDATA[Reserva Motocicletas    <br>       <br>   Distrito   CENTRO    <br>   Barrio   CENTRO-SAGRARIO    <br>   Aparca   Batería    <br>   Plazas   26    <br>   Horario       <br>   POINT_X   -3,599525    <br>   POINT_Y   37,178449]]></description>
        <styleUrl>#icon-1633-4E342E</styleUrl>
        <Point>
          <coordinates>
            -3.599525,37.178449,0
          </coordinates>
        </Point>
      </Placemark>
      <Placemark>
        <name>PRIMAVERA, CALLE, Nº 0</name>
        <description><![CDATA[Reserva Motocicletas    <br>       <br>   Distrito   GENIL    <br>   Barrio   CERVANTES    <br>   Aparca   Batería    <br>   Plazas   34    <br>   Horario       <br>   POINT_X   -3,591379    <br>   POINT_Y   37,161791]]></description>
        <styleUrl>#icon-1633-4E342E</styleUrl>
        <Point>
          <coordinates>
            -3.591379,37.161791,0
          </coordinates>
        </Point>
      </Placemark>
      <Placemark>
        <name>PROGRESO, CUESTA, DEL, Nº 5</name>
        <description><![CDATA[Reserva Motocicletas    <br>       <br>   Distrito   CENTRO    <br>   Barrio   SAN MATIAS-REALEJO    <br>   Aparca   Batería    <br>   Plazas   25    <br>   Horario       <br>   POINT_X   -3,596663    <br>   POINT_Y   37,172516]]></description>
        <styleUrl>#icon-1633-4E342E</styleUrl>
        <Point>
          <coordinates>
            -3.596663,37.172516,0
          </coordinates>
        </Point>
      </Placemark>
      <Placemark>
        <name>RAUDA, CALLE, Nº 37</name>
        <description><![CDATA[Reserva Motocicletas    <br>       <br>   Distrito   GENIL    <br>   Barrio   CARRETERA DE LA SIERRA    <br>   Aparca   Batería    <br>   Plazas   4    <br>   Horario       <br>   POINT_X   -3,569932    <br>   POINT_Y   37,16364]]></description>
        <styleUrl>#icon-1633-4E342E</styleUrl>
        <Point>
          <coordinates>
            -3.569932,37.16364,0
          </coordinates>
        </Point>
      </Placemark>
      <Placemark>
        <name>REAL DE LOS NEVEROS, CAMINO, Nº 12</name>
        <description><![CDATA[Reserva Motocicletas    <br>       <br>   Distrito   GENIL    <br>   Barrio   BOLA DE ORO    <br>   Aparca   Batería    <br>   Plazas   32    <br>   Horario   laborables de 8:00 a 20:00    <br>   POINT_X   -3,586026    <br>   POINT_Y   37,162246]]></description>
        <styleUrl>#icon-1633-4E342E</styleUrl>
        <Point>
          <coordinates>
            -3.586026,37.162246,0
          </coordinates>
        </Point>
      </Placemark>
      <Placemark>
        <name>REAL DE LOS NEVEROS, CAMINO, Nº 88</name>
        <description><![CDATA[Reserva Motocicletas    <br>       <br>   Distrito   GENIL    <br>   Barrio   BOLA DE ORO    <br>   Aparca   Batería    <br>   Plazas   6    <br>   Horario       <br>   POINT_X   -3,57681    <br>   POINT_Y   37,157146]]></description>
        <styleUrl>#icon-1633-4E342E</styleUrl>
        <Point>
          <coordinates>
            -3.57681,37.157146,0
          </coordinates>
        </Point>
      </Placemark>
      <Placemark>
        <name>RECOGIDAS, CALLE, Nº 8</name>
        <description><![CDATA[Reserva Motocicletas    <br>       <br>   Distrito   CENTRO    <br>   Barrio   CENTRO-SAGRARIO    <br>   Aparca   Batería    <br>   Plazas   14    <br>   Horario       <br>   POINT_X   -3,600982    <br>   POINT_Y   37,172855]]></description>
        <styleUrl>#icon-1633-4E342E</styleUrl>
        <Point>
          <coordinates>
            -3.600982,37.172855,0
          </coordinates>
        </Point>
      </Placemark>
      <Placemark>
        <name>RECTOR LOPEZ ARGUETA, CALLE, Nº 13</name>
        <description><![CDATA[Reserva Motocicletas    <br>       <br>   Distrito   CENTRO    <br>   Barrio   CENTRO-SAGRARIO    <br>   Aparca   Línea    <br>   Plazas   23    <br>   Horario       <br>   POINT_X   -3,604493    <br>   POINT_Y   37,180598]]></description>
        <styleUrl>#icon-1633-4E342E</styleUrl>
        <Point>
          <coordinates>
            -3.604493,37.180598,0
          </coordinates>
        </Point>
      </Placemark>
      <Placemark>
        <name>RECTOR LOPEZ ARGUETA, CALLE, Nº 23</name>
        <description><![CDATA[Reserva Motocicletas    <br>       <br>   Distrito   CENTRO    <br>   Barrio   CENTRO-SAGRARIO    <br>   Aparca   Línea    <br>   Plazas   15    <br>   Horario       <br>   POINT_X   -3,605072    <br>   POINT_Y   37,180914]]></description>
        <styleUrl>#icon-1633-4E342E</styleUrl>
        <Point>
          <coordinates>
            -3.605072,37.180914,0
          </coordinates>
        </Point>
      </Placemark>
      <Placemark>
        <name>RECTOR LOPEZ ARGUETA, CALLE, Nº 7</name>
        <description><![CDATA[Reserva Motocicletas    <br>       <br>   Distrito   CENTRO    <br>   Barrio   CENTRO-SAGRARIO    <br>   Aparca   Línea    <br>   Plazas   15    <br>   Horario       <br>   POINT_X   -3,603691    <br>   POINT_Y   37,180088]]></description>
        <styleUrl>#icon-1633-4E342E</styleUrl>
        <Point>
          <coordinates>
            -3.603691,37.180088,0
          </coordinates>
        </Point>
      </Placemark>
      <Placemark>
        <name>RECTOR LOPEZ ARGUETA, CALLE, Nº 8</name>
        <description><![CDATA[Reserva Motocicletas    <br>       <br>   Distrito   CENTRO    <br>   Barrio   CENTRO-SAGRARIO    <br>   Aparca   Línea    <br>   Plazas   7    <br>   Horario       <br>   POINT_X   -3,60542    <br>   POINT_Y   37,181103]]></description>
        <styleUrl>#icon-1633-4E342E</styleUrl>
        <Point>
          <coordinates>
            -3.60542,37.181103,0
          </coordinates>
        </Point>
      </Placemark>
      <Placemark>
        <name>RECTOR MARIN OCETE, CALLE, Nº 0</name>
        <description><![CDATA[Reserva Motocicletas    <br>       <br>   Distrito   BEIRO    <br>   Barrio   PAJARITOS    <br>   Aparca   Línea    <br>   Plazas   20    <br>   Horario       <br>   POINT_X   -3,606412    <br>   POINT_Y   37,184728]]></description>
        <styleUrl>#icon-1633-4E342E</styleUrl>
        <Point>
          <coordinates>
            -3.606412,37.184728,0
          </coordinates>
        </Point>
      </Placemark>
      <Placemark>
        <name>REY ABU SAID, CALLE, Nº 0</name>
        <description><![CDATA[Reserva Motocicletas    <br>       <br>   Distrito   RONDA    <br>   Barrio   FIGARES    <br>   Aparca   Batería    <br>   Plazas   16    <br>   Horario       <br>   POINT_X   -3,602094    <br>   POINT_Y   37,164897]]></description>
        <styleUrl>#icon-1633-4E342E</styleUrl>
        <Point>
          <coordinates>
            -3.602094,37.164897,0
          </coordinates>
        </Point>
      </Placemark>
      <Placemark>
        <name>REY ABU SAID, CALLE, Nº 11</name>
        <description><![CDATA[Reserva Motocicletas    <br>       <br>   Distrito   RONDA    <br>   Barrio   FIGARES    <br>   Aparca   Batería    <br>   Plazas   28    <br>   Horario   laborables de 7:00 a 20:00    <br>   POINT_X   -3,600828    <br>   POINT_Y   37,164558]]></description>
        <styleUrl>#icon-1633-4E342E</styleUrl>
        <Point>
          <coordinates>
            -3.600828,37.164558,0
          </coordinates>
        </Point>
      </Placemark>
      <Placemark>
        <name>RIBERA DEL BEIRO, CALLE, Nº 5</name>
        <description><![CDATA[Reserva Motocicletas    <br>       <br>   Distrito   BEIRO    <br>   Barrio   PAJARITOS    <br>   Aparca   Línea    <br>   Plazas   26    <br>   Horario       <br>   POINT_X   -3,612366    <br>   POINT_Y   37,188519]]></description>
        <styleUrl>#icon-1633-4E342E</styleUrl>
        <Point>
          <coordinates>
            -3.612366,37.188519,0
          </coordinates>
        </Point>
      </Placemark>
      <Placemark>
        <name>RIBERA DEL VIOLON, CALLE, Nº 1</name>
        <description><![CDATA[Reserva Motocicletas    <br>       <br>   Distrito   RONDA    <br>   Barrio   FIGARES    <br>   Aparca   Batería    <br>   Plazas   8    <br>   Horario   de 8:00 a 20:00    <br>   POINT_X   -3,602745    <br>   POINT_Y   37,165613]]></description>
        <styleUrl>#icon-1633-4E342E</styleUrl>
        <Point>
          <coordinates>
            -3.602745,37.165613,0
          </coordinates>
        </Point>
      </Placemark>
      <Placemark>
        <name>RONDA, CAMINO, DE, Nº 0</name>
        <description><![CDATA[Reserva Motocicletas    <br>       <br>   Distrito   RONDA    <br>   Barrio   FIGARES    <br>   Aparca   Batería    <br>   Plazas   14    <br>   Horario       <br>   POINT_X   -3,605379    <br>   POINT_Y   37,169202]]></description>
        <styleUrl>#icon-1633-4E342E</styleUrl>
        <Point>
          <coordinates>
            -3.605379,37.169202,0
          </coordinates>
        </Point>
      </Placemark>
      <Placemark>
        <name>RONDA, CAMINO, DE, Nº 100</name>
        <description><![CDATA[Reserva Motocicletas    <br>       <br>   Distrito   RONDA    <br>   Barrio   CAMINO DE RONDA    <br>   Aparca   Batería    <br>   Plazas   13    <br>   Horario       <br>   POINT_X   -3,607281    <br>   POINT_Y   37,172708]]></description>
        <styleUrl>#icon-1633-4E342E</styleUrl>
        <Point>
          <coordinates>
            -3.607281,37.172708,0
          </coordinates>
        </Point>
      </Placemark>
      <Placemark>
        <name>RONDA, CAMINO, DE, Nº 171</name>
        <description><![CDATA[Reserva Motocicletas    <br>       <br>   Distrito   RONDA    <br>   Barrio   ROSALEDA    <br>   Aparca   Línea    <br>   Plazas   16    <br>   Horario       <br>   POINT_X   -3,614602    <br>   POINT_Y   37,184405]]></description>
        <styleUrl>#icon-1633-4E342E</styleUrl>
        <Point>
          <coordinates>
            -3.614602,37.184405,0
          </coordinates>
        </Point>
      </Placemark>
      <Placemark>
        <name>RONDA, CAMINO, DE, Nº 183</name>
        <description><![CDATA[Reserva Motocicletas    <br>       <br>   Distrito   BEIRO    <br>   Barrio   PAJARITOS    <br>   Aparca   Batería    <br>   Plazas   5    <br>   Horario   laborables de 8:00 a 20:00    <br>   POINT_X   -3,614657    <br>   POINT_Y   37,186609]]></description>
        <styleUrl>#icon-1633-4E342E</styleUrl>
        <Point>
          <coordinates>
            -3.614657,37.186609,0
          </coordinates>
        </Point>
      </Placemark>
      <Placemark>
        <name>SABICA, PASEO, DE LA, Nº 0</name>
        <description><![CDATA[Reserva Motocicletas    <br>       <br>   Distrito   GENIL    <br>   Barrio   CARRETERA DE LA SIERRA    <br>   Aparca       <br>   Plazas       <br>   Horario       <br>   POINT_X   -3,578013    <br>   POINT_Y   37,171335]]></description>
        <styleUrl>#icon-1633-4E342E</styleUrl>
        <Point>
          <coordinates>
            -3.578013,37.171335,0
          </coordinates>
        </Point>
      </Placemark>
      <Placemark>
        <name>SALON, PASEO, DEL, Nº 1</name>
        <description><![CDATA[Reserva Motocicletas    <br>       <br>   Distrito   CENTRO    <br>   Barrio   SAN MATIAS-REALEJO    <br>   Aparca   Línea    <br>   Plazas   20    <br>   Horario   de 8:00 a 20:00    <br>   POINT_X   -3,595535    <br>   POINT_Y   37,169662]]></description>
        <styleUrl>#icon-1633-4E342E</styleUrl>
        <Point>
          <coordinates>
            -3.595535,37.169662,0
          </coordinates>
        </Point>
      </Placemark>
      <Placemark>
        <name>SALON, PASEO, DEL, Nº 2</name>
        <description><![CDATA[Reserva Motocicletas    <br>       <br>   Distrito   CENTRO    <br>   Barrio   SAN MATIAS-REALEJO    <br>   Aparca   Batería    <br>   Plazas   20    <br>   Horario   lab. de 11:00 a 15:00 y de 18:00 a 8:00    <br>   POINT_X   -3,59526    <br>   POINT_Y   37,169687]]></description>
        <styleUrl>#icon-1633-4E342E</styleUrl>
        <Point>
          <coordinates>
            -3.59526,37.169687,0
          </coordinates>
        </Point>
      </Placemark>
      <Placemark>
        <name>SAN ANTON, CALLE, Nº 70</name>
        <description><![CDATA[Reserva Motocicletas    <br>       <br>   Distrito   RONDA    <br>   Barrio   FIGARES    <br>   Aparca   Batería    <br>   Plazas   28    <br>   Horario       <br>   POINT_X   -3,599062    <br>   POINT_Y   37,167948]]></description>
        <styleUrl>#icon-1633-4E342E</styleUrl>
        <Point>
          <coordinates>
            -3.599062,37.167948,0
          </coordinates>
        </Point>
      </Placemark>
      <Placemark>
        <name>SAN JERONIMO, CALLE, Nº 44</name>
        <description><![CDATA[Reserva Motocicletas    <br>       <br>   Distrito   CENTRO    <br>   Barrio   CENTRO-SAGRARIO    <br>   Aparca   Línea    <br>   Plazas   14    <br>   Horario       <br>   POINT_X   -3,602007    <br>   POINT_Y   37,179295]]></description>
        <styleUrl>#icon-1633-4E342E</styleUrl>
        <Point>
          <coordinates>
            -3.602007,37.179295,0
          </coordinates>
        </Point>
      </Placemark>
      <Placemark>
        <name>SAN JOSE BAJA, CALLE, Nº 35</name>
        <description><![CDATA[Reserva Motocicletas    <br>       <br>   Distrito   CENTRO    <br>   Barrio   SAN MATIAS-REALEJO    <br>   Aparca   Batería    <br>   Plazas   13    <br>   Horario       <br>   POINT_X   -3,601301    <br>   POINT_Y   37,170665]]></description>
        <styleUrl>#icon-1633-4E342E</styleUrl>
        <Point>
          <coordinates>
            -3.601301,37.170665,0
          </coordinates>
        </Point>
      </Placemark>
      <Placemark>
        <name>SAN JUAN DE DIOS, CALLE, Nº 54</name>
        <description><![CDATA[Reserva Motocicletas    <br>       <br>   Distrito   CENTRO    <br>   Barrio   CENTRO-SAGRARIO    <br>   Aparca   Batería    <br>   Plazas   17    <br>   Horario       <br>   POINT_X   -3,602357    <br>   POINT_Y   37,182539]]></description>
        <styleUrl>#icon-1633-4E342E</styleUrl>
        <Point>
          <coordinates>
            -3.602357,37.182539,0
          </coordinates>
        </Point>
      </Placemark>
      <Placemark>
        <name>SAN LAZARO, PLAZA, DE, Nº 10</name>
        <description><![CDATA[Reserva Motocicletas    <br>       <br>   Distrito   BEIRO    <br>   Barrio   DOCTORES-S. LAZARO    <br>   Aparca   Batería    <br>   Plazas   9    <br>   Horario       <br>   POINT_X   -3,606706    <br>   POINT_Y   37,187068]]></description>
        <styleUrl>#icon-1633-4E342E</styleUrl>
        <Point>
          <coordinates>
            -3.606706,37.187068,0
          </coordinates>
        </Point>
      </Placemark>
      <Placemark>
        <name>SAN LAZARO, PLAZA, DE, Nº 10</name>
        <description><![CDATA[Reserva Motocicletas    <br>       <br>   Distrito   BEIRO    <br>   Barrio   DOCTORES-S. LAZARO    <br>   Aparca   Batería    <br>   Plazas   9    <br>   Horario       <br>   POINT_X   -3,606725    <br>   POINT_Y   37,187079]]></description>
        <styleUrl>#icon-1633-4E342E</styleUrl>
        <Point>
          <coordinates>
            -3.606725,37.187079,0
          </coordinates>
        </Point>
      </Placemark>
      <Placemark>
        <name>SANTA BARBARA, CALLE, Nº 0</name>
        <description><![CDATA[Reserva Motocicletas    <br>       <br>   Distrito   CENTRO    <br>   Barrio   CENTRO-SAGRARIO    <br>   Aparca   Batería    <br>   Plazas   12    <br>   Horario       <br>   POINT_X   -3,605574    <br>   POINT_Y   37,181305]]></description>
        <styleUrl>#icon-1633-4E342E</styleUrl>
        <Point>
          <coordinates>
            -3.605574,37.181305,0
          </coordinates>
        </Point>
      </Placemark>
      <Placemark>
        <name>SANTA BARBARA, CALLE, Nº 18</name>
        <description><![CDATA[Reserva Motocicletas    <br>       <br>   Distrito   CENTRO    <br>   Barrio   CENTRO-SAGRARIO    <br>   Aparca   Línea    <br>   Plazas   8    <br>   Horario       <br>   POINT_X   -3,605451    <br>   POINT_Y   37,18141]]></description>
        <styleUrl>#icon-1633-4E342E</styleUrl>
        <Point>
          <coordinates>
            -3.605451,37.18141,0
          </coordinates>
        </Point>
      </Placemark>
      <Placemark>
        <name>SANTA LUCIA, CALLE, Nº 13</name>
        <description><![CDATA[Reserva Motocicletas    <br>       <br>   Distrito   CENTRO    <br>   Barrio   CENTRO-SAGRARIO    <br>   Aparca   Batería    <br>   Plazas   17    <br>   Horario   laborables de 8:00 a 20:00    <br>   POINT_X   -3,599929    <br>   POINT_Y   37,180999]]></description>
        <styleUrl>#icon-1633-4E342E</styleUrl>
        <Point>
          <coordinates>
            -3.599929,37.180999,0
          </coordinates>
        </Point>
      </Placemark>
      <Placemark>
        <name>SANTA LUCIA, CALLE, Nº 6</name>
        <description><![CDATA[Reserva Motocicletas    <br>       <br>   Distrito   CENTRO    <br>   Barrio   CENTRO-SAGRARIO    <br>   Aparca       <br>   Plazas       <br>   Horario       <br>   POINT_X   -3,599807    <br>   POINT_Y   37,180813]]></description>
        <styleUrl>#icon-1633-4E342E</styleUrl>
        <Point>
          <coordinates>
            -3.599807,37.180813,0
          </coordinates>
        </Point>
      </Placemark>
      <Placemark>
        <name>SANTA PAULA, CALLE, Nº 18</name>
        <description><![CDATA[Reserva Motocicletas    <br>       <br>   Distrito   CENTRO    <br>   Barrio   CENTRO-SAGRARIO    <br>   Aparca   Batería    <br>   Plazas   20    <br>   Horario       <br>   POINT_X   -3,600272    <br>   POINT_Y   37,178745]]></description>
        <styleUrl>#icon-1633-4E342E</styleUrl>
        <Point>
          <coordinates>
            -3.600272,37.178745,0
          </coordinates>
        </Point>
      </Placemark>
      <Placemark>
        <name>SANTA ROSALIA, CALLE, Nº 22</name>
        <description><![CDATA[Reserva Motocicletas    <br>       <br>   Distrito   ZAIDIN    <br>   Barrio   ZAIDIN-VERGELES    <br>   Aparca   Batería    <br>   Plazas   6    <br>   Horario       <br>   POINT_X   -3,598503    <br>   POINT_Y   37,151072]]></description>
        <styleUrl>#icon-1633-4E342E</styleUrl>
        <Point>
          <coordinates>
            -3.598503,37.151072,0
          </coordinates>
        </Point>
      </Placemark>
      <Placemark>
        <name>SANTA ROSALIA, CALLE, Nº 24</name>
        <description><![CDATA[Reserva Motocicletas    <br>       <br>   Distrito   ZAIDIN    <br>   Barrio   ZAIDIN-VERGELES    <br>   Aparca   Batería    <br>   Plazas   4    <br>   Horario       <br>   POINT_X   -3,598273    <br>   POINT_Y   37,151084]]></description>
        <styleUrl>#icon-1633-4E342E</styleUrl>
        <Point>
          <coordinates>
            -3.598273,37.151084,0
          </coordinates>
        </Point>
      </Placemark>
      <Placemark>
        <name>SANTA ROSALIA, CALLE, Nº 4</name>
        <description><![CDATA[Reserva Motocicletas    <br>       <br>   Distrito   ZAIDIN    <br>   Barrio   ZAIDIN-VERGELES    <br>   Aparca   Batería    <br>   Plazas   13    <br>   Horario   laborables de 8:00 a 20:00    <br>   POINT_X   -3,600571    <br>   POINT_Y   37,151393]]></description>
        <styleUrl>#icon-1633-4E342E</styleUrl>
        <Point>
          <coordinates>
            -3.600571,37.151393,0
          </coordinates>
        </Point>
      </Placemark>
      <Placemark>
        <name>SANTANDER, CALLE, Nº 1</name>
        <description><![CDATA[Reserva Motocicletas    <br>       <br>   Distrito   ZAIDIN    <br>   Barrio   ZAIDIN-VERGELES    <br>   Aparca   Batería    <br>   Plazas   17    <br>   Horario       <br>   POINT_X   -3,598094    <br>   POINT_Y   37,155259]]></description>
        <styleUrl>#icon-1633-4E342E</styleUrl>
        <Point>
          <coordinates>
            -3.598094,37.155259,0
          </coordinates>
        </Point>
      </Placemark>
      <Placemark>
        <name>SANTO DOMINGO, CALLEJON, DE, Nº 2</name>
        <description><![CDATA[Reserva Motocicletas    <br>       <br>   Distrito   CENTRO    <br>   Barrio   SAN MATIAS-REALEJO    <br>   Aparca   Batería    <br>   Plazas   20    <br>   Horario   laborables de 8:00 a 20:00    <br>   POINT_X   -3,595279    <br>   POINT_Y   37,172649]]></description>
        <styleUrl>#icon-1633-4E342E</styleUrl>
        <Point>
          <coordinates>
            -3.595279,37.172649,0
          </coordinates>
        </Point>
      </Placemark>
      <Placemark>
        <name>SANTO TOMAS DE VILLANUEVA, CALLE, Nº 18</name>
        <description><![CDATA[Reserva Motocicletas    <br>       <br>   Distrito   RONDA    <br>   Barrio   CAMINO DE RONDA    <br>   Aparca   Batería    <br>   Plazas   44    <br>   Horario       <br>   POINT_X   -3,614957    <br>   POINT_Y   37,180169]]></description>
        <styleUrl>#icon-1633-4E342E</styleUrl>
        <Point>
          <coordinates>
            -3.614957,37.180169,0
          </coordinates>
        </Point>
      </Placemark>
      <Placemark>
        <name>SANTOS, CALLE, LOS, Nº 1</name>
        <description><![CDATA[Reserva Motocicletas    <br>       <br>   Distrito   CENTRO    <br>   Barrio   CENTRO-SAGRARIO    <br>   Aparca       <br>   Plazas       <br>   Horario   8:00 A 20:00    <br>   POINT_X   -3,600445    <br>   POINT_Y   37,180068]]></description>
        <styleUrl>#icon-1633-4E342E</styleUrl>
        <Point>
          <coordinates>
            -3.600445,37.180068,0
          </coordinates>
        </Point>
      </Placemark>
      <Placemark>
        <name>SARABIA, CALLE, Nº 2</name>
        <description><![CDATA[Reserva Motocicletas    <br>       <br>   Distrito   CENTRO    <br>   Barrio   SAN MATIAS-REALEJO    <br>   Aparca   Batería    <br>   Plazas   10    <br>   Horario       <br>   POINT_X   -3,598538    <br>   POINT_Y   37,173536]]></description>
        <styleUrl>#icon-1633-4E342E</styleUrl>
        <Point>
          <coordinates>
            -3.598538,37.173536,0
          </coordinates>
        </Point>
      </Placemark>
      <Placemark>
        <name>SARABIA, CALLE, Nº 4</name>
        <description><![CDATA[Reserva Motocicletas    <br>       <br>   Distrito   CENTRO    <br>   Barrio   SAN MATIAS-REALEJO    <br>   Aparca   Batería    <br>   Plazas   53    <br>   Horario       <br>   POINT_X   -3,598231    <br>   POINT_Y   37,173399]]></description>
        <styleUrl>#icon-1633-4E342E</styleUrl>
        <Point>
          <coordinates>
            -3.598231,37.173399,0
          </coordinates>
        </Point>
      </Placemark>
      <Placemark>
        <name>SIERRA, CARRETERA, DE LA, Nº 30</name>
        <description><![CDATA[Reserva Motocicletas    <br>       <br>   Distrito   GENIL    <br>   Barrio   CARRETERA DE LA SIERRA    <br>   Aparca   Batería    <br>   Plazas   8    <br>   Horario   laborables de 8:00 a 20:00    <br>   POINT_X   -3,585211    <br>   POINT_Y   37,166417]]></description>
        <styleUrl>#icon-1633-4E342E</styleUrl>
        <Point>
          <coordinates>
            -3.585211,37.166417,0
          </coordinates>
        </Point>
      </Placemark>
      <Placemark>
        <name>SOCRATES, CALLE, Nº 7</name>
        <description><![CDATA[Reserva Motocicletas    <br>       <br>   Distrito   CENTRO    <br>   Barrio   CENTRO-SAGRARIO    <br>   Aparca   Batería    <br>   Plazas   16    <br>   Horario       <br>   POINT_X   -3,606042    <br>   POINT_Y   37,175261]]></description>
        <styleUrl>#icon-1633-4E342E</styleUrl>
        <Point>
          <coordinates>
            -3.606042,37.175261,0
          </coordinates>
        </Point>
      </Placemark>
      <Placemark>
        <name>SOLARILLO DE GRACIA, CALLE, Nº 4</name>
        <description><![CDATA[Reserva Motocicletas    <br>       <br>   Distrito   CENTRO    <br>   Barrio   CENTRO-SAGRARIO    <br>   Aparca   Batería    <br>   Plazas   12    <br>   Horario   laborables de 8:00 a 20:00    <br>   POINT_X   -3,603029    <br>   POINT_Y   37,172288]]></description>
        <styleUrl>#icon-1633-4E342E</styleUrl>
        <Point>
          <coordinates>
            -3.603029,37.172288,0
          </coordinates>
        </Point>
      </Placemark>
      <Placemark>
        <name>SOR CRISTINA DE LA CRUZ DE ARTEAGA, PLAZA, Nº 0</name>
        <description><![CDATA[Reserva Motocicletas    <br>       <br>   Distrito   CENTRO    <br>   Barrio   CENTRO-SAGRARIO    <br>   Aparca   Batería    <br>   Plazas   20    <br>   Horario       <br>   POINT_X   -3,606    <br>   POINT_Y   37,180783]]></description>
        <styleUrl>#icon-1633-4E342E</styleUrl>
        <Point>
          <coordinates>
            -3.606,37.180783,0
          </coordinates>
        </Point>
      </Placemark>
      <Placemark>
        <name>SOR CRISTINA DE LA CRUZ DE ARTEAGA, PLAZA, Nº 5</name>
        <description><![CDATA[Reserva Motocicletas    <br>       <br>   Distrito   CENTRO    <br>   Barrio   CENTRO-SAGRARIO    <br>   Aparca   Batería    <br>   Plazas   40    <br>   Horario       <br>   POINT_X   -3,605798    <br>   POINT_Y   37,180727]]></description>
        <styleUrl>#icon-1633-4E342E</styleUrl>
        <Point>
          <coordinates>
            -3.605798,37.180727,0
          </coordinates>
        </Point>
      </Placemark>
      <Placemark>
        <name>SOS DEL REY CATOLICO, CALLE, Nº 9</name>
        <description><![CDATA[Reserva Motocicletas    <br>       <br>   Distrito   GENIL    <br>   Barrio   CERVANTES    <br>   Aparca   Batería    <br>   Plazas   13    <br>   Horario   laborables de 8:00 a 20:00    <br>   POINT_X   -3,595409    <br>   POINT_Y   37,166495]]></description>
        <styleUrl>#icon-1633-4E342E</styleUrl>
        <Point>
          <coordinates>
            -3.595409,37.166495,0
          </coordinates>
        </Point>
      </Placemark>
      <Placemark>
        <name>TINAJILLA, CALLE, Nº 1</name>
        <description><![CDATA[Reserva Motocicletas    <br>       <br>   Distrito   CENTRO    <br>   Barrio   CENTRO-SAGRARIO    <br>   Aparca   Batería    <br>   Plazas   18    <br>   Horario       <br>   POINT_X   -3,601071    <br>   POINT_Y   37,181511]]></description>
        <styleUrl>#icon-1633-4E342E</styleUrl>
        <Point>
          <coordinates>
            -3.601071,37.181511,0
          </coordinates>
        </Point>
      </Placemark>
      <Placemark>
        <name>TINAJILLA, CALLE, Nº 5</name>
        <description><![CDATA[Reserva Motocicletas    <br>       <br>   Distrito   CENTRO    <br>   Barrio   CENTRO-SAGRARIO    <br>   Aparca   Batería    <br>   Plazas   28    <br>   Horario       <br>   POINT_X   -3,600571    <br>   POINT_Y   37,181945]]></description>
        <styleUrl>#icon-1633-4E342E</styleUrl>
        <Point>
          <coordinates>
            -3.600571,37.181945,0
          </coordinates>
        </Point>
      </Placemark>
      <Placemark>
        <name>TORRE DE LA BARBA, CALLE, Nº 2</name>
        <description><![CDATA[Reserva Motocicletas    <br>       <br>   Distrito   GENIL    <br>   Barrio   CERVANTES    <br>   Aparca   Batería    <br>   Plazas   12    <br>   Horario   laborables de 8:00 a 20:00    <br>   POINT_X   -3,586175    <br>   POINT_Y   37,156505]]></description>
        <styleUrl>#icon-1633-4E342E</styleUrl>
        <Point>
          <coordinates>
            -3.586175,37.156505,0
          </coordinates>
        </Point>
      </Placemark>
      <Placemark>
        <name>TORRE DE LA CAUTIVA, CALLE, Nº 15</name>
        <description><![CDATA[Reserva Motocicletas    <br>       <br>   Distrito   GENIL    <br>   Barrio   CASTAÑO MIRASIERRA    <br>   Aparca   Batería    <br>   Plazas   7    <br>   Horario       <br>   POINT_X   -3,589655    <br>   POINT_Y   37,154031]]></description>
        <styleUrl>#icon-1633-4E342E</styleUrl>
        <Point>
          <coordinates>
            -3.589655,37.154031,0
          </coordinates>
        </Point>
      </Placemark>
      <Placemark>
        <name>TORRE DE LOS PICOS, CALLE, Nº 17</name>
        <description><![CDATA[Reserva Motocicletas    <br>       <br>   Distrito   GENIL    <br>   Barrio   CASTAÑO MIRASIERRA    <br>   Aparca   Batería    <br>   Plazas   17    <br>   Horario   laborables de 8:00 a 20:00    <br>   POINT_X   -3,590378    <br>   POINT_Y   37,155908]]></description>
        <styleUrl>#icon-1633-4E342E</styleUrl>
        <Point>
          <coordinates>
            -3.590378,37.155908,0
          </coordinates>
        </Point>
      </Placemark>
      <Placemark>
        <name>TORTOLA, CALLE, Nº 27</name>
        <description><![CDATA[Reserva Motocicletas    <br>       <br>   Distrito   BEIRO    <br>   Barrio   PAJARITOS    <br>   Aparca   Batería    <br>   Plazas   12    <br>   Horario   laborables de 8:00 a 20:00    <br>   POINT_X   -3,61203    <br>   POINT_Y   37,185836]]></description>
        <styleUrl>#icon-1633-4E342E</styleUrl>
        <Point>
          <coordinates>
            -3.61203,37.185836,0
          </coordinates>
        </Point>
      </Placemark>
      <Placemark>
        <name>TOVAR, PLACETA, DE, Nº 1</name>
        <description><![CDATA[Reserva Motocicletas    <br>       <br>   Distrito   CENTRO    <br>   Barrio   SAN MATIAS-REALEJO    <br>   Aparca   Batería    <br>   Plazas   24    <br>   Horario       <br>   POINT_X   -3,597964    <br>   POINT_Y   37,175071]]></description>
        <styleUrl>#icon-1633-4E342E</styleUrl>
        <Point>
          <coordinates>
            -3.597964,37.175071,0
          </coordinates>
        </Point>
      </Placemark>
      <Placemark>
        <name>TOVAR, PLACETA, DE, Nº 2</name>
        <description><![CDATA[Reserva Motocicletas    <br>       <br>   Distrito   CENTRO    <br>   Barrio   SAN MATIAS-REALEJO    <br>   Aparca   Batería    <br>   Plazas   9    <br>   Horario       <br>   POINT_X   -3,598078    <br>   POINT_Y   37,175177]]></description>
        <styleUrl>#icon-1633-4E342E</styleUrl>
        <Point>
          <coordinates>
            -3.598078,37.175177,0
          </coordinates>
        </Point>
      </Placemark>
      <Placemark>
        <name>TOVAR, PLACETA, DE, Nº 3</name>
        <description><![CDATA[Reserva Motocicletas    <br>       <br>   Distrito   CENTRO    <br>   Barrio   SAN MATIAS-REALEJO    <br>   Aparca   Línea    <br>   Plazas   26    <br>   Horario       <br>   POINT_X   -3,597943    <br>   POINT_Y   37,175134]]></description>
        <styleUrl>#icon-1633-4E342E</styleUrl>
        <Point>
          <coordinates>
            -3.597943,37.175134,0
          </coordinates>
        </Point>
      </Placemark>
      <Placemark>
        <name>TRAJANO, CALLE, Nº 2</name>
        <description><![CDATA[Reserva Motocicletas    <br>       <br>   Distrito   CENTRO    <br>   Barrio   CENTRO-SAGRARIO    <br>   Aparca   Batería    <br>   Plazas   14    <br>   Horario   de 8:00 a 20:00    <br>   POINT_X   -3,606214    <br>   POINT_Y   37,174479]]></description>
        <styleUrl>#icon-1633-4E342E</styleUrl>
        <Point>
          <coordinates>
            -3.606214,37.174479,0
          </coordinates>
        </Point>
      </Placemark>
      <Placemark>
        <name>TRINIDAD, PLAZA, DE LA, Nº 5</name>
        <description><![CDATA[Reserva Motocicletas    <br>       <br>   Distrito   CENTRO    <br>   Barrio   CENTRO-SAGRARIO    <br>   Aparca   Batería    <br>   Plazas   21    <br>   Horario   de 8:00 a 22:00    <br>   POINT_X   -3,602052    <br>   POINT_Y   37,176081]]></description>
        <styleUrl>#icon-1633-4E342E</styleUrl>
        <Point>
          <coordinates>
            -3.602052,37.176081,0
          </coordinates>
        </Point>
      </Placemark>
      <Placemark>
        <name>TRIUNFO, PLAZA, DEL, Nº 1</name>
        <description><![CDATA[Reserva Motocicletas    <br>       <br>   Distrito   BEIRO    <br>   Barrio   SAN ILDEFONSO    <br>   Aparca   Batería    <br>   Plazas   26    <br>   Horario   laborables de 8:00 a 22:00    <br>   POINT_X   -3,600003    <br>   POINT_Y   37,182428]]></description>
        <styleUrl>#icon-1633-4E342E</styleUrl>
        <Point>
          <coordinates>
            -3.600003,37.182428,0
          </coordinates>
        </Point>
      </Placemark>
      <Placemark>
        <name>TRIVIÑO, PLACETA, DE, Nº 4</name>
        <description><![CDATA[Reserva Motocicletas    <br>       <br>   Distrito   CENTRO    <br>   Barrio   CENTRO-SAGRARIO    <br>   Aparca   Batería    <br>   Plazas   13    <br>   Horario       <br>   POINT_X   -3,602267    <br>   POINT_Y   37,181725]]></description>
        <styleUrl>#icon-1633-4E342E</styleUrl>
        <Point>
          <coordinates>
            -3.602267,37.181725,0
          </coordinates>
        </Point>
      </Placemark>
      <Placemark>
        <name>UNIVERSIDAD, PLAZA, DE LA, Nº 1</name>
        <description><![CDATA[Reserva Motocicletas    <br>       <br>   Distrito   CENTRO    <br>   Barrio   CENTRO-SAGRARIO    <br>   Aparca       <br>   Plazas       <br>   Horario       <br>   POINT_X   -3,601457    <br>   POINT_Y   37,178247]]></description>
        <styleUrl>#icon-1633-4E342E</styleUrl>
        <Point>
          <coordinates>
            -3.601457,37.178247,0
          </coordinates>
        </Point>
      </Placemark>
      <Placemark>
        <name>UNIVERSIDAD, PLAZA, DE LA, Nº 2</name>
        <description><![CDATA[Reserva Motocicletas    <br>       <br>   Distrito   CENTRO    <br>   Barrio   CENTRO-SAGRARIO    <br>   Aparca   Batería    <br>   Plazas   30    <br>   Horario       <br>   POINT_X   -3,601685    <br>   POINT_Y   37,178302]]></description>
        <styleUrl>#icon-1633-4E342E</styleUrl>
        <Point>
          <coordinates>
            -3.601685,37.178302,0
          </coordinates>
        </Point>
      </Placemark>
      <Placemark>
        <name>VIRGEN DE LA CONSOLACION, CALLE, Nº 11</name>
        <description><![CDATA[Reserva Motocicletas    <br>       <br>   Distrito   CHANA    <br>   Barrio   ANGUSTIAS - CHANA - ENCINA    <br>   Aparca   Batería    <br>   Plazas   8    <br>   Horario       <br>   POINT_X   -3,626654    <br>   POINT_Y   37,1928]]></description>
        <styleUrl>#icon-1633-4E342E</styleUrl>
        <Point>
          <coordinates>
            -3.626654,37.1928,0
          </coordinates>
        </Point>
      </Placemark>
      <Placemark>
        <name>VIRGEN DE LA CONSOLACION, CALLE, Nº 6</name>
        <description><![CDATA[Reserva Motocicletas    <br>       <br>   Distrito   CHANA    <br>   Barrio   ANGUSTIAS - CHANA - ENCINA    <br>   Aparca   Batería    <br>   Plazas   4    <br>   Horario       <br>   POINT_X   -3,626572    <br>   POINT_Y   37,193028]]></description>
        <styleUrl>#icon-1633-4E342E</styleUrl>
        <Point>
          <coordinates>
            -3.626572,37.193028,0
          </coordinates>
        </Point>
      </Placemark>
      <Placemark>
        <name>VIRGEN DEL ROCIO, CALLE, Nº 6</name>
        <description><![CDATA[Reserva Motocicletas    <br>       <br>   Distrito   GENIL    <br>   Barrio   CERVANTES    <br>   Aparca   Batería    <br>   Plazas   3    <br>   Horario       <br>   POINT_X   -3,589791    <br>   POINT_Y   37,164137]]></description>
        <styleUrl>#icon-1633-4E342E</styleUrl>
        <Point>
          <coordinates>
            -3.589791,37.164137,0
          </coordinates>
        </Point>
      </Placemark>
      <Placemark>
        <name>YERBAGUENA, CALLE, Nº 14</name>
        <description><![CDATA[Reserva Motocicletas    <br>       <br>   Distrito   BEIRO    <br>   Barrio   LA CRUZ    <br>   Aparca   Batería    <br>   Plazas   2    <br>   Horario       <br>   POINT_X   -3,61022    <br>   POINT_Y   37,193291]]></description>
        <styleUrl>#icon-1633-4E342E</styleUrl>
        <Point>
          <coordinates>
            -3.61022,37.193291,0
          </coordinates>
        </Point>
      </Placemark>
    </Folder>
  </Document>
</kml>
