{"type":"FeatureCollection","features":[{"type":"Feature","geometry":{"type":"Point","coordinates":[-75.18398,6.14421]},"properties":{"id":"f820ecdd","name":"Administración municipal","category":"Ayuntamiento"}},{"type":"Feature","geometry":{"type":"Point","coordinates":[-75.18399,6.1442]},"properties":{"id":"18a88933","name":"Alcaldía","category":"Ayuntamiento"}},{"type":"Feature","geometry":{"type":"Point","coordinates":[-74.35099,4.51976]},"properties":{"id":"7503850b","name":"Alcaldía Municipal de Granada","category":"Ayuntamiento"}},{"type":"Feature","geometry":{"type":"Point","coordinates":[-3.83003,37.03065]},"properties":{"id":"a74a4bed","name":"Ayuntamiento de Agrón","category":"Ayuntamiento"}},{"type":"Feature","geometry":{"type":"Point","coordinates":[-3.2445,37.58158]},"properties":{"id":"3bf2768e","name":"Ayuntamiento de Alamedilla","category":"Ayuntamiento"}},{"type":"Feature","geometry":{"type":"Point","coordinates":[-3.65722,37.23054]},"properties":{"id":"a858e37e","name":"Ayuntamiento de Albolote","category":"Ayuntamiento"}},{"type":"Feature","geometry":{"type":"Point","coordinates":[-3.2109,36.82829]},"properties":{"id":"eedf1df9","name":"Ayuntamiento de Albondón","category":"Ayuntamiento"}},{"type":"Feature","geometry":{"type":"Point","coordinates":[-3.20333,36.79128]},"properties":{"id":"3140f109","name":"Ayuntamiento de Albuñol","category":"Ayuntamiento"}},{"type":"Feature","geometry":{"type":"Point","coordinates":[-3.62322,36.92859]},"properties":{"id":"f3e84480","name":"Ayuntamiento de Albuñuelas","category":"Ayuntamiento"}},{"type":"Feature","geometry":{"type":"Point","coordinates":[-3.13341,37.22707]},"properties":{"id":"56c89287","name":"Ayuntamiento de Albuñán","category":"Ayuntamiento"}},{"type":"Feature","geometry":{"type":"Point","coordinates":[-3.07207,37.16352]},"properties":{"id":"8d0e6bde","name":"Ayuntamiento de Aldeire","category":"Ayuntamiento"}},{"type":"Feature","geometry":{"type":"Point","coordinates":[-3.57073,37.23674]},"properties":{"id":"f6e906e4","name":"Ayuntamiento de Alfacar","category":"Ayuntamiento"}},{"type":"Feature","geometry":{"type":"Point","coordinates":[-4.15871,37.32485]},"properties":{"id":"c66f3686","name":"Ayuntamiento de Algarinejo","category":"Ayuntamiento"}},{"type":"Feature","geometry":{"type":"Point","coordinates":[-3.98795,37.00259]},"properties":{"id":"15ff9a39","name":"Ayuntamiento de Alhama de Granada","category":"Ayuntamiento"}},{"type":"Feature","geometry":{"type":"Point","coordinates":[-3.64595,37.10789]},"properties":{"id":"ffa99aa1","name":"Ayuntamiento de Alhendín","category":"Ayuntamiento"}},{"type":"Feature","geometry":{"type":"Point","coordinates":[-3.13732,37.60802]},"properties":{"id":"b54bb84d","name":"Ayuntamiento de Alicún de Ortega","category":"Ayuntamiento"}},{"type":"Feature","geometry":{"type":"Point","coordinates":[-3.29967,36.90251]},"properties":{"id":"ed2db8dd","name":"Ayuntamiento de Almegíjar","category":"Ayuntamiento"}},{"type":"Feature","geometry":{"type":"Point","coordinates":[-3.69111,36.7338]},"properties":{"id":"f436165a","name":"Ayuntamiento de Almuñécar","category":"Ayuntamiento"}},{"type":"Feature","geometry":{"type":"Point","coordinates":[-3.15554,36.98087]},"properties":{"id":"05915fc8","name":"Ayuntamiento de Alpujarra de la Sierra","category":"Ayuntamiento"}},{"type":"Feature","geometry":{"type":"Point","coordinates":[-3.11512,37.17887]},"properties":{"id":"2f0cba5a","name":"Ayuntamiento de Alquife","category":"Ayuntamiento"}},{"type":"Feature","geometry":{"type":"Point","coordinates":[-3.89412,36.95786]},"properties":{"id":"b3737329","name":"Ayuntamiento de Arenas del Rey","category":"Ayuntamiento"}},{"type":"Feature","geometry":{"type":"Point","coordinates":[-3.6278,37.14283]},"properties":{"id":"e901e66a","name":"Ayuntamiento de Armilla","category":"Ayuntamiento"}},{"type":"Feature","geometry":{"type":"Point","coordinates":[-3.68647,37.2227]},"properties":{"id":"489e79a7","name":"Ayuntamiento de Atarfe","category":"Ayuntamiento"}},{"type":"Feature","geometry":{"type":"Point","coordinates":[-2.77422,37.49062]},"properties":{"id":"93e4a254","name":"Ayuntamiento de Baza","category":"Ayuntamiento"}},{"type":"Feature","geometry":{"type":"Point","coordinates":[-3.48115,37.21868]},"properties":{"id":"eba1265b","name":"Ayuntamiento de Beas de Granada","category":"Ayuntamiento"}},{"type":"Feature","geometry":{"type":"Point","coordinates":[-3.20497,37.2797]},"properties":{"id":"eea5f2c0","name":"Ayuntamiento de Beas de Guadix","category":"Ayuntamiento"}},{"type":"Feature","geometry":{"type":"Point","coordinates":[-3.16905,37.35009]},"properties":{"id":"66312021","name":"Ayuntamiento de Benalúa","category":"Ayuntamiento"}},{"type":"Feature","geometry":{"type":"Point","coordinates":[-3.68253,37.43165]},"properties":{"id":"0c6a3b06","name":"Ayuntamiento de Benalúa de las Villas","category":"Ayuntamiento"}},{"type":"Feature","geometry":{"type":"Point","coordinates":[-2.69881,37.60889]},"properties":{"id":"b723f54a","name":"Ayuntamiento de Benamaurel","category":"Ayuntamiento"}},{"type":"Feature","geometry":{"type":"Point","coordinates":[-3.3568,36.94884]},"properties":{"id":"bbec9472","name":"Ayuntamiento de Bubión","category":"Ayuntamiento"}},{"type":"Feature","geometry":{"type":"Point","coordinates":[-3.29443,36.93787]},"properties":{"id":"536de4c9","name":"Ayuntamiento de Busquístar","category":"Ayuntamiento"}},{"type":"Feature","geometry":{"type":"Point","coordinates":[-2.95397,37.53192]},"properties":{"id":"d4524e65","name":"Ayuntamiento de Bácor-Olivar","category":"Ayuntamiento"}},{"type":"Feature","geometry":{"type":"Point","coordinates":[-3.19023,36.9742]},"properties":{"id":"8408b283","name":"Ayuntamiento de Bérchules","category":"Ayuntamiento"}},{"type":"Feature","geometry":{"type":"Point","coordinates":[-3.91703,37.05993]},"properties":{"id":"ff5c4060","name":"Ayuntamiento de Cacín","category":"Ayuntamiento"}},{"type":"Feature","geometry":{"type":"Point","coordinates":[-3.61851,37.27324]},"properties":{"id":"7199e5eb","name":"Ayuntamiento de Calicasas","category":"Ayuntamiento"}},{"type":"Feature","geometry":{"type":"Point","coordinates":[-3.61661,37.48146]},"properties":{"id":"0c119a84","name":"Ayuntamiento de Campotéjar","category":"Ayuntamiento"}},{"type":"Feature","geometry":{"type":"Point","coordinates":[-2.72221,37.43631]},"properties":{"id":"7157c927","name":"Ayuntamiento de Caniles","category":"Ayuntamiento"}},{"type":"Feature","geometry":{"type":"Point","coordinates":[-3.35854,36.96141]},"properties":{"id":"9642a0a2","name":"Ayuntamiento de Capileira","category":"Ayuntamiento"}},{"type":"Feature","geometry":{"type":"Point","coordinates":[-3.40826,36.92289]},"properties":{"id":"b232f1e4","name":"Ayuntamiento de Carataunas","category":"Ayuntamiento"}},{"type":"Feature","geometry":{"type":"Point","coordinates":[-2.64306,37.71467]},"properties":{"id":"11d8ec6d","name":"Ayuntamiento de Castilléjar","category":"Ayuntamiento"}},{"type":"Feature","geometry":{"type":"Point","coordinates":[-2.77914,37.79574]},"properties":{"id":"fbacb6be","name":"Ayuntamiento de Castril","category":"Ayuntamiento"}},{"type":"Feature","geometry":{"type":"Point","coordinates":[-3.53856,37.15951]},"properties":{"id":"55757ef4","name":"Ayuntamiento de Cenes de la Vega","category":"Ayuntamiento"}},{"type":"Feature","geometry":{"type":"Point","coordinates":[-3.77242,37.20133]},"properties":{"id":"ef1bba81","name":"Ayuntamiento de Chauchina","category":"Ayuntamiento"}},{"type":"Feature","geometry":{"type":"Point","coordinates":[-3.82328,37.13113]},"properties":{"id":"79a56e8e","name":"Ayuntamiento de Chimeneas","category":"Ayuntamiento"}},{"type":"Feature","geometry":{"type":"Point","coordinates":[-3.6461,37.1477]},"properties":{"id":"ffc92848","name":"Ayuntamiento de Churriana de la Vega","category":"Ayuntamiento"}},{"type":"Feature","geometry":{"type":"Point","coordinates":[-3.81058,37.19993]},"properties":{"id":"a755be6e","name":"Ayuntamiento de Cijuela","category":"Ayuntamiento"}},{"type":"Feature","geometry":{"type":"Point","coordinates":[-3.16091,37.22417]},"properties":{"id":"f5c69eb7","name":"Ayuntamiento de Cogollos de Guadix","category":"Ayuntamiento"}},{"type":"Feature","geometry":{"type":"Point","coordinates":[-3.57346,37.27544]},"properties":{"id":"32332dfb","name":"Ayuntamiento de Cogollos de la Vega","category":"Ayuntamiento"}},{"type":"Feature","geometry":{"type":"Point","coordinates":[-3.71265,37.36905]},"properties":{"id":"f1a235a7","name":"Ayuntamiento de Colomera","category":"Ayuntamiento"}},{"type":"Feature","geometry":{"type":"Point","coordinates":[-2.7697,37.6541]},"properties":{"id":"ae66a737","name":"Ayuntamiento de Cortes de Baza","category":"Ayuntamiento"}},{"type":"Feature","geometry":{"type":"Point","coordinates":[-3.2188,37.30376]},"properties":{"id":"20bf7229","name":"Ayuntamiento de Cortes y Graena","category":"Ayuntamiento"}},{"type":"Feature","geometry":{"type":"Point","coordinates":[-2.93064,37.60853]},"properties":{"id":"498b0155","name":"Ayuntamiento de Cuevas del Campo","category":"Ayuntamiento"}},{"type":"Feature","geometry":{"type":"Point","coordinates":[-3.18038,36.94641]},"properties":{"id":"63a9e00e","name":"Ayuntamiento de Cádiar","category":"Ayuntamiento"}},{"type":"Feature","geometry":{"type":"Point","coordinates":[-3.5694,37.13401]},"properties":{"id":"564f4beb","name":"Ayuntamiento de Cájar","category":"Ayuntamiento"}},{"type":"Feature","geometry":{"type":"Point","coordinates":[-3.25371,36.93139]},"properties":{"id":"760443b6","name":"Ayuntamiento de Cástaras","category":"Ayuntamiento"}},{"type":"Feature","geometry":{"type":"Point","coordinates":[-3.42772,36.92614]},"properties":{"id":"f7ebaf48","name":"Ayuntamiento de Cáñar","category":"Ayuntamiento"}},{"type":"Feature","geometry":{"type":"Point","coordinates":[-2.57647,37.58362]},"properties":{"id":"7b664c46","name":"Ayuntamiento de Cúllar","category":"Ayuntamiento"}},{"type":"Feature","geometry":{"type":"Point","coordinates":[-3.67048,37.15332]},"properties":{"id":"8ccd63ac","name":"Ayuntamiento de Cúllar Vega","category":"Ayuntamiento"}},{"type":"Feature","geometry":{"type":"Point","coordinates":[-3.29251,37.34919]},"properties":{"id":"f1c5ecfc","name":"Ayuntamiento de Darro","category":"Ayuntamiento"}},{"type":"Feature","geometry":{"type":"Point","coordinates":[-3.55184,37.4726]},"properties":{"id":"97bc0602","name":"Ayuntamiento de Dehesas Viejas","category":"Ayuntamiento"}},{"type":"Feature","geometry":{"type":"Point","coordinates":[-3.10262,37.58997]},"properties":{"id":"5c5e1c0a","name":"Ayuntamiento de Dehesas de Guadix","category":"Ayuntamiento"}},{"type":"Feature","geometry":{"type":"Point","coordinates":[-3.5943,37.32655]},"properties":{"id":"78beec3f","name":"Ayuntamiento de Deifontes","category":"Ayuntamiento"}},{"type":"Feature","geometry":{"type":"Point","coordinates":[-3.33246,37.31958]},"properties":{"id":"4920e8a5","name":"Ayuntamiento de Diezma","category":"Ayuntamiento"}},{"type":"Feature","geometry":{"type":"Point","coordinates":[-3.50847,37.49722]},"properties":{"id":"f1d66936","name":"Ayuntamiento de Domingo Pérez de Granada","category":"Ayuntamiento"}},{"type":"Feature","geometry":{"type":"Point","coordinates":[-3.60216,37.07519]},"properties":{"id":"16d4d64b","name":"Ayuntamiento de Dílar","category":"Ayuntamiento"}},{"type":"Feature","geometry":{"type":"Point","coordinates":[-2.99145,37.17836]},"properties":{"id":"5c22f08c","name":"Ayuntamiento de Dólar","category":"Ayuntamiento"}},{"type":"Feature","geometry":{"type":"Point","coordinates":[-3.48363,37.18598]},"properties":{"id":"2c33ab3d","name":"Ayuntamiento de Dúdar","category":"Ayuntamiento"}},{"type":"Feature","geometry":{"type":"Point","coordinates":[-3.56605,36.98791]},"properties":{"id":"dec02fa8","name":"Ayuntamiento de Dúrcal","category":"Ayuntamiento"}},{"type":"Feature","geometry":{"type":"Point","coordinates":[-3.658,37.25783]},"properties":{"id":"87ffc428","name":"Ayuntamiento de El Chaparral","category":"Ayuntamiento"}},{"type":"Feature","geometry":{"type":"Point","coordinates":[-3.55381,36.91291]},"properties":{"id":"0407f925","name":"Ayuntamiento de El Pinar","category":"Ayuntamiento"}},{"type":"Feature","geometry":{"type":"Point","coordinates":[-3.94224,37.13326]},"properties":{"id":"65c3a701","name":"Ayuntamiento de El Turro","category":"Ayuntamiento"}},{"type":"Feature","geometry":{"type":"Point","coordinates":[-3.5829,36.92903]},"properties":{"id":"46a53d08","name":"Ayuntamiento de El Valle","category":"Ayuntamiento"}},{"type":"Feature","geometry":{"type":"Point","coordinates":[-3.76126,37.06203]},"properties":{"id":"18b5a2e2","name":"Ayuntamiento de Escúzar","category":"Ayuntamiento"}},{"type":"Feature","geometry":{"type":"Point","coordinates":[-3.03607,37.17244]},"properties":{"id":"6b41f6f0","name":"Ayuntamiento de Ferreira","category":"Ayuntamiento"}},{"type":"Feature","geometry":{"type":"Point","coordinates":[-3.1734,37.41349]},"properties":{"id":"5c6f68a5","name":"Ayuntamiento de Fonelas","category":"Ayuntamiento"}},{"type":"Feature","geometry":{"type":"Point","coordinates":[-3.85547,36.95443]},"properties":{"id":"d15b3ee2","name":"Ayuntamiento de Fornes","category":"Ayuntamiento"}},{"type":"Feature","geometry":{"type":"Point","coordinates":[-2.90689,37.52896]},"properties":{"id":"605539c9","name":"Ayuntamiento de Freila","category":"Ayuntamiento"}},{"type":"Feature","geometry":{"type":"Point","coordinates":[-3.78302,37.21941]},"properties":{"id":"1d3eb32b","name":"Ayuntamiento de Fuente Vaqueros","category":"Ayuntamiento"}},{"type":"Feature","geometry":{"type":"Point","coordinates":[-2.55127,37.74283]},"properties":{"id":"2dec9682","name":"Ayuntamiento de Galera","category":"Ayuntamiento"}},{"type":"Feature","geometry":{"type":"Point","coordinates":[-3.31994,37.47737]},"properties":{"id":"5bd18016","name":"Ayuntamiento de Gobernador","category":"Ayuntamiento"}},{"type":"Feature","geometry":{"type":"Point","coordinates":[-2.96945,37.3696]},"properties":{"id":"35194204","name":"Ayuntamiento de Gor","category":"Ayuntamiento"}},{"type":"Feature","geometry":{"type":"Point","coordinates":[-3.04292,37.47951]},"properties":{"id":"69362655","name":"Ayuntamiento de Gorafe","category":"Ayuntamiento"}},{"type":"Feature","geometry":{"type":"Point","coordinates":[-3.59862,37.17419]},"properties":{"id":"df1b7d5a","name":"Ayuntamiento de Granada","category":"Ayuntamiento"}},{"type":"Feature","geometry":{"type":"Point","coordinates":[-3.40082,37.55652]},"properties":{"id":"b81be3d9","name":"Ayuntamiento de Guadahortuna","category":"Ayuntamiento"}},{"type":"Feature","geometry":{"type":"Point","coordinates":[-3.1345,37.30045]},"properties":{"id":"202be15d","name":"Ayuntamiento de Guadix","category":"Ayuntamiento"}},{"type":"Feature","geometry":{"type":"Point","coordinates":[-3.35929,36.72252]},"properties":{"id":"c46d0cae","name":"Ayuntamiento de Gualchos","category":"Ayuntamiento"}},{"type":"Feature","geometry":{"type":"Point","coordinates":[-3.60601,37.10447]},"properties":{"id":"be6b528b","name":"Ayuntamiento de Gójar","category":"Ayuntamiento"}},{"type":"Feature","geometry":{"type":"Point","coordinates":[-3.59772,37.25683]},"properties":{"id":"cac5ac51","name":"Ayuntamiento de Güevéjar","category":"Ayuntamiento"}},{"type":"Feature","geometry":{"type":"Point","coordinates":[-3.43856,37.15992]},"properties":{"id":"c157a3d8","name":"Ayuntamiento de Güéjar Sierra","category":"Ayuntamiento"}},{"type":"Feature","geometry":{"type":"Point","coordinates":[-3.26213,37.42075]},"properties":{"id":"bead4b43","name":"Ayuntamiento de Huélago","category":"Ayuntamiento"}},{"type":"Feature","geometry":{"type":"Point","coordinates":[-2.94837,37.17707]},"properties":{"id":"88daff0a","name":"Ayuntamiento de Huéneja","category":"Ayuntamiento"}},{"type":"Feature","geometry":{"type":"Point","coordinates":[-2.53958,37.80961]},"properties":{"id":"b1046100","name":"Ayuntamiento de Huéscar","category":"Ayuntamiento"}},{"type":"Feature","geometry":{"type":"Point","coordinates":[-4.04692,37.19406]},"properties":{"id":"da256069","name":"Ayuntamiento de Huétor Tájar","category":"Ayuntamiento"}},{"type":"Feature","geometry":{"type":"Point","coordinates":[-3.56961,37.14554]},"properties":{"id":"303629a4","name":"Ayuntamiento de Huétor Vega","category":"Ayuntamiento"}},{"type":"Feature","geometry":{"type":"Point","coordinates":[-3.51722,37.21841]},"properties":{"id":"7f82c582","name":"Ayuntamiento de Huétor de Santillán","category":"Ayuntamiento"}},{"type":"Feature","geometry":{"type":"Point","coordinates":[-3.52769,37.39296]},"properties":{"id":"e1d2985f","name":"Ayuntamiento de Iznalloz","category":"Ayuntamiento"}},{"type":"Feature","geometry":{"type":"Point","coordinates":[-3.82282,36.9489]},"properties":{"id":"9a926108","name":"Ayuntamiento de Jayena","category":"Ayuntamiento"}},{"type":"Feature","geometry":{"type":"Point","coordinates":[-3.66794,36.79735]},"properties":{"id":"c66e655d","name":"Ayuntamiento de Jete","category":"Ayuntamiento"}},{"type":"Feature","geometry":{"type":"Point","coordinates":[-3.59436,37.22195]},"properties":{"id":"dc6d38d0","name":"Ayuntamiento de Jun","category":"Ayuntamiento"}},{"type":"Feature","geometry":{"type":"Point","coordinates":[-3.22556,36.9481]},"properties":{"id":"418495f1","name":"Ayuntamiento de Juviles","category":"Ayuntamiento"}},{"type":"Feature","geometry":{"type":"Point","coordinates":[-3.90938,36.93416]},"properties":{"id":"f2549c99","name":"Ayuntamiento de Játar","category":"Ayuntamiento"}},{"type":"Feature","geometry":{"type":"Point","coordinates":[-3.15982,37.18388]},"properties":{"id":"5ef7ef50","name":"Ayuntamiento de Jérez del Marquesado","category":"Ayuntamiento"}},{"type":"Feature","geometry":{"type":"Point","coordinates":[-3.06424,37.18142]},"properties":{"id":"dac78720","name":"Ayuntamiento de La Calahorra","category":"Ayuntamiento"}},{"type":"Feature","geometry":{"type":"Point","coordinates":[-3.72303,37.10146]},"properties":{"id":"1f3e0217","name":"Ayuntamiento de La Malahá","category":"Ayuntamiento"}},{"type":"Feature","geometry":{"type":"Point","coordinates":[-3.28481,37.27563]},"properties":{"id":"cb147edb","name":"Ayuntamiento de La Peza","category":"Ayuntamiento"}},{"type":"Feature","geometry":{"type":"Point","coordinates":[-3.32563,36.93604]},"properties":{"id":"f936b066","name":"Ayuntamiento de La Taha","category":"Ayuntamiento"}},{"type":"Feature","geometry":{"type":"Point","coordinates":[-3.58494,37.1206]},"properties":{"id":"a3e4b9f7","name":"Ayuntamiento de La Zubia","category":"Ayuntamiento"}},{"type":"Feature","geometry":{"type":"Point","coordinates":[-3.48044,36.91806]},"properties":{"id":"b92996ad","name":"Ayuntamiento de Lanjarón","category":"Ayuntamiento"}},{"type":"Feature","geometry":{"type":"Point","coordinates":[-3.13848,37.1689]},"properties":{"id":"39ed77a8","name":"Ayuntamiento de Lanteira","category":"Ayuntamiento"}},{"type":"Feature","geometry":{"type":"Point","coordinates":[-3.6693,37.13643]},"properties":{"id":"8a035992","name":"Ayuntamiento de Las Gabias","category":"Ayuntamiento"}},{"type":"Feature","geometry":{"type":"Point","coordinates":[-3.55065,36.94801]},"properties":{"id":"eb887315","name":"Ayuntamiento de Lecrín","category":"Ayuntamiento"}},{"type":"Feature","geometry":{"type":"Point","coordinates":[-3.67454,36.83439]},"properties":{"id":"3de34c20","name":"Ayuntamiento de Lentegí","category":"Ayuntamiento"}},{"type":"Feature","geometry":{"type":"Point","coordinates":[-3.21263,36.92926]},"properties":{"id":"0fccf6cf","name":"Ayuntamiento de Lobras","category":"Ayuntamiento"}},{"type":"Feature","geometry":{"type":"Point","coordinates":[-4.14989,37.16648]},"properties":{"id":"cdd6b221","name":"Ayuntamiento de Loja","category":"Ayuntamiento"}},{"type":"Feature","geometry":{"type":"Point","coordinates":[-3.58422,36.84154]},"properties":{"id":"33d56cec","name":"Ayuntamiento de Los Guájares","category":"Ayuntamiento"}},{"type":"Feature","geometry":{"type":"Point","coordinates":[-3.24134,37.22935]},"properties":{"id":"948174be","name":"Ayuntamiento de Lugros","category":"Ayuntamiento"}},{"type":"Feature","geometry":{"type":"Point","coordinates":[-3.83398,37.1951]},"properties":{"id":"94c29437","name":"Ayuntamiento de Láchar","category":"Ayuntamiento"}},{"type":"Feature","geometry":{"type":"Point","coordinates":[-3.40452,36.78664]},"properties":{"id":"b47ad242","name":"Ayuntamiento de Lújar","category":"Ayuntamiento"}},{"type":"Feature","geometry":{"type":"Point","coordinates":[-3.63297,37.20757]},"properties":{"id":"99e88d14","name":"Ayuntamiento de Maracena","category":"Ayuntamiento"}},{"type":"Feature","geometry":{"type":"Point","coordinates":[-3.2023,37.29632]},"properties":{"id":"97094cb0","name":"Ayuntamiento de Marchal","category":"Ayuntamiento"}},{"type":"Feature","geometry":{"type":"Point","coordinates":[-3.78579,37.34011]},"properties":{"id":"c75cf0ce","name":"Ayuntamiento de Moclín","category":"Ayuntamiento"}},{"type":"Feature","geometry":{"type":"Point","coordinates":[-3.60865,36.7895]},"properties":{"id":"a06eeb2c","name":"Ayuntamiento de Molvízar","category":"Ayuntamiento"}},{"type":"Feature","geometry":{"type":"Point","coordinates":[-3.53974,37.13228]},"properties":{"id":"656a6a29","name":"Ayuntamiento de Monachil","category":"Ayuntamiento"}},{"type":"Feature","geometry":{"type":"Point","coordinates":[-4.01127,37.3209]},"properties":{"id":"72f8d3ff","name":"Ayuntamiento de Montefrío","category":"Ayuntamiento"}},{"type":"Feature","geometry":{"type":"Point","coordinates":[-3.50445,37.57188]},"properties":{"id":"d3a9fc67","name":"Ayuntamiento de Montejícar","category":"Ayuntamiento"}},{"type":"Feature","geometry":{"type":"Point","coordinates":[-3.67227,37.49998]},"properties":{"id":"2728795d","name":"Ayuntamiento de Montillana","category":"Ayuntamiento"}},{"type":"Feature","geometry":{"type":"Point","coordinates":[-3.96497,37.1699]},"properties":{"id":"af28cef7","name":"Ayuntamiento de Moraleda de Zafayona","category":"Ayuntamiento"}},{"type":"Feature","geometry":{"type":"Point","coordinates":[-3.33215,37.43994]},"properties":{"id":"78b46f05","name":"Ayuntamiento de Morelábor","category":"Ayuntamiento"}},{"type":"Feature","geometry":{"type":"Point","coordinates":[-3.52063,36.74522]},"properties":{"id":"152ad1ec","name":"Ayuntamiento de Motril","category":"Ayuntamiento"}},{"type":"Feature","geometry":{"type":"Point","coordinates":[-3.1083,36.88729]},"properties":{"id":"4b55c7bb","name":"Ayuntamiento de Murtas","category":"Ayuntamiento"}},{"type":"Feature","geometry":{"type":"Point","coordinates":[-3.01457,37.00835]},"properties":{"id":"20424b52","name":"Ayuntamiento de Nevada","category":"Ayuntamiento"}},{"type":"Feature","geometry":{"type":"Point","coordinates":[-3.54062,36.97641]},"properties":{"id":"88c260db","name":"Ayuntamiento de Nigüelas","category":"Ayuntamiento"}},{"type":"Feature","geometry":{"type":"Point","coordinates":[-3.57797,37.25787]},"properties":{"id":"784a8a67","name":"Ayuntamiento de Nívar","category":"Ayuntamiento"}},{"type":"Feature","geometry":{"type":"Point","coordinates":[-3.60691,37.12011]},"properties":{"id":"563e80ba","name":"Ayuntamiento de Ogíjares","category":"Ayuntamiento"}},{"type":"Feature","geometry":{"type":"Point","coordinates":[-2.47917,37.72128]},"properties":{"id":"918b8261","name":"Ayuntamiento de Orce","category":"Ayuntamiento"}},{"type":"Feature","geometry":{"type":"Point","coordinates":[-3.67928,36.81315]},"properties":{"id":"898e361c","name":"Ayuntamiento de Otívar","category":"Ayuntamiento"}},{"type":"Feature","geometry":{"type":"Point","coordinates":[-3.62719,37.02238]},"properties":{"id":"caebe9c5","name":"Ayuntamiento de Padul","category":"Ayuntamiento"}},{"type":"Feature","geometry":{"type":"Point","coordinates":[-3.36135,36.94009]},"properties":{"id":"50c765b3","name":"Ayuntamiento de Pampaneira","category":"Ayuntamiento"}},{"type":"Feature","geometry":{"type":"Point","coordinates":[-3.23055,37.5016]},"properties":{"id":"edf2db79","name":"Ayuntamiento de Pedro Martínez","category":"Ayuntamiento"}},{"type":"Feature","geometry":{"type":"Point","coordinates":[-3.62868,37.23086]},"properties":{"id":"79113182","name":"Ayuntamiento de Peligros","category":"Ayuntamiento"}},{"type":"Feature","geometry":{"type":"Point","coordinates":[-3.50201,37.16373]},"properties":{"id":"7ab502ac","name":"Ayuntamiento de Pinos Genil","category":"Ayuntamiento"}},{"type":"Feature","geometry":{"type":"Point","coordinates":[-3.75227,37.25086]},"properties":{"id":"b1c44c25","name":"Ayuntamiento de Pinos Puente","category":"Ayuntamiento"}},{"type":"Feature","geometry":{"type":"Point","coordinates":[-3.74937,37.2516]},"properties":{"id":"7451490d","name":"Ayuntamiento de Pinos Puente","category":"Ayuntamiento"}},{"type":"Feature","geometry":{"type":"Point","coordinates":[-3.27571,36.74787]},"properties":{"id":"fe7e0149","name":"Ayuntamiento de Polopos - La Mamola","category":"Ayuntamiento"}},{"type":"Feature","geometry":{"type":"Point","coordinates":[-3.23308,37.25745]},"properties":{"id":"281446cd","name":"Ayuntamiento de Polícar","category":"Ayuntamiento"}},{"type":"Feature","geometry":{"type":"Point","coordinates":[-2.43483,37.958]},"properties":{"id":"1be1b381","name":"Ayuntamiento de Puebla de Don Fadrique","category":"Ayuntamiento"}},{"type":"Feature","geometry":{"type":"Point","coordinates":[-3.60752,37.21943]},"properties":{"id":"08ce7849","name":"Ayuntamiento de Pulianas","category":"Ayuntamiento"}},{"type":"Feature","geometry":{"type":"Point","coordinates":[-3.1894,37.31478]},"properties":{"id":"9f083f1c","name":"Ayuntamiento de Purullena","category":"Ayuntamiento"}},{"type":"Feature","geometry":{"type":"Point","coordinates":[-3.4405,37.44258]},"properties":{"id":"73c68ffd","name":"Ayuntamiento de Píñar","category":"Ayuntamiento"}},{"type":"Feature","geometry":{"type":"Point","coordinates":[-3.31033,36.94239]},"properties":{"id":"d6b8b63b","name":"Ayuntamiento de Pórtugos","category":"Ayuntamiento"}},{"type":"Feature","geometry":{"type":"Point","coordinates":[-3.46659,37.19209]},"properties":{"id":"2039db83","name":"Ayuntamiento de Quéntar","category":"Ayuntamiento"}},{"type":"Feature","geometry":{"type":"Point","coordinates":[-3.34795,36.80936]},"properties":{"id":"332a79d3","name":"Ayuntamiento de Rubite","category":"Ayuntamiento"}},{"type":"Feature","geometry":{"type":"Point","coordinates":[-4.06691,37.15231]},"properties":{"id":"70ee557e","name":"Ayuntamiento de Salar","category":"Ayuntamiento"}},{"type":"Feature","geometry":{"type":"Point","coordinates":[-3.58698,36.74658]},"properties":{"id":"1c7b8b54","name":"Ayuntamiento de Salobreña","category":"Ayuntamiento"}},{"type":"Feature","geometry":{"type":"Point","coordinates":[-3.97642,37.06057]},"properties":{"id":"3badd1c6","name":"Ayuntamiento de Santa Cruz del Comercio","category":"Ayuntamiento"}},{"type":"Feature","geometry":{"type":"Point","coordinates":[-3.71816,37.18956]},"properties":{"id":"70797e29","name":"Ayuntamiento de Santa Fe","category":"Ayuntamiento"}},{"type":"Feature","geometry":{"type":"Point","coordinates":[-3.40503,36.92851]},"properties":{"id":"bb95ff0e","name":"Ayuntamiento de Soportújar","category":"Ayuntamiento"}},{"type":"Feature","geometry":{"type":"Point","coordinates":[-3.26545,36.79467]},"properties":{"id":"d8dbaf7b","name":"Ayuntamiento de Sorvilán","category":"Ayuntamiento"}},{"type":"Feature","geometry":{"type":"Point","coordinates":[-3.9681,37.2376]},"properties":{"id":"95e82a6c","name":"Ayuntamiento de Tocón","category":"Ayuntamiento"}},{"type":"Feature","geometry":{"type":"Point","coordinates":[-3.35588,37.50477]},"properties":{"id":"73bed98b","name":"Ayuntamiento de Torre-Cardela","category":"Ayuntamiento"}},{"type":"Feature","geometry":{"type":"Point","coordinates":[-3.48576,36.70191]},"properties":{"id":"878b1d88","name":"Ayuntamiento de Torrenueva Costa","category":"Ayuntamiento"}},{"type":"Feature","geometry":{"type":"Point","coordinates":[-3.2987,36.87856]},"properties":{"id":"06e7caa4","name":"Ayuntamiento de Torvizcón","category":"Ayuntamiento"}},{"type":"Feature","geometry":{"type":"Point","coordinates":[-3.26666,37.00242]},"properties":{"id":"070f359f","name":"Ayuntamiento de Trevélez","category":"Ayuntamiento"}},{"type":"Feature","geometry":{"type":"Point","coordinates":[-3.05774,36.86366]},"properties":{"id":"ed74ae73","name":"Ayuntamiento de Turón","category":"Ayuntamiento"}},{"type":"Feature","geometry":{"type":"Point","coordinates":[-3.05454,36.96109]},"properties":{"id":"e4f20d9b","name":"Ayuntamiento de Ugíjar","category":"Ayuntamiento"}},{"type":"Feature","geometry":{"type":"Point","coordinates":[-3.82375,37.2344]},"properties":{"id":"13cbda58","name":"Ayuntamiento de Valderrubio","category":"Ayuntamiento"}},{"type":"Feature","geometry":{"type":"Point","coordinates":[-3.10009,37.26255]},"properties":{"id":"f109cfae","name":"Ayuntamiento de Valle del Zalabí","category":"Ayuntamiento"}},{"type":"Feature","geometry":{"type":"Point","coordinates":[-3.66739,37.17162]},"properties":{"id":"9e054d95","name":"Ayuntamiento de Vegas del Genil","category":"Ayuntamiento"}},{"type":"Feature","geometry":{"type":"Point","coordinates":[-3.82111,37.06682]},"properties":{"id":"e5d54f47","name":"Ayuntamiento de Ventas de Huelma","category":"Ayuntamiento"}},{"type":"Feature","geometry":{"type":"Point","coordinates":[-4.12058,36.95744]},"properties":{"id":"610ab8e2","name":"Ayuntamiento de Ventas de Zafarraya","category":"Ayuntamiento"}},{"type":"Feature","geometry":{"type":"Point","coordinates":[-3.6348,37.09431]},"properties":{"id":"cd92be55","name":"Ayuntamiento de Villa de Otura","category":"Ayuntamiento"}},{"type":"Feature","geometry":{"type":"Point","coordinates":[-3.5892,36.99104]},"properties":{"id":"5e26edba","name":"Ayuntamiento de Villamena","category":"Ayuntamiento"}},{"type":"Feature","geometry":{"type":"Point","coordinates":[-4.01269,37.21475]},"properties":{"id":"f35ec307","name":"Ayuntamiento de Villanueva Mesía","category":"Ayuntamiento"}},{"type":"Feature","geometry":{"type":"Point","coordinates":[-3.08963,37.55668]},"properties":{"id":"35ebe434","name":"Ayuntamiento de Villanueva de las Torres","category":"Ayuntamiento"}},{"type":"Feature","geometry":{"type":"Point","coordinates":[-3.08083,36.99632]},"properties":{"id":"fa396434","name":"Ayuntamiento de Válor","category":"Ayuntamiento"}},{"type":"Feature","geometry":{"type":"Point","coordinates":[-3.5538,37.23122]},"properties":{"id":"f75f77fd","name":"Ayuntamiento de Víznar","category":"Ayuntamiento"}},{"type":"Feature","geometry":{"type":"Point","coordinates":[-4.14166,36.9736]},"properties":{"id":"c0681321","name":"Ayuntamiento de Zafarraya","category":"Ayuntamiento"}},{"type":"Feature","geometry":{"type":"Point","coordinates":[-4.16806,37.2536]},"properties":{"id":"d0b41330","name":"Ayuntamiento de Zagra","category":"Ayuntamiento"}},{"type":"Feature","geometry":{"type":"Point","coordinates":[-2.84173,37.54136]},"properties":{"id":"59504348","name":"Ayuntamiento de Zújar","category":"Ayuntamiento"}},{"type":"Feature","geometry":{"type":"Point","coordinates":[-3.87963,37.28843]},"properties":{"id":"7fe97df2","name":"Ayuntamiento de Íllora","category":"Ayuntamiento"}},{"type":"Feature","geometry":{"type":"Point","coordinates":[-3.63871,36.79962]},"properties":{"id":"eb23c88c","name":"Ayuntamiento de Ítrabo","category":"Ayuntamiento"}},{"type":"Feature","geometry":{"type":"Point","coordinates":[-3.42396,36.90049]},"properties":{"id":"4e4977f2","name":"Ayuntamiento de Órgiva","category":"Ayuntamiento"}},{"type":"Feature","geometry":{"type":"Point","coordinates":[-3.42829,36.70051]},"properties":{"id":"cf3e7553","name":"Entidad Local Autónoma de Carchuna-Calahonda","category":"Ayuntamiento"}},{"type":"Feature","geometry":{"type":"Point","coordinates":[-3.52192,36.74788]},"properties":{"id":"621adc42","name":"Oficina Municipal Distrito 1","category":"Ayuntamiento"}},{"type":"Feature","geometry":{"type":"Point","coordinates":[-3.50865,36.7499]},"properties":{"id":"b24caf40","name":"Oficina Municipal Distrito 3","category":"Ayuntamiento"}},{"type":"Feature","geometry":{"type":"Point","coordinates":[-85.9539,11.9292]},"properties":{"id":"d2206d5b","name":"Palacio Municipal","category":"Ayuntamiento"}},{"type":"Feature","geometry":{"type":"Point","coordinates":[-2.54134,37.80704]},"properties":{"id":"fc2857c2","name":"Archivo Municipal \"Vicente González Barberán\"","category":"Biblioteca"}},{"type":"Feature","geometry":{"type":"Point","coordinates":[-3.60195,37.15452]},"properties":{"id":"d6ed6371","name":"Biblioteca Almudena Grandes","category":"Biblioteca"}},{"type":"Feature","geometry":{"type":"Point","coordinates":[-3.60456,37.18754]},"properties":{"id":"5a023539","name":"Biblioteca Biosanitaria","category":"Biblioteca"}},{"type":"Feature","geometry":{"type":"Point","coordinates":[-3.6089,37.18017]},"properties":{"id":"efb35e5d","name":"Biblioteca Gabriella Morreale","category":"Biblioteca"}},{"type":"Feature","geometry":{"type":"Point","coordinates":[-3.42365,36.90201]},"properties":{"id":"c2892fe5","name":"Biblioteca Hurtado de Mendoza","category":"Biblioteca"}},{"type":"Feature","geometry":{"type":"Point","coordinates":[-3.51537,36.74635]},"properties":{"id":"eca70b73","name":"Biblioteca José López Rubio","category":"Biblioteca"}},{"type":"Feature","geometry":{"type":"Point","coordinates":[-3.62395,37.14488]},"properties":{"id":"aca51610","name":"Biblioteca Miguel Hernández","category":"Biblioteca"}},{"type":"Feature","geometry":{"type":"Point","coordinates":[-3.77223,37.2012]},"properties":{"id":"aa259428","name":"Biblioteca Municipal","category":"Biblioteca"}},{"type":"Feature","geometry":{"type":"Point","coordinates":[-3.66831,37.13635]},"properties":{"id":"4e921b54","name":"Biblioteca Municipal","category":"Biblioteca"}},{"type":"Feature","geometry":{"type":"Point","coordinates":[-3.67378,37.1499]},"properties":{"id":"8584ce30","name":"Biblioteca Municipal","category":"Biblioteca"}},{"type":"Feature","geometry":{"type":"Point","coordinates":[-3.63642,37.09251]},"properties":{"id":"7feba273","name":"Biblioteca Municipal","category":"Biblioteca"}},{"type":"Feature","geometry":{"type":"Point","coordinates":[-2.90817,37.53079]},"properties":{"id":"d92f996d","name":"Biblioteca Municipal","category":"Biblioteca"}},{"type":"Feature","geometry":{"type":"Point","coordinates":[-3.68134,36.81512]},"properties":{"id":"60471612","name":"Biblioteca Municipal","category":"Biblioteca"}},{"type":"Feature","geometry":{"type":"Point","coordinates":[-3.58628,36.7399]},"properties":{"id":"3fb840d5","name":"Biblioteca Municipal","category":"Biblioteca"}},{"type":"Feature","geometry":{"type":"Point","coordinates":[-3.53749,37.15918]},"properties":{"id":"a05d17d3","name":"Biblioteca Municipal Elena Martín Vivaldi","category":"Biblioteca"}},{"type":"Feature","geometry":{"type":"Point","coordinates":[-3.31041,36.94236]},"properties":{"id":"1cc69af8","name":"Biblioteca Municipal Erizos","category":"Biblioteca"}},{"type":"Feature","geometry":{"type":"Point","coordinates":[-3.59528,37.1612]},"properties":{"id":"4c329050","name":"Biblioteca Municipal Francisco Ayala","category":"Biblioteca"}},{"type":"Feature","geometry":{"type":"Point","coordinates":[-3.62799,37.19184]},"properties":{"id":"b4f3b66a","name":"Biblioteca Municipal Pública Chana","category":"Biblioteca"}},{"type":"Feature","geometry":{"type":"Point","coordinates":[-3.59793,37.25773]},"properties":{"id":"49800853","name":"Biblioteca Municipal de Güevéjar","category":"Biblioteca"}},{"type":"Feature","geometry":{"type":"Point","coordinates":[-3.51709,37.2168]},"properties":{"id":"f66da40f","name":"Biblioteca Municipal de Huétor de Santillán","category":"Biblioteca"}},{"type":"Feature","geometry":{"type":"Point","coordinates":[-3.62851,37.02507]},"properties":{"id":"91a9f530","name":"Biblioteca Municipal de Padul","category":"Biblioteca"}},{"type":"Feature","geometry":{"type":"Point","coordinates":[-3.60504,37.22145]},"properties":{"id":"42064aef","name":"Biblioteca Municipal de Pulianas","category":"Biblioteca"}},{"type":"Feature","geometry":{"type":"Point","coordinates":[-3.59552,37.16901]},"properties":{"id":"131a4925","name":"Biblioteca Municipal del Salón","category":"Biblioteca"}},{"type":"Feature","geometry":{"type":"Point","coordinates":[-2.479,37.72098]},"properties":{"id":"a2eaf098","name":"Biblioteca Pública La Balsa de Piedra","category":"Biblioteca"}},{"type":"Feature","geometry":{"type":"Point","coordinates":[-2.54561,37.80635]},"properties":{"id":"0d024df6","name":"Biblioteca Pública Municipal","category":"Biblioteca"}},{"type":"Feature","geometry":{"type":"Point","coordinates":[-3.68627,37.22122]},"properties":{"id":"3e7a7ff4","name":"Biblioteca Pública Municipal","category":"Biblioteca"}},{"type":"Feature","geometry":{"type":"Point","coordinates":[-4.12068,36.95712]},"properties":{"id":"2c0124b0","name":"Biblioteca Pública Municipal","category":"Biblioteca"}},{"type":"Feature","geometry":{"type":"Point","coordinates":[-3.59302,37.18161]},"properties":{"id":"ffc3b4d1","name":"Biblioteca Pública Municipal Albaicín - Juan de Loxa","category":"Biblioteca"}},{"type":"Feature","geometry":{"type":"Point","coordinates":[-3.13306,37.29976]},"properties":{"id":"092387a8","name":"Biblioteca Pública Municipal Escritor José Asenjo Sedano","category":"Biblioteca"}},{"type":"Feature","geometry":{"type":"Point","coordinates":[-3.58317,37.12099]},"properties":{"id":"8e0b9e7e","name":"Biblioteca Pública Municipal Miguel Hernández","category":"Biblioteca"}},{"type":"Feature","geometry":{"type":"Point","coordinates":[-3.96533,37.17167]},"properties":{"id":"75b6e89a","name":"Biblioteca Pública Municipal Moraleda de Zafayona","category":"Biblioteca"}},{"type":"Feature","geometry":{"type":"Point","coordinates":[-3.15549,36.98094]},"properties":{"id":"ffa208bd","name":"Biblioteca Pública Municipal Pío Navarro","category":"Biblioteca"}},{"type":"Feature","geometry":{"type":"Point","coordinates":[-3.7528,37.25043]},"properties":{"id":"68e3a9ef","name":"Biblioteca Pública Municipal de Pinos Puente","category":"Biblioteca"}},{"type":"Feature","geometry":{"type":"Point","coordinates":[-3.60614,37.17817]},"properties":{"id":"861d219c","name":"Biblioteca Pública Provincial de Granada","category":"Biblioteca"}},{"type":"Feature","geometry":{"type":"Point","coordinates":[-3.57139,37.13438]},"properties":{"id":"df6dd4ab","name":"Biblioteca Pública de Cájar","category":"Biblioteca"}},{"type":"Feature","geometry":{"type":"Point","coordinates":[-2.5506,37.74214]},"properties":{"id":"ed0662e3","name":"Biblioteca Pública de Galera","category":"Biblioteca"}},{"type":"Feature","geometry":{"type":"Point","coordinates":[-3.59417,37.22122]},"properties":{"id":"cd37995c","name":"Biblioteca Pública de Jun","category":"Biblioteca"}},{"type":"Feature","geometry":{"type":"Point","coordinates":[-3.71707,37.18529]},"properties":{"id":"ea4b809a","name":"Biblioteca Pública de Santa Fe","category":"Biblioteca"}},{"type":"Feature","geometry":{"type":"Point","coordinates":[-3.53481,36.7241]},"properties":{"id":"69c85ec2","name":"Biblioteca Santa Adela","category":"Biblioteca"}},{"type":"Feature","geometry":{"type":"Point","coordinates":[-3.60437,37.18356]},"properties":{"id":"82fc847f","name":"Biblioteca Social Hermanos Quero","category":"Biblioteca"}},{"type":"Feature","geometry":{"type":"Point","coordinates":[-3.598,37.1694]},"properties":{"id":"ee8e3491","name":"Biblioteca Social Libre Albedrío","category":"Biblioteca"}},{"type":"Feature","geometry":{"type":"Point","coordinates":[-3.35869,36.96094]},"properties":{"id":"e4285fce","name":"Biblioteca de Capileira","category":"Biblioteca"}},{"type":"Feature","geometry":{"type":"Point","coordinates":[-3.44251,36.7025]},"properties":{"id":"13409db0","name":"Biblioteca de Carchuna","category":"Biblioteca"}},{"type":"Feature","geometry":{"type":"Point","coordinates":[-3.67686,37.15793]},"properties":{"id":"dcab7b70","name":"Biblioteca de Cúllar Vega","category":"Biblioteca"}},{"type":"Feature","geometry":{"type":"Point","coordinates":[-3.60307,37.17876]},"properties":{"id":"b617c1a5","name":"Biblioteca de Derecho","category":"Biblioteca"}},{"type":"Feature","geometry":{"type":"Point","coordinates":[-3.59644,37.19252]},"properties":{"id":"e29b0dc7","name":"Biblioteca de Filosofía y Letras","category":"Biblioteca"}},{"type":"Feature","geometry":{"type":"Point","coordinates":[-3.52552,36.74505]},"properties":{"id":"6a3e7656","name":"Biblioteca de La Palma","category":"Biblioteca"}},{"type":"Feature","geometry":{"type":"Point","coordinates":[-3.51481,36.75264]},"properties":{"id":"254ab5cb","name":"Biblioteca de San Antonio","category":"Biblioteca"}},{"type":"Feature","geometry":{"type":"Point","coordinates":[-3.62446,37.19692]},"properties":{"id":"ebb9da05","name":"Biblioteca de la Escuela Técnica Superior de Ingenierías Informática y de Telecomunicación","category":"Biblioteca"}},{"type":"Feature","geometry":{"type":"Point","coordinates":[-3.58262,37.17488]},"properties":{"id":"144f6c23","name":"Biblioteca del Patronato de la Alhambra y Generalife","category":"Biblioteca"}},{"type":"Feature","geometry":{"type":"Point","coordinates":[-3.56945,37.1446]},"properties":{"id":"7b3712ab","name":"Biblioteca municipal Ángel Ganivet","category":"Biblioteca"}},{"type":"Feature","geometry":{"type":"Point","coordinates":[-4.14562,36.97226]},"properties":{"id":"f1ca7f4a","name":"Biblioteca pública","category":"Biblioteca"}},{"type":"Feature","geometry":{"type":"Point","coordinates":[-85.95175,11.9326]},"properties":{"id":"04ddca9a","name":"Bilioteca Municipal","category":"Biblioteca"}},{"type":"Feature","geometry":{"type":"Point","coordinates":[-3.5884,37.16829]},"properties":{"id":"9c3b1379","name":"Centro Provincial de Documentación","category":"Biblioteca"}},{"type":"Feature","geometry":{"type":"Point","coordinates":[-2.77373,37.48495]},"properties":{"id":"79b1173d","name":"Nueva Biblioteca de Baza","category":"Biblioteca"}},{"type":"Feature","geometry":{"type":"Point","coordinates":[-3.52448,36.72532]},"properties":{"id":"1aee08e6","name":"Bomberos de Motril","category":"Bomberos"}},{"type":"Feature","geometry":{"type":"Point","coordinates":[-3.5343,37.23848]},"properties":{"id":"340e1556","name":"Centro Defensa Forestal Puerto Lobo","category":"Bomberos"}},{"type":"Feature","geometry":{"type":"Point","coordinates":[-3.40173,36.88138]},"properties":{"id":"4a7660d2","name":"Centro de Defensa Forestal de Sierra Nevada","category":"Bomberos"}},{"type":"Feature","geometry":{"type":"Point","coordinates":[-73.70488,3.54119]},"properties":{"id":"d5d66003","name":"Cuerpo de Bomberos Voluntarios de Granada","category":"Bomberos"}},{"type":"Feature","geometry":{"type":"Point","coordinates":[-85.95661,11.93202]},"properties":{"id":"5d3753b0","name":"Estación Claudia Chamorro 63","category":"Bomberos"}},{"type":"Feature","geometry":{"type":"Point","coordinates":[-3.12939,37.31212]},"properties":{"id":"7d84e6ed","name":"Estación de Bomberos","category":"Bomberos"}},{"type":"Feature","geometry":{"type":"Point","coordinates":[-3.68786,36.73732]},"properties":{"id":"cb968273","name":"Parque de Bomberos","category":"Bomberos"}},{"type":"Feature","geometry":{"type":"Point","coordinates":[-3.61751,37.20509]},"properties":{"id":"0fc2b68b","name":"Parque de Bomberos Norte","category":"Bomberos"}},{"type":"Feature","geometry":{"type":"Point","coordinates":[-3.59883,37.16488]},"properties":{"id":"173d7fd1","name":"Parque de Bomberos Sur","category":"Bomberos"}},{"type":"Feature","geometry":{"type":"Point","coordinates":[-2.76703,37.48563]},"properties":{"id":"523d79db","name":"Parque de Bomberos de Baza","category":"Bomberos"}},{"type":"Feature","geometry":{"type":"Point","coordinates":[-3.17909,36.93763]},"properties":{"id":"0effe4ca","name":"Parque de Bomberos de Cádiar","category":"Bomberos"}},{"type":"Feature","geometry":{"type":"Point","coordinates":[-4.14337,37.16579]},"properties":{"id":"04f790c2","name":"Parque de Bomberos de Loja","category":"Bomberos"}},{"type":"Feature","geometry":{"type":"Point","coordinates":[-4.12708,37.15723]},"properties":{"id":"fbfd1963","name":"Parque de Bomberos de Loja","category":"Bomberos"}},{"type":"Feature","geometry":{"type":"Point","coordinates":[-3.39548,37.09659]},"properties":{"id":"56f32a2e","name":"Protección Civil - Emergencias Monachil - Parque de Bomberos","category":"Bomberos"}},{"type":"Feature","geometry":{"type":"Point","coordinates":[-3.38825,36.92125]},"properties":{"id":"51449430","name":"Capilla del Padre Eterno","category":"Capilla"}},{"type":"Feature","geometry":{"type":"Point","coordinates":[-4.08439,37.29922]},"properties":{"id":"9e80de1b","name":"Ermita de Monte Santo","category":"Capilla"}},{"type":"Feature","geometry":{"type":"Point","coordinates":[-2.74327,37.60854]},"properties":{"id":"20ed0496","name":"Ermita de San Agustín","category":"Capilla"}},{"type":"Feature","geometry":{"type":"Point","coordinates":[-3.89022,36.95805]},"properties":{"id":"eee13dae","name":"Ermita de San Isidro","category":"Capilla"}},{"type":"Feature","geometry":{"type":"Point","coordinates":[-2.77251,37.60883]},"properties":{"id":"6cfb35f2","name":"Ermita de San Isidro","category":"Capilla"}},{"type":"Feature","geometry":{"type":"Point","coordinates":[-2.70177,37.608]},"properties":{"id":"dcd506bb","name":"Ermita de San León","category":"Capilla"}},{"type":"Feature","geometry":{"type":"Point","coordinates":[-2.70649,37.6019]},"properties":{"id":"445f8fbc","name":"Ermita de la Virgen de la Cabeza","category":"Capilla"}},{"type":"Feature","geometry":{"type":"Point","coordinates":[-3.07121,37.00332]},"properties":{"id":"9454d1e6","name":"Ermita de las Ánimas","category":"Capilla"}},{"type":"Feature","geometry":{"type":"Point","coordinates":[-3.56272,36.90348]},"properties":{"id":"dbd2301b","name":"Ermita del Santo Cristo del Zapato","category":"Capilla"}},{"type":"Feature","geometry":{"type":"Point","coordinates":[-3.57656,37.18174]},"properties":{"id":"06bc6449","name":"Ermita del Santo Sepulcro","category":"Capilla"}},{"type":"Feature","geometry":{"type":"Point","coordinates":[-3.5918,37.17711]},"properties":{"id":"d0737169","name":"Alcazaba","category":"Castillo"}},{"type":"Feature","geometry":{"type":"Point","coordinates":[-3.13725,37.29867]},"properties":{"id":"d57b4e30","name":"Alcazaba de Guadix","category":"Castillo"}},{"type":"Feature","geometry":{"type":"Point","coordinates":[-4.15236,37.16691]},"properties":{"id":"333aa3d3","name":"Alcazaba de Loja","category":"Castillo"}},{"type":"Feature","geometry":{"type":"Point","coordinates":[-2.47957,37.72199]},"properties":{"id":"14d2164b","name":"Alcazaba de las Siete Torres","category":"Castillo"}},{"type":"Feature","geometry":{"type":"Point","coordinates":[-3.60053,37.16474]},"properties":{"id":"fcd089d7","name":"Alcázar Genil","category":"Castillo"}},{"type":"Feature","geometry":{"type":"Point","coordinates":[-3.58904,37.17606]},"properties":{"id":"7247ca3d","name":"Alhambra","category":"Castillo"}},{"type":"Feature","geometry":{"type":"Point","coordinates":[-2.59957,37.7548]},"properties":{"id":"a52b4a38","name":"Atalaya de Fuente Amarga","category":"Castillo"}},{"type":"Feature","geometry":{"type":"Point","coordinates":[-2.55249,37.74384]},"properties":{"id":"fa6996b0","name":"Casa de los Cabrera","category":"Castillo"}},{"type":"Feature","geometry":{"type":"Point","coordinates":[-3.59424,37.17841]},"properties":{"id":"5debf912","name":"Casa Ágreda","category":"Castillo"}},{"type":"Feature","geometry":{"type":"Point","coordinates":[-3.35923,36.72445]},"properties":{"id":"0e0c12e1","name":"Castell de Ferro","category":"Castillo"}},{"type":"Feature","geometry":{"type":"Point","coordinates":[-3.43663,37.20069]},"properties":{"id":"87bec53a","name":"Castillejo de Quéntar","category":"Castillo"}},{"type":"Feature","geometry":{"type":"Point","coordinates":[-3.98772,37.00311]},"properties":{"id":"187ca396","name":"Castillo de Alhama de Granada","category":"Castillo"}},{"type":"Feature","geometry":{"type":"Point","coordinates":[-3.43539,36.69598]},"properties":{"id":"9698d8e4","name":"Castillo de Carchuna","category":"Castillo"}},{"type":"Feature","geometry":{"type":"Point","coordinates":[-2.99116,37.18052]},"properties":{"id":"f5e65ea4","name":"Castillo de Dólar","category":"Castillo"}},{"type":"Feature","geometry":{"type":"Point","coordinates":[-2.90975,37.52762]},"properties":{"id":"4d6fbda7","name":"Castillo de Freila","category":"Castillo"}},{"type":"Feature","geometry":{"type":"Point","coordinates":[-3.58663,36.83569]},"properties":{"id":"b6de5666","name":"Castillo de Guajar Faragüit","category":"Castillo"}},{"type":"Feature","geometry":{"type":"Point","coordinates":[-3.06546,37.18342]},"properties":{"id":"bcd0573b","name":"Castillo de La Calahorra","category":"Castillo"}},{"type":"Feature","geometry":{"type":"Point","coordinates":[-3.28616,37.27669]},"properties":{"id":"adeb5a1a","name":"Castillo de La Peza","category":"Castillo"}},{"type":"Feature","geometry":{"type":"Point","coordinates":[-3.16986,36.74911]},"properties":{"id":"f13d7ded","name":"Castillo de La Rábita","category":"Castillo"}},{"type":"Feature","geometry":{"type":"Point","coordinates":[-3.48886,36.91479]},"properties":{"id":"8e5bac45","name":"Castillo de Lanjarón","category":"Castillo"}},{"type":"Feature","geometry":{"type":"Point","coordinates":[-3.57722,36.94665]},"properties":{"id":"5089c7e0","name":"Castillo de Lojuela","category":"Castillo"}},{"type":"Feature","geometry":{"type":"Point","coordinates":[-3.78647,37.34231]},"properties":{"id":"8b12e16b","name":"Castillo de Moclín","category":"Castillo"}},{"type":"Feature","geometry":{"type":"Point","coordinates":[-4.01328,37.32162]},"properties":{"id":"6e238ed5","name":"Castillo de Montefrío","category":"Castillo"}},{"type":"Feature","geometry":{"type":"Point","coordinates":[-3.43755,37.43818]},"properties":{"id":"64188c9b","name":"Castillo de Píñar","category":"Castillo"}},{"type":"Feature","geometry":{"type":"Point","coordinates":[-3.46622,37.19208]},"properties":{"id":"2c8343aa","name":"Castillo de Quéntar","category":"Castillo"}},{"type":"Feature","geometry":{"type":"Point","coordinates":[-3.58944,36.74374]},"properties":{"id":"bb404419","name":"Castillo de Salobreña","category":"Castillo"}},{"type":"Feature","geometry":{"type":"Point","coordinates":[-3.69263,36.73063]},"properties":{"id":"603e3435","name":"Castillo de San Miguel","category":"Castillo"}},{"type":"Feature","geometry":{"type":"Point","coordinates":[-3.87769,37.11728]},"properties":{"id":"0d0fc329","name":"Castillo de Tajarja","category":"Castillo"}},{"type":"Feature","geometry":{"type":"Point","coordinates":[-4.19589,37.2843]},"properties":{"id":"6808895d","name":"Castillo de Torre Pesquera","category":"Castillo"}},{"type":"Feature","geometry":{"type":"Point","coordinates":[-4.1665,37.25532]},"properties":{"id":"108d112a","name":"Castillo de Zagra","category":"Castillo"}},{"type":"Feature","geometry":{"type":"Point","coordinates":[-3.51395,36.83301]},"properties":{"id":"0a7b04d5","name":"Castillo de los Ulloa","category":"Castillo"}},{"type":"Feature","geometry":{"type":"Point","coordinates":[-3.88004,37.28623]},"properties":{"id":"bd7d6431","name":"Castillo de Íllora","category":"Castillo"}},{"type":"Feature","geometry":{"type":"Point","coordinates":[-85.9652,11.92867]},"properties":{"id":"64049906","name":"Fortaleza La Polvora","category":"Castillo"}},{"type":"Feature","geometry":{"type":"Point","coordinates":[-4.19692,37.19146]},"properties":{"id":"9f0e0edb","name":"Fortaleza de Turrush","category":"Castillo"}},{"type":"Feature","geometry":{"type":"Point","coordinates":[-3.58507,37.17695]},"properties":{"id":"ea953869","name":"Generalife","category":"Castillo"}},{"type":"Feature","geometry":{"type":"Point","coordinates":[-3.30011,36.74081]},"properties":{"id":"f3046477","name":"Hornabeque de Castillo de Baños","category":"Castillo"}},{"type":"Feature","geometry":{"type":"Point","coordinates":[-3.62637,37.02401]},"properties":{"id":"b6c1bd0d","name":"La Casa Grande","category":"Castillo"}},{"type":"Feature","geometry":{"type":"Point","coordinates":[-3.13698,37.30161]},"properties":{"id":"b149adb2","name":"Palacio Episcopal de Guadix","category":"Castillo"}},{"type":"Feature","geometry":{"type":"Point","coordinates":[-3.13603,37.29928]},"properties":{"id":"32d7e63e","name":"Palacio de Peñaflor","category":"Castillo"}},{"type":"Feature","geometry":{"type":"Point","coordinates":[-3.6039,37.1754]},"properties":{"id":"3273afbb","name":"Palacio de las Columnas","category":"Castillo"}},{"type":"Feature","geometry":{"type":"Point","coordinates":[-2.47979,37.7212]},"properties":{"id":"fb32e6f2","name":"Palacio de los Belmonte-Segura","category":"Castillo"}},{"type":"Feature","geometry":{"type":"Point","coordinates":[-3.1375,37.30172]},"properties":{"id":"8365b5ac","name":"Palacio de los Condes de Villa Alegre","category":"Castillo"}},{"type":"Feature","geometry":{"type":"Point","coordinates":[-3.5932,37.17625]},"properties":{"id":"26234021","name":"Palacio de los Marqueses de Cartagena","category":"Castillo"}},{"type":"Feature","geometry":{"type":"Point","coordinates":[-2.47886,37.72114]},"properties":{"id":"9d7e166f","name":"Palacio de los Segura","category":"Castillo"}},{"type":"Feature","geometry":{"type":"Point","coordinates":[-4.14996,37.16651]},"properties":{"id":"afd03519","name":"Palacio del Duque de Valencia","category":"Castillo"}},{"type":"Feature","geometry":{"type":"Point","coordinates":[-3.5886,37.17737]},"properties":{"id":"03fdbb1c","name":"Palacio del Partal","category":"Castillo"}},{"type":"Feature","geometry":{"type":"Point","coordinates":[-3.58966,37.17728]},"properties":{"id":"08ccf761","name":"Palacios Nazaríes","category":"Castillo"}},{"type":"Feature","geometry":{"type":"Point","coordinates":[-3.58383,37.17833]},"properties":{"id":"05ae1bb8","name":"Silla del Moro","category":"Castillo"}},{"type":"Feature","geometry":{"type":"Point","coordinates":[-4.09937,37.2075]},"properties":{"id":"123fc149","name":"Torre Agicampe","category":"Castillo"}},{"type":"Feature","geometry":{"type":"Point","coordinates":[-3.15625,37.18209]},"properties":{"id":"8d546f50","name":"Torre Alcázar","category":"Castillo"}},{"type":"Feature","geometry":{"type":"Point","coordinates":[-4.19047,37.2364]},"properties":{"id":"cec7b865","name":"Torre Martilla","category":"Castillo"}},{"type":"Feature","geometry":{"type":"Point","coordinates":[-4.2702,37.20894]},"properties":{"id":"6b41e92b","name":"Torre de Abor","category":"Castillo"}},{"type":"Feature","geometry":{"type":"Point","coordinates":[-4.21785,37.17979]},"properties":{"id":"b02db449","name":"Torre de Ríofrío","category":"Castillo"}},{"type":"Feature","geometry":{"type":"Point","coordinates":[-4.06734,37.14932]},"properties":{"id":"f4d5ac15","name":"Torre de Salar","category":"Castillo"}},{"type":"Feature","geometry":{"type":"Point","coordinates":[-3.96614,37.23828]},"properties":{"id":"37e05c9d","name":"Torre de Tocón","category":"Castillo"}},{"type":"Feature","geometry":{"type":"Point","coordinates":[-4.0156,37.09874]},"properties":{"id":"b58003c2","name":"Torre de la Gallina","category":"Castillo"}},{"type":"Feature","geometry":{"type":"Point","coordinates":[-4.27841,37.12562]},"properties":{"id":"221218db","name":"Torre de la Palma","category":"Castillo"}},{"type":"Feature","geometry":{"type":"Point","coordinates":[-3.15856,37.18323]},"properties":{"id":"ee02228d","name":"Torre islámica","category":"Castillo"}},{"type":"Feature","geometry":{"type":"Point","coordinates":[-3.59345,37.1755]},"properties":{"id":"3d212fea","name":"Torres Bermejas","category":"Castillo"}},{"type":"Feature","geometry":{"type":"Point","coordinates":[-4.04714,37.19404]},"properties":{"id":"e3299b1a","name":"Torreón de Huétor","category":"Castillo"}},{"type":"Feature","geometry":{"type":"Point","coordinates":[-2.64414,37.71647]},"properties":{"id":"2a6b54db","name":"Yacimiento del Castillo de Castilléjar","category":"Castillo"}},{"type":"Feature","geometry":{"type":"Point","coordinates":[-3.03594,37.17229]},"properties":{"id":"1d33cbc3","name":"alcazaba de Ferreira","category":"Castillo"}},{"type":"Feature","geometry":{"type":"Point","coordinates":[-3.82388,36.94909]},"properties":{"id":"6080d2d2","name":"Autoservicio Adrián","category":"Centro Comercial"}},{"type":"Feature","geometry":{"type":"Point","coordinates":[-3.60897,37.19852]},"properties":{"id":"cac7367c","name":"Centro Comercial Alcampo","category":"Centro Comercial"}},{"type":"Feature","geometry":{"type":"Point","coordinates":[-3.61686,37.2147]},"properties":{"id":"1ea401c2","name":"Centro Comercial Kinépolis","category":"Centro Comercial"}},{"type":"Feature","geometry":{"type":"Point","coordinates":[-3.60734,37.16817]},"properties":{"id":"2428e4e7","name":"Centro Comercial Neptuno","category":"Centro Comercial"}},{"type":"Feature","geometry":{"type":"Point","coordinates":[-3.60762,37.17864]},"properties":{"id":"cf0e5a07","name":"Con-sumo Cuidado","category":"Centro Comercial"}},{"type":"Feature","geometry":{"type":"Point","coordinates":[-3.58917,37.1141]},"properties":{"id":"d68b742c","name":"Economato Ecológico","category":"Centro Comercial"}},{"type":"Feature","geometry":{"type":"Point","coordinates":[-3.82116,36.9483]},"properties":{"id":"55d4efa0","name":"Isidro","category":"Centro Comercial"}},{"type":"Feature","geometry":{"type":"Point","coordinates":[-3.58468,37.12946]},"properties":{"id":"a8466fc7","name":"La Zubia Plaza","category":"Centro Comercial"}},{"type":"Feature","geometry":{"type":"Point","coordinates":[-3.61373,37.14644]},"properties":{"id":"cee5bf51","name":"Nevada Shopping","category":"Centro Comercial"}},{"type":"Feature","geometry":{"type":"Point","coordinates":[-3.58358,37.1571]},"properties":{"id":"3b6e1b72","name":"Serrallo Plaza","category":"Centro Comercial"}},{"type":"Feature","geometry":{"type":"Point","coordinates":[-3.60529,37.16514]},"properties":{"id":"1c6dc3e7","name":"360 clinics","category":"Centro de Salud"}},{"type":"Feature","geometry":{"type":"Point","coordinates":[-3.51941,36.74353]},"properties":{"id":"cb38818d","name":"A. Pérez Castilla","category":"Centro de Salud"}},{"type":"Feature","geometry":{"type":"Point","coordinates":[-3.6687,37.13521]},"properties":{"id":"a2d75a8c","name":"Almusalud","category":"Centro de Salud"}},{"type":"Feature","geometry":{"type":"Point","coordinates":[-3.60997,37.17825]},"properties":{"id":"71d22393","name":"Almusalud","category":"Centro de Salud"}},{"type":"Feature","geometry":{"type":"Point","coordinates":[-3.61082,37.17708]},"properties":{"id":"baa1a84a","name":"Almusalud","category":"Centro de Salud"}},{"type":"Feature","geometry":{"type":"Point","coordinates":[-3.61155,37.17926]},"properties":{"id":"6fb270eb","name":"Amédic Ronda","category":"Centro de Salud"}},{"type":"Feature","geometry":{"type":"Point","coordinates":[-3.52047,36.74608]},"properties":{"id":"67fc36f9","name":"Anut","category":"Centro de Salud"}},{"type":"Feature","geometry":{"type":"Point","coordinates":[-3.77644,37.18504]},"properties":{"id":"2a3a2182","name":"Asistencia Médica","category":"Centro de Salud"}},{"type":"Feature","geometry":{"type":"Point","coordinates":[-3.51848,36.74394]},"properties":{"id":"93cc688f","name":"Audio Clínica","category":"Centro de Salud"}},{"type":"Feature","geometry":{"type":"Point","coordinates":[-3.59563,37.1668]},"properties":{"id":"99b1f677","name":"Aurisen","category":"Centro de Salud"}},{"type":"Feature","geometry":{"type":"Point","coordinates":[-3.5199,36.75574]},"properties":{"id":"50b21be8","name":"Biogait","category":"Centro de Salud"}},{"type":"Feature","geometry":{"type":"Point","coordinates":[-3.38778,37.07146]},"properties":{"id":"6d4aa9a1","name":"Botiquín","category":"Centro de Salud"}},{"type":"Feature","geometry":{"type":"Point","coordinates":[-3.61181,37.17947]},"properties":{"id":"02255dc4","name":"C.V.G. Cirugía Vascular Granada","category":"Centro de Salud"}},{"type":"Feature","geometry":{"type":"Point","coordinates":[-3.52085,36.75144]},"properties":{"id":"e1a7ca6d","name":"Cardiosalud","category":"Centro de Salud"}},{"type":"Feature","geometry":{"type":"Point","coordinates":[-3.51928,36.7472]},"properties":{"id":"635d016b","name":"Carlos Aguado Hernández","category":"Centro de Salud"}},{"type":"Feature","geometry":{"type":"Point","coordinates":[-3.5179,36.74628]},"properties":{"id":"230ec59b","name":"Cecilio Molina Correa","category":"Centro de Salud"}},{"type":"Feature","geometry":{"type":"Point","coordinates":[-3.60751,37.17496]},"properties":{"id":"1cc96032","name":"Centro Médico Adeslas Granada","category":"Centro de Salud"}},{"type":"Feature","geometry":{"type":"Point","coordinates":[-3.51834,36.75252]},"properties":{"id":"f4ffda54","name":"Centro Médico Ancha","category":"Centro de Salud"}},{"type":"Feature","geometry":{"type":"Point","coordinates":[-3.60519,37.19048]},"properties":{"id":"dd092a78","name":"Centro Médico Vithas Granada","category":"Centro de Salud"}},{"type":"Feature","geometry":{"type":"Point","coordinates":[-3.64257,37.20844]},"properties":{"id":"a372bcc7","name":"Centro Policlínico La Real","category":"Centro de Salud"}},{"type":"Feature","geometry":{"type":"Point","coordinates":[-3.62873,37.19721]},"properties":{"id":"f8ec912c","name":"Centro de Diagnóstico","category":"Centro de Salud"}},{"type":"Feature","geometry":{"type":"Point","coordinates":[-3.52657,36.74458]},"properties":{"id":"ef5c53ca","name":"Centro de Diagnóstico","category":"Centro de Salud"}},{"type":"Feature","geometry":{"type":"Point","coordinates":[-3.60757,37.17506]},"properties":{"id":"0f1d65a3","name":"Centro de Psicología Aaron Beck","category":"Centro de Salud"}},{"type":"Feature","geometry":{"type":"Point","coordinates":[-3.67261,37.13349]},"properties":{"id":"dd684159","name":"Centro de Reconocimiento Médico \"Las Gabias\"","category":"Centro de Salud"}},{"type":"Feature","geometry":{"type":"Point","coordinates":[-3.59251,37.18162]},"properties":{"id":"003b781f","name":"Centro de Salud Albaycín","category":"Centro de Salud"}},{"type":"Feature","geometry":{"type":"Point","coordinates":[-3.61739,37.19746]},"properties":{"id":"294b2721","name":"Centro de Salud Albayda La Cruz","category":"Centro de Salud"}},{"type":"Feature","geometry":{"type":"Point","coordinates":[-3.65299,37.2269]},"properties":{"id":"a3b6f176","name":"Centro de Salud Albolote","category":"Centro de Salud"}},{"type":"Feature","geometry":{"type":"Point","coordinates":[-3.20849,36.79234]},"properties":{"id":"4e7aad03","name":"Centro de Salud Albuñol","category":"Centro de Salud"}},{"type":"Feature","geometry":{"type":"Point","coordinates":[-3.56136,37.23754]},"properties":{"id":"570659f8","name":"Centro de Salud Alfacar","category":"Centro de Salud"}},{"type":"Feature","geometry":{"type":"Point","coordinates":[-3.98817,37.00538]},"properties":{"id":"f814f6fa","name":"Centro de Salud Alhama de Granada","category":"Centro de Salud"}},{"type":"Feature","geometry":{"type":"Point","coordinates":[-3.60905,37.20818]},"properties":{"id":"4ac1f0cf","name":"Centro de Salud Almanjáyar","category":"Centro de Salud"}},{"type":"Feature","geometry":{"type":"Point","coordinates":[-3.68407,36.73319]},"properties":{"id":"6b54555d","name":"Centro de Salud Almuñécar","category":"Centro de Salud"}},{"type":"Feature","geometry":{"type":"Point","coordinates":[-3.10723,37.18035]},"properties":{"id":"73d792c3","name":"Centro de Salud Alquife","category":"Centro de Salud"}},{"type":"Feature","geometry":{"type":"Point","coordinates":[-3.62384,37.14156]},"properties":{"id":"5cde242e","name":"Centro de Salud Armilla","category":"Centro de Salud"}},{"type":"Feature","geometry":{"type":"Point","coordinates":[-3.69041,37.22117]},"properties":{"id":"43f5278a","name":"Centro de Salud Atarfe","category":"Centro de Salud"}},{"type":"Feature","geometry":{"type":"Point","coordinates":[-2.77893,37.49255]},"properties":{"id":"ae7ff0f2","name":"Centro de Salud Baza","category":"Centro de Salud"}},{"type":"Feature","geometry":{"type":"Point","coordinates":[-2.69773,37.60676]},"properties":{"id":"cd0b37b1","name":"Centro de Salud Benamaurel","category":"Centro de Salud"}},{"type":"Feature","geometry":{"type":"Point","coordinates":[-3.58546,37.16043]},"properties":{"id":"34e2eafb","name":"Centro de Salud Bola de Oro","category":"Centro de Salud"}},{"type":"Feature","geometry":{"type":"Point","coordinates":[-3.58357,37.16576]},"properties":{"id":"d3b9c217","name":"Centro de Salud Carretera de la Sierra","category":"Centro de Salud"}},{"type":"Feature","geometry":{"type":"Point","coordinates":[-3.6088,37.20782]},"properties":{"id":"7e09d3ef","name":"Centro de Salud Cartuja","category":"Centro de Salud"}},{"type":"Feature","geometry":{"type":"Point","coordinates":[-3.36083,36.72388]},"properties":{"id":"79e2a68c","name":"Centro de Salud Castell de Ferro","category":"Centro de Salud"}},{"type":"Feature","geometry":{"type":"Point","coordinates":[-3.53888,37.16047]},"properties":{"id":"555f9729","name":"Centro de Salud Cenes de la Vega","category":"Centro de Salud"}},{"type":"Feature","geometry":{"type":"Point","coordinates":[-3.63995,37.14297]},"properties":{"id":"e0f9b2e2","name":"Centro de Salud Churriana de la Vega","category":"Centro de Salud"}},{"type":"Feature","geometry":{"type":"Point","coordinates":[-3.17965,36.94655]},"properties":{"id":"b05d09d7","name":"Centro de Salud Cádiar","category":"Centro de Salud"}},{"type":"Feature","geometry":{"type":"Point","coordinates":[-3.42116,36.90364]},"properties":{"id":"b982dec4","name":"Centro de Salud Doctor Baldomero Villanueva","category":"Centro de Salud"}},{"type":"Feature","geometry":{"type":"Point","coordinates":[-3.60932,37.18904]},"properties":{"id":"0c44a990","name":"Centro de Salud Doctor Salvador Caballero García","category":"Centro de Salud"}},{"type":"Feature","geometry":{"type":"Point","coordinates":[-3.58678,36.74598]},"properties":{"id":"e89fbaab","name":"Centro de Salud Doctora Carmen Contreras","category":"Centro de Salud"}},{"type":"Feature","geometry":{"type":"Point","coordinates":[-3.60105,37.18139]},"properties":{"id":"79da8f24","name":"Centro de Salud Fortuny-Velutti","category":"Centro de Salud"}},{"type":"Feature","geometry":{"type":"Point","coordinates":[-3.60365,37.16852]},"properties":{"id":"989e1cd2","name":"Centro de Salud Fígares","category":"Centro de Salud"}},{"type":"Feature","geometry":{"type":"Point","coordinates":[-3.60401,37.17872]},"properties":{"id":"43c1befa","name":"Centro de Salud Gran Capitán","category":"Centro de Salud"}},{"type":"Feature","geometry":{"type":"Point","coordinates":[-2.54523,37.80627]},"properties":{"id":"35f55461","name":"Centro de Salud Huéscar","category":"Centro de Salud"}},{"type":"Feature","geometry":{"type":"Point","coordinates":[-4.04873,37.19507]},"properties":{"id":"1bd48121","name":"Centro de Salud Huétor Tájar","category":"Centro de Salud"}},{"type":"Feature","geometry":{"type":"Point","coordinates":[-3.56872,37.14796]},"properties":{"id":"a22ecfd2","name":"Centro de Salud Huétor Vega","category":"Centro de Salud"}},{"type":"Feature","geometry":{"type":"Point","coordinates":[-3.5219,37.39052]},"properties":{"id":"f5476fa6","name":"Centro de Salud Iznalloz","category":"Centro de Salud"}},{"type":"Feature","geometry":{"type":"Point","coordinates":[-3.61226,37.1873]},"properties":{"id":"2356639d","name":"Centro de Salud La Caleta","category":"Centro de Salud"}},{"type":"Feature","geometry":{"type":"Point","coordinates":[-3.6278,37.19238]},"properties":{"id":"a4dfccad","name":"Centro de Salud La Chana","category":"Centro de Salud"}},{"type":"Feature","geometry":{"type":"Point","coordinates":[-3.74197,36.73442]},"properties":{"id":"d32723ea","name":"Centro de Salud La Herradura","category":"Centro de Salud"}},{"type":"Feature","geometry":{"type":"Point","coordinates":[-3.58166,37.11493]},"properties":{"id":"55394e8a","name":"Centro de Salud La Zubia","category":"Centro de Salud"}},{"type":"Feature","geometry":{"type":"Point","coordinates":[-3.60491,37.16797]},"properties":{"id":"6bc4a78d","name":"Centro de Salud Las Flores","category":"Centro de Salud"}},{"type":"Feature","geometry":{"type":"Point","coordinates":[-3.66709,37.1338]},"properties":{"id":"8814378c","name":"Centro de Salud Las Gabias","category":"Centro de Salud"}},{"type":"Feature","geometry":{"type":"Point","coordinates":[-4.154,37.17088]},"properties":{"id":"e0c89229","name":"Centro de Salud Loja","category":"Centro de Salud"}},{"type":"Feature","geometry":{"type":"Point","coordinates":[-3.64384,37.20887]},"properties":{"id":"4196caf6","name":"Centro de Salud Maracena","category":"Centro de Salud"}},{"type":"Feature","geometry":{"type":"Point","coordinates":[-4.00544,37.32542]},"properties":{"id":"c74b1c3b","name":"Centro de Salud Montefrío","category":"Centro de Salud"}},{"type":"Feature","geometry":{"type":"Point","coordinates":[-3.52326,36.74451]},"properties":{"id":"09ec1354","name":"Centro de Salud Motril Centro","category":"Centro de Salud"}},{"type":"Feature","geometry":{"type":"Point","coordinates":[-3.51428,36.74625]},"properties":{"id":"311f1d7f","name":"Centro de Salud Motril-Este","category":"Centro de Salud"}},{"type":"Feature","geometry":{"type":"Point","coordinates":[-3.60808,37.11662]},"properties":{"id":"75a57a9e","name":"Centro de Salud Ogíjares","category":"Centro de Salud"}},{"type":"Feature","geometry":{"type":"Point","coordinates":[-3.23165,37.49851]},"properties":{"id":"82653352","name":"Centro de Salud Pedro Martínez","category":"Centro de Salud"}},{"type":"Feature","geometry":{"type":"Point","coordinates":[-3.62565,37.23035]},"properties":{"id":"e3c4fece","name":"Centro de Salud Peligros","category":"Centro de Salud"}},{"type":"Feature","geometry":{"type":"Point","coordinates":[-3.74957,37.2499]},"properties":{"id":"d4f1595e","name":"Centro de Salud Pinos Puente","category":"Centro de Salud"}},{"type":"Feature","geometry":{"type":"Point","coordinates":[-3.59483,37.16637]},"properties":{"id":"1e17910a","name":"Centro de Salud Poeta Manuel de Góngora","category":"Centro de Salud"}},{"type":"Feature","geometry":{"type":"Point","coordinates":[-3.60859,37.22161]},"properties":{"id":"bc808d86","name":"Centro de Salud Pulianas","category":"Centro de Salud"}},{"type":"Feature","geometry":{"type":"Point","coordinates":[-3.18928,37.31525]},"properties":{"id":"7787773c","name":"Centro de Salud Purullena","category":"Centro de Salud"}},{"type":"Feature","geometry":{"type":"Point","coordinates":[-3.59087,37.1732]},"properties":{"id":"e37c7b5f","name":"Centro de Salud Realejo","category":"Centro de Salud"}},{"type":"Feature","geometry":{"type":"Point","coordinates":[-3.51838,36.75577]},"properties":{"id":"98e1aa90","name":"Centro de Salud San Antonio","category":"Centro de Salud"}},{"type":"Feature","geometry":{"type":"Point","coordinates":[-3.72056,37.18557]},"properties":{"id":"ce495093","name":"Centro de Salud Santa Fe","category":"Centro de Salud"}},{"type":"Feature","geometry":{"type":"Point","coordinates":[-3.05541,36.96476]},"properties":{"id":"0cbb13ac","name":"Centro de Salud Ugíjar","category":"Centro de Salud"}},{"type":"Feature","geometry":{"type":"Point","coordinates":[-3.63568,37.09123]},"properties":{"id":"bb13fe78","name":"Centro de Salud Villa de Otura","category":"Centro de Salud"}},{"type":"Feature","geometry":{"type":"Point","coordinates":[-3.60006,37.16095]},"properties":{"id":"b46ef5b0","name":"Centro de Salud Zaidín Centro-Este","category":"Centro de Salud"}},{"type":"Feature","geometry":{"type":"Point","coordinates":[-3.59899,37.15373]},"properties":{"id":"6b01f733","name":"Centro de Salud Zaidín Sur","category":"Centro de Salud"}},{"type":"Feature","geometry":{"type":"Point","coordinates":[-3.56682,36.99247]},"properties":{"id":"b38ffa4a","name":"Centro de Salud de Dúrcal","category":"Centro de Salud"}},{"type":"Feature","geometry":{"type":"Point","coordinates":[-3.87445,37.28799]},"properties":{"id":"af76984f","name":"Centro de Salud Íllora","category":"Centro de Salud"}},{"type":"Feature","geometry":{"type":"Point","coordinates":[-3.60689,37.16431]},"properties":{"id":"e0cd29f5","name":"Centro laparoscopico","category":"Centro de Salud"}},{"type":"Feature","geometry":{"type":"Point","coordinates":[-3.52434,36.74383]},"properties":{"id":"577f4d03","name":"Centro médico Naturalia","category":"Centro de Salud"}},{"type":"Feature","geometry":{"type":"Point","coordinates":[-3.60616,37.18685]},"properties":{"id":"2e5d3efa","name":"Clinica Noguerol","category":"Centro de Salud"}},{"type":"Feature","geometry":{"type":"Point","coordinates":[-3.52391,36.74425]},"properties":{"id":"e2949559","name":"Clinica Radiológica Motril","category":"Centro de Salud"}},{"type":"Feature","geometry":{"type":"Point","coordinates":[-3.66827,37.13497]},"properties":{"id":"4e63434b","name":"Clinica dental Déntalos. Dr. España López","category":"Centro de Salud"}},{"type":"Feature","geometry":{"type":"Point","coordinates":[-3.58328,36.74572]},"properties":{"id":"2a527852","name":"Clínica Abanza","category":"Centro de Salud"}},{"type":"Feature","geometry":{"type":"Point","coordinates":[-85.95424,11.93248]},"properties":{"id":"57bf288b","name":"Clínica Alabama-Granada","category":"Centro de Salud"}},{"type":"Feature","geometry":{"type":"Point","coordinates":[-3.62235,37.13895]},"properties":{"id":"7b66dd71","name":"Clínica Azahares","category":"Centro de Salud"}},{"type":"Feature","geometry":{"type":"Point","coordinates":[-3.51764,36.74657]},"properties":{"id":"e31fedc5","name":"Clínica Baviera","category":"Centro de Salud"}},{"type":"Feature","geometry":{"type":"Point","coordinates":[-85.95105,11.93399]},"properties":{"id":"52a7417d","name":"Clínica De Atención Integral a La Mujer Vida Plena","category":"Centro de Salud"}},{"type":"Feature","geometry":{"type":"Point","coordinates":[-85.9552,11.92307]},"properties":{"id":"ebc86ac1","name":"Clínica Dental Dra. Fariña","category":"Centro de Salud"}},{"type":"Feature","geometry":{"type":"Point","coordinates":[-3.60212,37.18533]},"properties":{"id":"9e99879b","name":"Clínica Dental Orus","category":"Centro de Salud"}},{"type":"Feature","geometry":{"type":"Point","coordinates":[-3.58497,36.74389]},"properties":{"id":"a1927a63","name":"Clínica Doctor Cano","category":"Centro de Salud"}},{"type":"Feature","geometry":{"type":"Point","coordinates":[-3.61032,37.17721]},"properties":{"id":"80b71e47","name":"Clínica Doctor Conde","category":"Centro de Salud"}},{"type":"Feature","geometry":{"type":"Point","coordinates":[-3.60234,37.14953]},"properties":{"id":"189ce9cf","name":"Clínica Doctora Ana Maldonado","category":"Centro de Salud"}},{"type":"Feature","geometry":{"type":"Point","coordinates":[-3.60789,37.19635]},"properties":{"id":"e09c6d29","name":"Clínica Granada Norte","category":"Centro de Salud"}},{"type":"Feature","geometry":{"type":"Point","coordinates":[-3.61243,37.17922]},"properties":{"id":"a40622e5","name":"Clínica Leire Arteche Urrestarazu","category":"Centro de Salud"}},{"type":"Feature","geometry":{"type":"Point","coordinates":[-3.51542,36.74439]},"properties":{"id":"e20e399b","name":"Clínica Motril","category":"Centro de Salud"}},{"type":"Feature","geometry":{"type":"Point","coordinates":[-3.60007,37.15902]},"properties":{"id":"d7ced056","name":"Clínica Médica San Carlos","category":"Centro de Salud"}},{"type":"Feature","geometry":{"type":"Point","coordinates":[-3.61351,37.17967]},"properties":{"id":"4351e90f","name":"Clínica Nikki Reina","category":"Centro de Salud"}},{"type":"Feature","geometry":{"type":"Point","coordinates":[-3.60698,37.17158]},"properties":{"id":"b9f974ff","name":"Clínica Pedrosa","category":"Centro de Salud"}},{"type":"Feature","geometry":{"type":"Point","coordinates":[-4.0466,37.19564]},"properties":{"id":"0f6b4e56","name":"Clínica Podológica Ana Silva-José Anguita","category":"Centro de Salud"}},{"type":"Feature","geometry":{"type":"Point","coordinates":[-3.60781,37.18752]},"properties":{"id":"69810953","name":"Clínica Previmed","category":"Centro de Salud"}},{"type":"Feature","geometry":{"type":"Point","coordinates":[-4.04886,37.19918]},"properties":{"id":"1d9c47ce","name":"Clínica Saluvi","category":"Centro de Salud"}},{"type":"Feature","geometry":{"type":"Point","coordinates":[-85.95536,11.93295]},"properties":{"id":"3d072e8e","name":"Clínica San Pablo","category":"Centro de Salud"}},{"type":"Feature","geometry":{"type":"Point","coordinates":[-3.51498,36.74419]},"properties":{"id":"c713cd3a","name":"Clínica Syntagma","category":"Centro de Salud"}},{"type":"Feature","geometry":{"type":"Point","coordinates":[-85.9566,11.93144]},"properties":{"id":"06df03f2","name":"Clínica Sí Dental - Granada, Nicaragua","category":"Centro de Salud"}},{"type":"Feature","geometry":{"type":"Point","coordinates":[-85.96301,11.92833]},"properties":{"id":"df90a82b","name":"Clínica Xalteva","category":"Centro de Salud"}},{"type":"Feature","geometry":{"type":"Point","coordinates":[-3.60507,37.16534]},"properties":{"id":"cff70a70","name":"Clínica aguamarina","category":"Centro de Salud"}},{"type":"Feature","geometry":{"type":"Point","coordinates":[-85.95643,11.93605]},"properties":{"id":"c468d2cf","name":"Clínica de Especialidades Unión Médica","category":"Centro de Salud"}},{"type":"Feature","geometry":{"type":"Point","coordinates":[-3.60812,37.18472]},"properties":{"id":"74e76d86","name":"Clínica del Sueño","category":"Centro de Salud"}},{"type":"Feature","geometry":{"type":"Point","coordinates":[-3.51767,36.74499]},"properties":{"id":"da0f8970","name":"Clínicas Be","category":"Centro de Salud"}},{"type":"Feature","geometry":{"type":"Point","coordinates":[-3.60201,37.14962]},"properties":{"id":"69ec6617","name":"Clínicas Doctor Olóriz","category":"Centro de Salud"}},{"type":"Feature","geometry":{"type":"Point","coordinates":[-3.51875,36.74625]},"properties":{"id":"3b9aa3fd","name":"Consulta María Esteva","category":"Centro de Salud"}},{"type":"Feature","geometry":{"type":"Point","coordinates":[-3.24335,37.58182]},"properties":{"id":"1a7234c7","name":"Consultorio Alamedilla","category":"Centro de Salud"}},{"type":"Feature","geometry":{"type":"Point","coordinates":[-3.21272,36.8266]},"properties":{"id":"fccb82bd","name":"Consultorio Albondón","category":"Centro de Salud"}},{"type":"Feature","geometry":{"type":"Point","coordinates":[-3.62788,36.92879]},"properties":{"id":"19da2e61","name":"Consultorio Albuñuelas","category":"Centro de Salud"}},{"type":"Feature","geometry":{"type":"Point","coordinates":[-3.09895,37.25842]},"properties":{"id":"9c76276f","name":"Consultorio Alcudia","category":"Centro de Salud"}},{"type":"Feature","geometry":{"type":"Point","coordinates":[-3.07328,37.16148]},"properties":{"id":"bfa16095","name":"Consultorio Aldeire","category":"Centro de Salud"}},{"type":"Feature","geometry":{"type":"Point","coordinates":[-4.15576,37.32616]},"properties":{"id":"b5bce037","name":"Consultorio Algarinejo","category":"Centro de Salud"}},{"type":"Feature","geometry":{"type":"Point","coordinates":[-3.64429,37.10814]},"properties":{"id":"acfcf9f8","name":"Consultorio Alhendín","category":"Centro de Salud"}},{"type":"Feature","geometry":{"type":"Point","coordinates":[-3.13746,37.60801]},"properties":{"id":"6df54c84","name":"Consultorio Alicún de Ortega","category":"Centro de Salud"}},{"type":"Feature","geometry":{"type":"Point","coordinates":[-3.30001,36.90193]},"properties":{"id":"3e310ffb","name":"Consultorio Almegíjar","category":"Centro de Salud"}},{"type":"Feature","geometry":{"type":"Point","coordinates":[-3.91633,37.26093]},"properties":{"id":"31235d66","name":"Consultorio Alomartes","category":"Centro de Salud"}},{"type":"Feature","geometry":{"type":"Point","coordinates":[-3.66194,37.165]},"properties":{"id":"93c49e56","name":"Consultorio Ambroz","category":"Centro de Salud"}},{"type":"Feature","geometry":{"type":"Point","coordinates":[-3.89475,36.95771]},"properties":{"id":"4d61d68b","name":"Consultorio Arenas del Rey","category":"Centro de Salud"}},{"type":"Feature","geometry":{"type":"Point","coordinates":[-3.512,36.89463]},"properties":{"id":"cde71377","name":"Consultorio Auxiliar Acebuches","category":"Centro de Salud"}},{"type":"Feature","geometry":{"type":"Point","coordinates":[-3.53786,36.9668]},"properties":{"id":"16a59159","name":"Consultorio Auxiliar Acequias","category":"Centro de Salud"}},{"type":"Feature","geometry":{"type":"Point","coordinates":[-3.83003,37.0307]},"properties":{"id":"0f67791b","name":"Consultorio Auxiliar Agrón","category":"Centro de Salud"}},{"type":"Feature","geometry":{"type":"Point","coordinates":[-3.13679,37.23104]},"properties":{"id":"20ca0762","name":"Consultorio Auxiliar Albuñán","category":"Centro de Salud"}},{"type":"Feature","geometry":{"type":"Point","coordinates":[-3.33954,36.84954]},"properties":{"id":"0f475206","name":"Consultorio Auxiliar Alcázar","category":"Centro de Salud"}},{"type":"Feature","geometry":{"type":"Point","coordinates":[-3.27747,36.8181]},"properties":{"id":"a29839e7","name":"Consultorio Auxiliar Alfornón","category":"Centro de Salud"}},{"type":"Feature","geometry":{"type":"Point","coordinates":[-2.33652,37.97976]},"properties":{"id":"fcd8639c","name":"Consultorio Auxiliar Almaciles","category":"Centro de Salud"}},{"type":"Feature","geometry":{"type":"Point","coordinates":[-2.75636,37.76749]},"properties":{"id":"26e4ed77","name":"Consultorio Auxiliar Almontaras","category":"Centro de Salud"}},{"type":"Feature","geometry":{"type":"Point","coordinates":[-2.93014,37.42808]},"properties":{"id":"c3418a6b","name":"Consultorio Auxiliar Baúl","category":"Centro de Salud"}},{"type":"Feature","geometry":{"type":"Point","coordinates":[-3.2047,37.27974]},"properties":{"id":"fc97a2de","name":"Consultorio Auxiliar Beas de Guadix","category":"Centro de Salud"}},{"type":"Feature","geometry":{"type":"Point","coordinates":[-3.21233,37.37144]},"properties":{"id":"59961db0","name":"Consultorio Auxiliar Belerda","category":"Centro de Salud"}},{"type":"Feature","geometry":{"type":"Point","coordinates":[-3.37264,37.40964]},"properties":{"id":"0f107d5f","name":"Consultorio Auxiliar Bogarre","category":"Centro de Salud"}},{"type":"Feature","geometry":{"type":"Point","coordinates":[-3.94477,37.22858]},"properties":{"id":"05bd1739","name":"Consultorio Auxiliar Brácana","category":"Centro de Salud"}},{"type":"Feature","geometry":{"type":"Point","coordinates":[-3.98807,37.10605]},"properties":{"id":"334a7a75","name":"Consultorio Auxiliar Buenavista","category":"Centro de Salud"}},{"type":"Feature","geometry":{"type":"Point","coordinates":[-2.9539,37.53223]},"properties":{"id":"5692640c","name":"Consultorio Auxiliar Bácor-Olivar","category":"Centro de Salud"}},{"type":"Feature","geometry":{"type":"Point","coordinates":[-3.54079,36.92723]},"properties":{"id":"1a8c0546","name":"Consultorio Auxiliar Béznar","category":"Centro de Salud"}},{"type":"Feature","geometry":{"type":"Point","coordinates":[-3.6005,36.74642]},"properties":{"id":"46c48027","name":"Consultorio Auxiliar Caleta-La Guardia","category":"Centro de Salud"}},{"type":"Feature","geometry":{"type":"Point","coordinates":[-3.35859,36.96151]},"properties":{"id":"0f54b4e2","name":"Consultorio Auxiliar Capileira","category":"Centro de Salud"}},{"type":"Feature","geometry":{"type":"Point","coordinates":[-3.40997,36.92229]},"properties":{"id":"83f28be8","name":"Consultorio Auxiliar Carataunas","category":"Centro de Salud"}},{"type":"Feature","geometry":{"type":"Point","coordinates":[-3.87595,37.11582]},"properties":{"id":"0e359b9a","name":"Consultorio Auxiliar Castillo de Tajarja","category":"Centro de Salud"}},{"type":"Feature","geometry":{"type":"Point","coordinates":[-3.73341,37.40818]},"properties":{"id":"3566f199","name":"Consultorio Auxiliar Cauro","category":"Centro de Salud"}},{"type":"Feature","geometry":{"type":"Point","coordinates":[-3.00392,37.40982]},"properties":{"id":"5cddf52d","name":"Consultorio Auxiliar Cenascuras","category":"Centro de Salud"}},{"type":"Feature","geometry":{"type":"Point","coordinates":[-3.55506,36.93954]},"properties":{"id":"8bbc4f21","name":"Consultorio Auxiliar Chite","category":"Centro de Salud"}},{"type":"Feature","geometry":{"type":"Point","coordinates":[-3.09765,36.90749]},"properties":{"id":"be41be68","name":"Consultorio Auxiliar Cojáyar","category":"Centro de Salud"}},{"type":"Feature","geometry":{"type":"Point","coordinates":[-3.21517,37.31028]},"properties":{"id":"e3b25d4e","name":"Consultorio Auxiliar Cortes","category":"Centro de Salud"}},{"type":"Feature","geometry":{"type":"Point","coordinates":[-4.27743,37.13685]},"properties":{"id":"f106905b","name":"Consultorio Auxiliar Cuesta de la Palma","category":"Centro de Salud"}},{"type":"Feature","geometry":{"type":"Point","coordinates":[-3.58944,36.96699]},"properties":{"id":"63be8102","name":"Consultorio Auxiliar Cónchar","category":"Centro de Salud"}},{"type":"Feature","geometry":{"type":"Point","coordinates":[-3.48314,37.18629]},"properties":{"id":"b6e19936","name":"Consultorio Auxiliar Dúdar","category":"Centro de Salud"}},{"type":"Feature","geometry":{"type":"Point","coordinates":[-4.12663,36.98562]},"properties":{"id":"e3e8bca5","name":"Consultorio Auxiliar El Almendral","category":"Centro de Salud"}},{"type":"Feature","geometry":{"type":"Point","coordinates":[-3.18012,37.33866]},"properties":{"id":"5400ce31","name":"Consultorio Auxiliar El Bejarín","category":"Centro de Salud"}},{"type":"Feature","geometry":{"type":"Point","coordinates":[-2.56593,37.64187]},"properties":{"id":"22dcdaa5","name":"Consultorio Auxiliar El Margen","category":"Centro de Salud"}},{"type":"Feature","geometry":{"type":"Point","coordinates":[-3.15339,36.74875]},"properties":{"id":"7fc6f25a","name":"Consultorio Auxiliar El Pozuelo","category":"Centro de Salud"}},{"type":"Feature","geometry":{"type":"Point","coordinates":[-3.94117,37.1334]},"properties":{"id":"f90eaae7","name":"Consultorio Auxiliar El Turro","category":"Centro de Salud"}},{"type":"Feature","geometry":{"type":"Point","coordinates":[-3.10475,37.26682]},"properties":{"id":"66a1d68d","name":"Consultorio Auxiliar Esfiliana","category":"Centro de Salud"}},{"type":"Feature","geometry":{"type":"Point","coordinates":[-3.03566,37.17321]},"properties":{"id":"f7092085","name":"Consultorio Auxiliar Ferreira","category":"Centro de Salud"}},{"type":"Feature","geometry":{"type":"Point","coordinates":[-3.31382,36.92919]},"properties":{"id":"1304ba6a","name":"Consultorio Auxiliar Ferreirola","category":"Centro de Salud"}},{"type":"Feature","geometry":{"type":"Point","coordinates":[-3.90371,37.17989]},"properties":{"id":"b9034a6a","name":"Consultorio Auxiliar Fuensanta","category":"Centro de Salud"}},{"type":"Feature","geometry":{"type":"Point","coordinates":[-4.25473,37.09835]},"properties":{"id":"2bd7f05e","name":"Consultorio Auxiliar Fuente Camacho","category":"Centro de Salud"}},{"type":"Feature","geometry":{"type":"Point","coordinates":[-2.73276,37.81929]},"properties":{"id":"5f1ec1f8","name":"Consultorio Auxiliar Fátima","category":"Centro de Salud"}},{"type":"Feature","geometry":{"type":"Point","coordinates":[-3.65328,37.12445]},"properties":{"id":"26bd6b30","name":"Consultorio Auxiliar Gabia Chica","category":"Centro de Salud"}},{"type":"Feature","geometry":{"type":"Point","coordinates":[-3.32038,37.47737]},"properties":{"id":"05f1fd9f","name":"Consultorio Auxiliar Gobernador","category":"Centro de Salud"}},{"type":"Feature","geometry":{"type":"Point","coordinates":[-3.21883,37.30348]},"properties":{"id":"36b5d0e5","name":"Consultorio Auxiliar Graena","category":"Centro de Salud"}},{"type":"Feature","geometry":{"type":"Point","coordinates":[-3.58435,36.84174]},"properties":{"id":"a06a619d","name":"Consultorio Auxiliar Guájar Faragüit","category":"Centro de Salud"}},{"type":"Feature","geometry":{"type":"Point","coordinates":[-3.5792,36.83542]},"properties":{"id":"5ba40adb","name":"Consultorio Auxiliar Guájar Fondón","category":"Centro de Salud"}},{"type":"Feature","geometry":{"type":"Point","coordinates":[-3.06418,37.37177]},"properties":{"id":"77e80971","name":"Consultorio Auxiliar Hernán Valle","category":"Centro de Salud"}},{"type":"Feature","geometry":{"type":"Point","coordinates":[-3.10854,36.92749]},"properties":{"id":"3479cd15","name":"Consultorio Auxiliar Jorairátar","category":"Centro de Salud"}},{"type":"Feature","geometry":{"type":"Point","coordinates":[-3.22557,36.94817]},"properties":{"id":"1143bfd1","name":"Consultorio Auxiliar Juviles","category":"Centro de Salud"}},{"type":"Feature","geometry":{"type":"Point","coordinates":[-3.91223,36.93524]},"properties":{"id":"d0619758","name":"Consultorio Auxiliar Játar","category":"Centro de Salud"}},{"type":"Feature","geometry":{"type":"Point","coordinates":[-2.54473,37.71371]},"properties":{"id":"7a2db1ee","name":"Consultorio Auxiliar La Alquería","category":"Centro de Salud"}},{"type":"Feature","geometry":{"type":"Point","coordinates":[-2.93321,37.634]},"properties":{"id":"5b202b17","name":"Consultorio Auxiliar La Colonia","category":"Centro de Salud"}},{"type":"Feature","geometry":{"type":"Point","coordinates":[-4.06989,37.21501]},"properties":{"id":"01e099ed","name":"Consultorio Auxiliar La Fábrica","category":"Centro de Salud"}},{"type":"Feature","geometry":{"type":"Point","coordinates":[-2.89593,37.19092]},"properties":{"id":"178b5b99","name":"Consultorio Auxiliar La Huertezuela","category":"Centro de Salud"}},{"type":"Feature","geometry":{"type":"Point","coordinates":[-2.81088,37.67429]},"properties":{"id":"00975fc6","name":"Consultorio Auxiliar La Teja","category":"Centro de Salud"}},{"type":"Feature","geometry":{"type":"Point","coordinates":[-4.14879,37.28456]},"properties":{"id":"157c5662","name":"Consultorio Auxiliar La Viña","category":"Centro de Salud"}},{"type":"Feature","geometry":{"type":"Point","coordinates":[-3.29118,37.45297]},"properties":{"id":"9f86ef80","name":"Consultorio Auxiliar Laborcillas","category":"Centro de Salud"}},{"type":"Feature","geometry":{"type":"Point","coordinates":[-2.78481,37.62608]},"properties":{"id":"a2715e27","name":"Consultorio Auxiliar Las Cucharetas","category":"Centro de Salud"}},{"type":"Feature","geometry":{"type":"Point","coordinates":[-2.90216,37.33303]},"properties":{"id":"ae62df9e","name":"Consultorio Auxiliar Las Juntas","category":"Centro de Salud"}},{"type":"Feature","geometry":{"type":"Point","coordinates":[-2.39544,37.59515]},"properties":{"id":"1caf6042","name":"Consultorio Auxiliar Las Vertientes","category":"Centro de Salud"}},{"type":"Feature","geometry":{"type":"Point","coordinates":[-3.01085,37.40242]},"properties":{"id":"d94f2f01","name":"Consultorio Auxiliar Las Viñas","category":"Centro de Salud"}},{"type":"Feature","geometry":{"type":"Point","coordinates":[-3.782,37.38274]},"properties":{"id":"6e7fffd9","name":"Consultorio Auxiliar Limones","category":"Centro de Salud"}},{"type":"Feature","geometry":{"type":"Point","coordinates":[-3.21298,36.92992]},"properties":{"id":"90c08606","name":"Consultorio Auxiliar Lobras","category":"Centro de Salud"}},{"type":"Feature","geometry":{"type":"Point","coordinates":[-3.24058,37.3215]},"properties":{"id":"7f1b8692","name":"Consultorio Auxiliar Lopera","category":"Centro de Salud"}},{"type":"Feature","geometry":{"type":"Point","coordinates":[-3.95705,37.18626]},"properties":{"id":"3d1ce843","name":"Consultorio Auxiliar Loreto","category":"Centro de Salud"}},{"type":"Feature","geometry":{"type":"Point","coordinates":[-3.37498,36.7634]},"properties":{"id":"6a12e165","name":"Consultorio Auxiliar Los Carlos","category":"Centro de Salud"}},{"type":"Feature","geometry":{"type":"Point","coordinates":[-2.67044,37.68189]},"properties":{"id":"7819445b","name":"Consultorio Auxiliar Los Carriones","category":"Centro de Salud"}},{"type":"Feature","geometry":{"type":"Point","coordinates":[-2.79523,37.70381]},"properties":{"id":"3a4758bd","name":"Consultorio Auxiliar Los Laneros","category":"Centro de Salud"}},{"type":"Feature","geometry":{"type":"Point","coordinates":[-2.65639,37.70395]},"properties":{"id":"41402641","name":"Consultorio Auxiliar Los Olivos","category":"Centro de Salud"}},{"type":"Feature","geometry":{"type":"Point","coordinates":[-3.39913,36.88378]},"properties":{"id":"5008e3fe","name":"Consultorio Auxiliar Los Tablones","category":"Centro de Salud"}},{"type":"Feature","geometry":{"type":"Point","coordinates":[-3.33093,37.34772]},"properties":{"id":"ab8b7a8a","name":"Consultorio Auxiliar Los Villares","category":"Centro de Salud"}},{"type":"Feature","geometry":{"type":"Point","coordinates":[-3.40311,36.78723]},"properties":{"id":"6e859e14","name":"Consultorio Auxiliar Lújar","category":"Centro de Salud"}},{"type":"Feature","geometry":{"type":"Point","coordinates":[-3.04311,37.00322]},"properties":{"id":"170b38ac","name":"Consultorio Auxiliar Mairena","category":"Centro de Salud"}},{"type":"Feature","geometry":{"type":"Point","coordinates":[-3.20241,37.29645]},"properties":{"id":"42632180","name":"Consultorio Auxiliar Marchal","category":"Centro de Salud"}},{"type":"Feature","geometry":{"type":"Point","coordinates":[-3.06845,36.99722]},"properties":{"id":"ddc19b6f","name":"Consultorio Auxiliar Mecina Alfahar","category":"Centro de Salud"}},{"type":"Feature","geometry":{"type":"Point","coordinates":[-3.32345,36.92841]},"properties":{"id":"513bf8c0","name":"Consultorio Auxiliar Mecina Fondales","category":"Centro de Salud"}},{"type":"Feature","geometry":{"type":"Point","coordinates":[-3.57103,36.93534]},"properties":{"id":"aa188612","name":"Consultorio Auxiliar Melegís","category":"Centro de Salud"}},{"type":"Feature","geometry":{"type":"Point","coordinates":[-3.23759,36.75323]},"properties":{"id":"501f11b7","name":"Consultorio Auxiliar Melicena","category":"Centro de Salud"}},{"type":"Feature","geometry":{"type":"Point","coordinates":[-3.55665,36.9483]},"properties":{"id":"7f1a8c0a","name":"Consultorio Auxiliar Murchas","category":"Centro de Salud"}},{"type":"Feature","geometry":{"type":"Point","coordinates":[-3.10794,36.88749]},"properties":{"id":"75572255","name":"Consultorio Auxiliar Murtas","category":"Centro de Salud"}},{"type":"Feature","geometry":{"type":"Point","coordinates":[-3.07148,37.003]},"properties":{"id":"ac0edfa0","name":"Consultorio Auxiliar Nechite","category":"Centro de Salud"}},{"type":"Feature","geometry":{"type":"Point","coordinates":[-3.23056,36.9335]},"properties":{"id":"32add481","name":"Consultorio Auxiliar Nieles","category":"Centro de Salud"}},{"type":"Feature","geometry":{"type":"Point","coordinates":[-3.27692,36.91538]},"properties":{"id":"6764122f","name":"Consultorio Auxiliar Notáez","category":"Centro de Salud"}},{"type":"Feature","geometry":{"type":"Point","coordinates":[-3.85589,37.25063]},"properties":{"id":"024ba6d8","name":"Consultorio Auxiliar Obéilar","category":"Centro de Salud"}},{"type":"Feature","geometry":{"type":"Point","coordinates":[-3.67944,36.81401]},"properties":{"id":"7848f33a","name":"Consultorio Auxiliar Otívar","category":"Centro de Salud"}},{"type":"Feature","geometry":{"type":"Point","coordinates":[-3.36127,36.94034]},"properties":{"id":"6fee0c4d","name":"Consultorio Auxiliar Pampaneira","category":"Centro de Salud"}},{"type":"Feature","geometry":{"type":"Point","coordinates":[-3.16895,37.29364]},"properties":{"id":"5defa092","name":"Consultorio Auxiliar Paulenca","category":"Centro de Salud"}},{"type":"Feature","geometry":{"type":"Point","coordinates":[-3.75197,37.21505]},"properties":{"id":"1c9eecc3","name":"Consultorio Auxiliar Pedro Ruiz","category":"Centro de Salud"}},{"type":"Feature","geometry":{"type":"Point","coordinates":[-3.00605,37.00029]},"properties":{"id":"31cea841","name":"Consultorio Auxiliar Picena","category":"Centro de Salud"}},{"type":"Feature","geometry":{"type":"Point","coordinates":[-3.29718,36.79555]},"properties":{"id":"866fdef2","name":"Consultorio Auxiliar Polopos","category":"Centro de Salud"}},{"type":"Feature","geometry":{"type":"Point","coordinates":[-3.23321,37.25744]},"properties":{"id":"93afd08d","name":"Consultorio Auxiliar Polícar","category":"Centro de Salud"}},{"type":"Feature","geometry":{"type":"Point","coordinates":[-3.47907,36.72754]},"properties":{"id":"4a78e05c","name":"Consultorio Auxiliar Puntalón","category":"Centro de Salud"}},{"type":"Feature","geometry":{"type":"Point","coordinates":[-3.31039,36.94238]},"properties":{"id":"0ceb3d37","name":"Consultorio Auxiliar Pórtugos","category":"Centro de Salud"}},{"type":"Feature","geometry":{"type":"Point","coordinates":[-3.79453,37.20126]},"properties":{"id":"db24e6a5","name":"Consultorio Auxiliar Romilla","category":"Centro de Salud"}},{"type":"Feature","geometry":{"type":"Point","coordinates":[-3.80439,37.16436]},"properties":{"id":"7233ed90","name":"Consultorio Auxiliar Romilla la Nueva","category":"Centro de Salud"}},{"type":"Feature","geometry":{"type":"Point","coordinates":[-3.59348,36.92965]},"properties":{"id":"d1dd116e","name":"Consultorio Auxiliar Saleres","category":"Centro de Salud"}},{"type":"Feature","geometry":{"type":"Point","coordinates":[-3.7228,37.22911]},"properties":{"id":"7f01c799","name":"Consultorio Auxiliar Sierra Elvira","category":"Centro de Salud"}},{"type":"Feature","geometry":{"type":"Point","coordinates":[-3.36307,37.34465]},"properties":{"id":"ad0d0470","name":"Consultorio Auxiliar Sillar Baja","category":"Centro de Salud"}},{"type":"Feature","geometry":{"type":"Point","coordinates":[-3.40354,36.92792]},"properties":{"id":"c8fb7a14","name":"Consultorio Auxiliar Soportújar","category":"Centro de Salud"}},{"type":"Feature","geometry":{"type":"Point","coordinates":[-3.37161,37.2408]},"properties":{"id":"89095319","name":"Consultorio Auxiliar Tocón","category":"Centro de Salud"}},{"type":"Feature","geometry":{"type":"Point","coordinates":[-3.68989,36.75969]},"properties":{"id":"c3992d47","name":"Consultorio Auxiliar Torrecuevas","category":"Centro de Salud"}},{"type":"Feature","geometry":{"type":"Point","coordinates":[-3.87272,37.19824]},"properties":{"id":"9e92d175","name":"Consultorio Auxiliar Trasmulas","category":"Centro de Salud"}},{"type":"Feature","geometry":{"type":"Point","coordinates":[-3.79236,37.45688]},"properties":{"id":"75191601","name":"Consultorio Auxiliar Trujillos","category":"Centro de Salud"}},{"type":"Feature","geometry":{"type":"Point","coordinates":[-3.21093,36.94427]},"properties":{"id":"25e126ec","name":"Consultorio Auxiliar Tímar","category":"Centro de Salud"}},{"type":"Feature","geometry":{"type":"Point","coordinates":[-3.77732,37.36932]},"properties":{"id":"4042a3ba","name":"Consultorio Auxiliar Tózar","category":"Centro de Salud"}},{"type":"Feature","geometry":{"type":"Point","coordinates":[-3.98491,37.08087]},"properties":{"id":"bef0692f","name":"Consultorio Auxiliar Valenzuela","category":"Centro de Salud"}},{"type":"Feature","geometry":{"type":"Point","coordinates":[-4.03831,37.18369]},"properties":{"id":"190abb2d","name":"Consultorio Auxiliar Venta Nueva","category":"Centro de Salud"}},{"type":"Feature","geometry":{"type":"Point","coordinates":[-2.46092,37.58222]},"properties":{"id":"a79e25f5","name":"Consultorio Auxiliar Venta Quemada","category":"Centro de Salud"}},{"type":"Feature","geometry":{"type":"Point","coordinates":[-2.60793,37.55505]},"properties":{"id":"a739d487","name":"Consultorio Auxiliar Venta del Peral","category":"Centro de Salud"}},{"type":"Feature","geometry":{"type":"Point","coordinates":[-4.25315,37.22775]},"properties":{"id":"3da6756c","name":"Consultorio Auxiliar Ventorros de Balerma","category":"Centro de Salud"}},{"type":"Feature","geometry":{"type":"Point","coordinates":[-4.22798,37.203]},"properties":{"id":"21b86480","name":"Consultorio Auxiliar Ventorros de la Laguna","category":"Centro de Salud"}},{"type":"Feature","geometry":{"type":"Point","coordinates":[-3.11889,36.98139]},"properties":{"id":"b69ea77b","name":"Consultorio Auxiliar Yegen","category":"Centro de Salud"}},{"type":"Feature","geometry":{"type":"Point","coordinates":[-3.13625,36.957]},"properties":{"id":"2efbed4a","name":"Consultorio Auxiliar Yátor","category":"Centro de Salud"}},{"type":"Feature","geometry":{"type":"Point","coordinates":[-3.80996,37.08291]},"properties":{"id":"b9cfd330","name":"Consultorio Auxiliar Ácula","category":"Centro de Salud"}},{"type":"Feature","geometry":{"type":"Point","coordinates":[-3.52701,36.89473]},"properties":{"id":"11c321bf","name":"Consultorio Auxiliar Ízbor","category":"Centro de Salud"}},{"type":"Feature","geometry":{"type":"Point","coordinates":[-3.14447,37.29813]},"properties":{"id":"856b2624","name":"Consultorio Barriada de Andalucía","category":"Centro de Salud"}},{"type":"Feature","geometry":{"type":"Point","coordinates":[-2.7706,37.48935]},"properties":{"id":"29ae0d5f","name":"Consultorio Barriada de Santiago","category":"Centro de Salud"}},{"type":"Feature","geometry":{"type":"Point","coordinates":[-3.55848,37.1333]},"properties":{"id":"d0ecc00a","name":"Consultorio Barrio de Monachil","category":"Centro de Salud"}},{"type":"Feature","geometry":{"type":"Point","coordinates":[-3.48078,37.21881]},"properties":{"id":"8508b279","name":"Consultorio Beas de Granada","category":"Centro de Salud"}},{"type":"Feature","geometry":{"type":"Point","coordinates":[-3.69002,37.17257]},"properties":{"id":"dc92610e","name":"Consultorio Belicena","category":"Centro de Salud"}},{"type":"Feature","geometry":{"type":"Point","coordinates":[-3.56889,37.12618]},"properties":{"id":"7e464a25","name":"Consultorio Bellavista","category":"Centro de Salud"}},{"type":"Feature","geometry":{"type":"Point","coordinates":[-3.16535,37.34809]},"properties":{"id":"a34f2376","name":"Consultorio Benalúa","category":"Centro de Salud"}},{"type":"Feature","geometry":{"type":"Point","coordinates":[-3.68345,37.42777]},"properties":{"id":"caeec34e","name":"Consultorio Benalúa de las Villas","category":"Centro de Salud"}},{"type":"Feature","geometry":{"type":"Point","coordinates":[-3.35507,36.94903]},"properties":{"id":"f4119cde","name":"Consultorio Bubión","category":"Centro de Salud"}},{"type":"Feature","geometry":{"type":"Point","coordinates":[-3.29363,36.93753]},"properties":{"id":"ae8e77fd","name":"Consultorio Busquístar","category":"Centro de Salud"}},{"type":"Feature","geometry":{"type":"Point","coordinates":[-3.19081,36.97315]},"properties":{"id":"6f78a230","name":"Consultorio Bérchules","category":"Centro de Salud"}},{"type":"Feature","geometry":{"type":"Point","coordinates":[-3.91716,37.05981]},"properties":{"id":"df8a10d7","name":"Consultorio Cacín","category":"Centro de Salud"}},{"type":"Feature","geometry":{"type":"Point","coordinates":[-3.4182,36.70146]},"properties":{"id":"9fe0b21e","name":"Consultorio Calahonda","category":"Centro de Salud"}},{"type":"Feature","geometry":{"type":"Point","coordinates":[-3.61862,37.27325]},"properties":{"id":"1b0a7dcf","name":"Consultorio Calicasas","category":"Centro de Salud"}},{"type":"Feature","geometry":{"type":"Point","coordinates":[-2.86019,37.7366]},"properties":{"id":"56ac1ac2","name":"Consultorio Campo Cámara","category":"Centro de Salud"}},{"type":"Feature","geometry":{"type":"Point","coordinates":[-3.61553,37.48291]},"properties":{"id":"88f9e576","name":"Consultorio Campotéjar","category":"Centro de Salud"}},{"type":"Feature","geometry":{"type":"Point","coordinates":[-2.72366,37.43727]},"properties":{"id":"683a760a","name":"Consultorio Caniles","category":"Centro de Salud"}},{"type":"Feature","geometry":{"type":"Point","coordinates":[-3.44502,36.70298]},"properties":{"id":"c34dbca5","name":"Consultorio Carchuna","category":"Centro de Salud"}},{"type":"Feature","geometry":{"type":"Point","coordinates":[-3.78732,37.25481]},"properties":{"id":"583b2da3","name":"Consultorio Casanueva","category":"Centro de Salud"}},{"type":"Feature","geometry":{"type":"Point","coordinates":[-2.78022,37.79695]},"properties":{"id":"092fbb40","name":"Consultorio Castril","category":"Centro de Salud"}},{"type":"Feature","geometry":{"type":"Point","coordinates":[-3.6268,37.20309]},"properties":{"id":"f2362196","name":"Consultorio Cerrillo de Maracena","category":"Centro de Salud"}},{"type":"Feature","geometry":{"type":"Point","coordinates":[-2.95668,37.29402]},"properties":{"id":"bc5e07a2","name":"Consultorio Charches","category":"Centro de Salud"}},{"type":"Feature","geometry":{"type":"Point","coordinates":[-3.7731,37.19989]},"properties":{"id":"d2edb46e","name":"Consultorio Chauchina","category":"Centro de Salud"}},{"type":"Feature","geometry":{"type":"Point","coordinates":[-3.01349,36.96695]},"properties":{"id":"6fd27fa2","name":"Consultorio Cherín","category":"Centro de Salud"}},{"type":"Feature","geometry":{"type":"Point","coordinates":[-3.82432,37.13229]},"properties":{"id":"4ca1ac8b","name":"Consultorio Chimeneas","category":"Centro de Salud"}},{"type":"Feature","geometry":{"type":"Point","coordinates":[-3.80901,37.19884]},"properties":{"id":"b4b173a6","name":"Consultorio Cijuela","category":"Centro de Salud"}},{"type":"Feature","geometry":{"type":"Point","coordinates":[-3.15743,37.22528]},"properties":{"id":"524092bc","name":"Consultorio Cogollos de Guadix","category":"Centro de Salud"}},{"type":"Feature","geometry":{"type":"Point","coordinates":[-3.57325,37.27554]},"properties":{"id":"4832df60","name":"Consultorio Cogollos de la Vega","category":"Centro de Salud"}},{"type":"Feature","geometry":{"type":"Point","coordinates":[-3.71268,37.36892]},"properties":{"id":"2d2d4a31","name":"Consultorio Colomera","category":"Centro de Salud"}},{"type":"Feature","geometry":{"type":"Point","coordinates":[-2.77028,37.65618]},"properties":{"id":"6c1c0ac8","name":"Consultorio Cortes de Baza","category":"Centro de Salud"}},{"type":"Feature","geometry":{"type":"Point","coordinates":[-3.58872,36.99087]},"properties":{"id":"42d495d4","name":"Consultorio Cozvíjar","category":"Centro de Salud"}},{"type":"Feature","geometry":{"type":"Point","coordinates":[-2.92956,37.60704]},"properties":{"id":"9f28a1d8","name":"Consultorio Cuevas del Campo","category":"Centro de Salud"}},{"type":"Feature","geometry":{"type":"Point","coordinates":[-3.5715,37.13446]},"properties":{"id":"2c7becc7","name":"Consultorio Cájar","category":"Centro de Salud"}},{"type":"Feature","geometry":{"type":"Point","coordinates":[-3.25394,36.93153]},"properties":{"id":"1eaa7c05","name":"Consultorio Cástaras","category":"Centro de Salud"}},{"type":"Feature","geometry":{"type":"Point","coordinates":[-3.42826,36.92582]},"properties":{"id":"4a915c04","name":"Consultorio Cáñar","category":"Centro de Salud"}},{"type":"Feature","geometry":{"type":"Point","coordinates":[-2.57568,37.58417]},"properties":{"id":"45398271","name":"Consultorio Cúllar","category":"Centro de Salud"}},{"type":"Feature","geometry":{"type":"Point","coordinates":[-3.66912,37.15285]},"properties":{"id":"6c34f81b","name":"Consultorio Cúllar Vega","category":"Centro de Salud"}},{"type":"Feature","geometry":{"type":"Point","coordinates":[-3.29375,37.34835]},"properties":{"id":"9436b27a","name":"Consultorio Darro","category":"Centro de Salud"}},{"type":"Feature","geometry":{"type":"Point","coordinates":[-3.5517,37.4727]},"properties":{"id":"cc3293d2","name":"Consultorio Dehesas Viejas","category":"Centro de Salud"}},{"type":"Feature","geometry":{"type":"Point","coordinates":[-3.10244,37.58931]},"properties":{"id":"b53295fb","name":"Consultorio Dehesas de Guadix","category":"Centro de Salud"}},{"type":"Feature","geometry":{"type":"Point","coordinates":[-3.59407,37.32603]},"properties":{"id":"529ba821","name":"Consultorio Deifontes","category":"Centro de Salud"}},{"type":"Feature","geometry":{"type":"Point","coordinates":[-3.3326,37.31957]},"properties":{"id":"cc8f8edc","name":"Consultorio Diezma","category":"Centro de Salud"}},{"type":"Feature","geometry":{"type":"Point","coordinates":[-3.5082,37.4972]},"properties":{"id":"08564acc","name":"Consultorio Domingo Pérez de Granada","category":"Centro de Salud"}},{"type":"Feature","geometry":{"type":"Point","coordinates":[-3.60164,37.07531]},"properties":{"id":"32a362c4","name":"Consultorio Dílar","category":"Centro de Salud"}},{"type":"Feature","geometry":{"type":"Point","coordinates":[-2.99214,37.17814]},"properties":{"id":"bf2e20ec","name":"Consultorio Dólar","category":"Centro de Salud"}},{"type":"Feature","geometry":{"type":"Point","coordinates":[-3.69116,36.73189]},"properties":{"id":"563aa3b1","name":"Consultorio El Castillo","category":"Centro de Salud"}},{"type":"Feature","geometry":{"type":"Point","coordinates":[-3.65491,37.25745]},"properties":{"id":"fdf92b32","name":"Consultorio El Chaparral","category":"Centro de Salud"}},{"type":"Feature","geometry":{"type":"Point","coordinates":[-3.5638,37.20364]},"properties":{"id":"15d5789c","name":"Consultorio El Fargue","category":"Centro de Salud"}},{"type":"Feature","geometry":{"type":"Point","coordinates":[-3.74112,37.19564]},"properties":{"id":"ed4cd46b","name":"Consultorio El Jau","category":"Centro de Salud"}},{"type":"Feature","geometry":{"type":"Point","coordinates":[-2.78086,37.48412]},"properties":{"id":"ce1db2fb","name":"Consultorio El Ángel","category":"Centro de Salud"}},{"type":"Feature","geometry":{"type":"Point","coordinates":[-3.84554,37.23755]},"properties":{"id":"d315053e","name":"Consultorio Escóznar","category":"Centro de Salud"}},{"type":"Feature","geometry":{"type":"Point","coordinates":[-3.76114,37.06202]},"properties":{"id":"addbe1a6","name":"Consultorio Escúzar","category":"Centro de Salud"}},{"type":"Feature","geometry":{"type":"Point","coordinates":[-3.17463,37.41333]},"properties":{"id":"d7da6eb6","name":"Consultorio Fonelas","category":"Centro de Salud"}},{"type":"Feature","geometry":{"type":"Point","coordinates":[-2.90676,37.52867]},"properties":{"id":"87bde2aa","name":"Consultorio Freila","category":"Centro de Salud"}},{"type":"Feature","geometry":{"type":"Point","coordinates":[-3.78284,37.21978]},"properties":{"id":"da11f5c5","name":"Consultorio Fuente Vaqueros","category":"Centro de Salud"}},{"type":"Feature","geometry":{"type":"Point","coordinates":[-4.22906,37.27051]},"properties":{"id":"fc21a9d8","name":"Consultorio Fuentes de Cesna","category":"Centro de Salud"}},{"type":"Feature","geometry":{"type":"Point","coordinates":[-2.55269,37.74195]},"properties":{"id":"77d3c076","name":"Consultorio Galera","category":"Centro de Salud"}},{"type":"Feature","geometry":{"type":"Point","coordinates":[-2.97137,37.36971]},"properties":{"id":"ce26d9f9","name":"Consultorio Gor","category":"Centro de Salud"}},{"type":"Feature","geometry":{"type":"Point","coordinates":[-3.04138,37.47873]},"properties":{"id":"22e37c4c","name":"Consultorio Gorafe","category":"Centro de Salud"}},{"type":"Feature","geometry":{"type":"Point","coordinates":[-3.39729,37.5557]},"properties":{"id":"6ad5a498","name":"Consultorio Guadahortuna","category":"Centro de Salud"}},{"type":"Feature","geometry":{"type":"Point","coordinates":[-3.38975,36.74347]},"properties":{"id":"4bde19d9","name":"Consultorio Gualchos","category":"Centro de Salud"}},{"type":"Feature","geometry":{"type":"Point","coordinates":[-3.62361,36.85225]},"properties":{"id":"bc5ee3d5","name":"Consultorio Guájar Alto","category":"Centro de Salud"}},{"type":"Feature","geometry":{"type":"Point","coordinates":[-3.60469,37.10173]},"properties":{"id":"986004ba","name":"Consultorio Gójar","category":"Centro de Salud"}},{"type":"Feature","geometry":{"type":"Point","coordinates":[-3.59678,37.25842]},"properties":{"id":"321c71d4","name":"Consultorio Güevéjar","category":"Centro de Salud"}},{"type":"Feature","geometry":{"type":"Point","coordinates":[-3.44014,37.15912]},"properties":{"id":"fe4fee89","name":"Consultorio Güéjar Sierra","category":"Centro de Salud"}},{"type":"Feature","geometry":{"type":"Point","coordinates":[-3.26226,37.42014]},"properties":{"id":"e2ce0924","name":"Consultorio Huélago","category":"Centro de Salud"}},{"type":"Feature","geometry":{"type":"Point","coordinates":[-2.94984,37.17806]},"properties":{"id":"d5daf599","name":"Consultorio Huéneja","category":"Centro de Salud"}},{"type":"Feature","geometry":{"type":"Point","coordinates":[-3.5171,37.21694]},"properties":{"id":"c20e3c0f","name":"Consultorio Huétor de Santillán","category":"Centro de Salud"}},{"type":"Feature","geometry":{"type":"Point","coordinates":[-3.674,37.14973]},"properties":{"id":"548f425a","name":"Consultorio Híjar","category":"Centro de Salud"}},{"type":"Feature","geometry":{"type":"Point","coordinates":[-3.82474,36.94889]},"properties":{"id":"af9280ab","name":"Consultorio Jayena","category":"Centro de Salud"}},{"type":"Feature","geometry":{"type":"Point","coordinates":[-3.66835,36.79739]},"properties":{"id":"41c0de24","name":"Consultorio Jete","category":"Centro de Salud"}},{"type":"Feature","geometry":{"type":"Point","coordinates":[-3.5944,37.22159]},"properties":{"id":"d53400ca","name":"Consultorio Jun","category":"Centro de Salud"}},{"type":"Feature","geometry":{"type":"Point","coordinates":[-3.16021,37.1833]},"properties":{"id":"06a5b8c7","name":"Consultorio Jérez del Marquesado","category":"Centro de Salud"}},{"type":"Feature","geometry":{"type":"Point","coordinates":[-3.06226,37.17969]},"properties":{"id":"5725841b","name":"Consultorio La Calahorra","category":"Centro de Salud"}},{"type":"Feature","geometry":{"type":"Point","coordinates":[-3.12719,37.31693]},"properties":{"id":"71ffb242","name":"Consultorio La Estación","category":"Centro de Salud"}},{"type":"Feature","geometry":{"type":"Point","coordinates":[-3.72054,37.10057]},"properties":{"id":"28ae4276","name":"Consultorio La Malahá","category":"Centro de Salud"}},{"type":"Feature","geometry":{"type":"Point","coordinates":[-3.27568,36.74788]},"properties":{"id":"0a4478b0","name":"Consultorio La Mamola","category":"Centro de Salud"}},{"type":"Feature","geometry":{"type":"Point","coordinates":[-3.28434,37.27723]},"properties":{"id":"c18372fb","name":"Consultorio La Peza","category":"Centro de Salud"}},{"type":"Feature","geometry":{"type":"Point","coordinates":[-3.17334,36.74897]},"properties":{"id":"e9932267","name":"Consultorio La Rábita","category":"Centro de Salud"}},{"type":"Feature","geometry":{"type":"Point","coordinates":[-3.48143,36.91841]},"properties":{"id":"0e82cda3","name":"Consultorio Lanjarón","category":"Centro de Salud"}},{"type":"Feature","geometry":{"type":"Point","coordinates":[-3.13712,37.16836]},"properties":{"id":"2603249f","name":"Consultorio Lanteira","category":"Centro de Salud"}},{"type":"Feature","geometry":{"type":"Point","coordinates":[-3.01464,37.00829]},"properties":{"id":"fa82e0c9","name":"Consultorio Laroles","category":"Centro de Salud"}},{"type":"Feature","geometry":{"type":"Point","coordinates":[-3.13467,37.29156]},"properties":{"id":"b1ed4243","name":"Consultorio Las Cuevas","category":"Centro de Salud"}},{"type":"Feature","geometry":{"type":"Point","coordinates":[-3.67457,36.83434]},"properties":{"id":"060ad79b","name":"Consultorio Lentegí","category":"Centro de Salud"}},{"type":"Feature","geometry":{"type":"Point","coordinates":[-3.56427,36.7724]},"properties":{"id":"1766c397","name":"Consultorio Lobres","category":"Centro de Salud"}},{"type":"Feature","geometry":{"type":"Point","coordinates":[-3.21268,37.30126]},"properties":{"id":"719f9855","name":"Consultorio Los Baños","category":"Centro de Salud"}},{"type":"Feature","geometry":{"type":"Point","coordinates":[-3.18695,36.77233]},"properties":{"id":"9f8b3ad0","name":"Consultorio Los Castillas","category":"Centro de Salud"}},{"type":"Feature","geometry":{"type":"Point","coordinates":[-3.95829,37.17983]},"properties":{"id":"fc572229","name":"Consultorio Los Olivos","category":"Centro de Salud"}},{"type":"Feature","geometry":{"type":"Point","coordinates":[-3.24114,37.22986]},"properties":{"id":"07099e00","name":"Consultorio Lugros","category":"Centro de Salud"}},{"type":"Feature","geometry":{"type":"Point","coordinates":[-3.82914,37.19417]},"properties":{"id":"1cf2acfa","name":"Consultorio Láchar","category":"Centro de Salud"}},{"type":"Feature","geometry":{"type":"Point","coordinates":[-3.15554,36.9808]},"properties":{"id":"0c30e429","name":"Consultorio Mecina Bombarón","category":"Centro de Salud"}},{"type":"Feature","geometry":{"type":"Point","coordinates":[-3.78621,37.33919]},"properties":{"id":"e965b614","name":"Consultorio Moclín","category":"Centro de Salud"}},{"type":"Feature","geometry":{"type":"Point","coordinates":[-3.60908,36.78585]},"properties":{"id":"5edd1424","name":"Consultorio Molvízar","category":"Centro de Salud"}},{"type":"Feature","geometry":{"type":"Point","coordinates":[-3.53935,37.13165]},"properties":{"id":"1d793ffa","name":"Consultorio Monachil","category":"Centro de Salud"}},{"type":"Feature","geometry":{"type":"Point","coordinates":[-3.50517,37.57201]},"properties":{"id":"0c8ef765","name":"Consultorio Montejícar","category":"Centro de Salud"}},{"type":"Feature","geometry":{"type":"Point","coordinates":[-3.67174,37.49989]},"properties":{"id":"a2719a2e","name":"Consultorio Montillana","category":"Centro de Salud"}},{"type":"Feature","geometry":{"type":"Point","coordinates":[-3.96727,37.16934]},"properties":{"id":"85468a37","name":"Consultorio Moraleda de Zafayona","category":"Centro de Salud"}},{"type":"Feature","geometry":{"type":"Point","coordinates":[-3.33055,37.43822]},"properties":{"id":"50e2597e","name":"Consultorio Moreda","category":"Centro de Salud"}},{"type":"Feature","geometry":{"type":"Point","coordinates":[-3.53909,36.97893]},"properties":{"id":"4f27ef7c","name":"Consultorio Nigüelas","category":"Centro de Salud"}},{"type":"Feature","geometry":{"type":"Point","coordinates":[-3.57613,37.25812]},"properties":{"id":"8e1cfebf","name":"Consultorio Nívar","category":"Centro de Salud"}},{"type":"Feature","geometry":{"type":"Point","coordinates":[-3.76666,37.3307]},"properties":{"id":"23958307","name":"Consultorio Olivares","category":"Centro de Salud"}},{"type":"Feature","geometry":{"type":"Point","coordinates":[-2.47786,37.72061]},"properties":{"id":"b52f2a09","name":"Consultorio Orce","category":"Centro de Salud"}},{"type":"Feature","geometry":{"type":"Point","coordinates":[-3.62837,37.02531]},"properties":{"id":"e615dbc5","name":"Consultorio Padul","category":"Centro de Salud"}},{"type":"Feature","geometry":{"type":"Point","coordinates":[-3.59565,37.20292]},"properties":{"id":"07782fa7","name":"Consultorio Parque Nueva Granada","category":"Centro de Salud"}},{"type":"Feature","geometry":{"type":"Point","coordinates":[-3.85828,37.17345]},"properties":{"id":"518b13d3","name":"Consultorio Peñuelas","category":"Centro de Salud"}},{"type":"Feature","geometry":{"type":"Point","coordinates":[-3.49928,37.16388]},"properties":{"id":"e6cdd144","name":"Consultorio Pinos Genil","category":"Centro de Salud"}},{"type":"Feature","geometry":{"type":"Point","coordinates":[-3.55366,36.91276]},"properties":{"id":"ddaa204b","name":"Consultorio Pinos del Valle","category":"Centro de Salud"}},{"type":"Feature","geometry":{"type":"Point","coordinates":[-3.32638,36.93582]},"properties":{"id":"2ef9d1b7","name":"Consultorio Pitres","category":"Centro de Salud"}},{"type":"Feature","geometry":{"type":"Point","coordinates":[-2.43671,37.958]},"properties":{"id":"10bcdb68","name":"Consultorio Puebla de Don Fadrique","category":"Centro de Salud"}},{"type":"Feature","geometry":{"type":"Point","coordinates":[-3.83364,37.33663]},"properties":{"id":"b8c69323","name":"Consultorio Puerto Lope","category":"Centro de Salud"}},{"type":"Feature","geometry":{"type":"Point","coordinates":[-3.66546,37.17207]},"properties":{"id":"72698bb3","name":"Consultorio Purchil","category":"Centro de Salud"}},{"type":"Feature","geometry":{"type":"Point","coordinates":[-3.44055,37.44256]},"properties":{"id":"962179df","name":"Consultorio Píñar","category":"Centro de Salud"}},{"type":"Feature","geometry":{"type":"Point","coordinates":[-3.4667,37.19208]},"properties":{"id":"85c70481","name":"Consultorio Quéntar","category":"Centro de Salud"}},{"type":"Feature","geometry":{"type":"Point","coordinates":[-3.58228,36.92947]},"properties":{"id":"10032376","name":"Consultorio Restábal","category":"Centro de Salud"}},{"type":"Feature","geometry":{"type":"Point","coordinates":[-4.20725,37.15451]},"properties":{"id":"04972f24","name":"Consultorio Riofrío","category":"Centro de Salud"}},{"type":"Feature","geometry":{"type":"Point","coordinates":[-3.34848,36.80958]},"properties":{"id":"58d85ae1","name":"Consultorio Rubite","category":"Centro de Salud"}},{"type":"Feature","geometry":{"type":"Point","coordinates":[-4.06666,37.14814]},"properties":{"id":"a087d221","name":"Consultorio Salar","category":"Centro de Salud"}},{"type":"Feature","geometry":{"type":"Point","coordinates":[-3.97713,37.06085]},"properties":{"id":"e5e12366","name":"Consultorio Santa Cruz del Comercio","category":"Centro de Salud"}},{"type":"Feature","geometry":{"type":"Point","coordinates":[-3.39914,37.09288]},"properties":{"id":"49349888","name":"Consultorio Sierra Nevada","category":"Centro de Salud"}},{"type":"Feature","geometry":{"type":"Point","coordinates":[-3.26464,36.79424]},"properties":{"id":"f42d8f49","name":"Consultorio Sorvilán","category":"Centro de Salud"}},{"type":"Feature","geometry":{"type":"Point","coordinates":[-3.55256,36.94837]},"properties":{"id":"a13a783e","name":"Consultorio Talará","category":"Centro de Salud"}},{"type":"Feature","geometry":{"type":"Point","coordinates":[-3.78732,37.31961]},"properties":{"id":"51fc4b9d","name":"Consultorio Tiena","category":"Centro de Salud"}},{"type":"Feature","geometry":{"type":"Point","coordinates":[-3.968,37.23758]},"properties":{"id":"c07c4235","name":"Consultorio Tocón","category":"Centro de Salud"}},{"type":"Feature","geometry":{"type":"Point","coordinates":[-3.35595,37.50372]},"properties":{"id":"ef43c35f","name":"Consultorio Torre-Cardela","category":"Centro de Salud"}},{"type":"Feature","geometry":{"type":"Point","coordinates":[-3.49265,36.70588]},"properties":{"id":"35465a0d","name":"Consultorio Torrenueva Costa","category":"Centro de Salud"}},{"type":"Feature","geometry":{"type":"Point","coordinates":[-3.2987,36.87782]},"properties":{"id":"7c1688d2","name":"Consultorio Torvizcón","category":"Centro de Salud"}},{"type":"Feature","geometry":{"type":"Point","coordinates":[-3.26643,37.00034]},"properties":{"id":"d616d0fb","name":"Consultorio Trevélez","category":"Centro de Salud"}},{"type":"Feature","geometry":{"type":"Point","coordinates":[-3.05866,36.86468]},"properties":{"id":"27b676d3","name":"Consultorio Turón","category":"Centro de Salud"}},{"type":"Feature","geometry":{"type":"Point","coordinates":[-3.81926,37.23306]},"properties":{"id":"3797313f","name":"Consultorio Valderrubio","category":"Centro de Salud"}},{"type":"Feature","geometry":{"type":"Point","coordinates":[-3.5242,36.72597]},"properties":{"id":"7ee8bd8b","name":"Consultorio Varadero - Santa Adela","category":"Centro de Salud"}},{"type":"Feature","geometry":{"type":"Point","coordinates":[-3.82118,37.06681]},"properties":{"id":"5ef245f6","name":"Consultorio Ventas de Huelma","category":"Centro de Salud"}},{"type":"Feature","geometry":{"type":"Point","coordinates":[-4.12048,36.9574]},"properties":{"id":"cc3da0b2","name":"Consultorio Ventas de Zafarraya","category":"Centro de Salud"}},{"type":"Feature","geometry":{"type":"Point","coordinates":[-4.14975,37.24612]},"properties":{"id":"878126aa","name":"Consultorio Ventorros de San José","category":"Centro de Salud"}},{"type":"Feature","geometry":{"type":"Point","coordinates":[-4.01272,37.21474]},"properties":{"id":"7a3d82cf","name":"Consultorio Villanueva Mesía","category":"Centro de Salud"}},{"type":"Feature","geometry":{"type":"Point","coordinates":[-3.08972,37.5567]},"properties":{"id":"73f596bf","name":"Consultorio Villanueva de las Torres","category":"Centro de Salud"}},{"type":"Feature","geometry":{"type":"Point","coordinates":[-3.0825,36.99677]},"properties":{"id":"b91c666c","name":"Consultorio Válor","category":"Centro de Salud"}},{"type":"Feature","geometry":{"type":"Point","coordinates":[-3.51665,36.83077]},"properties":{"id":"7d61efcd","name":"Consultorio Vélez de Benaudalla","category":"Centro de Salud"}},{"type":"Feature","geometry":{"type":"Point","coordinates":[-3.55373,37.23136]},"properties":{"id":"5dfe597b","name":"Consultorio Víznar","category":"Centro de Salud"}},{"type":"Feature","geometry":{"type":"Point","coordinates":[-4.1398,36.97385]},"properties":{"id":"dacd6a95","name":"Consultorio Zafarraya","category":"Centro de Salud"}},{"type":"Feature","geometry":{"type":"Point","coordinates":[-4.1688,37.25445]},"properties":{"id":"f7c22f9a","name":"Consultorio Zagra","category":"Centro de Salud"}},{"type":"Feature","geometry":{"type":"Point","coordinates":[-3.80286,37.25547]},"properties":{"id":"3c599fc1","name":"Consultorio Zujaira","category":"Centro de Salud"}},{"type":"Feature","geometry":{"type":"Point","coordinates":[-2.84183,37.54176]},"properties":{"id":"51a6a06a","name":"Consultorio Zújar","category":"Centro de Salud"}},{"type":"Feature","geometry":{"type":"Point","coordinates":[-2.64269,37.71376]},"properties":{"id":"13df4562","name":"Consultorio de Castilléjar","category":"Centro de Salud"}},{"type":"Feature","geometry":{"type":"Point","coordinates":[-3.63977,36.79958]},"properties":{"id":"e8873c9b","name":"Consultorio Ítrabo","category":"Centro de Salud"}},{"type":"Feature","geometry":{"type":"Point","coordinates":[-85.95215,11.93413]},"properties":{"id":"e329cf36","name":"Corazón de Jesús","category":"Centro de Salud"}},{"type":"Feature","geometry":{"type":"Point","coordinates":[-3.13326,37.30561]},"properties":{"id":"c65e7bbe","name":"Costumero Clínica Láser","category":"Centro de Salud"}},{"type":"Feature","geometry":{"type":"Point","coordinates":[-3.60497,37.16589]},"properties":{"id":"30806487","name":"Depilación","category":"Centro de Salud"}},{"type":"Feature","geometry":{"type":"Point","coordinates":[-3.52478,36.74182]},"properties":{"id":"e5bd0c1e","name":"DermoClínica Doctor Almazán","category":"Centro de Salud"}},{"type":"Feature","geometry":{"type":"Point","coordinates":[-3.52506,36.74157]},"properties":{"id":"265afc7a","name":"Diaverum Motril","category":"Centro de Salud"}},{"type":"Feature","geometry":{"type":"Point","coordinates":[-3.51819,36.7449]},"properties":{"id":"bc8034a4","name":"Doctor Fernando Sabatel López","category":"Centro de Salud"}},{"type":"Feature","geometry":{"type":"Point","coordinates":[-3.51812,36.74763]},"properties":{"id":"22daa145","name":"Doctor Francisco Carlos Zorrilla","category":"Centro de Salud"}},{"type":"Feature","geometry":{"type":"Point","coordinates":[-3.5182,36.74586]},"properties":{"id":"718f537c","name":"Doctor Iboleón","category":"Centro de Salud"}},{"type":"Feature","geometry":{"type":"Point","coordinates":[-3.52602,36.74382]},"properties":{"id":"7e462ce2","name":"Doctor José Miguel Fernández Jiménez","category":"Centro de Salud"}},{"type":"Feature","geometry":{"type":"Point","coordinates":[-3.51746,36.74677]},"properties":{"id":"2d76ec41","name":"Doctor Juan Manuel Palomares","category":"Centro de Salud"}},{"type":"Feature","geometry":{"type":"Point","coordinates":[-3.63414,37.20681]},"properties":{"id":"bf6015f5","name":"Doctor Matilla Ruiz","category":"Centro de Salud"}},{"type":"Feature","geometry":{"type":"Point","coordinates":[-3.51818,36.74578]},"properties":{"id":"bf824363","name":"Doctor Nur","category":"Centro de Salud"}},{"type":"Feature","geometry":{"type":"Point","coordinates":[-3.51801,36.7465]},"properties":{"id":"25e6d6e0","name":"Doctor Rafael Yanguas Ruiz de la Fuente","category":"Centro de Salud"}},{"type":"Feature","geometry":{"type":"Point","coordinates":[-85.95851,11.93073]},"properties":{"id":"ae309c03","name":"Doctor Urcuyo (strange)","category":"Centro de Salud"}},{"type":"Feature","geometry":{"type":"Point","coordinates":[-3.51936,36.74511]},"properties":{"id":"5bbd80af","name":"Doctora Maria Luisa Ruiz Pérez","category":"Centro de Salud"}},{"type":"Feature","geometry":{"type":"Point","coordinates":[-3.51686,36.74483]},"properties":{"id":"82226469","name":"Doctora Mercedes Fernández Fernández","category":"Centro de Salud"}},{"type":"Feature","geometry":{"type":"Point","coordinates":[-3.58472,37.12124]},"properties":{"id":"03d63c8c","name":"Doctora Mercedes Gómez Gómez","category":"Centro de Salud"}},{"type":"Feature","geometry":{"type":"Point","coordinates":[-3.51413,36.74322]},"properties":{"id":"2e5213c0","name":"Doctora Mónica Navarro Rodríguez","category":"Centro de Salud"}},{"type":"Feature","geometry":{"type":"Point","coordinates":[-3.58275,36.74414]},"properties":{"id":"c13315da","name":"Doctora Ruiz Yherla","category":"Centro de Salud"}},{"type":"Feature","geometry":{"type":"Point","coordinates":[-3.61595,37.19041]},"properties":{"id":"52e492c9","name":"Dr. Belón","category":"Centro de Salud"}},{"type":"Feature","geometry":{"type":"Point","coordinates":[-85.95571,11.93453]},"properties":{"id":"3b43e4fa","name":"Dr. Fracisco Martinez Blanco","category":"Centro de Salud"}},{"type":"Feature","geometry":{"type":"Point","coordinates":[-85.95918,11.92897]},"properties":{"id":"73cde3ed","name":"Dr. Juan Carlos Argüello C.","category":"Centro de Salud"}},{"type":"Feature","geometry":{"type":"Point","coordinates":[-85.95052,11.9414]},"properties":{"id":"f00b1709","name":"Dr. Roberto R. Blandino R.","category":"Centro de Salud"}},{"type":"Feature","geometry":{"type":"Point","coordinates":[-3.60953,37.17388]},"properties":{"id":"caac0cd5","name":"Dra. Huertas","category":"Centro de Salud"}},{"type":"Feature","geometry":{"type":"Point","coordinates":[-73.7024,3.5286]},"properties":{"id":"74412892","name":"ESE Primer nivel Makatoa","category":"Centro de Salud"}},{"type":"Feature","geometry":{"type":"Point","coordinates":[-73.70242,3.52867]},"properties":{"id":"548093c1","name":"ESE primer nivel Makatoa","category":"Centro de Salud"}},{"type":"Feature","geometry":{"type":"Point","coordinates":[-3.51759,36.74465]},"properties":{"id":"42695c6c","name":"Ecomotril","category":"Centro de Salud"}},{"type":"Feature","geometry":{"type":"Point","coordinates":[-3.62337,37.14603]},"properties":{"id":"e76b3df8","name":"Ergos Rehabilitación Funcional","category":"Centro de Salud"}},{"type":"Feature","geometry":{"type":"Point","coordinates":[-3.60606,37.16478]},"properties":{"id":"17567721","name":"Fydian (Neurología)","category":"Centro de Salud"}},{"type":"Feature","geometry":{"type":"Point","coordinates":[-3.51814,36.74458]},"properties":{"id":"8c3f5c25","name":"García Jerónimo","category":"Centro de Salud"}},{"type":"Feature","geometry":{"type":"Point","coordinates":[-3.51824,36.74821]},"properties":{"id":"30371e3d","name":"José Carlos Rodríguez López","category":"Centro de Salud"}},{"type":"Feature","geometry":{"type":"Point","coordinates":[-3.5181,36.74585]},"properties":{"id":"29eaed0a","name":"Juan Manuel Sánchez Rodríguez","category":"Centro de Salud"}},{"type":"Feature","geometry":{"type":"Point","coordinates":[-3.51603,36.74395]},"properties":{"id":"c362ac76","name":"Manuel Comino Lara","category":"Centro de Salud"}},{"type":"Feature","geometry":{"type":"Point","coordinates":[-3.61154,37.1777]},"properties":{"id":"b98ed724","name":"María Purificación Castro Mendoza","category":"Centro de Salud"}},{"type":"Feature","geometry":{"type":"Point","coordinates":[-3.52388,36.74379]},"properties":{"id":"b9022124","name":"María del Carmen Cano Sabio","category":"Centro de Salud"}},{"type":"Feature","geometry":{"type":"Point","coordinates":[-3.51857,36.74619]},"properties":{"id":"eca94df2","name":"María del Carmen Cano Sabio","category":"Centro de Salud"}},{"type":"Feature","geometry":{"type":"Point","coordinates":[-3.61017,37.15765]},"properties":{"id":"e3ec2676","name":"Medicina Estética Doctora Anastasia Cano","category":"Centro de Salud"}},{"type":"Feature","geometry":{"type":"Point","coordinates":[-3.60746,37.1724]},"properties":{"id":"b76950af","name":"Meliora","category":"Centro de Salud"}},{"type":"Feature","geometry":{"type":"Point","coordinates":[-3.51928,36.74717]},"properties":{"id":"b55f2063","name":"Miguel Aguado Hernández","category":"Centro de Salud"}},{"type":"Feature","geometry":{"type":"Point","coordinates":[-3.51817,36.7449]},"properties":{"id":"72bafd82","name":"Moisés Antonio López Paz","category":"Centro de Salud"}},{"type":"Feature","geometry":{"type":"Point","coordinates":[-3.13407,37.30398]},"properties":{"id":"77037bc7","name":"Mundo Emociones","category":"Centro de Salud"}},{"type":"Feature","geometry":{"type":"Point","coordinates":[-3.52336,36.74374]},"properties":{"id":"d50b0bc3","name":"Más Neuro","category":"Centro de Salud"}},{"type":"Feature","geometry":{"type":"Point","coordinates":[-3.82484,36.94905]},"properties":{"id":"68f627b6","name":"Médico Jayena","category":"Centro de Salud"}},{"type":"Feature","geometry":{"type":"Point","coordinates":[-3.60778,37.17849]},"properties":{"id":"1540cf57","name":"Neurología Clínica Doctor Rafael González Maldonado","category":"Centro de Salud"}},{"type":"Feature","geometry":{"type":"Point","coordinates":[-3.52382,36.74315]},"properties":{"id":"a22ed067","name":"Neuromás","category":"Centro de Salud"}},{"type":"Feature","geometry":{"type":"Point","coordinates":[-3.60843,37.18483]},"properties":{"id":"384dc067","name":"Nukala Fisioterapia","category":"Centro de Salud"}},{"type":"Feature","geometry":{"type":"Point","coordinates":[-3.51882,36.74656]},"properties":{"id":"e8af7757","name":"Nuria Molina","category":"Centro de Salud"}},{"type":"Feature","geometry":{"type":"Point","coordinates":[-3.51636,36.74422]},"properties":{"id":"672162dc","name":"Pica Pica Piojitos","category":"Centro de Salud"}},{"type":"Feature","geometry":{"type":"Point","coordinates":[-3.607,37.17246]},"properties":{"id":"0cfa9ec5","name":"Podoronda","category":"Centro de Salud"}},{"type":"Feature","geometry":{"type":"Point","coordinates":[-85.95513,11.93287]},"properties":{"id":"7da099a4","name":"Policlinico Central","category":"Centro de Salud"}},{"type":"Feature","geometry":{"type":"Point","coordinates":[-2.76911,37.48659]},"properties":{"id":"ee0f86da","name":"Policlínica Baza","category":"Centro de Salud"}},{"type":"Feature","geometry":{"type":"Point","coordinates":[-3.65387,37.22811]},"properties":{"id":"856ab08e","name":"Policlínica Cristo de la Salud","category":"Centro de Salud"}},{"type":"Feature","geometry":{"type":"Point","coordinates":[-3.13751,37.30478]},"properties":{"id":"ee2a56d3","name":"Policlínica Guadix","category":"Centro de Salud"}},{"type":"Feature","geometry":{"type":"Point","coordinates":[-4.05119,37.19634]},"properties":{"id":"b8378102","name":"Policlínica Guzmán","category":"Centro de Salud"}},{"type":"Feature","geometry":{"type":"Point","coordinates":[-4.14964,37.16692]},"properties":{"id":"7ecfb257","name":"Policlínica Loja","category":"Centro de Salud"}},{"type":"Feature","geometry":{"type":"Point","coordinates":[-3.62297,37.14606]},"properties":{"id":"f4fbbb7f","name":"Policlínica San Miguel","category":"Centro de Salud"}},{"type":"Feature","geometry":{"type":"Point","coordinates":[-3.68392,37.22332]},"properties":{"id":"4bb9b38a","name":"Prevysalud","category":"Centro de Salud"}},{"type":"Feature","geometry":{"type":"Point","coordinates":[-3.51975,36.74585]},"properties":{"id":"35197f03","name":"Psike","category":"Centro de Salud"}},{"type":"Feature","geometry":{"type":"Point","coordinates":[-3.71841,37.18843]},"properties":{"id":"24eb489f","name":"Rafael Ruiz Santiago","category":"Centro de Salud"}},{"type":"Feature","geometry":{"type":"Point","coordinates":[-3.51927,36.7471]},"properties":{"id":"5db7bad4","name":"Ramsi Issa Khozouz","category":"Centro de Salud"}},{"type":"Feature","geometry":{"type":"Point","coordinates":[-4.14541,37.16462]},"properties":{"id":"c249b062","name":"Recreo","category":"Centro de Salud"}},{"type":"Feature","geometry":{"type":"Point","coordinates":[-3.51729,36.74598]},"properties":{"id":"1ea66690","name":"Remedios González Amezcua","category":"Centro de Salud"}},{"type":"Feature","geometry":{"type":"Point","coordinates":[-3.51748,36.74748]},"properties":{"id":"9c76dea7","name":"Rubi nutrición","category":"Centro de Salud"}},{"type":"Feature","geometry":{"type":"Point","coordinates":[-3.054,36.96288]},"properties":{"id":"4c6abbe0","name":"Sala de Fisioterapia Unidad de Gestión Clínica de Ugíjar","category":"Centro de Salud"}},{"type":"Feature","geometry":{"type":"Point","coordinates":[-3.51821,36.74822]},"properties":{"id":"7ad04a1b","name":"Samuel González Torres","category":"Centro de Salud"}},{"type":"Feature","geometry":{"type":"Point","coordinates":[-3.5199,36.75595]},"properties":{"id":"2a79d574","name":"Sanicor Ortecmo","category":"Centro de Salud"}},{"type":"Feature","geometry":{"type":"Point","coordinates":[-3.51928,36.74708]},"properties":{"id":"2a7529c0","name":"Socorro Vega Pérez","category":"Centro de Salud"}},{"type":"Feature","geometry":{"type":"Point","coordinates":[-3.68384,37.22276]},"properties":{"id":"58fd8f49","name":"T-Veo","category":"Centro de Salud"}},{"type":"Feature","geometry":{"type":"Point","coordinates":[-3.51472,36.74439]},"properties":{"id":"4214882c","name":"Umivale Activa","category":"Centro de Salud"}},{"type":"Feature","geometry":{"type":"Point","coordinates":[-3.60545,37.18842]},"properties":{"id":"97296179","name":"Unidad de Cirugía de Alta Resolución","category":"Centro de Salud"}},{"type":"Feature","geometry":{"type":"Point","coordinates":[-3.69028,37.2209]},"properties":{"id":"8b331377","name":"Unidad de Salud Mental Comunitaria de Atarfe","category":"Centro de Salud"}},{"type":"Feature","geometry":{"type":"Point","coordinates":[-3.60868,37.1846]},"properties":{"id":"a8bec11c","name":"Visióon","category":"Centro de Salud"}},{"type":"Feature","geometry":{"type":"Point","coordinates":[-3.60714,37.17269]},"properties":{"id":"88ed261f","name":"Vistaláser","category":"Centro de Salud"}},{"type":"Feature","geometry":{"type":"Point","coordinates":[-3.59797,37.17115]},"properties":{"id":"0d7dcd0a","name":"Cine Madrigal","category":"Cine"}},{"type":"Feature","geometry":{"type":"Point","coordinates":[-3.49265,36.92043]},"properties":{"id":"9f6b7b5d","name":"Cine Municipal Verano","category":"Cine"}},{"type":"Feature","geometry":{"type":"Point","coordinates":[-3.5841,37.11777]},"properties":{"id":"1353b82a","name":"Cine de Verano","category":"Cine"}},{"type":"Feature","geometry":{"type":"Point","coordinates":[-3.51948,36.74381]},"properties":{"id":"09446bde","name":"Cineclub Mediterráneo","category":"Cine"}},{"type":"Feature","geometry":{"type":"Point","coordinates":[-3.58429,37.12966]},"properties":{"id":"12a1cd78","name":"Cines Artesiete","category":"Cine"}},{"type":"Feature","geometry":{"type":"Point","coordinates":[-3.69667,36.73324]},"properties":{"id":"fdbd99c4","name":"Cines San Cristóbal","category":"Cine"}},{"type":"Feature","geometry":{"type":"Point","coordinates":[-85.95547,11.93094]},"properties":{"id":"1a7eb63c","name":"Karawala","category":"Cine"}},{"type":"Feature","geometry":{"type":"Point","coordinates":[-3.61694,37.21493]},"properties":{"id":"ab58a881","name":"Kinépolis","category":"Cine"}},{"type":"Feature","geometry":{"type":"Point","coordinates":[-3.61516,37.14533]},"properties":{"id":"a52eb1b2","name":"Kinépolis","category":"Cine"}},{"type":"Feature","geometry":{"type":"Point","coordinates":[-3.60772,37.16783]},"properties":{"id":"98138202","name":"Megarama Granada","category":"Cine"}},{"type":"Feature","geometry":{"type":"Point","coordinates":[-3.58332,37.15748]},"properties":{"id":"5fd57350","name":"Ocine Serrallo","category":"Cine"}},{"type":"Feature","geometry":{"type":"Point","coordinates":[-73.71618,3.57305]},"properties":{"id":"ed8f2d21","name":"1,2","category":"Comida"}},{"type":"Feature","geometry":{"type":"Point","coordinates":[-3.60809,37.17426]},"properties":{"id":"3019d169","name":"100 Montaditos","category":"Comida"}},{"type":"Feature","geometry":{"type":"Point","coordinates":[-3.61445,37.14545]},"properties":{"id":"ec14e568","name":"100 Montaditos","category":"Comida"}},{"type":"Feature","geometry":{"type":"Point","coordinates":[-3.59943,37.17217]},"properties":{"id":"005558eb","name":"100 Montaditos","category":"Comida"}},{"type":"Feature","geometry":{"type":"Point","coordinates":[-3.61713,37.21451]},"properties":{"id":"5ffee5af","name":"100 Montaditos","category":"Comida"}},{"type":"Feature","geometry":{"type":"Point","coordinates":[-3.60818,37.17563]},"properties":{"id":"fc89ad08","name":"17Seventeen","category":"Comida"}},{"type":"Feature","geometry":{"type":"Point","coordinates":[-3.5777,36.72406]},"properties":{"id":"7d294b02","name":"18 Nudos Surf Club","category":"Comida"}},{"type":"Feature","geometry":{"type":"Point","coordinates":[-3.60781,37.17817]},"properties":{"id":"9846456f","name":"1959","category":"Comida"}},{"type":"Feature","geometry":{"type":"Point","coordinates":[-73.71524,3.56809]},"properties":{"id":"6bb04dd7","name":"3,4","category":"Comida"}},{"type":"Feature","geometry":{"type":"Point","coordinates":[-73.71684,3.55977]},"properties":{"id":"dac67f74","name":"5,6,7,11,12","category":"Comida"}},{"type":"Feature","geometry":{"type":"Point","coordinates":[-3.61046,37.18985]},"properties":{"id":"e4010550","name":"7 Pecados","category":"Comida"}},{"type":"Feature","geometry":{"type":"Point","coordinates":[-3.60703,37.17765]},"properties":{"id":"2915ed9c","name":"7 Pecados","category":"Comida"}},{"type":"Feature","geometry":{"type":"Point","coordinates":[-3.2644,36.99858]},"properties":{"id":"7d2f7a0d","name":"A ca' Alfonso y Moisés","category":"Comida"}},{"type":"Feature","geometry":{"type":"Point","coordinates":[-3.61289,37.20004]},"properties":{"id":"5be861b0","name":"A un Paso","category":"Comida"}},{"type":"Feature","geometry":{"type":"Point","coordinates":[-4.16996,37.16446]},"properties":{"id":"02adf121","name":"Abades Loja","category":"Comida"}},{"type":"Feature","geometry":{"type":"Point","coordinates":[-3.59158,37.18078]},"properties":{"id":"1fcd98a0","name":"Aben Humeya","category":"Comida"}},{"type":"Feature","geometry":{"type":"Point","coordinates":[-3.59754,37.17337]},"properties":{"id":"a7c94526","name":"Abra Pampa","category":"Comida"}},{"type":"Feature","geometry":{"type":"Point","coordinates":[-3.42231,36.90233]},"properties":{"id":"8861804a","name":"Airiños de Lujar","category":"Comida"}},{"type":"Feature","geometry":{"type":"Point","coordinates":[-3.60924,37.17346]},"properties":{"id":"ae18751c","name":"Aisushi","category":"Comida"}},{"type":"Feature","geometry":{"type":"Point","coordinates":[-3.59516,37.17325]},"properties":{"id":"481f2238","name":"Ajoblanco","category":"Comida"}},{"type":"Feature","geometry":{"type":"Point","coordinates":[-3.6028,37.17053]},"properties":{"id":"22464c80","name":"Akemi","category":"Comida"}},{"type":"Feature","geometry":{"type":"Point","coordinates":[-3.58995,37.17894]},"properties":{"id":"2e15122a","name":"Al Candil","category":"Comida"}},{"type":"Feature","geometry":{"type":"Point","coordinates":[-3.605,37.17204]},"properties":{"id":"8e5cc344","name":"Al Espeto","category":"Comida"}},{"type":"Feature","geometry":{"type":"Point","coordinates":[-3.61357,37.20078]},"properties":{"id":"e4d90235","name":"Al Madina","category":"Comida"}},{"type":"Feature","geometry":{"type":"Point","coordinates":[-3.51995,36.7495]},"properties":{"id":"3a9e532d","name":"Al Natural Poke & Healthy Food","category":"Comida"}},{"type":"Feature","geometry":{"type":"Point","coordinates":[-3.60391,37.18255]},"properties":{"id":"274ce036","name":"Al Sur","category":"Comida"}},{"type":"Feature","geometry":{"type":"Point","coordinates":[-3.60411,37.19013]},"properties":{"id":"fc8c5c7a","name":"Al galope","category":"Comida"}},{"type":"Feature","geometry":{"type":"Point","coordinates":[-3.59998,37.17653]},"properties":{"id":"fe07c231","name":"Al pié de la Torre","category":"Comida"}},{"type":"Feature","geometry":{"type":"Point","coordinates":[-3.60201,37.17681]},"properties":{"id":"83c6244d","name":"Al-Laurel","category":"Comida"}},{"type":"Feature","geometry":{"type":"Point","coordinates":[-3.73026,37.19231]},"properties":{"id":"e3a6d62c","name":"Al-andalus","category":"Comida"}},{"type":"Feature","geometry":{"type":"Point","coordinates":[-3.59894,37.17861]},"properties":{"id":"480c91ac","name":"Al-hambre buffet","category":"Comida"}},{"type":"Feature","geometry":{"type":"Point","coordinates":[-3.59901,37.17357]},"properties":{"id":"4793b8de","name":"Alameda","category":"Comida"}},{"type":"Feature","geometry":{"type":"Point","coordinates":[-3.56981,37.16287]},"properties":{"id":"9fe64e1b","name":"Albanta","category":"Comida"}},{"type":"Feature","geometry":{"type":"Point","coordinates":[-3.60074,37.17582]},"properties":{"id":"664c44a5","name":"Alberobello","category":"Comida"}},{"type":"Feature","geometry":{"type":"Point","coordinates":[-3.66503,36.74301]},"properties":{"id":"22ee3f21","name":"Alhamar","category":"Comida"}},{"type":"Feature","geometry":{"type":"Point","coordinates":[-3.698,36.73129]},"properties":{"id":"b02661cf","name":"Alhambra Beach","category":"Comida"}},{"type":"Feature","geometry":{"type":"Point","coordinates":[-3.32291,36.92978]},"properties":{"id":"1fd9e919","name":"Aljibe","category":"Comida"}},{"type":"Feature","geometry":{"type":"Point","coordinates":[-2.5262,37.81194]},"properties":{"id":"d04fa974","name":"Alkadima","category":"Comida"}},{"type":"Feature","geometry":{"type":"Point","coordinates":[-3.42342,36.90013]},"properties":{"id":"8d7efdb2","name":"Alma Alpujarreña","category":"Comida"}},{"type":"Feature","geometry":{"type":"Point","coordinates":[-3.59324,37.15513]},"properties":{"id":"d9084a0d","name":"Alpunto Mediterráneo","category":"Comida"}},{"type":"Feature","geometry":{"type":"Point","coordinates":[-3.60883,37.18584]},"properties":{"id":"0f95d187","name":"Altamura","category":"Comida"}},{"type":"Feature","geometry":{"type":"Point","coordinates":[-3.59254,37.17851]},"properties":{"id":"01772842","name":"Amazonia Fine Food","category":"Comida"}},{"type":"Feature","geometry":{"type":"Point","coordinates":[-3.39989,37.09322]},"properties":{"id":"cd49c9dc","name":"Andalusí","category":"Comida"}},{"type":"Feature","geometry":{"type":"Point","coordinates":[-3.98906,37.00265]},"properties":{"id":"2de4c57b","name":"Andaluz","category":"Comida"}},{"type":"Feature","geometry":{"type":"Point","coordinates":[-3.60774,37.17821]},"properties":{"id":"cd447bc6","name":"Antonio Pérez","category":"Comida"}},{"type":"Feature","geometry":{"type":"Point","coordinates":[-3.60804,37.17823]},"properties":{"id":"9efbb735","name":"Antonio Pérez Copas","category":"Comida"}},{"type":"Feature","geometry":{"type":"Point","coordinates":[-3.60441,37.17183]},"properties":{"id":"c275f490","name":"Aparicio's","category":"Comida"}},{"type":"Feature","geometry":{"type":"Point","coordinates":[-3.59689,37.18071]},"properties":{"id":"6250593c","name":"Apecú","category":"Comida"}},{"type":"Feature","geometry":{"type":"Point","coordinates":[-3.60565,37.18632]},"properties":{"id":"2c8a3cfe","name":"Apo","category":"Comida"}},{"type":"Feature","geometry":{"type":"Point","coordinates":[-3.6508,37.23366]},"properties":{"id":"76c6c75a","name":"Arolena","category":"Comida"}},{"type":"Feature","geometry":{"type":"Point","coordinates":[-3.59686,37.17815]},"properties":{"id":"114cdeff","name":"Arrayanes","category":"Comida"}},{"type":"Feature","geometry":{"type":"Point","coordinates":[-3.60358,37.10575]},"properties":{"id":"77586783","name":"As de tapas","category":"Comida"}},{"type":"Feature","geometry":{"type":"Point","coordinates":[-3.62603,37.02424]},"properties":{"id":"d104ce51","name":"Asadero de Pollos Padul","category":"Comida"}},{"type":"Feature","geometry":{"type":"Point","coordinates":[-2.47981,37.72471]},"properties":{"id":"e19e67ed","name":"Asador Alcazaba","category":"Comida"}},{"type":"Feature","geometry":{"type":"Point","coordinates":[-3.62099,37.21171]},"properties":{"id":"b174b936","name":"Asador City Wok","category":"Comida"}},{"type":"Feature","geometry":{"type":"Point","coordinates":[-3.63969,37.20452]},"properties":{"id":"838ae6de","name":"Asador La Abadía","category":"Comida"}},{"type":"Feature","geometry":{"type":"Point","coordinates":[-2.66122,37.85296]},"properties":{"id":"c46eabeb","name":"Asador La Parra","category":"Comida"}},{"type":"Feature","geometry":{"type":"Point","coordinates":[-2.60826,37.5537]},"properties":{"id":"69640a18","name":"Asador Ruta 40","category":"Comida"}},{"type":"Feature","geometry":{"type":"Point","coordinates":[-85.95488,11.93081]},"properties":{"id":"dff880a1","name":"Asados Chilito","category":"Comida"}},{"type":"Feature","geometry":{"type":"Point","coordinates":[-85.95142,11.92961]},"properties":{"id":"c097f888","name":"Asados El Corral","category":"Comida"}},{"type":"Feature","geometry":{"type":"Point","coordinates":[-3.59707,37.17141]},"properties":{"id":"3169f9b6","name":"Atahualpa","category":"Comida"}},{"type":"Feature","geometry":{"type":"Point","coordinates":[-3.59607,37.16624]},"properties":{"id":"5877279b","name":"Atelier","category":"Comida"}},{"type":"Feature","geometry":{"type":"Point","coordinates":[-3.51593,36.74517]},"properties":{"id":"0ce8311c","name":"Atipiko","category":"Comida"}},{"type":"Feature","geometry":{"type":"Point","coordinates":[-3.14366,37.30096]},"properties":{"id":"5be6c6ca","name":"Atlantis","category":"Comida"}},{"type":"Feature","geometry":{"type":"Point","coordinates":[-3.69254,37.22222]},"properties":{"id":"e41b3165","name":"Atmósfera Bay","category":"Comida"}},{"type":"Feature","geometry":{"type":"Point","coordinates":[-3.72694,36.72615]},"properties":{"id":"d6e9f832","name":"Atraque7","category":"Comida"}},{"type":"Feature","geometry":{"type":"Point","coordinates":[-3.6043,37.18455]},"properties":{"id":"51f7a981","name":"Aylin Art Cuisine","category":"Comida"}},{"type":"Feature","geometry":{"type":"Point","coordinates":[-85.95032,11.93062]},"properties":{"id":"7c1a7efc","name":"Año Nuevo Chino","category":"Comida"}},{"type":"Feature","geometry":{"type":"Point","coordinates":[-73.7093,3.54221]},"properties":{"id":"cc2c112b","name":"BAR BURBUJAS","category":"Comida"}},{"type":"Feature","geometry":{"type":"Point","coordinates":[-73.70956,3.5445]},"properties":{"id":"2b9f683b","name":"BAR NUEVO AMANECER LLANERO","category":"Comida"}},{"type":"Feature","geometry":{"type":"Point","coordinates":[-73.70475,3.53841]},"properties":{"id":"69effb2b","name":"BILLAR CLUB SOCIAL LOS AMIGOS E.A.","category":"Comida"}},{"type":"Feature","geometry":{"type":"Point","coordinates":[-73.71041,3.54337]},"properties":{"id":"0cd20e0a","name":"BILLARES EL DELFIN","category":"Comida"}},{"type":"Feature","geometry":{"type":"Point","coordinates":[-73.70826,3.54589]},"properties":{"id":"d96971b7","name":"BILLARES EL LLANERAZO J.H","category":"Comida"}},{"type":"Feature","geometry":{"type":"Point","coordinates":[-3.59692,37.17707]},"properties":{"id":"482e7f89","name":"Bab Mansour","category":"Comida"}},{"type":"Feature","geometry":{"type":"Point","coordinates":[-3.60706,37.17422]},"properties":{"id":"5bbd9058","name":"Babel","category":"Comida"}},{"type":"Feature","geometry":{"type":"Point","coordinates":[-3.55377,36.71555]},"properties":{"id":"a569e577","name":"Badía Beach Club & Restaurant","category":"Comida"}},{"type":"Feature","geometry":{"type":"Point","coordinates":[-3.47881,37.15233]},"properties":{"id":"f2ccc258","name":"Balcón de Canales","category":"Comida"}},{"type":"Feature","geometry":{"type":"Point","coordinates":[-3.71394,36.73341]},"properties":{"id":"a9b59f52","name":"Balcón de Cotobro","category":"Comida"}},{"type":"Feature","geometry":{"type":"Point","coordinates":[-3.58517,37.17008]},"properties":{"id":"124289dd","name":"Balcón de Granada (Casa Paco)","category":"Comida"}},{"type":"Feature","geometry":{"type":"Point","coordinates":[-3.0111,37.00843]},"properties":{"id":"6400d53f","name":"Balcón de la Alpujarra","category":"Comida"}},{"type":"Feature","geometry":{"type":"Point","coordinates":[-3.70253,36.73417]},"properties":{"id":"1fb8237a","name":"Balcón del Mar","category":"Comida"}},{"type":"Feature","geometry":{"type":"Point","coordinates":[-3.57738,37.12467]},"properties":{"id":"83162537","name":"Baltanás","category":"Comida"}},{"type":"Feature","geometry":{"type":"Point","coordinates":[-3.61125,37.17981]},"properties":{"id":"52df1540","name":"Bambi","category":"Comida"}},{"type":"Feature","geometry":{"type":"Point","coordinates":[-3.60547,37.17727]},"properties":{"id":"4ee56d7c","name":"Bamboleo Canalla","category":"Comida"}},{"type":"Feature","geometry":{"type":"Point","coordinates":[-3.54283,36.71957]},"properties":{"id":"4e52ad28","name":"Bambú Beach","category":"Comida"}},{"type":"Feature","geometry":{"type":"Point","coordinates":[-3.74691,36.73711]},"properties":{"id":"22873a62","name":"Bambú Club","category":"Comida"}},{"type":"Feature","geometry":{"type":"Point","coordinates":[-3.51581,36.83365]},"properties":{"id":"597e4373","name":"Bar & Grill Thivany's","category":"Comida"}},{"type":"Feature","geometry":{"type":"Point","coordinates":[-3.59309,37.1826]},"properties":{"id":"196fa342","name":"Bar Aixa","category":"Comida"}},{"type":"Feature","geometry":{"type":"Point","coordinates":[-3.51146,36.75145]},"properties":{"id":"24c31730","name":"Bar Aragón","category":"Comida"}},{"type":"Feature","geometry":{"type":"Point","coordinates":[-3.08381,36.99664]},"properties":{"id":"a4de44ed","name":"Bar Azahara","category":"Comida"}},{"type":"Feature","geometry":{"type":"Point","coordinates":[-3.41616,36.70142]},"properties":{"id":"f7eb5096","name":"Bar Calasol","category":"Comida"}},{"type":"Feature","geometry":{"type":"Point","coordinates":[-3.6001,37.17558]},"properties":{"id":"b78b6c32","name":"Bar Casa Julio","category":"Comida"}},{"type":"Feature","geometry":{"type":"Point","coordinates":[-3.59677,37.17657]},"properties":{"id":"ca426981","name":"Bar Casa Julio 1947","category":"Comida"}},{"type":"Feature","geometry":{"type":"Point","coordinates":[-3.59699,37.18043]},"properties":{"id":"fb34a9bc","name":"Bar Casa María","category":"Comida"}},{"type":"Feature","geometry":{"type":"Point","coordinates":[-3.42269,36.89907]},"properties":{"id":"f0edc5eb","name":"Bar Cañadas","category":"Comida"}},{"type":"Feature","geometry":{"type":"Point","coordinates":[-3.49261,36.70713]},"properties":{"id":"f82c2830","name":"Bar Cerezo","category":"Comida"}},{"type":"Feature","geometry":{"type":"Point","coordinates":[-4.04084,37.18703]},"properties":{"id":"1ddcac49","name":"Bar Chary","category":"Comida"}},{"type":"Feature","geometry":{"type":"Point","coordinates":[-3.61131,37.1805]},"properties":{"id":"de0ed70e","name":"Bar D'Kañas","category":"Comida"}},{"type":"Feature","geometry":{"type":"Point","coordinates":[-3.49261,36.92122]},"properties":{"id":"ab49d485","name":"Bar El Frenazo","category":"Comida"}},{"type":"Feature","geometry":{"type":"Point","coordinates":[-2.64126,37.71662]},"properties":{"id":"69a09b32","name":"Bar El Rincón","category":"Comida"}},{"type":"Feature","geometry":{"type":"Point","coordinates":[-2.66992,37.68088]},"properties":{"id":"194f7fff","name":"Bar Emilio","category":"Comida"}},{"type":"Feature","geometry":{"type":"Point","coordinates":[-3.49177,36.7046]},"properties":{"id":"3af0dd79","name":"Bar Justino","category":"Comida"}},{"type":"Feature","geometry":{"type":"Point","coordinates":[-3.51626,36.74621]},"properties":{"id":"e73e9ba8","name":"Bar La Bodega","category":"Comida"}},{"type":"Feature","geometry":{"type":"Point","coordinates":[-3.58504,37.11484]},"properties":{"id":"cbe72a64","name":"Bar La Cabina","category":"Comida"}},{"type":"Feature","geometry":{"type":"Point","coordinates":[-3.65647,37.25595]},"properties":{"id":"d07a6dcd","name":"Bar La Rosa","category":"Comida"}},{"type":"Feature","geometry":{"type":"Point","coordinates":[-3.51277,36.74759]},"properties":{"id":"b8a7e7e9","name":"Bar La Tomatina","category":"Comida"}},{"type":"Feature","geometry":{"type":"Point","coordinates":[-3.59618,37.17628]},"properties":{"id":"33e42676","name":"Bar La Trastienda","category":"Comida"}},{"type":"Feature","geometry":{"type":"Point","coordinates":[-3.41766,36.69863]},"properties":{"id":"192961ff","name":"Bar Las Sirenas","category":"Comida"}},{"type":"Feature","geometry":{"type":"Point","coordinates":[-3.47312,36.92035]},"properties":{"id":"72a7a5c5","name":"Bar Los Faroles","category":"Comida"}},{"type":"Feature","geometry":{"type":"Point","coordinates":[-3.08889,37.55768]},"properties":{"id":"ae49b51a","name":"Bar Martinez","category":"Comida"}},{"type":"Feature","geometry":{"type":"Point","coordinates":[-3.18676,36.7732]},"properties":{"id":"b0e4634e","name":"Bar María","category":"Comida"}},{"type":"Feature","geometry":{"type":"Point","coordinates":[-3.47934,36.73086]},"properties":{"id":"390e8bfd","name":"Bar Merco","category":"Comida"}},{"type":"Feature","geometry":{"type":"Point","coordinates":[-2.95322,37.53042]},"properties":{"id":"9cb148f2","name":"Bar Miambro","category":"Comida"}},{"type":"Feature","geometry":{"type":"Point","coordinates":[-85.95258,11.94055]},"properties":{"id":"8867532a","name":"Bar Moragon","category":"Comida"}},{"type":"Feature","geometry":{"type":"Point","coordinates":[-3.51438,36.83635]},"properties":{"id":"7aac9f8f","name":"Bar Olivo","category":"Comida"}},{"type":"Feature","geometry":{"type":"Point","coordinates":[-4.12072,36.95742]},"properties":{"id":"0e1b2e74","name":"Bar Pensionista","category":"Comida"}},{"type":"Feature","geometry":{"type":"Point","coordinates":[-3.4279,36.92614]},"properties":{"id":"504542a2","name":"Bar Piki","category":"Comida"}},{"type":"Feature","geometry":{"type":"Point","coordinates":[-3.39922,37.5572]},"properties":{"id":"2e5f0434","name":"Bar Pizzería Italia","category":"Comida"}},{"type":"Feature","geometry":{"type":"Point","coordinates":[-3.60344,37.17438]},"properties":{"id":"e04c1359","name":"Bar Poë","category":"Comida"}},{"type":"Feature","geometry":{"type":"Point","coordinates":[-4.14145,36.97264]},"properties":{"id":"cc95b635","name":"Bar Ramón","category":"Comida"}},{"type":"Feature","geometry":{"type":"Point","coordinates":[-3.71491,37.26548]},"properties":{"id":"12935456","name":"Bar Restaurante Casa Caparacena","category":"Comida"}},{"type":"Feature","geometry":{"type":"Point","coordinates":[-3.47571,36.91915]},"properties":{"id":"d931a306","name":"Bar Restaurante El Ahumado","category":"Comida"}},{"type":"Feature","geometry":{"type":"Point","coordinates":[-3.59519,37.32869]},"properties":{"id":"d6e33564","name":"Bar Restaurante El Puente","category":"Comida"}},{"type":"Feature","geometry":{"type":"Point","coordinates":[-3.69682,36.73039]},"properties":{"id":"37011def","name":"Bar Restaurante Pepe","category":"Comida"}},{"type":"Feature","geometry":{"type":"Point","coordinates":[-2.54977,37.74405]},"properties":{"id":"8d91e50e","name":"Bar Terraza","category":"Comida"}},{"type":"Feature","geometry":{"type":"Point","coordinates":[-3.13628,36.95708]},"properties":{"id":"49ac580a","name":"Bar Torrejon","category":"Comida"}},{"type":"Feature","geometry":{"type":"Point","coordinates":[-85.956,11.92647]},"properties":{"id":"ad87e9d9","name":"Bar Toña","category":"Comida"}},{"type":"Feature","geometry":{"type":"Point","coordinates":[-85.95153,11.92896]},"properties":{"id":"cc34dd06","name":"Bar Y Restaurante El Camito","category":"Comida"}},{"type":"Feature","geometry":{"type":"Point","coordinates":[-3.40264,36.7874]},"properties":{"id":"50edd0c2","name":"Bar de Andrés Barros","category":"Comida"}},{"type":"Feature","geometry":{"type":"Point","coordinates":[-3.78249,37.21734]},"properties":{"id":"7fdae929","name":"Bar de tapas El Kiosko","category":"Comida"}},{"type":"Feature","geometry":{"type":"Point","coordinates":[-3.69245,36.7352]},"properties":{"id":"515d348d","name":"Bar del Acuario","category":"Comida"}},{"type":"Feature","geometry":{"type":"Point","coordinates":[-3.14156,37.29524]},"properties":{"id":"bc56ea7e","name":"Bar el Perlas","category":"Comida"}},{"type":"Feature","geometry":{"type":"Point","coordinates":[-3.786,37.34033]},"properties":{"id":"b6710ccd","name":"Bar la Plaza","category":"Comida"}},{"type":"Feature","geometry":{"type":"Point","coordinates":[-3.58766,36.73278]},"properties":{"id":"a4c9fd03","name":"Bar Época","category":"Comida"}},{"type":"Feature","geometry":{"type":"Point","coordinates":[-3.60878,37.19042]},"properties":{"id":"1ba183a9","name":"Bar-Asador Mariano el Pescador","category":"Comida"}},{"type":"Feature","geometry":{"type":"Point","coordinates":[-3.91055,36.93454]},"properties":{"id":"18b0cd72","name":"Bar-Restaurante Los Ángeles","category":"Comida"}},{"type":"Feature","geometry":{"type":"Point","coordinates":[-3.42227,36.90293]},"properties":{"id":"cb479a05","name":"Baraka","category":"Comida"}},{"type":"Feature","geometry":{"type":"Point","coordinates":[-3.68869,36.73137]},"properties":{"id":"fdfbdcfe","name":"Barlovento","category":"Comida"}},{"type":"Feature","geometry":{"type":"Point","coordinates":[-3.60015,37.17709]},"properties":{"id":"b9fcb1af","name":"Basil","category":"Comida"}},{"type":"Feature","geometry":{"type":"Point","coordinates":[-4.05289,37.19992]},"properties":{"id":"053d6536","name":"Bebidas El Tercio","category":"Comida"}},{"type":"Feature","geometry":{"type":"Point","coordinates":[-85.95498,11.92951]},"properties":{"id":"04bcd8ac","name":"Beer House - Sport Bar","category":"Comida"}},{"type":"Feature","geometry":{"type":"Point","coordinates":[-3.3612,36.94069]},"properties":{"id":"a0da7b0e","name":"Belezmín","category":"Comida"}},{"type":"Feature","geometry":{"type":"Point","coordinates":[-3.60095,37.17791]},"properties":{"id":"1fc734f3","name":"Bella Kurva","category":"Comida"}},{"type":"Feature","geometry":{"type":"Point","coordinates":[-3.6078,37.17634]},"properties":{"id":"b22e68c6","name":"Belladama","category":"Comida"}},{"type":"Feature","geometry":{"type":"Point","coordinates":[-3.64933,37.22391]},"properties":{"id":"4001fa78","name":"Bellavista","category":"Comida"}},{"type":"Feature","geometry":{"type":"Point","coordinates":[-3.60227,37.17717]},"properties":{"id":"8f4baab5","name":"Betula Nana","category":"Comida"}},{"type":"Feature","geometry":{"type":"Point","coordinates":[-3.59989,37.17475]},"properties":{"id":"fb3c5e31","name":"Bib Rambla Deco","category":"Comida"}},{"type":"Feature","geometry":{"type":"Point","coordinates":[-3.48952,36.70325]},"properties":{"id":"ac4cad5c","name":"Big Burger","category":"Comida"}},{"type":"Feature","geometry":{"type":"Point","coordinates":[-3.6948,36.7303]},"properties":{"id":"45c95ec1","name":"Bikini","category":"Comida"}},{"type":"Feature","geometry":{"type":"Point","coordinates":[-3.558,37.06345]},"properties":{"id":"2315f636","name":"Biodilar Alayos","category":"Comida"}},{"type":"Feature","geometry":{"type":"Point","coordinates":[-2.907,37.52721]},"properties":{"id":"55777e82","name":"Black & White","category":"Comida"}},{"type":"Feature","geometry":{"type":"Point","coordinates":[-3.59823,37.17411]},"properties":{"id":"c3693934","name":"Blanca Paloma","category":"Comida"}},{"type":"Feature","geometry":{"type":"Point","coordinates":[-85.95067,11.93076]},"properties":{"id":"d88610ff","name":"Blu carretas","category":"Comida"}},{"type":"Feature","geometry":{"type":"Point","coordinates":[-3.60428,37.17709]},"properties":{"id":"84283eb3","name":"Blus","category":"Comida"}},{"type":"Feature","geometry":{"type":"Point","coordinates":[-3.59708,37.17743]},"properties":{"id":"ccf3ada2","name":"Boabdil","category":"Comida"}},{"type":"Feature","geometry":{"type":"Point","coordinates":[-85.9527,11.92943]},"properties":{"id":"53614eb0","name":"Boca Baco","category":"Comida"}},{"type":"Feature","geometry":{"type":"Point","coordinates":[-85.95273,11.93276]},"properties":{"id":"40b3ea76","name":"Bocadillos tapas kitchen & bar","category":"Comida"}},{"type":"Feature","geometry":{"type":"Point","coordinates":[-3.69053,36.73328]},"properties":{"id":"6c93ed18","name":"Bodega Francesco I.","category":"Comida"}},{"type":"Feature","geometry":{"type":"Point","coordinates":[-3.73939,36.73388]},"properties":{"id":"2119c95d","name":"Bodega La Barrica","category":"Comida"}},{"type":"Feature","geometry":{"type":"Point","coordinates":[-3.59903,37.17043]},"properties":{"id":"5ca42baa","name":"Bodega Los Tintos","category":"Comida"}},{"type":"Feature","geometry":{"type":"Point","coordinates":[-3.36105,36.94065]},"properties":{"id":"03a23de3","name":"Bodega el Lagar","category":"Comida"}},{"type":"Feature","geometry":{"type":"Point","coordinates":[-4.04751,37.19689]},"properties":{"id":"25c81a44","name":"Bodega el Patio","category":"Comida"}},{"type":"Feature","geometry":{"type":"Point","coordinates":[-3.59699,37.17683]},"properties":{"id":"4145d02f","name":"Bodegas Castañeda","category":"Comida"}},{"type":"Feature","geometry":{"type":"Point","coordinates":[-3.60003,37.1494]},"properties":{"id":"be1a4f5b","name":"Boka","category":"Comida"}},{"type":"Feature","geometry":{"type":"Point","coordinates":[-3.7771,36.73826]},"properties":{"id":"49b98349","name":"Bola Marina","category":"Comida"}},{"type":"Feature","geometry":{"type":"Point","coordinates":[-3.59691,37.17784]},"properties":{"id":"31bc9c43","name":"Bombay Granada","category":"Comida"}},{"type":"Feature","geometry":{"type":"Point","coordinates":[-3.59687,37.17785]},"properties":{"id":"75228352","name":"Bombay Vegano","category":"Comida"}},{"type":"Feature","geometry":{"type":"Point","coordinates":[-3.59673,37.17563]},"properties":{"id":"d7c3395d","name":"Bongo","category":"Comida"}},{"type":"Feature","geometry":{"type":"Point","coordinates":[-3.56191,36.71791]},"properties":{"id":"39b3c05e","name":"Bonobo","category":"Comida"}},{"type":"Feature","geometry":{"type":"Point","coordinates":[-3.58475,36.72891]},"properties":{"id":"639aa8d1","name":"Borocco Beach Club","category":"Comida"}},{"type":"Feature","geometry":{"type":"Point","coordinates":[-3.61014,37.19556]},"properties":{"id":"5da2ba37","name":"Borsalino","category":"Comida"}},{"type":"Feature","geometry":{"type":"Point","coordinates":[-2.53954,37.80744]},"properties":{"id":"ff9a7c57","name":"Boss","category":"Comida"}},{"type":"Feature","geometry":{"type":"Point","coordinates":[-3.69948,36.73207]},"properties":{"id":"8230e746","name":"Boto's","category":"Comida"}},{"type":"Feature","geometry":{"type":"Point","coordinates":[-3.60193,37.1773]},"properties":{"id":"9e66af6c","name":"Botánico Café","category":"Comida"}},{"type":"Feature","geometry":{"type":"Point","coordinates":[-3.59478,37.15537]},"properties":{"id":"544e3913","name":"Bouquet","category":"Comida"}},{"type":"Feature","geometry":{"type":"Point","coordinates":[-3.60828,37.1788]},"properties":{"id":"4ddb03b2","name":"Bouqué","category":"Comida"}},{"type":"Feature","geometry":{"type":"Point","coordinates":[-3.6065,37.1867]},"properties":{"id":"37b57f01","name":"Brasilia","category":"Comida"}},{"type":"Feature","geometry":{"type":"Point","coordinates":[-3.5988,37.16824]},"properties":{"id":"992ecd5e","name":"Buen gusto","category":"Comida"}},{"type":"Feature","geometry":{"type":"Point","coordinates":[-3.60026,37.17704]},"properties":{"id":"c76c8693","name":"Bueno","category":"Comida"}},{"type":"Feature","geometry":{"type":"Point","coordinates":[-3.13542,37.29976]},"properties":{"id":"5dec974a","name":"Buho","category":"Comida"}},{"type":"Feature","geometry":{"type":"Point","coordinates":[-3.60103,37.17583]},"properties":{"id":"368fff54","name":"Burbu","category":"Comida"}},{"type":"Feature","geometry":{"type":"Point","coordinates":[-3.58999,36.73652]},"properties":{"id":"1721f217","name":"Burger Lover","category":"Comida"}},{"type":"Feature","geometry":{"type":"Point","coordinates":[-73.71132,3.54924]},"properties":{"id":"459adb9c","name":"CAFE BAR COMO DICE EL DICHO","category":"Comida"}},{"type":"Feature","geometry":{"type":"Point","coordinates":[-73.70961,3.55685]},"properties":{"id":"fcea0c5f","name":"CAMPO DE TEJO Y BILLARES POOL CACHET","category":"Comida"}},{"type":"Feature","geometry":{"type":"Point","coordinates":[-3.40023,37.09432]},"properties":{"id":"04c5d597","name":"CI Vediamo","category":"Comida"}},{"type":"Feature","geometry":{"type":"Point","coordinates":[-73.71211,3.55578]},"properties":{"id":"808e2618","name":"CLUB DE BILLAR Y TEJO LOS SUPER AMIGOS","category":"Comida"}},{"type":"Feature","geometry":{"type":"Point","coordinates":[-73.71114,3.54564]},"properties":{"id":"8473017a","name":"CLUB DE BILLARES MIXTOS EL DELFIN","category":"Comida"}},{"type":"Feature","geometry":{"type":"Point","coordinates":[-73.7118,3.55765]},"properties":{"id":"33895d62","name":"CLUB DE BILLARES TROPICAL","category":"Comida"}},{"type":"Feature","geometry":{"type":"Point","coordinates":[-73.70906,3.54156]},"properties":{"id":"604ebf12","name":"CLUB SOCIAL Y DEPORTIVO LOS CENTAUROS","category":"Comida"}},{"type":"Feature","geometry":{"type":"Point","coordinates":[-3.40043,37.09039]},"properties":{"id":"b78c9605","name":"Cabaña Mirlo Blanco","category":"Comida"}},{"type":"Feature","geometry":{"type":"Point","coordinates":[-85.95569,11.93262]},"properties":{"id":"deb91b00","name":"Cafe Isabella","category":"Comida"}},{"type":"Feature","geometry":{"type":"Point","coordinates":[-3.60696,37.17798]},"properties":{"id":"1208ea5f","name":"Cafe-Bar Mami","category":"Comida"}},{"type":"Feature","geometry":{"type":"Point","coordinates":[-2.93174,37.61035]},"properties":{"id":"ee15ebfc","name":"Cafeteria Bar Zambra","category":"Comida"}},{"type":"Feature","geometry":{"type":"Point","coordinates":[-3.6134,37.1786]},"properties":{"id":"49fa6f54","name":"Cafetería Restaurante El Corte Inglés","category":"Comida"}},{"type":"Feature","geometry":{"type":"Point","coordinates":[-3.77679,37.1851]},"properties":{"id":"e36c1745","name":"Cafetería Restaurante Los Abades","category":"Comida"}},{"type":"Feature","geometry":{"type":"Point","coordinates":[-4.05207,37.19748]},"properties":{"id":"6fc413eb","name":"Cafetería el Olivo","category":"Comida"}},{"type":"Feature","geometry":{"type":"Point","coordinates":[-85.95361,11.93284]},"properties":{"id":"6d90468a","name":"Cafetin Claudia","category":"Comida"}},{"type":"Feature","geometry":{"type":"Point","coordinates":[-85.95647,11.92813]},"properties":{"id":"b9a4b6d9","name":"Cafetin El Volcán","category":"Comida"}},{"type":"Feature","geometry":{"type":"Point","coordinates":[-85.95371,11.93265]},"properties":{"id":"7f6c0108","name":"Cafetin Yoli","category":"Comida"}},{"type":"Feature","geometry":{"type":"Point","coordinates":[-3.59702,37.15451]},"properties":{"id":"98bce83f","name":"Café Bar Gaspar","category":"Comida"}},{"type":"Feature","geometry":{"type":"Point","coordinates":[-3.5115,36.75178]},"properties":{"id":"f712a4f0","name":"Café Bar La Perdiz","category":"Comida"}},{"type":"Feature","geometry":{"type":"Point","coordinates":[-3.35903,36.96199]},"properties":{"id":"10600200","name":"Café Bar Rosendo","category":"Comida"}},{"type":"Feature","geometry":{"type":"Point","coordinates":[-3.59334,37.1738]},"properties":{"id":"fc029225","name":"Café Damasqueros","category":"Comida"}},{"type":"Feature","geometry":{"type":"Point","coordinates":[-3.52807,36.74198]},"properties":{"id":"5614410c","name":"Café Komo","category":"Comida"}},{"type":"Feature","geometry":{"type":"Point","coordinates":[-3.35827,36.96072]},"properties":{"id":"6c6a5bfe","name":"Café Magick","category":"Comida"}},{"type":"Feature","geometry":{"type":"Point","coordinates":[-3.53868,37.13252]},"properties":{"id":"95838111","name":"Café Pub \"La barbería\"","category":"Comida"}},{"type":"Feature","geometry":{"type":"Point","coordinates":[-3.60702,37.17414]},"properties":{"id":"b58d1a5d","name":"Café Pub Amsterdam","category":"Comida"}},{"type":"Feature","geometry":{"type":"Point","coordinates":[-3.73952,36.73258]},"properties":{"id":"e4765be5","name":"Café bar Califa","category":"Comida"}},{"type":"Feature","geometry":{"type":"Point","coordinates":[-3.48165,37.21767]},"properties":{"id":"9573c9cf","name":"Café bar D’ Guille","category":"Comida"}},{"type":"Feature","geometry":{"type":"Point","coordinates":[-3.68538,37.22217]},"properties":{"id":"398e5fb4","name":"Café-Pub Coca","category":"Comida"}},{"type":"Feature","geometry":{"type":"Point","coordinates":[-4.04619,37.19465]},"properties":{"id":"f6938531","name":"Café-Pub La Manssion","category":"Comida"}},{"type":"Feature","geometry":{"type":"Point","coordinates":[-3.62005,37.16987]},"properties":{"id":"fd651408","name":"Camaura","category":"Comida"}},{"type":"Feature","geometry":{"type":"Point","coordinates":[-3.54639,36.71831]},"properties":{"id":"d2db98c4","name":"Camping Playa de Poniente","category":"Comida"}},{"type":"Feature","geometry":{"type":"Point","coordinates":[-3.61655,37.21446]},"properties":{"id":"f87513c0","name":"Cantina Mariachi","category":"Comida"}},{"type":"Feature","geometry":{"type":"Point","coordinates":[-3.13286,37.30549]},"properties":{"id":"9fa20b8e","name":"Capricho","category":"Comida"}},{"type":"Feature","geometry":{"type":"Point","coordinates":[-3.62049,37.21177]},"properties":{"id":"084eeeb4","name":"Carl's Jr. Granaita","category":"Comida"}},{"type":"Feature","geometry":{"type":"Point","coordinates":[-3.59646,37.17565]},"properties":{"id":"102b5b62","name":"Carmela","category":"Comida"}},{"type":"Feature","geometry":{"type":"Point","coordinates":[-3.59327,37.1752]},"properties":{"id":"76fe2dcf","name":"Carmen de San Miguel","category":"Comida"}},{"type":"Feature","geometry":{"type":"Point","coordinates":[-3.59055,36.73594]},"properties":{"id":"42fbb2a5","name":"Carne a la Piedra","category":"Comida"}},{"type":"Feature","geometry":{"type":"Point","coordinates":[-3.60037,37.1754]},"properties":{"id":"61750c2f","name":"Caroca","category":"Comida"}},{"type":"Feature","geometry":{"type":"Point","coordinates":[-3.60029,37.17528]},"properties":{"id":"484c47c6","name":"Caroca","category":"Comida"}},{"type":"Feature","geometry":{"type":"Point","coordinates":[-3.4924,36.70501]},"properties":{"id":"9c3322f8","name":"Carrizo II","category":"Comida"}},{"type":"Feature","geometry":{"type":"Point","coordinates":[-3.58982,37.17898]},"properties":{"id":"c52cc8e9","name":"Casa 1899","category":"Comida"}},{"type":"Feature","geometry":{"type":"Point","coordinates":[-3.59796,37.17354]},"properties":{"id":"99e8bcb7","name":"Casa 22","category":"Comida"}},{"type":"Feature","geometry":{"type":"Point","coordinates":[-2.54052,37.814]},"properties":{"id":"81e50fee","name":"Casa Beteta","category":"Comida"}},{"type":"Feature","geometry":{"type":"Point","coordinates":[-85.9564,11.93218]},"properties":{"id":"3c39a57d","name":"Casa Bohemia","category":"Comida"}},{"type":"Feature","geometry":{"type":"Point","coordinates":[-3.59714,37.16807]},"properties":{"id":"75ef2d1a","name":"Casa Colón","category":"Comida"}},{"type":"Feature","geometry":{"type":"Point","coordinates":[-3.64538,37.22264]},"properties":{"id":"9e96d17b","name":"Casa Cristobal","category":"Comida"}},{"type":"Feature","geometry":{"type":"Point","coordinates":[-3.59996,37.17564]},"properties":{"id":"a6b1f294","name":"Casa Daniel","category":"Comida"}},{"type":"Feature","geometry":{"type":"Point","coordinates":[-3.36092,36.9405]},"properties":{"id":"b1b7b016","name":"Casa Diego","category":"Comida"}},{"type":"Feature","geometry":{"type":"Point","coordinates":[-3.59421,37.17361]},"properties":{"id":"25810b45","name":"Casa El Sota","category":"Comida"}},{"type":"Feature","geometry":{"type":"Point","coordinates":[-3.58801,36.73243]},"properties":{"id":"0a47111e","name":"Casa Emilio","category":"Comida"}},{"type":"Feature","geometry":{"type":"Point","coordinates":[-3.6058,37.17213]},"properties":{"id":"62cf305b","name":"Casa Encarna","category":"Comida"}},{"type":"Feature","geometry":{"type":"Point","coordinates":[-3.59334,37.18381]},"properties":{"id":"9eda8a3e","name":"Casa Gabriel","category":"Comida"}},{"type":"Feature","geometry":{"type":"Point","coordinates":[-3.33213,37.31936]},"properties":{"id":"bb3c6aaf","name":"Casa Hita","category":"Comida"}},{"type":"Feature","geometry":{"type":"Point","coordinates":[-3.15456,36.98254]},"properties":{"id":"0f10ce3e","name":"Casa Joaquín","category":"Comida"}},{"type":"Feature","geometry":{"type":"Point","coordinates":[-3.62031,37.18828]},"properties":{"id":"29cc68c7","name":"Casa Joaquín","category":"Comida"}},{"type":"Feature","geometry":{"type":"Point","coordinates":[-3.36066,36.93969]},"properties":{"id":"8d23949a","name":"Casa Julio","category":"Comida"}},{"type":"Feature","geometry":{"type":"Point","coordinates":[-3.57733,37.14717]},"properties":{"id":"c840ca1f","name":"Casa Liya","category":"Comida"}},{"type":"Feature","geometry":{"type":"Point","coordinates":[-3.60925,37.17451]},"properties":{"id":"9eca76c1","name":"Casa Manjares","category":"Comida"}},{"type":"Feature","geometry":{"type":"Point","coordinates":[-3.66598,36.74164]},"properties":{"id":"f62f416a","name":"Casa Mariano","category":"Comida"}},{"type":"Feature","geometry":{"type":"Point","coordinates":[-3.59169,37.15381]},"properties":{"id":"6f1eadc5","name":"Casa Mol","category":"Comida"}},{"type":"Feature","geometry":{"type":"Point","coordinates":[-3.52226,36.72357]},"properties":{"id":"e714e58b","name":"Casa Pablo","category":"Comida"}},{"type":"Feature","geometry":{"type":"Point","coordinates":[-4.05471,37.19624]},"properties":{"id":"26b61767","name":"Casa Paco","category":"Comida"}},{"type":"Feature","geometry":{"type":"Point","coordinates":[-3.21003,37.30338]},"properties":{"id":"d667fd20","name":"Casa Pedro","category":"Comida"}},{"type":"Feature","geometry":{"type":"Point","coordinates":[-3.60246,37.16892]},"properties":{"id":"53e41f2a","name":"Casa Rafa","category":"Comida"}},{"type":"Feature","geometry":{"type":"Point","coordinates":[-3.58271,37.11995]},"properties":{"id":"0c81df19","name":"Casa Robert","category":"Comida"}},{"type":"Feature","geometry":{"type":"Point","coordinates":[-3.42117,36.90035]},"properties":{"id":"4f1a51eb","name":"Casa Rodrigo","category":"Comida"}},{"type":"Feature","geometry":{"type":"Point","coordinates":[-3.59362,37.18402]},"properties":{"id":"699bbaaa","name":"Casa Torcuato","category":"Comida"}},{"type":"Feature","geometry":{"type":"Point","coordinates":[-3.59207,37.14876]},"properties":{"id":"f3f13f36","name":"Casa Trastos","category":"Comida"}},{"type":"Feature","geometry":{"type":"Point","coordinates":[-3.59734,37.16833]},"properties":{"id":"966a6588","name":"Casa Zarco","category":"Comida"}},{"type":"Feature","geometry":{"type":"Point","coordinates":[-3.59639,37.17573]},"properties":{"id":"47791825","name":"Casa de Vinos","category":"Comida"}},{"type":"Feature","geometry":{"type":"Point","coordinates":[-3.60261,37.18006]},"properties":{"id":"31a21251","name":"Casa de Wu","category":"Comida"}},{"type":"Feature","geometry":{"type":"Point","coordinates":[-3.60374,37.16885]},"properties":{"id":"ea4081a0","name":"Casa Ángeles","category":"Comida"}},{"type":"Feature","geometry":{"type":"Point","coordinates":[-3.59815,37.17361]},"properties":{"id":"9e723b3d","name":"Casa Ángeles","category":"Comida"}},{"type":"Feature","geometry":{"type":"Point","coordinates":[-2.76624,37.49263]},"properties":{"id":"67ef015b","name":"Casabao VII","category":"Comida"}},{"type":"Feature","geometry":{"type":"Point","coordinates":[-3.59744,37.17727]},"properties":{"id":"cf5ca677","name":"Castillo Biejo","category":"Comida"}},{"type":"Feature","geometry":{"type":"Point","coordinates":[-3.67519,37.19618]},"properties":{"id":"25799468","name":"Catering Velázquez","category":"Comida"}},{"type":"Feature","geometry":{"type":"Point","coordinates":[-3.38845,37.07155]},"properties":{"id":"dd72f529","name":"Central Grill","category":"Comida"}},{"type":"Feature","geometry":{"type":"Point","coordinates":[-85.95076,11.92995]},"properties":{"id":"5b5a857e","name":"Centralito","category":"Comida"}},{"type":"Feature","geometry":{"type":"Point","coordinates":[-3.60025,37.17522]},"properties":{"id":"0aa45706","name":"Centro de Granada","category":"Comida"}},{"type":"Feature","geometry":{"type":"Point","coordinates":[-3.74071,36.7336]},"properties":{"id":"1acc0dc7","name":"Cerveceria La Bola Marina","category":"Comida"}},{"type":"Feature","geometry":{"type":"Point","coordinates":[-3.51964,36.74975]},"properties":{"id":"32db0f36","name":"Cervecería Motril","category":"Comida"}},{"type":"Feature","geometry":{"type":"Point","coordinates":[-2.76965,37.6526]},"properties":{"id":"924e239a","name":"Cervecería Navas","category":"Comida"}},{"type":"Feature","geometry":{"type":"Point","coordinates":[-2.4793,37.7214]},"properties":{"id":"9edde820","name":"Cervecería Plaza Nueva","category":"Comida"}},{"type":"Feature","geometry":{"type":"Point","coordinates":[-4.04663,37.19693]},"properties":{"id":"7710d657","name":"Cervecería el Duende","category":"Comida"}},{"type":"Feature","geometry":{"type":"Point","coordinates":[-3.57606,36.99589]},"properties":{"id":"d247982f","name":"Chambao El Vizco","category":"Comida"}},{"type":"Feature","geometry":{"type":"Point","coordinates":[-3.73624,36.72936]},"properties":{"id":"78be79ba","name":"Chambao de Joaquin","category":"Comida"}},{"type":"Feature","geometry":{"type":"Point","coordinates":[-3.75461,36.73867]},"properties":{"id":"3195fd5e","name":"Chambao de Vicente","category":"Comida"}},{"type":"Feature","geometry":{"type":"Point","coordinates":[-85.96779,11.93125]},"properties":{"id":"1de52147","name":"Charly's Bar & Restaurante","category":"Comida"}},{"type":"Feature","geometry":{"type":"Point","coordinates":[-3.60155,37.16843]},"properties":{"id":"f0ae3cc9","name":"Cheers de Luis","category":"Comida"}},{"type":"Feature","geometry":{"type":"Point","coordinates":[-85.95613,11.93069]},"properties":{"id":"b6bb2b12","name":"Chepapo","category":"Comida"}},{"type":"Feature","geometry":{"type":"Point","coordinates":[-85.95262,11.94019]},"properties":{"id":"23272367","name":"Chico Tripa","category":"Comida"}},{"type":"Feature","geometry":{"type":"Point","coordinates":[-3.38788,37.07143]},"properties":{"id":"89477398","name":"Chiki Club Sierra Nevada","category":"Comida"}},{"type":"Feature","geometry":{"type":"Point","coordinates":[-3.5978,37.17198]},"properties":{"id":"07ba6368","name":"Chikito","category":"Comida"}},{"type":"Feature","geometry":{"type":"Point","coordinates":[-3.69681,36.73072]},"properties":{"id":"1e05eabb","name":"China Town 2","category":"Comida"}},{"type":"Feature","geometry":{"type":"Point","coordinates":[-3.4047,37.14135]},"properties":{"id":"83faf1a8","name":"Chiquito","category":"Comida"}},{"type":"Feature","geometry":{"type":"Point","coordinates":[-3.67253,36.73429]},"properties":{"id":"cad78dc2","name":"Chiringuito - Restaurante La Barca","category":"Comida"}},{"type":"Feature","geometry":{"type":"Point","coordinates":[-3.53753,36.72249]},"properties":{"id":"54d47c2d","name":"Chiringuito Alonso","category":"Comida"}},{"type":"Feature","geometry":{"type":"Point","coordinates":[-3.74838,36.73762]},"properties":{"id":"fda51747","name":"Chiringuito Amarre","category":"Comida"}},{"type":"Feature","geometry":{"type":"Point","coordinates":[-3.74015,36.73267]},"properties":{"id":"ac372238","name":"Chiringuito Bambú","category":"Comida"}},{"type":"Feature","geometry":{"type":"Point","coordinates":[-3.74418,36.73543]},"properties":{"id":"18557d90","name":"Chiringuito Bueno","category":"Comida"}},{"type":"Feature","geometry":{"type":"Point","coordinates":[-3.66939,36.73793]},"properties":{"id":"3f6e55f8","name":"Chiringuito El Callejas","category":"Comida"}},{"type":"Feature","geometry":{"type":"Point","coordinates":[-3.59204,36.73625]},"properties":{"id":"efd4d488","name":"Chiringuito El Campano","category":"Comida"}},{"type":"Feature","geometry":{"type":"Point","coordinates":[-3.41999,36.69492]},"properties":{"id":"ab473367","name":"Chiringuito El Farillo","category":"Comida"}},{"type":"Feature","geometry":{"type":"Point","coordinates":[-3.66346,36.74392]},"properties":{"id":"0a0ad581","name":"Chiringuito El Tesorillo","category":"Comida"}},{"type":"Feature","geometry":{"type":"Point","coordinates":[-3.58929,36.73377]},"properties":{"id":"b987a39d","name":"Chiringuito Flores","category":"Comida"}},{"type":"Feature","geometry":{"type":"Point","coordinates":[-3.54512,36.71749]},"properties":{"id":"61e32848","name":"Chiringuito La Marea","category":"Comida"}},{"type":"Feature","geometry":{"type":"Point","coordinates":[-3.42889,36.69593]},"properties":{"id":"49f05ae2","name":"Chiringuito La Perla","category":"Comida"}},{"type":"Feature","geometry":{"type":"Point","coordinates":[-3.39207,36.70962]},"properties":{"id":"4cefdec6","name":"Chiringuito La Rijana","category":"Comida"}},{"type":"Feature","geometry":{"type":"Point","coordinates":[-3.17504,36.74932]},"properties":{"id":"0710c755","name":"Chiringuito Las Rocas","category":"Comida"}},{"type":"Feature","geometry":{"type":"Point","coordinates":[-3.53473,36.72297]},"properties":{"id":"22e46315","name":"Chiringuito Orilla5","category":"Comida"}},{"type":"Feature","geometry":{"type":"Point","coordinates":[-3.65683,36.74682]},"properties":{"id":"f691a48e","name":"Chiringuito Piliki","category":"Comida"}},{"type":"Feature","geometry":{"type":"Point","coordinates":[-3.74528,36.73598]},"properties":{"id":"5f212a85","name":"Chiringuito Playa Mango","category":"Comida"}},{"type":"Feature","geometry":{"type":"Point","coordinates":[-3.6648,36.74268]},"properties":{"id":"5d01bc46","name":"Chiringuito Playamar","category":"Comida"}},{"type":"Feature","geometry":{"type":"Point","coordinates":[-3.67096,36.73632]},"properties":{"id":"c58a3e6a","name":"Chiringuito Primera Ola","category":"Comida"}},{"type":"Feature","geometry":{"type":"Point","coordinates":[-3.66723,36.74056]},"properties":{"id":"f83dfe2f","name":"Chiringuito Tropical","category":"Comida"}},{"type":"Feature","geometry":{"type":"Point","coordinates":[-3.66325,36.74398]},"properties":{"id":"bec35047","name":"Chiringuito UHA","category":"Comida"}},{"type":"Feature","geometry":{"type":"Point","coordinates":[-3.42307,36.69539]},"properties":{"id":"e2a9505f","name":"Chiringuito la Patana","category":"Comida"}},{"type":"Feature","geometry":{"type":"Point","coordinates":[-3.42681,36.69586]},"properties":{"id":"98d38675","name":"Chiringuito la Sastreria-Entremares","category":"Comida"}},{"type":"Feature","geometry":{"type":"Point","coordinates":[-3.04367,37.0032]},"properties":{"id":"29185440","name":"Chiringuito las Mimbres","category":"Comida"}},{"type":"Feature","geometry":{"type":"Point","coordinates":[-85.95536,11.93191]},"properties":{"id":"ff7d040d","name":"Choco Museo & Cafe","category":"Comida"}},{"type":"Feature","geometry":{"type":"Point","coordinates":[-3.63003,37.14924]},"properties":{"id":"2f452a49","name":"Chopp","category":"Comida"}},{"type":"Feature","geometry":{"type":"Point","coordinates":[-3.60697,37.17492]},"properties":{"id":"1a69ef8f","name":"Chupitería 69","category":"Comida"}},{"type":"Feature","geometry":{"type":"Point","coordinates":[-3.66686,37.13646]},"properties":{"id":"975d484b","name":"Churrería La Fuente","category":"Comida"}},{"type":"Feature","geometry":{"type":"Point","coordinates":[-3.61187,37.1984]},"properties":{"id":"1620d48c","name":"Churrería piko","category":"Comida"}},{"type":"Feature","geometry":{"type":"Point","coordinates":[-85.95993,11.93075]},"properties":{"id":"0064ee0c","name":"Ciudad Lounge","category":"Comida"}},{"type":"Feature","geometry":{"type":"Point","coordinates":[-3.60651,37.17258]},"properties":{"id":"1438fa60","name":"Ciudad Nueva","category":"Comida"}},{"type":"Feature","geometry":{"type":"Point","coordinates":[-85.95264,11.9306]},"properties":{"id":"30480bd6","name":"Clan","category":"Comida"}},{"type":"Feature","geometry":{"type":"Point","coordinates":[-3.60921,37.17822]},"properties":{"id":"71f76c92","name":"Clover Shisha Granada","category":"Comida"}},{"type":"Feature","geometry":{"type":"Point","coordinates":[-73.70785,3.55358]},"properties":{"id":"c46d6e75","name":"Cocina & arte","category":"Comida"}},{"type":"Feature","geometry":{"type":"Point","coordinates":[-3.60297,37.1691]},"properties":{"id":"a62619ad","name":"Cocktelería Alhamar 30","category":"Comida"}},{"type":"Feature","geometry":{"type":"Point","coordinates":[-3.71321,36.73291]},"properties":{"id":"d7787bf3","name":"Coco on the beach","category":"Comida"}},{"type":"Feature","geometry":{"type":"Point","coordinates":[-85.95227,11.93059]},"properties":{"id":"216e5d77","name":"Coctelería El Capitán","category":"Comida"}},{"type":"Feature","geometry":{"type":"Point","coordinates":[-3.59767,37.17507]},"properties":{"id":"0b1e334a","name":"Colón Plaza","category":"Comida"}},{"type":"Feature","geometry":{"type":"Point","coordinates":[-85.95734,11.93217]},"properties":{"id":"205551f0","name":"Comedor Dona Tolita","category":"Comida"}},{"type":"Feature","geometry":{"type":"Point","coordinates":[-3.60583,37.1826]},"properties":{"id":"be9b841e","name":"Comedor Universitario de Fuentenueva","category":"Comida"}},{"type":"Feature","geometry":{"type":"Point","coordinates":[-3.35593,37.50465]},"properties":{"id":"ae22901e","name":"Comida Casera","category":"Comida"}},{"type":"Feature","geometry":{"type":"Point","coordinates":[-3.6245,36.85276]},"properties":{"id":"345c415f","name":"Comidas Caseras Carmen","category":"Comida"}},{"type":"Feature","geometry":{"type":"Point","coordinates":[-3.69489,36.73023]},"properties":{"id":"b6549c66","name":"Con Sabor Venezolano","category":"Comida"}},{"type":"Feature","geometry":{"type":"Point","coordinates":[-3.59675,37.17411]},"properties":{"id":"d3b6c722","name":"Confuso Club","category":"Comida"}},{"type":"Feature","geometry":{"type":"Point","coordinates":[-3.60211,37.17551]},"properties":{"id":"c7190b99","name":"Contteo Pub","category":"Comida"}},{"type":"Feature","geometry":{"type":"Point","coordinates":[-3.6089,37.18991]},"properties":{"id":"ec8e52a3","name":"Corazón Latino","category":"Comida"}},{"type":"Feature","geometry":{"type":"Point","coordinates":[-3.59898,37.18089]},"properties":{"id":"d01d08c1","name":"Coreolé","category":"Comida"}},{"type":"Feature","geometry":{"type":"Point","coordinates":[-3.69795,36.73213]},"properties":{"id":"df589544","name":"Cortijilo","category":"Comida"}},{"type":"Feature","geometry":{"type":"Point","coordinates":[-3.61096,37.08182]},"properties":{"id":"0f65b783","name":"Cortijo Dilares","category":"Comida"}},{"type":"Feature","geometry":{"type":"Point","coordinates":[-2.91303,37.5613]},"properties":{"id":"aef53b95","name":"Cortijo del Cura","category":"Comida"}},{"type":"Feature","geometry":{"type":"Point","coordinates":[-3.77258,37.20843]},"properties":{"id":"084312b8","name":"Cortijo la Alameda","category":"Comida"}},{"type":"Feature","geometry":{"type":"Point","coordinates":[-3.51971,36.75574]},"properties":{"id":"028ab71b","name":"Costa Andaluza","category":"Comida"}},{"type":"Feature","geometry":{"type":"Point","coordinates":[-3.69769,36.73928]},"properties":{"id":"eb72505e","name":"Costa Banana","category":"Comida"}},{"type":"Feature","geometry":{"type":"Point","coordinates":[-3.65145,36.74556]},"properties":{"id":"95580f64","name":"Costacabria","category":"Comida"}},{"type":"Feature","geometry":{"type":"Point","coordinates":[-3.60794,37.17609]},"properties":{"id":"acfd327d","name":"Cotton Club","category":"Comida"}},{"type":"Feature","geometry":{"type":"Point","coordinates":[-85.95051,11.92991]},"properties":{"id":"8169c417","name":"Coyote Bar & Grill","category":"Comida"}},{"type":"Feature","geometry":{"type":"Point","coordinates":[-3.59908,37.18012]},"properties":{"id":"e8ce7293","name":"Crepería Elvira81","category":"Comida"}},{"type":"Feature","geometry":{"type":"Point","coordinates":[-3.39879,37.09347]},"properties":{"id":"ff8315f4","name":"Crescendo","category":"Comida"}},{"type":"Feature","geometry":{"type":"Point","coordinates":[-3.60156,37.17815]},"properties":{"id":"c719ff1a","name":"Crónica","category":"Comida"}},{"type":"Feature","geometry":{"type":"Point","coordinates":[-3.67428,36.83487]},"properties":{"id":"2b1c5eb6","name":"Cueva del Trabuco","category":"Comida"}},{"type":"Feature","geometry":{"type":"Point","coordinates":[-2.71607,37.49433]},"properties":{"id":"8c740a3b","name":"Cuevas Al Jatib","category":"Comida"}},{"type":"Feature","geometry":{"type":"Point","coordinates":[-3.58819,37.18121]},"properties":{"id":"00e04a40","name":"Cuevas Los Tarantos","category":"Comida"}},{"type":"Feature","geometry":{"type":"Point","coordinates":[-3.16735,37.35873]},"properties":{"id":"714b0a4d","name":"Cuevas la Granja","category":"Comida"}},{"type":"Feature","geometry":{"type":"Point","coordinates":[-3.60057,37.17603]},"properties":{"id":"afece27f","name":"Cunini","category":"Comida"}},{"type":"Feature","geometry":{"type":"Point","coordinates":[-85.95571,11.92819]},"properties":{"id":"19f0eff6","name":"Cyberbar","category":"Comida"}},{"type":"Feature","geometry":{"type":"Point","coordinates":[-3.74776,36.73754]},"properties":{"id":"4b2fe446","name":"Cúpula Playa","category":"Comida"}},{"type":"Feature","geometry":{"type":"Point","coordinates":[-3.61448,37.18176]},"properties":{"id":"0c260fc9","name":"D'Carne & Fuego","category":"Comida"}},{"type":"Feature","geometry":{"type":"Point","coordinates":[-3.49058,36.70443]},"properties":{"id":"e561cfb5","name":"D'Diez Restaurante","category":"Comida"}},{"type":"Feature","geometry":{"type":"Point","coordinates":[-3.60604,37.17393]},"properties":{"id":"30d4332f","name":"D'Platos Menorca","category":"Comida"}},{"type":"Feature","geometry":{"type":"Point","coordinates":[-3.60088,37.17801]},"properties":{"id":"58879230","name":"D'Sano","category":"Comida"}},{"type":"Feature","geometry":{"type":"Point","coordinates":[-3.58636,37.00944]},"properties":{"id":"cc7db688","name":"D'amilia","category":"Comida"}},{"type":"Feature","geometry":{"type":"Point","coordinates":[-73.70543,3.53946]},"properties":{"id":"22fe628f","name":"DISCOTECA EL BOTALON","category":"Comida"}},{"type":"Feature","geometry":{"type":"Point","coordinates":[-3.59717,37.16918]},"properties":{"id":"1ed685a1","name":"DPlatos Centro","category":"Comida"}},{"type":"Feature","geometry":{"type":"Point","coordinates":[-3.67217,36.73559]},"properties":{"id":"7a83347d","name":"Da Mario","category":"Comida"}},{"type":"Feature","geometry":{"type":"Point","coordinates":[-3.59476,37.17414]},"properties":{"id":"647718a3","name":"Daly's Pub","category":"Comida"}},{"type":"Feature","geometry":{"type":"Point","coordinates":[-3.59407,37.17443]},"properties":{"id":"4d8450f4","name":"Damasqueros","category":"Comida"}},{"type":"Feature","geometry":{"type":"Point","coordinates":[-3.66942,36.73841]},"properties":{"id":"5462bffc","name":"De Bárbara","category":"Comida"}},{"type":"Feature","geometry":{"type":"Point","coordinates":[-3.42379,36.90133]},"properties":{"id":"081dbdc3","name":"De Curtis","category":"Comida"}},{"type":"Feature","geometry":{"type":"Point","coordinates":[-3.59728,37.1598]},"properties":{"id":"ceebd2cc","name":"Deli","category":"Comida"}},{"type":"Feature","geometry":{"type":"Point","coordinates":[-85.95066,11.94316]},"properties":{"id":"6b1a3415","name":"Delicioso Angelic Hamburguesa","category":"Comida"}},{"type":"Feature","geometry":{"type":"Point","coordinates":[-3.59717,37.17135]},"properties":{"id":"b2d11469","name":"Diagonal","category":"Comida"}},{"type":"Feature","geometry":{"type":"Point","coordinates":[-86.0201,11.85218]},"properties":{"id":"3be7ea5b","name":"Dilan's bar","category":"Comida"}},{"type":"Feature","geometry":{"type":"Point","coordinates":[-3.75344,36.73884]},"properties":{"id":"c66e8466","name":"Dis Tinto","category":"Comida"}},{"type":"Feature","geometry":{"type":"Point","coordinates":[-3.59602,37.17346]},"properties":{"id":"c5611125","name":"Disloque","category":"Comida"}},{"type":"Feature","geometry":{"type":"Point","coordinates":[-3.59812,37.1677]},"properties":{"id":"70093bd7","name":"Divino","category":"Comida"}},{"type":"Feature","geometry":{"type":"Point","coordinates":[-3.6062,37.17742]},"properties":{"id":"a824a269","name":"Don Gabino","category":"Comida"}},{"type":"Feature","geometry":{"type":"Point","coordinates":[-3.53303,36.72511]},"properties":{"id":"cb6cbe1b","name":"Dos Hermanas","category":"Comida"}},{"type":"Feature","geometry":{"type":"Point","coordinates":[-3.57457,37.14749]},"properties":{"id":"18b0a6f6","name":"Doña Juana","category":"Comida"}},{"type":"Feature","geometry":{"type":"Point","coordinates":[-3.60032,37.177]},"properties":{"id":"b01ad7da","name":"Duquesa 3","category":"Comida"}},{"type":"Feature","geometry":{"type":"Point","coordinates":[-4.05654,37.18195]},"properties":{"id":"3e1a76e5","name":"E.S. Vega de Poniente","category":"Comida"}},{"type":"Feature","geometry":{"type":"Point","coordinates":[-73.70731,3.53879]},"properties":{"id":"a8d6f05c","name":"EL CANTINAZO DE LA 15","category":"Comida"}},{"type":"Feature","geometry":{"type":"Point","coordinates":[-73.71167,3.55937]},"properties":{"id":"864ec955","name":"ESTADERO Y PISCINA LA CASCADA","category":"Comida"}},{"type":"Feature","geometry":{"type":"Point","coordinates":[-73.70827,3.54156]},"properties":{"id":"895c733b","name":"ESTANCO DEL ARIARI","category":"Comida"}},{"type":"Feature","geometry":{"type":"Point","coordinates":[-73.7145,3.5121]},"properties":{"id":"6955068b","name":"El Acuario","category":"Comida"}},{"type":"Feature","geometry":{"type":"Point","coordinates":[-3.60032,37.17628]},"properties":{"id":"6eb9b606","name":"El Aguador","category":"Comida"}},{"type":"Feature","geometry":{"type":"Point","coordinates":[-3.38892,36.74515]},"properties":{"id":"51ffa41a","name":"El Albero","category":"Comida"}},{"type":"Feature","geometry":{"type":"Point","coordinates":[-3.41648,36.70063]},"properties":{"id":"a2737471","name":"El Ancla","category":"Comida"}},{"type":"Feature","geometry":{"type":"Point","coordinates":[-3.58222,36.92896]},"properties":{"id":"dcf0c926","name":"El Arca de Manoe","category":"Comida"}},{"type":"Feature","geometry":{"type":"Point","coordinates":[-4.15305,37.16423]},"properties":{"id":"fe2b2f4b","name":"El Arrozal","category":"Comida"}},{"type":"Feature","geometry":{"type":"Point","coordinates":[-3.35873,36.96175]},"properties":{"id":"52677c0f","name":"El Asador","category":"Comida"}},{"type":"Feature","geometry":{"type":"Point","coordinates":[-3.48939,36.91901]},"properties":{"id":"c4b62aa2","name":"El Balcón de Lorca","category":"Comida"}},{"type":"Feature","geometry":{"type":"Point","coordinates":[-3.59276,37.18092]},"properties":{"id":"77e6b06b","name":"El Balcón de San Nicolás","category":"Comida"}},{"type":"Feature","geometry":{"type":"Point","coordinates":[-3.60019,37.17872]},"properties":{"id":"4e7a2ade","name":"El Bar de Fede","category":"Comida"}},{"type":"Feature","geometry":{"type":"Point","coordinates":[-3.72686,36.72643]},"properties":{"id":"c3df89c2","name":"El Barco","category":"Comida"}},{"type":"Feature","geometry":{"type":"Point","coordinates":[-3.32285,36.92976]},"properties":{"id":"69191cad","name":"El Barranquillo","category":"Comida"}},{"type":"Feature","geometry":{"type":"Point","coordinates":[-3.60622,37.17387]},"properties":{"id":"545f1b5c","name":"El Bermejal","category":"Comida"}},{"type":"Feature","geometry":{"type":"Point","coordinates":[-3.60806,37.15826]},"properties":{"id":"b0728502","name":"El Buen Comer","category":"Comida"}},{"type":"Feature","geometry":{"type":"Point","coordinates":[-3.60512,37.17441]},"properties":{"id":"f196982b","name":"El Burgaero","category":"Comida"}},{"type":"Feature","geometry":{"type":"Point","coordinates":[-85.95618,11.93069]},"properties":{"id":"b1485d3e","name":"El Burrito Loco","category":"Comida"}},{"type":"Feature","geometry":{"type":"Point","coordinates":[-2.53936,37.81036]},"properties":{"id":"87b0ff91","name":"El Caballo","category":"Comida"}},{"type":"Feature","geometry":{"type":"Point","coordinates":[-3.59342,37.1554]},"properties":{"id":"c148f50d","name":"El Caladero","category":"Comida"}},{"type":"Feature","geometry":{"type":"Point","coordinates":[-85.95154,11.92916]},"properties":{"id":"abfc8ec4","name":"El Camello","category":"Comida"}},{"type":"Feature","geometry":{"type":"Point","coordinates":[-3.41756,36.88723]},"properties":{"id":"508e2ba7","name":"El Camping","category":"Comida"}},{"type":"Feature","geometry":{"type":"Point","coordinates":[-3.59894,37.18089]},"properties":{"id":"da38eb4b","name":"El Cascabel","category":"Comida"}},{"type":"Feature","geometry":{"type":"Point","coordinates":[-3.35862,36.96159]},"properties":{"id":"9638c05e","name":"El Cascapeñas","category":"Comida"}},{"type":"Feature","geometry":{"type":"Point","coordinates":[-3.35985,36.94045]},"properties":{"id":"bd5fe6b9","name":"El Castaño","category":"Comida"}},{"type":"Feature","geometry":{"type":"Point","coordinates":[-3.7484,36.73786]},"properties":{"id":"36780dd0","name":"El Castillo","category":"Comida"}},{"type":"Feature","geometry":{"type":"Point","coordinates":[-74.36627,4.50542]},"properties":{"id":"95c3e166","name":"El Cedro","category":"Comida"}},{"type":"Feature","geometry":{"type":"Point","coordinates":[-3.26744,37.00235]},"properties":{"id":"3c4b775d","name":"El Celemin","category":"Comida"}},{"type":"Feature","geometry":{"type":"Point","coordinates":[-4.14335,37.17281]},"properties":{"id":"b6a1cc8d","name":"El Cerro","category":"Comida"}},{"type":"Feature","geometry":{"type":"Point","coordinates":[-3.69818,36.73898]},"properties":{"id":"3cc4d68f","name":"El Chaleco","category":"Comida"}},{"type":"Feature","geometry":{"type":"Point","coordinates":[-3.38903,37.07676]},"properties":{"id":"736a22f5","name":"El Chalet Suizo","category":"Comida"}},{"type":"Feature","geometry":{"type":"Point","coordinates":[-3.40955,37.1423]},"properties":{"id":"14b4b228","name":"El Charcón","category":"Comida"}},{"type":"Feature","geometry":{"type":"Point","coordinates":[-3.26492,36.99896]},"properties":{"id":"646f6b5b","name":"El Chorrio Café Bar","category":"Comida"}},{"type":"Feature","geometry":{"type":"Point","coordinates":[-3.41713,36.69971]},"properties":{"id":"786890fb","name":"El Conjuro","category":"Comida"}},{"type":"Feature","geometry":{"type":"Point","coordinates":[-3.35977,36.96198]},"properties":{"id":"bfc8b364","name":"El Corral del Castaño","category":"Comida"}},{"type":"Feature","geometry":{"type":"Point","coordinates":[-85.96264,11.93336]},"properties":{"id":"ae1e1e18","name":"El Corralito","category":"Comida"}},{"type":"Feature","geometry":{"type":"Point","coordinates":[-4.28646,37.13063]},"properties":{"id":"f1dfd9fc","name":"El Cortijo","category":"Comida"}},{"type":"Feature","geometry":{"type":"Point","coordinates":[-3.58199,37.14668]},"properties":{"id":"ad1c083e","name":"El Cortijo","category":"Comida"}},{"type":"Feature","geometry":{"type":"Point","coordinates":[-3.77526,37.191]},"properties":{"id":"29c1d6dd","name":"El Cruce","category":"Comida"}},{"type":"Feature","geometry":{"type":"Point","coordinates":[-3.60528,37.17086]},"properties":{"id":"0e5c1692","name":"El Delirio","category":"Comida"}},{"type":"Feature","geometry":{"type":"Point","coordinates":[-3.59628,37.17318]},"properties":{"id":"cb9e83d4","name":"El Delirio","category":"Comida"}},{"type":"Feature","geometry":{"type":"Point","coordinates":[-3.43867,37.13321]},"properties":{"id":"615e749f","name":"El Desvío","category":"Comida"}},{"type":"Feature","geometry":{"type":"Point","coordinates":[-3.60332,37.18292]},"properties":{"id":"ec56d213","name":"El Dintel","category":"Comida"}},{"type":"Feature","geometry":{"type":"Point","coordinates":[-3.68394,37.22005]},"properties":{"id":"f0121af8","name":"El Doncel","category":"Comida"}},{"type":"Feature","geometry":{"type":"Point","coordinates":[-3.54911,36.71567]},"properties":{"id":"352e2f25","name":"El Espeto","category":"Comida"}},{"type":"Feature","geometry":{"type":"Point","coordinates":[-3.49006,36.70359]},"properties":{"id":"13ae72fc","name":"El Espigón","category":"Comida"}},{"type":"Feature","geometry":{"type":"Point","coordinates":[-3.35972,36.96189]},"properties":{"id":"27c4b10c","name":"El Fogón de Raquel","category":"Comida"}},{"type":"Feature","geometry":{"type":"Point","coordinates":[-85.95,11.93256]},"properties":{"id":"7862318c","name":"El Garaje","category":"Comida"}},{"type":"Feature","geometry":{"type":"Point","coordinates":[-2.85504,37.42134]},"properties":{"id":"0a481cac","name":"El Granero","category":"Comida"}},{"type":"Feature","geometry":{"type":"Point","coordinates":[-3.396,37.09209]},"properties":{"id":"7770cb01","name":"El Grill","category":"Comida"}},{"type":"Feature","geometry":{"type":"Point","coordinates":[-3.60381,37.17191]},"properties":{"id":"a8e8c481","name":"El Guiño","category":"Comida"}},{"type":"Feature","geometry":{"type":"Point","coordinates":[-3.03435,37.17274]},"properties":{"id":"285e53c5","name":"El Hogar de Ferreira","category":"Comida"}},{"type":"Feature","geometry":{"type":"Point","coordinates":[-3.69202,36.73352]},"properties":{"id":"a17ec838","name":"El Horno de Cándida","category":"Comida"}},{"type":"Feature","geometry":{"type":"Point","coordinates":[-3.16244,37.18184]},"properties":{"id":"1fa077ae","name":"El Huerto de Ely","category":"Comida"}},{"type":"Feature","geometry":{"type":"Point","coordinates":[-3.59221,37.181]},"properties":{"id":"49b7a237","name":"El Huerto de Juan Ranas","category":"Comida"}},{"type":"Feature","geometry":{"type":"Point","coordinates":[-3.45256,37.32177]},"properties":{"id":"70025f46","name":"El Jabalí","category":"Comida"}},{"type":"Feature","geometry":{"type":"Point","coordinates":[-3.35696,36.96082]},"properties":{"id":"5f73f741","name":"El Jardín de los Sabores","category":"Comida"}},{"type":"Feature","geometry":{"type":"Point","coordinates":[-3.59313,37.17374]},"properties":{"id":"4c77a724","name":"El Jergón","category":"Comida"}},{"type":"Feature","geometry":{"type":"Point","coordinates":[-3.52003,36.75076]},"properties":{"id":"8f048177","name":"El Kateto","category":"Comida"}},{"type":"Feature","geometry":{"type":"Point","coordinates":[-3.58891,37.1631]},"properties":{"id":"70dc3f98","name":"El Labrador","category":"Comida"}},{"type":"Feature","geometry":{"type":"Point","coordinates":[-3.59269,37.18324]},"properties":{"id":"0818c24f","name":"El Ladrillo Charico","category":"Comida"}},{"type":"Feature","geometry":{"type":"Point","coordinates":[-3.59188,37.18251]},"properties":{"id":"ec2d928c","name":"El Ladrillo II","category":"Comida"}},{"type":"Feature","geometry":{"type":"Point","coordinates":[-3.57267,37.14482]},"properties":{"id":"bf900a95","name":"El Lucero","category":"Comida"}},{"type":"Feature","geometry":{"type":"Point","coordinates":[-4.05485,37.19648]},"properties":{"id":"16bb3ecb","name":"El Madroño","category":"Comida"}},{"type":"Feature","geometry":{"type":"Point","coordinates":[-2.74011,37.50391]},"properties":{"id":"36378bdc","name":"El Mallorquín","category":"Comida"}},{"type":"Feature","geometry":{"type":"Point","coordinates":[-3.58398,37.12199]},"properties":{"id":"f76da29d","name":"El Marqués y la Marquesa","category":"Comida"}},{"type":"Feature","geometry":{"type":"Point","coordinates":[-2.52228,37.81382]},"properties":{"id":"a6ec4fd0","name":"El Maño","category":"Comida"}},{"type":"Feature","geometry":{"type":"Point","coordinates":[-3.59789,37.17369]},"properties":{"id":"bf6c499e","name":"El Mentidero","category":"Comida"}},{"type":"Feature","geometry":{"type":"Point","coordinates":[-3.59629,37.17716]},"properties":{"id":"ba535c3a","name":"El Mercader","category":"Comida"}},{"type":"Feature","geometry":{"type":"Point","coordinates":[-3.59795,37.1743]},"properties":{"id":"8ad2a701","name":"El Mesón de la Bizcocha","category":"Comida"}},{"type":"Feature","geometry":{"type":"Point","coordinates":[-3.60953,37.17757]},"properties":{"id":"944f350c","name":"El Mexicano, Taquerías","category":"Comida"}},{"type":"Feature","geometry":{"type":"Point","coordinates":[-3.16471,37.34889]},"properties":{"id":"3a5cf673","name":"El Mio Cid","category":"Comida"}},{"type":"Feature","geometry":{"type":"Point","coordinates":[-3.26597,37.32244]},"properties":{"id":"77f36999","name":"El Mirador","category":"Comida"}},{"type":"Feature","geometry":{"type":"Point","coordinates":[-3.59264,37.18157]},"properties":{"id":"33d4ce1b","name":"El Mirador","category":"Comida"}},{"type":"Feature","geometry":{"type":"Point","coordinates":[-3.87406,36.95534]},"properties":{"id":"95b97b1d","name":"El Molinillo","category":"Comida"}},{"type":"Feature","geometry":{"type":"Point","coordinates":[-3.59337,37.17335]},"properties":{"id":"d4d16337","name":"El Molino","category":"Comida"}},{"type":"Feature","geometry":{"type":"Point","coordinates":[-3.58573,36.73005]},"properties":{"id":"57c8c901","name":"El Molino","category":"Comida"}},{"type":"Feature","geometry":{"type":"Point","coordinates":[-3.80357,37.19609]},"properties":{"id":"57780968","name":"El Molino The Steakhouse by Aitor Pozuelo","category":"Comida"}},{"type":"Feature","geometry":{"type":"Point","coordinates":[-2.52186,37.80209]},"properties":{"id":"e4ca45ce","name":"El Molino de Fuencaliente","category":"Comida"}},{"type":"Feature","geometry":{"type":"Point","coordinates":[-85.94601,11.92806]},"properties":{"id":"a64f72ec","name":"El Musetto de Carlos","category":"Comida"}},{"type":"Feature","geometry":{"type":"Point","coordinates":[-2.95024,37.56431]},"properties":{"id":"b9e4c809","name":"El Nautico","category":"Comida"}},{"type":"Feature","geometry":{"type":"Point","coordinates":[-3.59813,37.16693]},"properties":{"id":"a5ea9cee","name":"El Nido","category":"Comida"}},{"type":"Feature","geometry":{"type":"Point","coordinates":[-3.77739,37.19386]},"properties":{"id":"e56565e5","name":"El Niño","category":"Comida"}},{"type":"Feature","geometry":{"type":"Point","coordinates":[-3.62918,37.22757]},"properties":{"id":"fa93a253","name":"El Nogal","category":"Comida"}},{"type":"Feature","geometry":{"type":"Point","coordinates":[-3.60447,37.17215]},"properties":{"id":"1c7666d0","name":"El Nopal","category":"Comida"}},{"type":"Feature","geometry":{"type":"Point","coordinates":[-3.59688,37.16036]},"properties":{"id":"2498d33e","name":"El Nopal","category":"Comida"}},{"type":"Feature","geometry":{"type":"Point","coordinates":[-3.87777,37.1159]},"properties":{"id":"df0ac02a","name":"El Olivo","category":"Comida"}},{"type":"Feature","geometry":{"type":"Point","coordinates":[-3.56815,37.13734]},"properties":{"id":"10866a37","name":"El Palacio del Capricho","category":"Comida"}},{"type":"Feature","geometry":{"type":"Point","coordinates":[-2.55221,37.75575]},"properties":{"id":"397fff06","name":"El Parador","category":"Comida"}},{"type":"Feature","geometry":{"type":"Point","coordinates":[-3.29872,36.74063]},"properties":{"id":"b3814242","name":"El Paraíso","category":"Comida"}},{"type":"Feature","geometry":{"type":"Point","coordinates":[-3.69093,36.73363]},"properties":{"id":"80d0f3d2","name":"El Paso","category":"Comida"}},{"type":"Feature","geometry":{"type":"Point","coordinates":[-3.55438,37.24682]},"properties":{"id":"b1a62f25","name":"El Patio","category":"Comida"}},{"type":"Feature","geometry":{"type":"Point","coordinates":[-3.60106,37.17588]},"properties":{"id":"bbf2b345","name":"El Patio del Toro","category":"Comida"}},{"type":"Feature","geometry":{"type":"Point","coordinates":[-3.60083,37.17573]},"properties":{"id":"a504de39","name":"El Pescaíto de Carmela","category":"Comida"}},{"type":"Feature","geometry":{"type":"Point","coordinates":[-3.59275,36.73666]},"properties":{"id":"346df239","name":"El Peñón","category":"Comida"}},{"type":"Feature","geometry":{"type":"Point","coordinates":[-3.59396,37.17322]},"properties":{"id":"d31d1094","name":"El Piano","category":"Comida"}},{"type":"Feature","geometry":{"type":"Point","coordinates":[-3.58032,37.11298]},"properties":{"id":"4d5b699b","name":"El Pinar de Manolito","category":"Comida"}},{"type":"Feature","geometry":{"type":"Point","coordinates":[-85.91315,11.91725]},"properties":{"id":"6b7087e7","name":"El Pirata","category":"Comida"}},{"type":"Feature","geometry":{"type":"Point","coordinates":[-3.68776,37.22745]},"properties":{"id":"d1150ebf","name":"El Portalón","category":"Comida"}},{"type":"Feature","geometry":{"type":"Point","coordinates":[-3.51532,37.22068]},"properties":{"id":"4db16a4e","name":"El Portillo","category":"Comida"}},{"type":"Feature","geometry":{"type":"Point","coordinates":[-3.58927,37.18118]},"properties":{"id":"b8ee99e1","name":"El Pozo","category":"Comida"}},{"type":"Feature","geometry":{"type":"Point","coordinates":[-4.01091,37.32081]},"properties":{"id":"0845be22","name":"El Pregonero","category":"Comida"}},{"type":"Feature","geometry":{"type":"Point","coordinates":[-85.95381,11.93119]},"properties":{"id":"8078bfae","name":"El Pueblo","category":"Comida"}},{"type":"Feature","geometry":{"type":"Point","coordinates":[-2.33312,37.9821]},"properties":{"id":"8167ac48","name":"El Puente","category":"Comida"}},{"type":"Feature","geometry":{"type":"Point","coordinates":[-3.5314,37.12971]},"properties":{"id":"68411ccc","name":"El Puntarrón","category":"Comida"}},{"type":"Feature","geometry":{"type":"Point","coordinates":[-3.62607,37.19382]},"properties":{"id":"d20bef51","name":"El Punto","category":"Comida"}},{"type":"Feature","geometry":{"type":"Point","coordinates":[-3.51587,36.74346]},"properties":{"id":"8737bc24","name":"El Quebracho","category":"Comida"}},{"type":"Feature","geometry":{"type":"Point","coordinates":[-3.60304,37.17243]},"properties":{"id":"2058f9a7","name":"El Quinteto","category":"Comida"}},{"type":"Feature","geometry":{"type":"Point","coordinates":[-3.41956,36.6981]},"properties":{"id":"4f86abd4","name":"El Quinteto de Nizar y Ana","category":"Comida"}},{"type":"Feature","geometry":{"type":"Point","coordinates":[-3.73797,36.73077]},"properties":{"id":"1a3a8a1b","name":"El Rebalaje","category":"Comida"}},{"type":"Feature","geometry":{"type":"Point","coordinates":[-3.60949,37.1752]},"properties":{"id":"5e9e7194","name":"El Reventaero","category":"Comida"}},{"type":"Feature","geometry":{"type":"Point","coordinates":[-74.3455,4.52823]},"properties":{"id":"768dfef8","name":"El Rey","category":"Comida"}},{"type":"Feature","geometry":{"type":"Point","coordinates":[-3.59415,37.22173]},"properties":{"id":"cbc3d791","name":"El Riachuelo","category":"Comida"}},{"type":"Feature","geometry":{"type":"Point","coordinates":[-3.11807,36.98589]},"properties":{"id":"c83737a5","name":"El Rincon de Yegen","category":"Comida"}},{"type":"Feature","geometry":{"type":"Point","coordinates":[-3.82338,36.94869]},"properties":{"id":"639399a0","name":"El Rincón de Abajo","category":"Comida"}},{"type":"Feature","geometry":{"type":"Point","coordinates":[-3.60256,37.17621]},"properties":{"id":"f2ebc4ef","name":"El Rincón de Lorca","category":"Comida"}},{"type":"Feature","geometry":{"type":"Point","coordinates":[-3.61013,37.12306]},"properties":{"id":"600c53a3","name":"El Rincón de Miguel","category":"Comida"}},{"type":"Feature","geometry":{"type":"Point","coordinates":[-3.60538,37.17246]},"properties":{"id":"b1c65aae","name":"El Rincón de Rodri","category":"Comida"}},{"type":"Feature","geometry":{"type":"Point","coordinates":[-3.59686,37.17883]},"properties":{"id":"3c2583e2","name":"El Rincón de Tato","category":"Comida"}},{"type":"Feature","geometry":{"type":"Point","coordinates":[-4.04598,37.1966]},"properties":{"id":"dc86d2ba","name":"El Rincón de Ñoñi","category":"Comida"}},{"type":"Feature","geometry":{"type":"Point","coordinates":[-2.91927,37.41444]},"properties":{"id":"1b174d4d","name":"El Romeral","category":"Comida"}},{"type":"Feature","geometry":{"type":"Point","coordinates":[-3.14412,37.30087]},"properties":{"id":"799896a9","name":"El Sabio","category":"Comida"}},{"type":"Feature","geometry":{"type":"Point","coordinates":[-3.60364,37.17185]},"properties":{"id":"8e3f9b90","name":"El Secreto de Humphrey","category":"Comida"}},{"type":"Feature","geometry":{"type":"Point","coordinates":[-3.59591,37.16973]},"properties":{"id":"fd2e9e18","name":"El Sifón","category":"Comida"}},{"type":"Feature","geometry":{"type":"Point","coordinates":[-3.4882,36.91859]},"properties":{"id":"67129c5b","name":"El Sol","category":"Comida"}},{"type":"Feature","geometry":{"type":"Point","coordinates":[-3.5324,36.81438]},"properties":{"id":"c5a5d663","name":"El Surtidor","category":"Comida"}},{"type":"Feature","geometry":{"type":"Point","coordinates":[-3.59649,37.1763]},"properties":{"id":"078b20fd","name":"El Taj Halal","category":"Comida"}},{"type":"Feature","geometry":{"type":"Point","coordinates":[-3.58852,37.16484]},"properties":{"id":"ebbbfcb1","name":"El Tapi","category":"Comida"}},{"type":"Feature","geometry":{"type":"Point","coordinates":[-3.59803,37.18323]},"properties":{"id":"d4a2fedd","name":"El Templo del Flamenco","category":"Comida"}},{"type":"Feature","geometry":{"type":"Point","coordinates":[-3.35959,36.96178]},"properties":{"id":"40642347","name":"El Tilo","category":"Comida"}},{"type":"Feature","geometry":{"type":"Point","coordinates":[-3.35936,36.96202]},"properties":{"id":"b7891fd9","name":"El Tinao","category":"Comida"}},{"type":"Feature","geometry":{"type":"Point","coordinates":[-3.6113,37.18574]},"properties":{"id":"acee391d","name":"El Torreón","category":"Comida"}},{"type":"Feature","geometry":{"type":"Point","coordinates":[-3.38793,37.0713]},"properties":{"id":"5ce6d6a5","name":"El Torreón Terraza Premium","category":"Comida"}},{"type":"Feature","geometry":{"type":"Point","coordinates":[-3.61631,37.21437]},"properties":{"id":"fd656e20","name":"El Tranvía de Dúrcal","category":"Comida"}},{"type":"Feature","geometry":{"type":"Point","coordinates":[-3.51438,36.74446]},"properties":{"id":"b84844cc","name":"El Trasiego","category":"Comida"}},{"type":"Feature","geometry":{"type":"Point","coordinates":[-3.59338,37.1798]},"properties":{"id":"702d4435","name":"El Trillo","category":"Comida"}},{"type":"Feature","geometry":{"type":"Point","coordinates":[-3.6013,36.74591]},"properties":{"id":"6bad2743","name":"El Turrito","category":"Comida"}},{"type":"Feature","geometry":{"type":"Point","coordinates":[-3.60051,37.17686]},"properties":{"id":"f5e44a26","name":"El Vecino de la Romanilla","category":"Comida"}},{"type":"Feature","geometry":{"type":"Point","coordinates":[-3.42427,36.90059]},"properties":{"id":"4cf33a17","name":"El Viejo Molino","category":"Comida"}},{"type":"Feature","geometry":{"type":"Point","coordinates":[-2.85737,37.73757]},"properties":{"id":"3bb3b001","name":"El Zagal","category":"Comida"}},{"type":"Feature","geometry":{"type":"Point","coordinates":[-85.95256,11.92958]},"properties":{"id":"27b5cbcc","name":"El Zaguán","category":"Comida"}},{"type":"Feature","geometry":{"type":"Point","coordinates":[-74.34079,4.52948]},"properties":{"id":"ac923fb3","name":"El camionero","category":"Comida"}},{"type":"Feature","geometry":{"type":"Point","coordinates":[-3.60062,37.17614]},"properties":{"id":"1dabd540","name":"El cepillo","category":"Comida"}},{"type":"Feature","geometry":{"type":"Point","coordinates":[-3.36102,36.94089]},"properties":{"id":"01aec4cc","name":"El lagar y Casa de la abuela","category":"Comida"}},{"type":"Feature","geometry":{"type":"Point","coordinates":[-4.16257,37.16829]},"properties":{"id":"847494c5","name":"El sol","category":"Comida"}},{"type":"Feature","geometry":{"type":"Point","coordinates":[-3.59182,37.17265]},"properties":{"id":"4d7cef2f","name":"El trasgu","category":"Comida"}},{"type":"Feature","geometry":{"type":"Point","coordinates":[-3.17228,36.74831]},"properties":{"id":"7ece6e21","name":"Elcolas","category":"Comida"}},{"type":"Feature","geometry":{"type":"Point","coordinates":[-3.59923,37.18008]},"properties":{"id":"2c4ec4cc","name":"Enebro","category":"Comida"}},{"type":"Feature","geometry":{"type":"Point","coordinates":[-3.61396,37.14514]},"properties":{"id":"932d2843","name":"Enjoy It","category":"Comida"}},{"type":"Feature","geometry":{"type":"Point","coordinates":[-3.69035,37.16087]},"properties":{"id":"e338a45a","name":"Entre Amigos","category":"Comida"}},{"type":"Feature","geometry":{"type":"Point","coordinates":[-3.59845,37.17371]},"properties":{"id":"9e0fbcc3","name":"EntreBrasas","category":"Comida"}},{"type":"Feature","geometry":{"type":"Point","coordinates":[-3.59411,37.17352]},"properties":{"id":"85aac18e","name":"Entreraices Café & Bar","category":"Comida"}},{"type":"Feature","geometry":{"type":"Point","coordinates":[-3.59997,37.1777]},"properties":{"id":"776aee85","name":"Entresuelo","category":"Comida"}},{"type":"Feature","geometry":{"type":"Point","coordinates":[-3.59215,37.16504]},"properties":{"id":"51dfaeca","name":"Entrevinos","category":"Comida"}},{"type":"Feature","geometry":{"type":"Point","coordinates":[-4.05549,37.19639]},"properties":{"id":"5f309d61","name":"Entrevinos. Restaurante-Brasería","category":"Comida"}},{"type":"Feature","geometry":{"type":"Point","coordinates":[-3.58292,37.1208]},"properties":{"id":"68fbb0bb","name":"Escalerillas","category":"Comida"}},{"type":"Feature","geometry":{"type":"Point","coordinates":[-3.59736,37.17458]},"properties":{"id":"40dc8661","name":"Escudo 12","category":"Comida"}},{"type":"Feature","geometry":{"type":"Point","coordinates":[-3.69062,37.21599]},"properties":{"id":"c5b3b36a","name":"Esencia El Restaurante","category":"Comida"}},{"type":"Feature","geometry":{"type":"Point","coordinates":[-3.5994,37.18029]},"properties":{"id":"9ee041f3","name":"Eshavira Club","category":"Comida"}},{"type":"Feature","geometry":{"type":"Point","coordinates":[-3.52675,36.74474]},"properties":{"id":"fec3b850","name":"Espacio Ime","category":"Comida"}},{"type":"Feature","geometry":{"type":"Point","coordinates":[-85.96102,11.92834]},"properties":{"id":"1cc91c7c","name":"Espressionista","category":"Comida"}},{"type":"Feature","geometry":{"type":"Point","coordinates":[-3.5189,36.74465]},"properties":{"id":"55e296ca","name":"Esquina 13","category":"Comida"}},{"type":"Feature","geometry":{"type":"Point","coordinates":[-3.59236,37.18115]},"properties":{"id":"5535da71","name":"Estrellas de San Nicolás","category":"Comida"}},{"type":"Feature","geometry":{"type":"Point","coordinates":[-73.70573,3.5399]},"properties":{"id":"26f6a51f","name":"FUENTE DE SODA Y LAVAUTOS WILLIAMS","category":"Comida"}},{"type":"Feature","geometry":{"type":"Point","coordinates":[-3.5979,37.17814]},"properties":{"id":"152bdec8","name":"Falafel Al Habian","category":"Comida"}},{"type":"Feature","geometry":{"type":"Point","coordinates":[-3.59523,37.17638]},"properties":{"id":"a94b592b","name":"Faralā","category":"Comida"}},{"type":"Feature","geometry":{"type":"Point","coordinates":[-3.59025,36.73564]},"properties":{"id":"f6367605","name":"Fast Food Fusion","category":"Comida"}},{"type":"Feature","geometry":{"type":"Point","coordinates":[-3.35741,36.96205]},"properties":{"id":"72c6d2c4","name":"Finca los Llanos","category":"Comida"}},{"type":"Feature","geometry":{"type":"Point","coordinates":[-3.68954,36.73286]},"properties":{"id":"8388a503","name":"Firmvm","category":"Comida"}},{"type":"Feature","geometry":{"type":"Point","coordinates":[-3.63056,37.12334]},"properties":{"id":"7768aa97","name":"Flor del Edén","category":"Comida"}},{"type":"Feature","geometry":{"type":"Point","coordinates":[-3.59975,37.17758]},"properties":{"id":"ee4bc236","name":"Flor del Mercado","category":"Comida"}},{"type":"Feature","geometry":{"type":"Point","coordinates":[-4.03325,37.18751]},"properties":{"id":"099bd9fc","name":"Fogón de Curro","category":"Comida"}},{"type":"Feature","geometry":{"type":"Point","coordinates":[-3.51903,36.74486]},"properties":{"id":"51a93325","name":"Fogón de Medina","category":"Comida"}},{"type":"Feature","geometry":{"type":"Point","coordinates":[-3.60767,37.17464]},"properties":{"id":"17bafd15","name":"Foodies","category":"Comida"}},{"type":"Feature","geometry":{"type":"Point","coordinates":[-3.53153,36.74209]},"properties":{"id":"e86c4940","name":"Foster's Hollywood","category":"Comida"}},{"type":"Feature","geometry":{"type":"Point","coordinates":[-3.60807,37.16905]},"properties":{"id":"5a323784","name":"Foster's Hollywood","category":"Comida"}},{"type":"Feature","geometry":{"type":"Point","coordinates":[-3.61545,37.14549]},"properties":{"id":"0ae1e3bc","name":"Foster's Hollywood","category":"Comida"}},{"type":"Feature","geometry":{"type":"Point","coordinates":[-3.61648,37.21423]},"properties":{"id":"52ed25dc","name":"Foster's Hollywood","category":"Comida"}},{"type":"Feature","geometry":{"type":"Point","coordinates":[-3.68997,36.73205]},"properties":{"id":"4230cc86","name":"Francisco II","category":"Comida"}},{"type":"Feature","geometry":{"type":"Point","coordinates":[-3.61472,37.18157]},"properties":{"id":"9b5dd59e","name":"Freiduría La Flota","category":"Comida"}},{"type":"Feature","geometry":{"type":"Point","coordinates":[-3.52059,36.74316]},"properties":{"id":"4405b6d4","name":"Freiduría Lute y Jesús","category":"Comida"}},{"type":"Feature","geometry":{"type":"Point","coordinates":[-3.5948,37.16259]},"properties":{"id":"5ab0510c","name":"Freiduría Santa Mónica","category":"Comida"}},{"type":"Feature","geometry":{"type":"Point","coordinates":[-85.95033,11.93031]},"properties":{"id":"d400e2c4","name":"Frituras Nicaragüenses","category":"Comida"}},{"type":"Feature","geometry":{"type":"Point","coordinates":[-3.55413,37.24566]},"properties":{"id":"6fb3c3b1","name":"Fuente Grande","category":"Comida"}},{"type":"Feature","geometry":{"type":"Point","coordinates":[-3.59724,37.16922]},"properties":{"id":"0a98c8aa","name":"Fun Kitchen","category":"Comida"}},{"type":"Feature","geometry":{"type":"Point","coordinates":[-3.59777,37.17338]},"properties":{"id":"bef9e142","name":"GEN1L","category":"Comida"}},{"type":"Feature","geometry":{"type":"Point","coordinates":[-3.60761,37.17835]},"properties":{"id":"c4d43f05","name":"Galena","category":"Comida"}},{"type":"Feature","geometry":{"type":"Point","coordinates":[-3.6002,37.17554]},"properties":{"id":"74b69ffa","name":"Gallio","category":"Comida"}},{"type":"Feature","geometry":{"type":"Point","coordinates":[-3.59849,37.17318]},"properties":{"id":"3e6f38e2","name":"Garbo by Meliá","category":"Comida"}},{"type":"Feature","geometry":{"type":"Point","coordinates":[-3.59785,37.16844]},"properties":{"id":"a655429b","name":"Garden Plaza","category":"Comida"}},{"type":"Feature","geometry":{"type":"Point","coordinates":[-2.47868,37.72162]},"properties":{"id":"47edc750","name":"Gastrobar La Morata","category":"Comida"}},{"type":"Feature","geometry":{"type":"Point","coordinates":[-85.93634,11.91705]},"properties":{"id":"cd01daa4","name":"Gemelos","category":"Comida"}},{"type":"Feature","geometry":{"type":"Point","coordinates":[-2.5511,37.74515]},"properties":{"id":"39c40949","name":"Gerónimo","category":"Comida"}},{"type":"Feature","geometry":{"type":"Point","coordinates":[-3.48667,36.70195]},"properties":{"id":"d3b9269f","name":"Ginger Taste","category":"Comida"}},{"type":"Feature","geometry":{"type":"Point","coordinates":[-3.60426,37.17802]},"properties":{"id":"45dff184","name":"Gloria Benedetta","category":"Comida"}},{"type":"Feature","geometry":{"type":"Point","coordinates":[-3.60225,37.17616]},"properties":{"id":"eb322318","name":"Goiko","category":"Comida"}},{"type":"Feature","geometry":{"type":"Point","coordinates":[-74.35403,4.52467]},"properties":{"id":"a34cb4ba","name":"Govinda's","category":"Comida"}},{"type":"Feature","geometry":{"type":"Point","coordinates":[-3.5176,36.74412]},"properties":{"id":"8672bc36","name":"Gran Chen Tu","category":"Comida"}},{"type":"Feature","geometry":{"type":"Point","coordinates":[-3.60056,37.17353]},"properties":{"id":"4704dff2","name":"Gran Parraga 3","category":"Comida"}},{"type":"Feature","geometry":{"type":"Point","coordinates":[-3.13864,37.30271]},"properties":{"id":"085d1221","name":"Granadul","category":"Comida"}},{"type":"Feature","geometry":{"type":"Point","coordinates":[-3.6223,37.19542]},"properties":{"id":"f66c7097","name":"Grazie Mille","category":"Comida"}},{"type":"Feature","geometry":{"type":"Point","coordinates":[-85.95214,11.93001]},"properties":{"id":"537624a9","name":"Grill House","category":"Comida"}},{"type":"Feature","geometry":{"type":"Point","coordinates":[-85.95507,11.92821]},"properties":{"id":"404c4ddc","name":"Guapollon","category":"Comida"}},{"type":"Feature","geometry":{"type":"Point","coordinates":[-3.36335,36.93959]},"properties":{"id":"52b11cd1","name":"Guillermo","category":"Comida"}},{"type":"Feature","geometry":{"type":"Point","coordinates":[-3.82024,36.94812]},"properties":{"id":"ae2a9375","name":"Gumer","category":"Comida"}},{"type":"Feature","geometry":{"type":"Point","coordinates":[-3.67233,36.73537]},"properties":{"id":"e440665d","name":"Happy Garden","category":"Comida"}},{"type":"Feature","geometry":{"type":"Point","coordinates":[-3.59833,37.17366]},"properties":{"id":"b3fb3f67","name":"Hermanos Urquiza","category":"Comida"}},{"type":"Feature","geometry":{"type":"Point","coordinates":[-2.99251,37.39928]},"properties":{"id":"349258ef","name":"Hermanos Vergara","category":"Comida"}},{"type":"Feature","geometry":{"type":"Point","coordinates":[-3.59311,37.22129]},"properties":{"id":"1741c121","name":"Higuera","category":"Comida"}},{"type":"Feature","geometry":{"type":"Point","coordinates":[-3.48283,36.91721]},"properties":{"id":"1f7fa0da","name":"Hogar Betania","category":"Comida"}},{"type":"Feature","geometry":{"type":"Point","coordinates":[-85.9556,11.92913]},"properties":{"id":"946af57e","name":"Hostal Cueva Nica","category":"Comida"}},{"type":"Feature","geometry":{"type":"Point","coordinates":[-3.24226,37.58191]},"properties":{"id":"9db41de9","name":"Hostal Mesón Martínez","category":"Comida"}},{"type":"Feature","geometry":{"type":"Point","coordinates":[-3.95785,37.18379]},"properties":{"id":"2988bfb4","name":"Hostal Restaurante El Garballo","category":"Comida"}},{"type":"Feature","geometry":{"type":"Point","coordinates":[-2.75812,37.49597]},"properties":{"id":"4dabc60b","name":"Hostal Restaurante Los Hermanos","category":"Comida"}},{"type":"Feature","geometry":{"type":"Point","coordinates":[-3.48369,37.13946]},"properties":{"id":"9c2592bf","name":"Hostal Restaurante Los Puentes","category":"Comida"}},{"type":"Feature","geometry":{"type":"Point","coordinates":[-3.58841,37.17605]},"properties":{"id":"1ffea313","name":"Hotel América","category":"Comida"}},{"type":"Feature","geometry":{"type":"Point","coordinates":[-85.95246,11.93346]},"properties":{"id":"09952523","name":"Hotel Il Padrino","category":"Comida"}},{"type":"Feature","geometry":{"type":"Point","coordinates":[-3.48787,37.14276]},"properties":{"id":"97a0281e","name":"Hotel La Higuera","category":"Comida"}},{"type":"Feature","geometry":{"type":"Point","coordinates":[-3.04934,37.20651]},"properties":{"id":"5c85e3d5","name":"Hotel Restaurante los Tres Canguros","category":"Comida"}},{"type":"Feature","geometry":{"type":"Point","coordinates":[-3.32333,36.92939]},"properties":{"id":"ebeb1ddb","name":"Hotel Rural de Mecina Fondales","category":"Comida"}},{"type":"Feature","geometry":{"type":"Point","coordinates":[-3.55188,36.71501]},"properties":{"id":"5ba46e40","name":"Hoyo 19 Beach Club","category":"Comida"}},{"type":"Feature","geometry":{"type":"Point","coordinates":[-4.04303,37.20106]},"properties":{"id":"50bb8363","name":"Hua Xiang","category":"Comida"}},{"type":"Feature","geometry":{"type":"Point","coordinates":[-3.60169,37.17756]},"properties":{"id":"a1f9a384","name":"Humo el Origen","category":"Comida"}},{"type":"Feature","geometry":{"type":"Point","coordinates":[-3.65203,37.23076]},"properties":{"id":"979f6b78","name":"I Love Pizza","category":"Comida"}},{"type":"Feature","geometry":{"type":"Point","coordinates":[-3.5976,37.17687]},"properties":{"id":"98de18cb","name":"I love green","category":"Comida"}},{"type":"Feature","geometry":{"type":"Point","coordinates":[-3.60786,37.17622]},"properties":{"id":"4dc7f43e","name":"Ichiban II","category":"Comida"}},{"type":"Feature","geometry":{"type":"Point","coordinates":[-3.60426,37.17209]},"properties":{"id":"aa66992b","name":"Il Gondoliere","category":"Comida"}},{"type":"Feature","geometry":{"type":"Point","coordinates":[-3.61413,37.14525]},"properties":{"id":"c15407dc","name":"Il Gondoliere","category":"Comida"}},{"type":"Feature","geometry":{"type":"Point","coordinates":[-3.59454,37.15502]},"properties":{"id":"197d6660","name":"Il Gondoliere Nuovo","category":"Comida"}},{"type":"Feature","geometry":{"type":"Point","coordinates":[-3.40063,37.0945]},"properties":{"id":"17a1d5d3","name":"Il Nuovo Little Morgan","category":"Comida"}},{"type":"Feature","geometry":{"type":"Point","coordinates":[-3.58287,37.11664]},"properties":{"id":"efd03d45","name":"Il Salentino","category":"Comida"}},{"type":"Feature","geometry":{"type":"Point","coordinates":[-3.66432,36.74327]},"properties":{"id":"11c7dd61","name":"Il Subacqueo","category":"Comida"}},{"type":"Feature","geometry":{"type":"Point","coordinates":[-3.68007,36.81576]},"properties":{"id":"dd99893b","name":"Indios Bar Pub","category":"Comida"}},{"type":"Feature","geometry":{"type":"Point","coordinates":[-85.93426,11.91497]},"properties":{"id":"af153a23","name":"Inuit Kayak","category":"Comida"}},{"type":"Feature","geometry":{"type":"Point","coordinates":[-85.92945,11.91185]},"properties":{"id":"84cbcba2","name":"Isla Piratas","category":"Comida"}},{"type":"Feature","geometry":{"type":"Point","coordinates":[-3.60733,37.17637]},"properties":{"id":"b96f3592","name":"It's Vietnam","category":"Comida"}},{"type":"Feature","geometry":{"type":"Point","coordinates":[-73.71009,3.54677]},"properties":{"id":"01ac6456","name":"JUAKOS POOL BILLAR CLUB","category":"Comida"}},{"type":"Feature","geometry":{"type":"Point","coordinates":[-3.6066,37.17486]},"properties":{"id":"1e067419","name":"Jabugo bodega","category":"Comida"}},{"type":"Feature","geometry":{"type":"Point","coordinates":[-3.60644,37.17659]},"properties":{"id":"b79a12f0","name":"Jako Ramen","category":"Comida"}},{"type":"Feature","geometry":{"type":"Point","coordinates":[-3.58522,37.17419]},"properties":{"id":"a22ecbbe","name":"Jardines Alberto","category":"Comida"}},{"type":"Feature","geometry":{"type":"Point","coordinates":[-3.59173,37.18243]},"properties":{"id":"c3d6e82f","name":"Jardines de Zoraya","category":"Comida"}},{"type":"Feature","geometry":{"type":"Point","coordinates":[-3.59791,37.1783]},"properties":{"id":"9ef819db","name":"Jerusalén","category":"Comida"}},{"type":"Feature","geometry":{"type":"Point","coordinates":[-2.7317,37.81845]},"properties":{"id":"a1b84d86","name":"Julián","category":"Comida"}},{"type":"Feature","geometry":{"type":"Point","coordinates":[-85.95843,11.9291]},"properties":{"id":"e6f94522","name":"Juniors gym","category":"Comida"}},{"type":"Feature","geometry":{"type":"Point","coordinates":[-4.00092,37.3218]},"properties":{"id":"773d3aa3","name":"Justo","category":"Comida"}},{"type":"Feature","geometry":{"type":"Point","coordinates":[-3.60438,37.17133]},"properties":{"id":"d81b6b35","name":"K-Dosirak","category":"Comida"}},{"type":"Feature","geometry":{"type":"Point","coordinates":[-3.62161,37.02326]},"properties":{"id":"44428d2c","name":"K2","category":"Comida"}},{"type":"Feature","geometry":{"type":"Point","coordinates":[-73.70559,3.54963]},"properties":{"id":"c9ba5f63","name":"KARAOKE BAR LA OCTAVA","category":"Comida"}},{"type":"Feature","geometry":{"type":"Point","coordinates":[-3.60788,37.17458]},"properties":{"id":"fb6ec120","name":"Kab-Kao","category":"Comida"}},{"type":"Feature","geometry":{"type":"Point","coordinates":[-3.62119,37.21164]},"properties":{"id":"1c3ddbbc","name":"Kaisen","category":"Comida"}},{"type":"Feature","geometry":{"type":"Point","coordinates":[-85.95555,11.92817]},"properties":{"id":"391f3b8f","name":"Kanpai","category":"Comida"}},{"type":"Feature","geometry":{"type":"Point","coordinates":[-3.59741,37.17775]},"properties":{"id":"74bb9dfe","name":"Kasbah Tea House","category":"Comida"}},{"type":"Feature","geometry":{"type":"Point","coordinates":[-4.14938,37.16655]},"properties":{"id":"cd5b2aa7","name":"Kastizo","category":"Comida"}},{"type":"Feature","geometry":{"type":"Point","coordinates":[-3.54432,36.72009]},"properties":{"id":"755a5def","name":"Katena","category":"Comida"}},{"type":"Feature","geometry":{"type":"Point","coordinates":[-85.95258,11.93175]},"properties":{"id":"fdbb0682","name":"Kathy's Waffle House","category":"Comida"}},{"type":"Feature","geometry":{"type":"Point","coordinates":[-73.7067,3.54204]},"properties":{"id":"c632b62c","name":"Kavalia","category":"Comida"}},{"type":"Feature","geometry":{"type":"Point","coordinates":[-3.6029,37.16891]},"properties":{"id":"239b2f61","name":"Kebab Alhamar","category":"Comida"}},{"type":"Feature","geometry":{"type":"Point","coordinates":[-3.59773,37.17285]},"properties":{"id":"072b925d","name":"Kinsasa Jungle Club","category":"Comida"}},{"type":"Feature","geometry":{"type":"Point","coordinates":[-85.95423,11.92955]},"properties":{"id":"93649088","name":"Kioskito El Gordito","category":"Comida"}},{"type":"Feature","geometry":{"type":"Point","coordinates":[-3.52993,37.26018]},"properties":{"id":"a112b4e4","name":"Kiosko Alfaguara","category":"Comida"}},{"type":"Feature","geometry":{"type":"Point","coordinates":[-3.5927,37.16929]},"properties":{"id":"8d06d38e","name":"Kiosko Las Titas","category":"Comida"}},{"type":"Feature","geometry":{"type":"Point","coordinates":[-85.95379,11.9296]},"properties":{"id":"f9e268e1","name":"Kiosko Modesta","category":"Comida"}},{"type":"Feature","geometry":{"type":"Point","coordinates":[-3.60545,37.17115]},"properties":{"id":"65737341","name":"Kirin","category":"Comida"}},{"type":"Feature","geometry":{"type":"Point","coordinates":[-73.70641,3.53837]},"properties":{"id":"4800f3e7","name":"LA CATEDRA CHURRASQUERIA","category":"Comida"}},{"type":"Feature","geometry":{"type":"Point","coordinates":[-73.70861,3.54135]},"properties":{"id":"ddd19c43","name":"LA CAVA DEL ARIARI","category":"Comida"}},{"type":"Feature","geometry":{"type":"Point","coordinates":[-73.71013,3.54737]},"properties":{"id":"eabad1e3","name":"LICORERA LA 13","category":"Comida"}},{"type":"Feature","geometry":{"type":"Point","coordinates":[-3.59846,37.17297]},"properties":{"id":"bddbe6ed","name":"La Abacería","category":"Comida"}},{"type":"Feature","geometry":{"type":"Point","coordinates":[-3.61921,37.14187]},"properties":{"id":"be22fc89","name":"La Abuela Pepa","category":"Comida"}},{"type":"Feature","geometry":{"type":"Point","coordinates":[-3.05421,36.96333]},"properties":{"id":"e4c123c2","name":"La Alegría","category":"Comida"}},{"type":"Feature","geometry":{"type":"Point","coordinates":[-3.58278,37.12128]},"properties":{"id":"d9593123","name":"La Almadraba","category":"Comida"}},{"type":"Feature","geometry":{"type":"Point","coordinates":[-3.42313,36.89966]},"properties":{"id":"84e3eb10","name":"La Almazara","category":"Comida"}},{"type":"Feature","geometry":{"type":"Point","coordinates":[-3.11902,36.98342]},"properties":{"id":"771ddec9","name":"La Almunia de la Alpujarra","category":"Comida"}},{"type":"Feature","geometry":{"type":"Point","coordinates":[-3.61054,37.18948]},"properties":{"id":"6be0838b","name":"La Alternativa","category":"Comida"}},{"type":"Feature","geometry":{"type":"Point","coordinates":[-3.5942,37.17643]},"properties":{"id":"684c166b","name":"La Antigualla","category":"Comida"}},{"type":"Feature","geometry":{"type":"Point","coordinates":[-3.35434,36.94858]},"properties":{"id":"d6fe7f6b","name":"La Artesa","category":"Comida"}},{"type":"Feature","geometry":{"type":"Point","coordinates":[-3.59233,36.73719]},"properties":{"id":"ca39ec0e","name":"La Bahía","category":"Comida"}},{"type":"Feature","geometry":{"type":"Point","coordinates":[-3.60411,37.10619]},"properties":{"id":"b3c3eec4","name":"La Bamba","category":"Comida"}},{"type":"Feature","geometry":{"type":"Point","coordinates":[-3.3873,36.74303]},"properties":{"id":"df37dc03","name":"La Barbacoa","category":"Comida"}},{"type":"Feature","geometry":{"type":"Point","coordinates":[-3.10426,37.5899]},"properties":{"id":"3b9f1a39","name":"La Barbería","category":"Comida"}},{"type":"Feature","geometry":{"type":"Point","coordinates":[-3.74294,36.73475]},"properties":{"id":"9fa4d197","name":"La Barca de Jabega","category":"Comida"}},{"type":"Feature","geometry":{"type":"Point","coordinates":[-3.77657,36.73816]},"properties":{"id":"c1143a43","name":"La Barraca","category":"Comida"}},{"type":"Feature","geometry":{"type":"Point","coordinates":[-3.53993,36.72162]},"properties":{"id":"40aae7f0","name":"La Barraca","category":"Comida"}},{"type":"Feature","geometry":{"type":"Point","coordinates":[-3.59144,36.73656]},"properties":{"id":"0b4c733f","name":"La Barraca","category":"Comida"}},{"type":"Feature","geometry":{"type":"Point","coordinates":[-3.39924,37.09375]},"properties":{"id":"b9fc3bf9","name":"La Bodega","category":"Comida"}},{"type":"Feature","geometry":{"type":"Point","coordinates":[-3.60706,37.17627]},"properties":{"id":"7d471fa0","name":"La Bodega De Vinny","category":"Comida"}},{"type":"Feature","geometry":{"type":"Point","coordinates":[-3.60281,37.17445]},"properties":{"id":"c26e0842","name":"La Bodega de Antonio","category":"Comida"}},{"type":"Feature","geometry":{"type":"Point","coordinates":[-3.60243,37.10218]},"properties":{"id":"109dd4a0","name":"La Bodeguilla","category":"Comida"}},{"type":"Feature","geometry":{"type":"Point","coordinates":[-3.60733,37.18775]},"properties":{"id":"add82cce","name":"La Bodeguita","category":"Comida"}},{"type":"Feature","geometry":{"type":"Point","coordinates":[-3.68838,36.73144]},"properties":{"id":"b78e4df3","name":"La Bodeguita","category":"Comida"}},{"type":"Feature","geometry":{"type":"Point","coordinates":[-3.59666,37.17218]},"properties":{"id":"1db16b57","name":"La Bodeguita Cofrade III","category":"Comida"}},{"type":"Feature","geometry":{"type":"Point","coordinates":[-3.59441,37.17382]},"properties":{"id":"2b8a0013","name":"La Borraja","category":"Comida"}},{"type":"Feature","geometry":{"type":"Point","coordinates":[-3.59625,37.17301]},"properties":{"id":"d7c46b96","name":"La Botillería","category":"Comida"}},{"type":"Feature","geometry":{"type":"Point","coordinates":[-3.56753,36.98789]},"properties":{"id":"c17b8db4","name":"La Buhardilla","category":"Comida"}},{"type":"Feature","geometry":{"type":"Point","coordinates":[-3.6947,36.73135]},"properties":{"id":"03c53d25","name":"La Cabaña","category":"Comida"}},{"type":"Feature","geometry":{"type":"Point","coordinates":[-3.68089,37.22835]},"properties":{"id":"c225456c","name":"La Cabaña","category":"Comida"}},{"type":"Feature","geometry":{"type":"Point","coordinates":[-2.5419,37.81212]},"properties":{"id":"0db5b6c2","name":"La Cabaña","category":"Comida"}},{"type":"Feature","geometry":{"type":"Point","coordinates":[-3.60913,37.17829]},"properties":{"id":"d5cc813c","name":"La Calle Burger","category":"Comida"}},{"type":"Feature","geometry":{"type":"Point","coordinates":[-3.53616,37.13096]},"properties":{"id":"997979ff","name":"La Cantina de Diego","category":"Comida"}},{"type":"Feature","geometry":{"type":"Point","coordinates":[-3.41864,36.69767]},"properties":{"id":"04cc9fc9","name":"La Capitana","category":"Comida"}},{"type":"Feature","geometry":{"type":"Point","coordinates":[-3.52014,36.75097]},"properties":{"id":"55c65fdf","name":"La Carbonería","category":"Comida"}},{"type":"Feature","geometry":{"type":"Point","coordinates":[-3.49619,36.91928]},"properties":{"id":"25925b3e","name":"La Casita de Papel","category":"Comida"}},{"type":"Feature","geometry":{"type":"Point","coordinates":[-3.59886,37.17314]},"properties":{"id":"ad72ad9d","name":"La Castellana","category":"Comida"}},{"type":"Feature","geometry":{"type":"Point","coordinates":[-3.51314,36.74133]},"properties":{"id":"6cc16b41","name":"La Casuca","category":"Comida"}},{"type":"Feature","geometry":{"type":"Point","coordinates":[-2.7739,37.48956]},"properties":{"id":"edf4616e","name":"La Catrina","category":"Comida"}},{"type":"Feature","geometry":{"type":"Point","coordinates":[-3.5899,36.73661]},"properties":{"id":"34984158","name":"La Caña","category":"Comida"}},{"type":"Feature","geometry":{"type":"Point","coordinates":[-3.58284,37.11883]},"properties":{"id":"9a42e9c5","name":"La Chulapa","category":"Comida"}},{"type":"Feature","geometry":{"type":"Point","coordinates":[-3.60078,37.17596]},"properties":{"id":"4581fec1","name":"La Churrería","category":"Comida"}},{"type":"Feature","geometry":{"type":"Point","coordinates":[-3.74662,36.73696]},"properties":{"id":"ab9e0689","name":"La Cochera","category":"Comida"}},{"type":"Feature","geometry":{"type":"Point","coordinates":[-3.59968,37.17768]},"properties":{"id":"1063b7ff","name":"La Cocina de San Augustin","category":"Comida"}},{"type":"Feature","geometry":{"type":"Point","coordinates":[-85.9538,11.93112]},"properties":{"id":"fd27ae4e","name":"La Cocina de doña Berna","category":"Comida"}},{"type":"Feature","geometry":{"type":"Point","coordinates":[-4.04354,37.1982]},"properties":{"id":"655c78df","name":"La Colina de Oro","category":"Comida"}},{"type":"Feature","geometry":{"type":"Point","coordinates":[-3.6048,37.17626]},"properties":{"id":"2829ee60","name":"La Comanda","category":"Comida"}},{"type":"Feature","geometry":{"type":"Point","coordinates":[-3.63016,37.14763]},"properties":{"id":"2dc5eca3","name":"La Compañía","category":"Comida"}},{"type":"Feature","geometry":{"type":"Point","coordinates":[-3.60668,37.14402]},"properties":{"id":"1c2b1f81","name":"La Compañía","category":"Comida"}},{"type":"Feature","geometry":{"type":"Point","coordinates":[-3.69188,36.73337]},"properties":{"id":"3597bb83","name":"La Corrala","category":"Comida"}},{"type":"Feature","geometry":{"type":"Point","coordinates":[-3.68902,36.73095]},"properties":{"id":"ecb9570c","name":"La Corrala Playa","category":"Comida"}},{"type":"Feature","geometry":{"type":"Point","coordinates":[-3.58478,36.74197]},"properties":{"id":"269db08a","name":"La Cruzada","category":"Comida"}},{"type":"Feature","geometry":{"type":"Point","coordinates":[-3.59576,37.16792]},"properties":{"id":"23a877e0","name":"La Cuchara de Carmela","category":"Comida"}},{"type":"Feature","geometry":{"type":"Point","coordinates":[-3.5107,36.74278]},"properties":{"id":"09506c56","name":"La Cueva","category":"Comida"}},{"type":"Feature","geometry":{"type":"Point","coordinates":[-3.68963,36.73137]},"properties":{"id":"a8a36315","name":"La Cueva","category":"Comida"}},{"type":"Feature","geometry":{"type":"Point","coordinates":[-3.60467,37.17042]},"properties":{"id":"8af09c92","name":"La Cueva de 1900","category":"Comida"}},{"type":"Feature","geometry":{"type":"Point","coordinates":[-3.64415,37.23579]},"properties":{"id":"291c266c","name":"La Cueva de 1900","category":"Comida"}},{"type":"Feature","geometry":{"type":"Point","coordinates":[-3.59915,37.17431]},"properties":{"id":"acbdaed8","name":"La Cueva de 1900","category":"Comida"}},{"type":"Feature","geometry":{"type":"Point","coordinates":[-3.6137,37.145]},"properties":{"id":"3e1c7570","name":"La Cueva de 1900","category":"Comida"}},{"type":"Feature","geometry":{"type":"Point","coordinates":[-3.60001,37.17492]},"properties":{"id":"5d6fa23e","name":"La Cueva de 1900","category":"Comida"}},{"type":"Feature","geometry":{"type":"Point","coordinates":[-3.58354,37.15758]},"properties":{"id":"f618e39d","name":"La Cueva de 1900","category":"Comida"}},{"type":"Feature","geometry":{"type":"Point","coordinates":[-3.59516,37.1774]},"properties":{"id":"931c18b8","name":"La Cueva de 1900","category":"Comida"}},{"type":"Feature","geometry":{"type":"Point","coordinates":[-3.61258,37.14746]},"properties":{"id":"02de241e","name":"La Cueva de 1900","category":"Comida"}},{"type":"Feature","geometry":{"type":"Point","coordinates":[-3.16733,37.35856]},"properties":{"id":"924b92f5","name":"La Cueva del Paladar","category":"Comida"}},{"type":"Feature","geometry":{"type":"Point","coordinates":[-3.6114,37.19458]},"properties":{"id":"e09d2a7f","name":"La Cueva del Tapeo","category":"Comida"}},{"type":"Feature","geometry":{"type":"Point","coordinates":[-3.58629,36.777]},"properties":{"id":"3565bf03","name":"La Cumbre","category":"Comida"}},{"type":"Feature","geometry":{"type":"Point","coordinates":[-3.60831,37.17717]},"properties":{"id":"20b509a1","name":"La Cuneta","category":"Comida"}},{"type":"Feature","geometry":{"type":"Point","coordinates":[-3.65172,37.23074]},"properties":{"id":"066ab4b4","name":"La Curva","category":"Comida"}},{"type":"Feature","geometry":{"type":"Point","coordinates":[-2.77269,37.49223]},"properties":{"id":"6548062c","name":"La Curva","category":"Comida"}},{"type":"Feature","geometry":{"type":"Point","coordinates":[-3.61242,37.1551]},"properties":{"id":"fed11e3b","name":"La Despensa del Granero","category":"Comida"}},{"type":"Feature","geometry":{"type":"Point","coordinates":[-3.70265,36.7338]},"properties":{"id":"47160b2f","name":"La Dorada de Plata","category":"Comida"}},{"type":"Feature","geometry":{"type":"Point","coordinates":[-85.96459,11.91721]},"properties":{"id":"403d99d8","name":"La Embajada","category":"Comida"}},{"type":"Feature","geometry":{"type":"Point","coordinates":[-3.66822,36.74026]},"properties":{"id":"2e25101b","name":"La Enramada","category":"Comida"}},{"type":"Feature","geometry":{"type":"Point","coordinates":[-3.60248,37.14942]},"properties":{"id":"bc29880c","name":"La Entreplanta","category":"Comida"}},{"type":"Feature","geometry":{"type":"Point","coordinates":[-3.59578,37.17669]},"properties":{"id":"63fa327d","name":"La Espera","category":"Comida"}},{"type":"Feature","geometry":{"type":"Point","coordinates":[-3.59702,37.17246]},"properties":{"id":"83a93654","name":"La Esquinita de Javi","category":"Comida"}},{"type":"Feature","geometry":{"type":"Point","coordinates":[-3.59691,37.1718]},"properties":{"id":"56561d49","name":"La Esquinita de Javi","category":"Comida"}},{"type":"Feature","geometry":{"type":"Point","coordinates":[-3.60185,37.14991]},"properties":{"id":"2efbee6e","name":"La Esquinita de Pablo","category":"Comida"}},{"type":"Feature","geometry":{"type":"Point","coordinates":[-3.59627,37.17692]},"properties":{"id":"2b02e9e0","name":"La Estancia","category":"Comida"}},{"type":"Feature","geometry":{"type":"Point","coordinates":[-3.57263,37.14431]},"properties":{"id":"8823c5d7","name":"La Estrella","category":"Comida"}},{"type":"Feature","geometry":{"type":"Point","coordinates":[-3.59588,37.17629]},"properties":{"id":"30b24623","name":"La Estrella","category":"Comida"}},{"type":"Feature","geometry":{"type":"Point","coordinates":[-3.43308,37.15442]},"properties":{"id":"bc2234c6","name":"La Fabriquilla","category":"Comida"}},{"type":"Feature","geometry":{"type":"Point","coordinates":[-3.60251,37.17654]},"properties":{"id":"e02a7ef0","name":"La Familia","category":"Comida"}},{"type":"Feature","geometry":{"type":"Point","coordinates":[-3.60229,37.16818]},"properties":{"id":"352a7cda","name":"La Farra","category":"Comida"}},{"type":"Feature","geometry":{"type":"Point","coordinates":[-4.00948,37.32088]},"properties":{"id":"7f412b9b","name":"La Fonda","category":"Comida"}},{"type":"Feature","geometry":{"type":"Point","coordinates":[-3.60245,37.16936]},"properties":{"id":"39bf3cdf","name":"La Fonda","category":"Comida"}},{"type":"Feature","geometry":{"type":"Point","coordinates":[-3.3997,37.09562]},"properties":{"id":"18393e56","name":"La Fondue de Noa","category":"Comida"}},{"type":"Feature","geometry":{"type":"Point","coordinates":[-3.60063,37.1762]},"properties":{"id":"d857aee6","name":"La Freiduría de Tere","category":"Comida"}},{"type":"Feature","geometry":{"type":"Point","coordinates":[-85.9586,11.92881]},"properties":{"id":"c834bf2c","name":"La Frontera","category":"Comida"}},{"type":"Feature","geometry":{"type":"Point","coordinates":[-85.96079,11.93061]},"properties":{"id":"24a02e2b","name":"La Frontera","category":"Comida"}},{"type":"Feature","geometry":{"type":"Point","coordinates":[-3.60028,37.17703]},"properties":{"id":"50c9acf5","name":"La Frrsquera","category":"Comida"}},{"type":"Feature","geometry":{"type":"Point","coordinates":[-2.54124,37.80625]},"properties":{"id":"b8405191","name":"La Fuente","category":"Comida"}},{"type":"Feature","geometry":{"type":"Point","coordinates":[-3.65587,36.74779]},"properties":{"id":"bcf6e8ff","name":"La Galera","category":"Comida"}},{"type":"Feature","geometry":{"type":"Point","coordinates":[-3.63114,37.12206]},"properties":{"id":"3bafd800","name":"La Galería de los Llanos","category":"Comida"}},{"type":"Feature","geometry":{"type":"Point","coordinates":[-3.58472,36.74265]},"properties":{"id":"614ebfe9","name":"La Gaviota","category":"Comida"}},{"type":"Feature","geometry":{"type":"Point","coordinates":[-3.75206,36.73845]},"properties":{"id":"a2492a52","name":"La Gaviota","category":"Comida"}},{"type":"Feature","geometry":{"type":"Point","coordinates":[-3.61191,37.18901]},"properties":{"id":"8058622e","name":"La Golondrina","category":"Comida"}},{"type":"Feature","geometry":{"type":"Point","coordinates":[-3.60363,37.17359]},"properties":{"id":"51fcd6be","name":"La Goma","category":"Comida"}},{"type":"Feature","geometry":{"type":"Point","coordinates":[-85.95351,11.92914]},"properties":{"id":"aac91800","name":"La Gran Francia Lobby Bar","category":"Comida"}},{"type":"Feature","geometry":{"type":"Point","coordinates":[-3.59589,37.17663]},"properties":{"id":"2d605701","name":"La Gran Taberna","category":"Comida"}},{"type":"Feature","geometry":{"type":"Point","coordinates":[-3.59273,37.18564]},"properties":{"id":"2c0c0bc2","name":"La Granja","category":"Comida"}},{"type":"Feature","geometry":{"type":"Point","coordinates":[-3.54274,37.09596]},"properties":{"id":"71129ce8","name":"La Guitarra","category":"Comida"}},{"type":"Feature","geometry":{"type":"Point","coordinates":[-2.76958,37.4879]},"properties":{"id":"d144e1f3","name":"La Góndola","category":"Comida"}},{"type":"Feature","geometry":{"type":"Point","coordinates":[-85.95256,11.9324]},"properties":{"id":"acfc98eb","name":"La Hacienda","category":"Comida"}},{"type":"Feature","geometry":{"type":"Point","coordinates":[-3.14393,37.23696]},"properties":{"id":"7bd6f4cd","name":"La Hacienda del Marquesado","category":"Comida"}},{"type":"Feature","geometry":{"type":"Point","coordinates":[-3.54743,36.98217]},"properties":{"id":"c4acc12d","name":"La Lolaina","category":"Comida"}},{"type":"Feature","geometry":{"type":"Point","coordinates":[-3.5933,37.15522]},"properties":{"id":"7e7b4218","name":"La Madraza","category":"Comida"}},{"type":"Feature","geometry":{"type":"Point","coordinates":[-3.59676,37.17485]},"properties":{"id":"471f2e39","name":"La Mafia","category":"Comida"}},{"type":"Feature","geometry":{"type":"Point","coordinates":[-3.60624,37.17473]},"properties":{"id":"729dad9d","name":"La Mafia","category":"Comida"}},{"type":"Feature","geometry":{"type":"Point","coordinates":[-3.58448,36.92862]},"properties":{"id":"2bf670e9","name":"La Marquesina","category":"Comida"}},{"type":"Feature","geometry":{"type":"Point","coordinates":[-3.57556,37.14466]},"properties":{"id":"420baf2f","name":"La Masía","category":"Comida"}},{"type":"Feature","geometry":{"type":"Point","coordinates":[-3.601,37.14942]},"properties":{"id":"0b468a08","name":"La Mediterránea","category":"Comida"}},{"type":"Feature","geometry":{"type":"Point","coordinates":[-3.58498,37.17444]},"properties":{"id":"5988f36b","name":"La Mimbre","category":"Comida"}},{"type":"Feature","geometry":{"type":"Point","coordinates":[-3.19203,36.97441]},"properties":{"id":"ecf84e57","name":"La Mirador","category":"Comida"}},{"type":"Feature","geometry":{"type":"Point","coordinates":[-3.45016,37.13244]},"properties":{"id":"aea28596","name":"La Montaña","category":"Comida"}},{"type":"Feature","geometry":{"type":"Point","coordinates":[-3.49743,37.2338]},"properties":{"id":"c513656d","name":"La Mora","category":"Comida"}},{"type":"Feature","geometry":{"type":"Point","coordinates":[-3.6888,36.73225]},"properties":{"id":"348f7af7","name":"La Moraga","category":"Comida"}},{"type":"Feature","geometry":{"type":"Point","coordinates":[-3.59734,37.18047]},"properties":{"id":"29cc2d3a","name":"La Moraga Albaicín","category":"Comida"}},{"type":"Feature","geometry":{"type":"Point","coordinates":[-3.60113,37.17781]},"properties":{"id":"6403795d","name":"La Morocha","category":"Comida"}},{"type":"Feature","geometry":{"type":"Point","coordinates":[-3.72892,36.98007]},"properties":{"id":"e271c98c","name":"La Muga","category":"Comida"}},{"type":"Feature","geometry":{"type":"Point","coordinates":[-74.3638,4.50921]},"properties":{"id":"3a3f07a2","name":"La Navarra","category":"Comida"}},{"type":"Feature","geometry":{"type":"Point","coordinates":[-3.60009,37.17501]},"properties":{"id":"b9492521","name":"La Nonna Carmela","category":"Comida"}},{"type":"Feature","geometry":{"type":"Point","coordinates":[-3.51869,36.74806]},"properties":{"id":"f8ee0fc7","name":"La Nueva 47","category":"Comida"}},{"type":"Feature","geometry":{"type":"Point","coordinates":[-3.59737,37.17738]},"properties":{"id":"df7f34d0","name":"La Nueva Bodega","category":"Comida"}},{"type":"Feature","geometry":{"type":"Point","coordinates":[-3.69567,36.73]},"properties":{"id":"5a43cd06","name":"La Nuova Sardegna","category":"Comida"}},{"type":"Feature","geometry":{"type":"Point","coordinates":[-4.05966,37.17911]},"properties":{"id":"987af181","name":"La Parada","category":"Comida"}},{"type":"Feature","geometry":{"type":"Point","coordinates":[-3.8238,36.94871]},"properties":{"id":"f99d4853","name":"La Parada","category":"Comida"}},{"type":"Feature","geometry":{"type":"Point","coordinates":[-3.60347,37.17246]},"properties":{"id":"6084791c","name":"La Parriillita","category":"Comida"}},{"type":"Feature","geometry":{"type":"Point","coordinates":[-3.68769,37.2127]},"properties":{"id":"76e373a4","name":"La Pará de Moradama","category":"Comida"}},{"type":"Feature","geometry":{"type":"Point","coordinates":[-3.60155,37.14961]},"properties":{"id":"8b0086f7","name":"La Pasería de Lu","category":"Comida"}},{"type":"Feature","geometry":{"type":"Point","coordinates":[-3.60581,37.17695]},"properties":{"id":"5334cea0","name":"La Pataleta","category":"Comida"}},{"type":"Feature","geometry":{"type":"Point","coordinates":[-4.0067,37.32421]},"properties":{"id":"5518d486","name":"La Paz","category":"Comida"}},{"type":"Feature","geometry":{"type":"Point","coordinates":[-3.69064,36.73113]},"properties":{"id":"0d1cd964","name":"La Pelillera","category":"Comida"}},{"type":"Feature","geometry":{"type":"Point","coordinates":[-2.97112,37.36972]},"properties":{"id":"bab4aad8","name":"La Perejila","category":"Comida"}},{"type":"Feature","geometry":{"type":"Point","coordinates":[-3.30229,37.27706]},"properties":{"id":"4cbe358c","name":"La Peza","category":"Comida"}},{"type":"Feature","geometry":{"type":"Point","coordinates":[-3.59675,37.17639]},"properties":{"id":"14a9ee12","name":"La Piccola Carmela","category":"Comida"}},{"type":"Feature","geometry":{"type":"Point","coordinates":[-3.5968,37.17636]},"properties":{"id":"126d140c","name":"La Piccola Carmela","category":"Comida"}},{"type":"Feature","geometry":{"type":"Point","coordinates":[-3.35967,36.96148]},"properties":{"id":"974c1ea1","name":"La Pizzería","category":"Comida"}},{"type":"Feature","geometry":{"type":"Point","coordinates":[-3.60796,37.16012]},"properties":{"id":"fe95e650","name":"La Platea","category":"Comida"}},{"type":"Feature","geometry":{"type":"Point","coordinates":[-3.59833,37.17292]},"properties":{"id":"b478d6c5","name":"La Platea","category":"Comida"}},{"type":"Feature","geometry":{"type":"Point","coordinates":[-2.76988,37.49433]},"properties":{"id":"163d4f92","name":"La Porcha","category":"Comida"}},{"type":"Feature","geometry":{"type":"Point","coordinates":[-2.7699,37.49437]},"properties":{"id":"9fdbf9e4","name":"La Porchá \"Bodegon Vino del País","category":"Comida"}},{"type":"Feature","geometry":{"type":"Point","coordinates":[-3.62356,37.19644]},"properties":{"id":"639a6010","name":"La Posada","category":"Comida"}},{"type":"Feature","geometry":{"type":"Point","coordinates":[-2.54998,37.74357]},"properties":{"id":"debe9bc4","name":"La Posá","category":"Comida"}},{"type":"Feature","geometry":{"type":"Point","coordinates":[-3.59836,37.17866]},"properties":{"id":"8b436017","name":"La Puerta de Syria 2","category":"Comida"}},{"type":"Feature","geometry":{"type":"Point","coordinates":[-3.60871,37.16032]},"properties":{"id":"5db0e435","name":"La Recacha","category":"Comida"}},{"type":"Feature","geometry":{"type":"Point","coordinates":[-3.48543,36.91759]},"properties":{"id":"c68697ea","name":"La Regüerta","category":"Comida"}},{"type":"Feature","geometry":{"type":"Point","coordinates":[-3.58679,36.73119]},"properties":{"id":"5ca84e24","name":"La Resalá","category":"Comida"}},{"type":"Feature","geometry":{"type":"Point","coordinates":[-3.60962,37.18928]},"properties":{"id":"4ad4a554","name":"La Ribera","category":"Comida"}},{"type":"Feature","geometry":{"type":"Point","coordinates":[-3.59758,37.17731]},"properties":{"id":"fee75d61","name":"La Riviera","category":"Comida"}},{"type":"Feature","geometry":{"type":"Point","coordinates":[-3.60753,37.18629]},"properties":{"id":"21c028b7","name":"La Sacristía","category":"Comida"}},{"type":"Feature","geometry":{"type":"Point","coordinates":[-2.77483,37.49328]},"properties":{"id":"2c552c5d","name":"La Sede","category":"Comida"}},{"type":"Feature","geometry":{"type":"Point","coordinates":[-3.65136,37.24641]},"properties":{"id":"897025b5","name":"La Taberna","category":"Comida"}},{"type":"Feature","geometry":{"type":"Point","coordinates":[-3.59188,37.17245]},"properties":{"id":"aa70f181","name":"La Taberna de Kafka","category":"Comida"}},{"type":"Feature","geometry":{"type":"Point","coordinates":[-3.60053,37.17073]},"properties":{"id":"590ef48f","name":"La Taberna de Pitru","category":"Comida"}},{"type":"Feature","geometry":{"type":"Point","coordinates":[-3.60581,37.17043]},"properties":{"id":"ae6782e2","name":"La Tagliatella","category":"Comida"}},{"type":"Feature","geometry":{"type":"Point","coordinates":[-3.61381,37.14441]},"properties":{"id":"a020fdb0","name":"La Tagliatella","category":"Comida"}},{"type":"Feature","geometry":{"type":"Point","coordinates":[-3.58377,37.15768]},"properties":{"id":"afbe87c0","name":"La Tagliatella","category":"Comida"}},{"type":"Feature","geometry":{"type":"Point","coordinates":[-3.61214,37.18877]},"properties":{"id":"d609a382","name":"La Taquilla","category":"Comida"}},{"type":"Feature","geometry":{"type":"Point","coordinates":[-3.52874,36.72449]},"properties":{"id":"b5ee5086","name":"La Taramela","category":"Comida"}},{"type":"Feature","geometry":{"type":"Point","coordinates":[-3.53912,36.97625]},"properties":{"id":"e111a285","name":"La Tasca","category":"Comida"}},{"type":"Feature","geometry":{"type":"Point","coordinates":[-3.68835,36.73179]},"properties":{"id":"59978298","name":"La Tasca","category":"Comida"}},{"type":"Feature","geometry":{"type":"Point","coordinates":[-3.48917,36.91866]},"properties":{"id":"7ee06197","name":"La Terraza","category":"Comida"}},{"type":"Feature","geometry":{"type":"Point","coordinates":[-2.53682,37.80995]},"properties":{"id":"6449207b","name":"La Terraza","category":"Comida"}},{"type":"Feature","geometry":{"type":"Point","coordinates":[-3.60083,37.17637]},"properties":{"id":"5bff032c","name":"La Tortillera","category":"Comida"}},{"type":"Feature","geometry":{"type":"Point","coordinates":[-3.60045,37.1769]},"properties":{"id":"8edcf1d1","name":"La Tortuga Boba","category":"Comida"}},{"type":"Feature","geometry":{"type":"Point","coordinates":[-3.60315,37.18399]},"properties":{"id":"53c62b4c","name":"La Tranquera","category":"Comida"}},{"type":"Feature","geometry":{"type":"Point","coordinates":[-3.56633,36.98769]},"properties":{"id":"b8b9beab","name":"La Tratería","category":"Comida"}},{"type":"Feature","geometry":{"type":"Point","coordinates":[-3.69055,36.73212]},"properties":{"id":"e8fc30b5","name":"La Trattoria","category":"Comida"}},{"type":"Feature","geometry":{"type":"Point","coordinates":[-3.39895,37.09516]},"properties":{"id":"40ea4a28","name":"La Traviata","category":"Comida"}},{"type":"Feature","geometry":{"type":"Point","coordinates":[-2.5407,37.80997]},"properties":{"id":"0740745c","name":"La Universidad","category":"Comida"}},{"type":"Feature","geometry":{"type":"Point","coordinates":[-3.16059,37.18473]},"properties":{"id":"5a39be14","name":"La Vaca en Llamas","category":"Comida"}},{"type":"Feature","geometry":{"type":"Point","coordinates":[-3.55391,36.96772]},"properties":{"id":"0f67702c","name":"La Venta de Nigüelas","category":"Comida"}},{"type":"Feature","geometry":{"type":"Point","coordinates":[-3.3934,36.74131]},"properties":{"id":"633c23ca","name":"La Ventera","category":"Comida"}},{"type":"Feature","geometry":{"type":"Point","coordinates":[-2.9314,37.60631]},"properties":{"id":"5daa1da9","name":"La Verja","category":"Comida"}},{"type":"Feature","geometry":{"type":"Point","coordinates":[-3.59745,37.1769]},"properties":{"id":"48ce9072","name":"La Vinoteca","category":"Comida"}},{"type":"Feature","geometry":{"type":"Point","coordinates":[-3.40026,37.09322]},"properties":{"id":"930029af","name":"La Visera","category":"Comida"}},{"type":"Feature","geometry":{"type":"Point","coordinates":[-3.62035,37.20191]},"properties":{"id":"4a1fe4b7","name":"La Xampa","category":"Comida"}},{"type":"Feature","geometry":{"type":"Point","coordinates":[-3.83082,37.19241]},"properties":{"id":"6aafb4f1","name":"La alternativa","category":"Comida"}},{"type":"Feature","geometry":{"type":"Point","coordinates":[-3.5979,37.17351]},"properties":{"id":"36b1fb7b","name":"La bodeguita cofrade","category":"Comida"}},{"type":"Feature","geometry":{"type":"Point","coordinates":[-3.59633,37.17309]},"properties":{"id":"8340f4ff","name":"La casa della pasta","category":"Comida"}},{"type":"Feature","geometry":{"type":"Point","coordinates":[-3.66502,37.20757]},"properties":{"id":"fe313416","name":"La cooperativa","category":"Comida"}},{"type":"Feature","geometry":{"type":"Point","coordinates":[-3.6896,36.73272]},"properties":{"id":"872fe2a8","name":"La despensa de la Abuela","category":"Comida"}},{"type":"Feature","geometry":{"type":"Point","coordinates":[-3.57275,37.14137]},"properties":{"id":"94ca0043","name":"La fabriquilla","category":"Comida"}},{"type":"Feature","geometry":{"type":"Point","coordinates":[-85.96081,11.93035]},"properties":{"id":"fff0d8c6","name":"La frontaria","category":"Comida"}},{"type":"Feature","geometry":{"type":"Point","coordinates":[-3.48115,37.22069]},"properties":{"id":"e18d7ad4","name":"La pradera","category":"Comida"}},{"type":"Feature","geometry":{"type":"Point","coordinates":[-3.60871,37.19418]},"properties":{"id":"9fdb2a24","name":"La tienda del pollo asado","category":"Comida"}},{"type":"Feature","geometry":{"type":"Point","coordinates":[-3.68822,36.73115]},"properties":{"id":"71a7055e","name":"La Última Ola","category":"Comida"}},{"type":"Feature","geometry":{"type":"Point","coordinates":[-3.60712,37.16879]},"properties":{"id":"f54e09a0","name":"Lalocamaria","category":"Comida"}},{"type":"Feature","geometry":{"type":"Point","coordinates":[-3.60174,37.17656]},"properties":{"id":"e19b59a5","name":"Lao Kao","category":"Comida"}},{"type":"Feature","geometry":{"type":"Point","coordinates":[-2.54363,37.80723]},"properties":{"id":"6f9b32d2","name":"Las 4 RRRR","category":"Comida"}},{"type":"Feature","geometry":{"type":"Point","coordinates":[-3.04477,37.00337]},"properties":{"id":"433397f5","name":"Las Chimeneas","category":"Comida"}},{"type":"Feature","geometry":{"type":"Point","coordinates":[-2.54299,37.80562]},"properties":{"id":"ac0815ba","name":"Las Conchas","category":"Comida"}},{"type":"Feature","geometry":{"type":"Point","coordinates":[-3.5979,37.1734]},"properties":{"id":"dc081913","name":"Las Copas","category":"Comida"}},{"type":"Feature","geometry":{"type":"Point","coordinates":[-3.42177,36.898]},"properties":{"id":"b3830b8e","name":"Las Cosas del Ale","category":"Comida"}},{"type":"Feature","geometry":{"type":"Point","coordinates":[-3.59628,37.17793]},"properties":{"id":"23967479","name":"Las Cuevas","category":"Comida"}},{"type":"Feature","geometry":{"type":"Point","coordinates":[-3.94368,37.34127]},"properties":{"id":"378246f0","name":"Las Flores","category":"Comida"}},{"type":"Feature","geometry":{"type":"Point","coordinates":[-3.98095,37.19233]},"properties":{"id":"61fdac7b","name":"Las Lagunas","category":"Comida"}},{"type":"Feature","geometry":{"type":"Point","coordinates":[-3.44444,37.16352]},"properties":{"id":"1cbb43a8","name":"Las Lastras","category":"Comida"}},{"type":"Feature","geometry":{"type":"Point","coordinates":[-3.52883,37.39858]},"properties":{"id":"3dd76785","name":"Las Mimbres","category":"Comida"}},{"type":"Feature","geometry":{"type":"Point","coordinates":[-3.60508,37.07601]},"properties":{"id":"badf2d27","name":"Las Mimbres","category":"Comida"}},{"type":"Feature","geometry":{"type":"Point","coordinates":[-3.59257,37.17299]},"properties":{"id":"cda5d1b9","name":"Las Niñas","category":"Comida"}},{"type":"Feature","geometry":{"type":"Point","coordinates":[-3.44431,37.15733]},"properties":{"id":"c719a037","name":"Las Olivillas","category":"Comida"}},{"type":"Feature","geometry":{"type":"Point","coordinates":[-3.65094,37.23205]},"properties":{"id":"15c26838","name":"Las Peñas","category":"Comida"}},{"type":"Feature","geometry":{"type":"Point","coordinates":[-3.54424,37.11897]},"properties":{"id":"671b3c2f","name":"Las Raíces de la Encina","category":"Comida"}},{"type":"Feature","geometry":{"type":"Point","coordinates":[-2.78034,37.46161]},"properties":{"id":"65c529ca","name":"Las Siete Fuentes","category":"Comida"}},{"type":"Feature","geometry":{"type":"Point","coordinates":[-3.65371,37.24532]},"properties":{"id":"11be0b14","name":"Las Terrazas","category":"Comida"}},{"type":"Feature","geometry":{"type":"Point","coordinates":[-3.60437,37.17168]},"properties":{"id":"ed3e0fec","name":"Las Tinajas","category":"Comida"}},{"type":"Feature","geometry":{"type":"Point","coordinates":[-3.44954,37.13146]},"properties":{"id":"44201491","name":"Las Víboras","category":"Comida"}},{"type":"Feature","geometry":{"type":"Point","coordinates":[-3.60765,37.16756]},"properties":{"id":"a8ba45b8","name":"Las buenas juntas 4","category":"Comida"}},{"type":"Feature","geometry":{"type":"Point","coordinates":[-85.95253,11.93059]},"properties":{"id":"5075544e","name":"Lava Rock Grille","category":"Comida"}},{"type":"Feature","geometry":{"type":"Point","coordinates":[-3.6032,37.17074]},"properties":{"id":"432fa369","name":"Le Bistró by el Conjuro","category":"Comida"}},{"type":"Feature","geometry":{"type":"Point","coordinates":[-3.60519,37.17213]},"properties":{"id":"da522279","name":"Le Blanc Shisha Lounge","category":"Comida"}},{"type":"Feature","geometry":{"type":"Point","coordinates":[-3.58552,36.74038]},"properties":{"id":"d9d16586","name":"Le Petit Bistro","category":"Comida"}},{"type":"Feature","geometry":{"type":"Point","coordinates":[-4.03951,37.18602]},"properties":{"id":"268b0498","name":"Lechuga","category":"Comida"}},{"type":"Feature","geometry":{"type":"Point","coordinates":[-3.5742,36.93397]},"properties":{"id":"b49ecdc1","name":"Lemon Food","category":"Comida"}},{"type":"Feature","geometry":{"type":"Point","coordinates":[-3.60393,37.17702]},"properties":{"id":"00145fab","name":"Lemon Rock","category":"Comida"}},{"type":"Feature","geometry":{"type":"Point","coordinates":[-3.59654,37.17702]},"properties":{"id":"d8a803ed","name":"León","category":"Comida"}},{"type":"Feature","geometry":{"type":"Point","coordinates":[-3.13491,37.3008]},"properties":{"id":"3d565e71","name":"Liceo Accitano","category":"Comida"}},{"type":"Feature","geometry":{"type":"Point","coordinates":[-3.59855,37.17301]},"properties":{"id":"d1441ee8","name":"Lion","category":"Comida"}},{"type":"Feature","geometry":{"type":"Point","coordinates":[-3.35432,36.94786]},"properties":{"id":"edb6d874","name":"Lo Nuestro","category":"Comida"}},{"type":"Feature","geometry":{"type":"Point","coordinates":[-3.58455,36.74064]},"properties":{"id":"9ca12b5d","name":"Lolitalola","category":"Comida"}},{"type":"Feature","geometry":{"type":"Point","coordinates":[-2.54303,37.81192]},"properties":{"id":"a7a390e9","name":"Los Amigos","category":"Comida"}},{"type":"Feature","geometry":{"type":"Point","coordinates":[-3.46742,37.19213]},"properties":{"id":"5481a330","name":"Los Angeles","category":"Comida"}},{"type":"Feature","geometry":{"type":"Point","coordinates":[-4.0065,37.32253]},"properties":{"id":"6b810025","name":"Los Arcos","category":"Comida"}},{"type":"Feature","geometry":{"type":"Point","coordinates":[-3.63108,37.02606]},"properties":{"id":"2662c2cb","name":"Los Arcos","category":"Comida"}},{"type":"Feature","geometry":{"type":"Point","coordinates":[-3.60112,37.17822]},"properties":{"id":"26c3f40f","name":"Los Arcos","category":"Comida"}},{"type":"Feature","geometry":{"type":"Point","coordinates":[-85.9551,11.92971]},"properties":{"id":"b3972dc7","name":"Los Bocaditos","category":"Comida"}},{"type":"Feature","geometry":{"type":"Point","coordinates":[-3.59133,37.18263]},"properties":{"id":"213f4300","name":"Los Caracoles","category":"Comida"}},{"type":"Feature","geometry":{"type":"Point","coordinates":[-3.41021,37.14273]},"properties":{"id":"ae9f4ce7","name":"Los Castaños","category":"Comida"}},{"type":"Feature","geometry":{"type":"Point","coordinates":[-85.95262,11.93307]},"properties":{"id":"6b935fec","name":"Los Chocoyos","category":"Comida"}},{"type":"Feature","geometry":{"type":"Point","coordinates":[-2.56246,37.98009]},"properties":{"id":"61f1c4bb","name":"Los Collados de la Sagra","category":"Comida"}},{"type":"Feature","geometry":{"type":"Point","coordinates":[-3.60678,37.16854]},"properties":{"id":"26351bbe","name":"Los DIamantes","category":"Comida"}},{"type":"Feature","geometry":{"type":"Point","coordinates":[-3.49266,36.70702]},"properties":{"id":"0c5ecb09","name":"Los Delfines","category":"Comida"}},{"type":"Feature","geometry":{"type":"Point","coordinates":[-3.58094,37.15207]},"properties":{"id":"67a4880c","name":"Los Diamantes","category":"Comida"}},{"type":"Feature","geometry":{"type":"Point","coordinates":[-3.59595,37.1766]},"properties":{"id":"5d3198c9","name":"Los Diamantes","category":"Comida"}},{"type":"Feature","geometry":{"type":"Point","coordinates":[-3.59929,37.1748]},"properties":{"id":"a3e499a9","name":"Los Diamantes","category":"Comida"}},{"type":"Feature","geometry":{"type":"Point","coordinates":[-2.5418,37.80573]},"properties":{"id":"e64c4499","name":"Los Jardines","category":"Comida"}},{"type":"Feature","geometry":{"type":"Point","coordinates":[-2.5656,37.58324]},"properties":{"id":"768571cf","name":"Los Lagos","category":"Comida"}},{"type":"Feature","geometry":{"type":"Point","coordinates":[-3.59638,37.17577]},"properties":{"id":"00c0a9bf","name":"Los Manueles","category":"Comida"}},{"type":"Feature","geometry":{"type":"Point","coordinates":[-3.60008,37.17654]},"properties":{"id":"141492d4","name":"Los Manueles","category":"Comida"}},{"type":"Feature","geometry":{"type":"Point","coordinates":[-3.59688,37.17633]},"properties":{"id":"dcf33871","name":"Los Manueles","category":"Comida"}},{"type":"Feature","geometry":{"type":"Point","coordinates":[-3.59955,37.17236]},"properties":{"id":"64632ed9","name":"Los Marianos","category":"Comida"}},{"type":"Feature","geometry":{"type":"Point","coordinates":[-3.62473,37.19325]},"properties":{"id":"83fab84b","name":"Los Marines","category":"Comida"}},{"type":"Feature","geometry":{"type":"Point","coordinates":[-3.69012,36.73571]},"properties":{"id":"72983314","name":"Los Mellizos","category":"Comida"}},{"type":"Feature","geometry":{"type":"Point","coordinates":[-3.57416,36.93341]},"properties":{"id":"166eee40","name":"Los Naranjos","category":"Comida"}},{"type":"Feature","geometry":{"type":"Point","coordinates":[-3.59327,37.18274]},"properties":{"id":"c474a7ea","name":"Los Nazaries","category":"Comida"}},{"type":"Feature","geometry":{"type":"Point","coordinates":[-3.66821,37.13559]},"properties":{"id":"a2feb126","name":"Los Palomos","category":"Comida"}},{"type":"Feature","geometry":{"type":"Point","coordinates":[-3.43793,37.44654]},"properties":{"id":"018cea3a","name":"Los Perejiles","category":"Comida"}},{"type":"Feature","geometry":{"type":"Point","coordinates":[-3.61027,37.19]},"properties":{"id":"db2073f5","name":"Los Pescadores","category":"Comida"}},{"type":"Feature","geometry":{"type":"Point","coordinates":[-3.31195,36.75799]},"properties":{"id":"e78de53d","name":"Los Pinos","category":"Comida"}},{"type":"Feature","geometry":{"type":"Point","coordinates":[-3.54725,37.09788]},"properties":{"id":"981fb07c","name":"Los Prados","category":"Comida"}},{"type":"Feature","geometry":{"type":"Point","coordinates":[-85.95359,11.92847]},"properties":{"id":"6db25cd0","name":"Los Ranchitos","category":"Comida"}},{"type":"Feature","geometry":{"type":"Point","coordinates":[-3.48963,36.70334]},"properties":{"id":"382c5cac","name":"Los Rodríguez","category":"Comida"}},{"type":"Feature","geometry":{"type":"Point","coordinates":[-2.77713,37.48479]},"properties":{"id":"cfbacf76","name":"Los Tubos","category":"Comida"}},{"type":"Feature","geometry":{"type":"Point","coordinates":[-3.59245,36.73748]},"properties":{"id":"d4c22993","name":"Lounge Mare Mia","category":"Comida"}},{"type":"Feature","geometry":{"type":"Point","coordinates":[-3.49272,36.70529]},"properties":{"id":"899ce243","name":"Lute Jesús","category":"Comida"}},{"type":"Feature","geometry":{"type":"Point","coordinates":[-3.69364,36.73328]},"properties":{"id":"05278a21","name":"Lute y Jesus","category":"Comida"}},{"type":"Feature","geometry":{"type":"Point","coordinates":[-3.36109,36.72063]},"properties":{"id":"203c38cb","name":"Lute y Jesús","category":"Comida"}},{"type":"Feature","geometry":{"type":"Point","coordinates":[-3.61456,37.14491]},"properties":{"id":"758f33dd","name":"M Wok","category":"Comida"}},{"type":"Feature","geometry":{"type":"Point","coordinates":[-3.58431,37.1155]},"properties":{"id":"b7e3dfa9","name":"M&M","category":"Comida"}},{"type":"Feature","geometry":{"type":"Point","coordinates":[-73.70599,3.55024]},"properties":{"id":"010ed5a6","name":"MANHATTAN P&P BAR","category":"Comida"}},{"type":"Feature","geometry":{"type":"Point","coordinates":[-73.70618,3.53726]},"properties":{"id":"2564d397","name":"MI TABERNITA LA 12","category":"Comida"}},{"type":"Feature","geometry":{"type":"Point","coordinates":[-73.71069,3.55621]},"properties":{"id":"521d51d2","name":"MR AREPA","category":"Comida"}},{"type":"Feature","geometry":{"type":"Point","coordinates":[-3.6061,37.15896]},"properties":{"id":"073c70ad","name":"Macrobocatas","category":"Comida"}},{"type":"Feature","geometry":{"type":"Point","coordinates":[-2.76862,37.48424]},"properties":{"id":"5b00251a","name":"Madre Espacio Gastronómico","category":"Comida"}},{"type":"Feature","geometry":{"type":"Point","coordinates":[-3.69829,36.73179]},"properties":{"id":"7f59b576","name":"Madrid","category":"Comida"}},{"type":"Feature","geometry":{"type":"Point","coordinates":[-3.59966,37.17824]},"properties":{"id":"aba19f0d","name":"Maese Pío","category":"Comida"}},{"type":"Feature","geometry":{"type":"Point","coordinates":[-3.60917,37.17826]},"properties":{"id":"f7721167","name":"Mahalo Poké","category":"Comida"}},{"type":"Feature","geometry":{"type":"Point","coordinates":[-3.60802,37.18747]},"properties":{"id":"189292c1","name":"Maharaja","category":"Comida"}},{"type":"Feature","geometry":{"type":"Point","coordinates":[-3.41665,37.14977]},"properties":{"id":"d256e619","name":"Maitena","category":"Comida"}},{"type":"Feature","geometry":{"type":"Point","coordinates":[-3.56382,36.71871]},"properties":{"id":"5ee07cb7","name":"Majao","category":"Comida"}},{"type":"Feature","geometry":{"type":"Point","coordinates":[-3.60897,37.17728]},"properties":{"id":"1df89660","name":"Mala hermosa","category":"Comida"}},{"type":"Feature","geometry":{"type":"Point","coordinates":[-3.59937,37.1751]},"properties":{"id":"92a00c8c","name":"Malaje","category":"Comida"}},{"type":"Feature","geometry":{"type":"Point","coordinates":[-3.5968,37.17397]},"properties":{"id":"56c3edf3","name":"Mama Samba","category":"Comida"}},{"type":"Feature","geometry":{"type":"Point","coordinates":[-3.58588,37.16161]},"properties":{"id":"15e77f37","name":"Mamut","category":"Comida"}},{"type":"Feature","geometry":{"type":"Point","coordinates":[-3.6319,37.0262]},"properties":{"id":"fece9959","name":"Mamut Gastro Spacio","category":"Comida"}},{"type":"Feature","geometry":{"type":"Point","coordinates":[-3.39786,37.09416]},"properties":{"id":"ba0c0795","name":"Mango","category":"Comida"}},{"type":"Feature","geometry":{"type":"Point","coordinates":[-3.58422,37.11961]},"properties":{"id":"6b8f987e","name":"Manolo","category":"Comida"}},{"type":"Feature","geometry":{"type":"Point","coordinates":[-4.12995,37.16419]},"properties":{"id":"859d1b78","name":"Manzanil","category":"Comida"}},{"type":"Feature","geometry":{"type":"Point","coordinates":[-3.69782,36.73226]},"properties":{"id":"4553bb6e","name":"Mar de Plata","category":"Comida"}},{"type":"Feature","geometry":{"type":"Point","coordinates":[-3.75325,36.73881]},"properties":{"id":"55f1d33d","name":"MarDela","category":"Comida"}},{"type":"Feature","geometry":{"type":"Point","coordinates":[-3.60039,37.18057]},"properties":{"id":"b8e59923","name":"Mare Nostrum","category":"Comida"}},{"type":"Feature","geometry":{"type":"Point","coordinates":[-3.35698,36.72283]},"properties":{"id":"bd103bde","name":"Mare Nostrum","category":"Comida"}},{"type":"Feature","geometry":{"type":"Point","coordinates":[-3.68801,36.73114]},"properties":{"id":"73953c1b","name":"Mari Carmen por Favor","category":"Comida"}},{"type":"Feature","geometry":{"type":"Point","coordinates":[-3.58046,37.15163]},"properties":{"id":"4c794a82","name":"Mario's Guerra","category":"Comida"}},{"type":"Feature","geometry":{"type":"Point","coordinates":[-3.63104,37.12076]},"properties":{"id":"e9f70462","name":"Marisquería El Pescaíto","category":"Comida"}},{"type":"Feature","geometry":{"type":"Point","coordinates":[-3.60587,37.18605]},"properties":{"id":"50dfcf01","name":"Martin's","category":"Comida"}},{"type":"Feature","geometry":{"type":"Point","coordinates":[-3.58251,36.72902]},"properties":{"id":"94ebcce6","name":"Marín Restaurante","category":"Comida"}},{"type":"Feature","geometry":{"type":"Point","coordinates":[-3.60357,37.17199]},"properties":{"id":"87530a33","name":"Masae","category":"Comida"}},{"type":"Feature","geometry":{"type":"Point","coordinates":[-3.5658,36.98543]},"properties":{"id":"11e67cda","name":"Mascarón","category":"Comida"}},{"type":"Feature","geometry":{"type":"Point","coordinates":[-3.61027,37.17809]},"properties":{"id":"c21ddbea","name":"Matuya III","category":"Comida"}},{"type":"Feature","geometry":{"type":"Point","coordinates":[-3.51933,36.74287]},"properties":{"id":"2e7e1da6","name":"McMickey Burger","category":"Comida"}},{"type":"Feature","geometry":{"type":"Point","coordinates":[-3.60894,37.18542]},"properties":{"id":"8cfe443f","name":"Media Luna","category":"Comida"}},{"type":"Feature","geometry":{"type":"Point","coordinates":[-3.68449,36.73617]},"properties":{"id":"9724bc36","name":"Medina","category":"Comida"}},{"type":"Feature","geometry":{"type":"Point","coordinates":[-3.59994,37.17565]},"properties":{"id":"6afb5f21","name":"Mediterranean José","category":"Comida"}},{"type":"Feature","geometry":{"type":"Point","coordinates":[-3.59698,37.17782]},"properties":{"id":"59d94ec1","name":"Meknes","category":"Comida"}},{"type":"Feature","geometry":{"type":"Point","coordinates":[-3.59671,37.17676]},"properties":{"id":"2bb7f339","name":"Meknès Rahma","category":"Comida"}},{"type":"Feature","geometry":{"type":"Point","coordinates":[-3.6018,37.17738]},"properties":{"id":"d9a24ee2","name":"Memento Mori","category":"Comida"}},{"type":"Feature","geometry":{"type":"Point","coordinates":[-3.60252,37.18244]},"properties":{"id":"ae2aed9f","name":"Menanes Gastrobar","category":"Comida"}},{"type":"Feature","geometry":{"type":"Point","coordinates":[-3.65713,37.25839]},"properties":{"id":"b715e19a","name":"Menta y Chocolate","category":"Comida"}},{"type":"Feature","geometry":{"type":"Point","coordinates":[-3.60864,37.16044]},"properties":{"id":"ddc41202","name":"Mentidero Forum","category":"Comida"}},{"type":"Feature","geometry":{"type":"Point","coordinates":[-3.66398,37.20457]},"properties":{"id":"3a9c031a","name":"Merca Café","category":"Comida"}},{"type":"Feature","geometry":{"type":"Point","coordinates":[-3.75296,36.73878]},"properties":{"id":"d66efdc8","name":"Mercato","category":"Comida"}},{"type":"Feature","geometry":{"type":"Point","coordinates":[-3.4718,37.35933]},"properties":{"id":"28e558c2","name":"Merendero El Sotillo","category":"Comida"}},{"type":"Feature","geometry":{"type":"Point","coordinates":[-3.58332,36.77243]},"properties":{"id":"7f69351e","name":"Merendero La Tahiba","category":"Comida"}},{"type":"Feature","geometry":{"type":"Point","coordinates":[-3.44431,37.20622]},"properties":{"id":"b02dd155","name":"Merendero Los Prados de Quéntar","category":"Comida"}},{"type":"Feature","geometry":{"type":"Point","coordinates":[-3.52353,37.12904]},"properties":{"id":"30cefa07","name":"Merendero San Garrito","category":"Comida"}},{"type":"Feature","geometry":{"type":"Point","coordinates":[-3.60567,37.15238]},"properties":{"id":"008aa0bd","name":"Merus","category":"Comida"}},{"type":"Feature","geometry":{"type":"Point","coordinates":[-3.12187,36.98122]},"properties":{"id":"943e7c0a","name":"Meson Ceci","category":"Comida"}},{"type":"Feature","geometry":{"type":"Point","coordinates":[-3.17242,36.94742]},"properties":{"id":"e3b6af86","name":"Meson Frasco Ramon","category":"Comida"}},{"type":"Feature","geometry":{"type":"Point","coordinates":[-3.73633,36.87726]},"properties":{"id":"cb2dd883","name":"Meson Los Prados","category":"Comida"}},{"type":"Feature","geometry":{"type":"Point","coordinates":[-3.68947,36.73378]},"properties":{"id":"9da401ef","name":"Meson Mari y Miguel","category":"Comida"}},{"type":"Feature","geometry":{"type":"Point","coordinates":[-3.63081,37.08979]},"properties":{"id":"e2094a6b","name":"Meson Nueva Otura","category":"Comida"}},{"type":"Feature","geometry":{"type":"Point","coordinates":[-3.59252,37.17296]},"properties":{"id":"167392d3","name":"Meson Tabarka","category":"Comida"}},{"type":"Feature","geometry":{"type":"Point","coordinates":[-2.77403,37.49172]},"properties":{"id":"d341741f","name":"Meson la Bodega","category":"Comida"}},{"type":"Feature","geometry":{"type":"Point","coordinates":[-2.77618,37.4901]},"properties":{"id":"dcda2395","name":"Meson los Moriscos","category":"Comida"}},{"type":"Feature","geometry":{"type":"Point","coordinates":[-3.67227,37.13264]},"properties":{"id":"12fc92dc","name":"Mesón \"Coca\"","category":"Comida"}},{"type":"Feature","geometry":{"type":"Point","coordinates":[-2.7764,37.48461]},"properties":{"id":"92bb5248","name":"Mesón Al-Ándalus","category":"Comida"}},{"type":"Feature","geometry":{"type":"Point","coordinates":[-4.20724,37.1538]},"properties":{"id":"7b8aae26","name":"Mesón Alazor","category":"Comida"}},{"type":"Feature","geometry":{"type":"Point","coordinates":[-3.64167,37.17887]},"properties":{"id":"3a90be7b","name":"Mesón Albaida","category":"Comida"}},{"type":"Feature","geometry":{"type":"Point","coordinates":[-3.40319,36.78714]},"properties":{"id":"b7a892b9","name":"Mesón Albergue Sierra de Lújar","category":"Comida"}},{"type":"Feature","geometry":{"type":"Point","coordinates":[-3.59862,37.17289]},"properties":{"id":"ac5e36ba","name":"Mesón Alegría","category":"Comida"}},{"type":"Feature","geometry":{"type":"Point","coordinates":[-3.36022,36.96088]},"properties":{"id":"e5373357","name":"Mesón Alpujarreño","category":"Comida"}},{"type":"Feature","geometry":{"type":"Point","coordinates":[-3.59731,37.17731]},"properties":{"id":"5890fa57","name":"Mesón Andaluz","category":"Comida"}},{"type":"Feature","geometry":{"type":"Point","coordinates":[-3.51517,36.74488]},"properties":{"id":"62a861fa","name":"Mesón Antequera","category":"Comida"}},{"type":"Feature","geometry":{"type":"Point","coordinates":[-3.68009,36.81566]},"properties":{"id":"72194b84","name":"Mesón Bar Madera","category":"Comida"}},{"type":"Feature","geometry":{"type":"Point","coordinates":[-3.39011,37.1342]},"properties":{"id":"da5d1189","name":"Mesón Barranco de San Juan","category":"Comida"}},{"type":"Feature","geometry":{"type":"Point","coordinates":[-3.59921,37.17441]},"properties":{"id":"209351eb","name":"Mesón Botafumeiro","category":"Comida"}},{"type":"Feature","geometry":{"type":"Point","coordinates":[-3.77124,36.81896]},"properties":{"id":"1f54fe9c","name":"Mesón Cantalobos","category":"Comida"}},{"type":"Feature","geometry":{"type":"Point","coordinates":[-3.59485,37.16013]},"properties":{"id":"38cfbe73","name":"Mesón Casa de Eloy","category":"Comida"}},{"type":"Feature","geometry":{"type":"Point","coordinates":[-3.66105,37.1369]},"properties":{"id":"7012afaf","name":"Mesón Cañaveral","category":"Comida"}},{"type":"Feature","geometry":{"type":"Point","coordinates":[-3.35884,36.96196]},"properties":{"id":"e6be741c","name":"Mesón Cerro Negro","category":"Comida"}},{"type":"Feature","geometry":{"type":"Point","coordinates":[-3.96702,37.32957]},"properties":{"id":"1c1b6bf5","name":"Mesón Curro Lucena","category":"Comida"}},{"type":"Feature","geometry":{"type":"Point","coordinates":[-3.27751,36.74703]},"properties":{"id":"cae16f93","name":"Mesón Deli","category":"Comida"}},{"type":"Feature","geometry":{"type":"Point","coordinates":[-2.76981,37.48524]},"properties":{"id":"ef06abc3","name":"Mesón El Abuelo","category":"Comida"}},{"type":"Feature","geometry":{"type":"Point","coordinates":[-3.36466,36.72059]},"properties":{"id":"1a1f338f","name":"Mesón El Bierzo","category":"Comida"}},{"type":"Feature","geometry":{"type":"Point","coordinates":[-3.61475,37.18095]},"properties":{"id":"1eb9fd52","name":"Mesón El Cordobés de José Peregrina","category":"Comida"}},{"type":"Feature","geometry":{"type":"Point","coordinates":[-3.68609,36.73426]},"properties":{"id":"14f93544","name":"Mesón El Corzo","category":"Comida"}},{"type":"Feature","geometry":{"type":"Point","coordinates":[-3.59701,37.20493]},"properties":{"id":"181d377f","name":"Mesón El Ferroviario","category":"Comida"}},{"type":"Feature","geometry":{"type":"Point","coordinates":[-3.60801,37.15034]},"properties":{"id":"5a936278","name":"Mesón El Granero","category":"Comida"}},{"type":"Feature","geometry":{"type":"Point","coordinates":[-3.68379,37.22337]},"properties":{"id":"8204ece0","name":"Mesón El Portón","category":"Comida"}},{"type":"Feature","geometry":{"type":"Point","coordinates":[-3.17304,36.74904]},"properties":{"id":"071f2744","name":"Mesón El Refugio","category":"Comida"}},{"type":"Feature","geometry":{"type":"Point","coordinates":[-3.51256,36.7475]},"properties":{"id":"ed51baff","name":"Mesón El Roscón","category":"Comida"}},{"type":"Feature","geometry":{"type":"Point","coordinates":[-3.59993,37.16704]},"properties":{"id":"76f5e5b7","name":"Mesón Genil","category":"Comida"}},{"type":"Feature","geometry":{"type":"Point","coordinates":[-3.26506,36.99945]},"properties":{"id":"314411dc","name":"Mesón Haraicel","category":"Comida"}},{"type":"Feature","geometry":{"type":"Point","coordinates":[-3.68501,36.73514]},"properties":{"id":"d5d13e79","name":"Mesón Herrera","category":"Comida"}},{"type":"Feature","geometry":{"type":"Point","coordinates":[-3.04325,37.47998]},"properties":{"id":"e2a28dd8","name":"Mesón Ilusión","category":"Comida"}},{"type":"Feature","geometry":{"type":"Point","coordinates":[-3.26585,36.99914]},"properties":{"id":"a6069ac4","name":"Mesón Joaquín","category":"Comida"}},{"type":"Feature","geometry":{"type":"Point","coordinates":[-3.58849,37.16266]},"properties":{"id":"fccc01a1","name":"Mesón Juan Ramos","category":"Comida"}},{"type":"Feature","geometry":{"type":"Point","coordinates":[-2.77034,37.65505]},"properties":{"id":"fa870c10","name":"Mesón La Alhacena","category":"Comida"}},{"type":"Feature","geometry":{"type":"Point","coordinates":[-2.77401,37.49167]},"properties":{"id":"ad977ccc","name":"Mesón La Bodega","category":"Comida"}},{"type":"Feature","geometry":{"type":"Point","coordinates":[-3.6047,37.16414]},"properties":{"id":"2d013220","name":"Mesón La Cabaña del Río","category":"Comida"}},{"type":"Feature","geometry":{"type":"Point","coordinates":[-3.6008,37.1898]},"properties":{"id":"c1720c51","name":"Mesón La Cartuja","category":"Comida"}},{"type":"Feature","geometry":{"type":"Point","coordinates":[-3.10569,37.58993]},"properties":{"id":"2c373f68","name":"Mesón La Chimenea","category":"Comida"}},{"type":"Feature","geometry":{"type":"Point","coordinates":[-3.2121,36.92759]},"properties":{"id":"42369e2a","name":"Mesón La Fabriquilla","category":"Comida"}},{"type":"Feature","geometry":{"type":"Point","coordinates":[-3.26608,37.00242]},"properties":{"id":"7bda4e65","name":"Mesón La Fragua","category":"Comida"}},{"type":"Feature","geometry":{"type":"Point","coordinates":[-4.06996,37.21737]},"properties":{"id":"501161ba","name":"Mesón La Fábrica","category":"Comida"}},{"type":"Feature","geometry":{"type":"Point","coordinates":[-3.59653,37.15997]},"properties":{"id":"8401a649","name":"Mesón La Recacha","category":"Comida"}},{"type":"Feature","geometry":{"type":"Point","coordinates":[-3.1942,37.31774]},"properties":{"id":"3cdeb090","name":"Mesón La Taberna","category":"Comida"}},{"type":"Feature","geometry":{"type":"Point","coordinates":[-3.52222,36.74596]},"properties":{"id":"dcba5f90","name":"Mesón Las Cañas","category":"Comida"}},{"type":"Feature","geometry":{"type":"Point","coordinates":[-3.73954,37.19507]},"properties":{"id":"575f16ed","name":"Mesón Las Dos JJ","category":"Comida"}},{"type":"Feature","geometry":{"type":"Point","coordinates":[-3.82172,37.12789]},"properties":{"id":"258efcf5","name":"Mesón Las Eras \"Los Mellizos\"","category":"Comida"}},{"type":"Feature","geometry":{"type":"Point","coordinates":[-3.61853,37.18555]},"properties":{"id":"607f5f4d","name":"Mesón Los olivos","category":"Comida"}},{"type":"Feature","geometry":{"type":"Point","coordinates":[-3.60634,37.17262]},"properties":{"id":"9991e033","name":"Mesón Luis Rosua","category":"Comida"}},{"type":"Feature","geometry":{"type":"Point","coordinates":[-3.43687,36.79383]},"properties":{"id":"8e57b8eb","name":"Mesón Martín","category":"Comida"}},{"type":"Feature","geometry":{"type":"Point","coordinates":[-3.51273,36.83692]},"properties":{"id":"fef97400","name":"Mesón Nacimiento","category":"Comida"}},{"type":"Feature","geometry":{"type":"Point","coordinates":[-3.69759,36.7325]},"properties":{"id":"1bbba99e","name":"Mesón Petete","category":"Comida"}},{"type":"Feature","geometry":{"type":"Point","coordinates":[-3.26824,37.00196]},"properties":{"id":"ea2d052d","name":"Mesón Pizzería El Goterón","category":"Comida"}},{"type":"Feature","geometry":{"type":"Point","coordinates":[-3.3588,36.96129]},"properties":{"id":"92c94ff4","name":"Mesón Poqueira II","category":"Comida"}},{"type":"Feature","geometry":{"type":"Point","coordinates":[-3.4793,36.73006]},"properties":{"id":"059f9832","name":"Mesón Puntalón","category":"Comida"}},{"type":"Feature","geometry":{"type":"Point","coordinates":[-4.20776,37.15561]},"properties":{"id":"8d570c82","name":"Mesón Raimundo","category":"Comida"}},{"type":"Feature","geometry":{"type":"Point","coordinates":[-3.10014,37.26052]},"properties":{"id":"8e17be55","name":"Mesón Restaurante Antonio","category":"Comida"}},{"type":"Feature","geometry":{"type":"Point","coordinates":[-3.652,37.2302]},"properties":{"id":"90912ace","name":"Mesón Restaurante Pizotón","category":"Comida"}},{"type":"Feature","geometry":{"type":"Point","coordinates":[-4.20748,37.15548]},"properties":{"id":"ae77292f","name":"Mesón Riofrío","category":"Comida"}},{"type":"Feature","geometry":{"type":"Point","coordinates":[-3.36047,36.94112]},"properties":{"id":"8bc6a0c7","name":"Mesón Rural Alberto","category":"Comida"}},{"type":"Feature","geometry":{"type":"Point","coordinates":[-3.42811,36.92662]},"properties":{"id":"6128b457","name":"Mesón Rural-Restaurante Los Ángeles","category":"Comida"}},{"type":"Feature","geometry":{"type":"Point","coordinates":[-3.48953,36.91883]},"properties":{"id":"b8c57100","name":"Mesón Salado","category":"Comida"}},{"type":"Feature","geometry":{"type":"Point","coordinates":[-3.56881,36.77]},"properties":{"id":"0a1e2053","name":"Mesón San Antonio","category":"Comida"}},{"type":"Feature","geometry":{"type":"Point","coordinates":[-3.68715,37.22723]},"properties":{"id":"546a75f0","name":"Mesón Terri","category":"Comida"}},{"type":"Feature","geometry":{"type":"Point","coordinates":[-3.05253,36.96251]},"properties":{"id":"bc3f15c4","name":"Mesón Vidaña","category":"Comida"}},{"type":"Feature","geometry":{"type":"Point","coordinates":[-3.59721,37.18068]},"properties":{"id":"312eb5d0","name":"Mesón Yunque Antonio","category":"Comida"}},{"type":"Feature","geometry":{"type":"Point","coordinates":[-3.22257,37.33132]},"properties":{"id":"23127e71","name":"Mesón de J y Reme","category":"Comida"}},{"type":"Feature","geometry":{"type":"Point","coordinates":[-3.58609,37.1247]},"properties":{"id":"d9477492","name":"Mesón de la Reina","category":"Comida"}},{"type":"Feature","geometry":{"type":"Point","coordinates":[-3.58453,36.74049]},"properties":{"id":"994c315a","name":"Mesón de la Villa","category":"Comida"}},{"type":"Feature","geometry":{"type":"Point","coordinates":[-3.49131,36.70468]},"properties":{"id":"035f830b","name":"Mesón del Jamón","category":"Comida"}},{"type":"Feature","geometry":{"type":"Point","coordinates":[-3.26698,37.00225]},"properties":{"id":"2357fa73","name":"Mesón del Jamón","category":"Comida"}},{"type":"Feature","geometry":{"type":"Point","coordinates":[-3.56733,37.15028]},"properties":{"id":"1b43ae4d","name":"Mesón el Abuelo","category":"Comida"}},{"type":"Feature","geometry":{"type":"Point","coordinates":[-3.43923,37.13372]},"properties":{"id":"dec18d70","name":"Mesón el Mirador","category":"Comida"}},{"type":"Feature","geometry":{"type":"Point","coordinates":[-3.59998,37.18763]},"properties":{"id":"2a55b0d5","name":"Mesón la Rumba","category":"Comida"}},{"type":"Feature","geometry":{"type":"Point","coordinates":[-2.48011,37.72086]},"properties":{"id":"a9be972a","name":"Mesón-Restaurante La Mimbrera","category":"Comida"}},{"type":"Feature","geometry":{"type":"Point","coordinates":[-4.04383,37.20135]},"properties":{"id":"eaa14b2b","name":"Mesón-Restaurante Ángel","category":"Comida"}},{"type":"Feature","geometry":{"type":"Point","coordinates":[-3.51329,36.74768]},"properties":{"id":"e10adc2e","name":"Metrópolis","category":"Comida"}},{"type":"Feature","geometry":{"type":"Point","coordinates":[-3.59917,37.18027]},"properties":{"id":"d5729f2a","name":"Mi México","category":"Comida"}},{"type":"Feature","geometry":{"type":"Point","coordinates":[-3.6032,37.15015]},"properties":{"id":"cd02d23a","name":"Mi Zhi Xiang","category":"Comida"}},{"type":"Feature","geometry":{"type":"Point","coordinates":[-85.9561,11.93084]},"properties":{"id":"1cbc32d7","name":"Miami Club","category":"Comida"}},{"type":"Feature","geometry":{"type":"Point","coordinates":[-3.61286,37.17957]},"properties":{"id":"fa980d04","name":"Mimar","category":"Comida"}},{"type":"Feature","geometry":{"type":"Point","coordinates":[-3.76763,36.73407]},"properties":{"id":"533aff66","name":"Mirador de Cerro Gordo","category":"Comida"}},{"type":"Feature","geometry":{"type":"Point","coordinates":[-3.58956,37.1809]},"properties":{"id":"4a932598","name":"Mirador de Morayma","category":"Comida"}},{"type":"Feature","geometry":{"type":"Point","coordinates":[-3.48936,36.70314]},"properties":{"id":"3a019995","name":"Miramar","category":"Comida"}},{"type":"Feature","geometry":{"type":"Point","coordinates":[-3.59565,37.17616]},"properties":{"id":"4df03e55","name":"Miso","category":"Comida"}},{"type":"Feature","geometry":{"type":"Point","coordinates":[-3.59591,37.17443]},"properties":{"id":"a363014d","name":"Miss Sushi","category":"Comida"}},{"type":"Feature","geometry":{"type":"Point","coordinates":[-3.6012,37.1789]},"properties":{"id":"7035b6eb","name":"Mitico Bar","category":"Comida"}},{"type":"Feature","geometry":{"type":"Point","coordinates":[-3.6048,37.16911]},"properties":{"id":"74f6ea1d","name":"Moai","category":"Comida"}},{"type":"Feature","geometry":{"type":"Point","coordinates":[-3.60102,37.17855]},"properties":{"id":"ff102709","name":"Moana Poke","category":"Comida"}},{"type":"Feature","geometry":{"type":"Point","coordinates":[-4.15336,37.16474]},"properties":{"id":"56eb77b1","name":"Mokuren","category":"Comida"}},{"type":"Feature","geometry":{"type":"Point","coordinates":[-3.56897,37.1413]},"properties":{"id":"fa3951a9","name":"Molina","category":"Comida"}},{"type":"Feature","geometry":{"type":"Point","coordinates":[-85.9495,11.92991]},"properties":{"id":"1ff78fbb","name":"Mombacho Cigars","category":"Comida"}},{"type":"Feature","geometry":{"type":"Point","coordinates":[-2.80761,37.60028]},"properties":{"id":"8d103b2e","name":"Monasterio La Granja","category":"Comida"}},{"type":"Feature","geometry":{"type":"Point","coordinates":[-3.01123,37.00845]},"properties":{"id":"2490248c","name":"Montesinos","category":"Comida"}},{"type":"Feature","geometry":{"type":"Point","coordinates":[-3.56206,37.14069]},"properties":{"id":"818544c9","name":"Montevelez","category":"Comida"}},{"type":"Feature","geometry":{"type":"Point","coordinates":[-3.59732,37.17674]},"properties":{"id":"5919400c","name":"Monti II","category":"Comida"}},{"type":"Feature","geometry":{"type":"Point","coordinates":[-2.54335,37.80775]},"properties":{"id":"82c8ff29","name":"Montreal","category":"Comida"}},{"type":"Feature","geometry":{"type":"Point","coordinates":[-3.74649,37.24846]},"properties":{"id":"0133efd9","name":"Montserrat","category":"Comida"}},{"type":"Feature","geometry":{"type":"Point","coordinates":[-2.9726,37.37059]},"properties":{"id":"b69c67de","name":"Mora","category":"Comida"}},{"type":"Feature","geometry":{"type":"Point","coordinates":[-3.3583,36.96107]},"properties":{"id":"1a407a0a","name":"Moraima","category":"Comida"}},{"type":"Feature","geometry":{"type":"Point","coordinates":[-3.2993,36.8786]},"properties":{"id":"94beda6b","name":"Moreno","category":"Comida"}},{"type":"Feature","geometry":{"type":"Point","coordinates":[-3.40083,37.0939]},"properties":{"id":"142464e1","name":"Morgan","category":"Comida"}},{"type":"Feature","geometry":{"type":"Point","coordinates":[-3.69238,37.22225]},"properties":{"id":"b9300301","name":"Morrison Hotel","category":"Comida"}},{"type":"Feature","geometry":{"type":"Point","coordinates":[-3.61743,37.20052]},"properties":{"id":"9efdb864","name":"Mostaza Green","category":"Comida"}},{"type":"Feature","geometry":{"type":"Point","coordinates":[-3.61473,37.14504]},"properties":{"id":"c1a7398c","name":"Muerde la Pasta","category":"Comida"}},{"type":"Feature","geometry":{"type":"Point","coordinates":[-3.6049,37.17349]},"properties":{"id":"b9421a84","name":"Muglia","category":"Comida"}},{"type":"Feature","geometry":{"type":"Point","coordinates":[-3.59727,37.17659]},"properties":{"id":"7bba57d1","name":"Muglia 2","category":"Comida"}},{"type":"Feature","geometry":{"type":"Point","coordinates":[-3.59335,37.1553]},"properties":{"id":"faad11e4","name":"Mumama","category":"Comida"}},{"type":"Feature","geometry":{"type":"Point","coordinates":[-3.72691,36.72678]},"properties":{"id":"fe936d5e","name":"Mussö Funky Food","category":"Comida"}},{"type":"Feature","geometry":{"type":"Point","coordinates":[-3.35853,36.96191]},"properties":{"id":"90345153","name":"Muy Buenas","category":"Comida"}},{"type":"Feature","geometry":{"type":"Point","coordinates":[-3.14097,37.30359]},"properties":{"id":"03fb1356","name":"MyJapo","category":"Comida"}},{"type":"Feature","geometry":{"type":"Point","coordinates":[-3.6917,36.73465]},"properties":{"id":"446807d7","name":"Méson los Arcos","category":"Comida"}},{"type":"Feature","geometry":{"type":"Point","coordinates":[-3.58342,37.12159]},"properties":{"id":"9562f7b1","name":"Nacho","category":"Comida"}},{"type":"Feature","geometry":{"type":"Point","coordinates":[-3.58874,37.16699]},"properties":{"id":"e8cc0455","name":"Nagare","category":"Comida"}},{"type":"Feature","geometry":{"type":"Point","coordinates":[-3.60546,37.17456]},"properties":{"id":"4852cd68","name":"Nami Sushi","category":"Comida"}},{"type":"Feature","geometry":{"type":"Point","coordinates":[-3.60686,37.17567]},"properties":{"id":"f5fecdfd","name":"Naranja Burger","category":"Comida"}},{"type":"Feature","geometry":{"type":"Point","coordinates":[-85.95209,11.93001]},"properties":{"id":"8dc95f5f","name":"Nectar","category":"Comida"}},{"type":"Feature","geometry":{"type":"Point","coordinates":[-3.59364,37.17771]},"properties":{"id":"d5f52e11","name":"Negro Carbón","category":"Comida"}},{"type":"Feature","geometry":{"type":"Point","coordinates":[-3.42371,36.90013]},"properties":{"id":"5b9a27e4","name":"Nemesis I","category":"Comida"}},{"type":"Feature","geometry":{"type":"Point","coordinates":[-3.59655,37.17678]},"properties":{"id":"06597e81","name":"Nemrut","category":"Comida"}},{"type":"Feature","geometry":{"type":"Point","coordinates":[-3.59875,37.17244]},"properties":{"id":"a70fa4a5","name":"Nemrut","category":"Comida"}},{"type":"Feature","geometry":{"type":"Point","coordinates":[-3.68963,36.73313]},"properties":{"id":"9b0d0823","name":"New Little Italy","category":"Comida"}},{"type":"Feature","geometry":{"type":"Point","coordinates":[-3.60253,37.18016]},"properties":{"id":"e3e0bdb8","name":"Nina","category":"Comida"}},{"type":"Feature","geometry":{"type":"Point","coordinates":[-3.59919,37.17455]},"properties":{"id":"7e26dbd1","name":"NoodleRest","category":"Comida"}},{"type":"Feature","geometry":{"type":"Point","coordinates":[-3.59709,37.17691]},"properties":{"id":"f835858d","name":"Noray","category":"Comida"}},{"type":"Feature","geometry":{"type":"Point","coordinates":[-3.59413,37.15819]},"properties":{"id":"bb1168f4","name":"Norte & Sur","category":"Comida"}},{"type":"Feature","geometry":{"type":"Point","coordinates":[-3.35526,36.95079]},"properties":{"id":"5fc5267d","name":"Nuestro rincón","category":"Comida"}},{"type":"Feature","geometry":{"type":"Point","coordinates":[-3.74826,36.73782]},"properties":{"id":"5d5d5498","name":"Nuevo Arenas","category":"Comida"}},{"type":"Feature","geometry":{"type":"Point","coordinates":[-3.68814,37.22304]},"properties":{"id":"dd427683","name":"Nuevo Casino de Labradores","category":"Comida"}},{"type":"Feature","geometry":{"type":"Point","coordinates":[-73.70574,3.55031]},"properties":{"id":"b82a07b2","name":"OFICINA BAR JM","category":"Comida"}},{"type":"Feature","geometry":{"type":"Point","coordinates":[-3.59916,37.16856]},"properties":{"id":"2296d999","name":"Oleum","category":"Comida"}},{"type":"Feature","geometry":{"type":"Point","coordinates":[-3.6157,37.18141]},"properties":{"id":"999fd518","name":"Oleum Ilusión","category":"Comida"}},{"type":"Feature","geometry":{"type":"Point","coordinates":[-3.58476,37.11888]},"properties":{"id":"056ccc3b","name":"Olimpo","category":"Comida"}},{"type":"Feature","geometry":{"type":"Point","coordinates":[-3.60052,37.17594]},"properties":{"id":"61882140","name":"Oliver","category":"Comida"}},{"type":"Feature","geometry":{"type":"Point","coordinates":[-85.95741,11.93057]},"properties":{"id":"dc762f36","name":"Omix Bar","category":"Comida"}},{"type":"Feature","geometry":{"type":"Point","coordinates":[-3.60338,37.17405]},"properties":{"id":"23fd6b60","name":"Omka-Kool","category":"Comida"}},{"type":"Feature","geometry":{"type":"Point","coordinates":[-3.67239,36.73528]},"properties":{"id":"bcdb315e","name":"On the Strand","category":"Comida"}},{"type":"Feature","geometry":{"type":"Point","coordinates":[-3.56819,37.13868]},"properties":{"id":"958c7bde","name":"Origen - Abacería & Taberna","category":"Comida"}},{"type":"Feature","geometry":{"type":"Point","coordinates":[-3.60636,37.17382]},"properties":{"id":"8f75f4a3","name":"Oro Nero Caffè","category":"Comida"}},{"type":"Feature","geometry":{"type":"Point","coordinates":[-3.59771,37.1693]},"properties":{"id":"040298c5","name":"Oryza","category":"Comida"}},{"type":"Feature","geometry":{"type":"Point","coordinates":[-85.9517,11.92841]},"properties":{"id":"bae01149","name":"Pa' Picar","category":"Comida"}},{"type":"Feature","geometry":{"type":"Point","coordinates":[-3.58874,37.21789]},"properties":{"id":"22501bc0","name":"Pabellón de las Artes","category":"Comida"}},{"type":"Feature","geometry":{"type":"Point","coordinates":[-3.59708,37.17027]},"properties":{"id":"ba48e93e","name":"Paco Martín","category":"Comida"}},{"type":"Feature","geometry":{"type":"Point","coordinates":[-3.61528,37.1454]},"properties":{"id":"b8603fc8","name":"PadThaiWok","category":"Comida"}},{"type":"Feature","geometry":{"type":"Point","coordinates":[-3.51755,36.74367]},"properties":{"id":"df0a4ccd","name":"Padthaiwok","category":"Comida"}},{"type":"Feature","geometry":{"type":"Point","coordinates":[-3.59976,37.17696]},"properties":{"id":"7f9946b5","name":"Palacio Andaluz","category":"Comida"}},{"type":"Feature","geometry":{"type":"Point","coordinates":[-3.59396,37.18284]},"properties":{"id":"48d984c8","name":"Palacio Andaluz Tetería Almona","category":"Comida"}},{"type":"Feature","geometry":{"type":"Point","coordinates":[-3.60525,37.17124]},"properties":{"id":"f80fa959","name":"Palacio de Jade","category":"Comida"}},{"type":"Feature","geometry":{"type":"Point","coordinates":[-3.61222,37.15529]},"properties":{"id":"bc1d7c23","name":"Palatino tapas","category":"Comida"}},{"type":"Feature","geometry":{"type":"Point","coordinates":[-85.94998,11.9302]},"properties":{"id":"3e35a4f0","name":"Pan De Vida","category":"Comida"}},{"type":"Feature","geometry":{"type":"Point","coordinates":[-3.59943,37.18208]},"properties":{"id":"1ffbb8e2","name":"Papas Elvira","category":"Comida"}},{"type":"Feature","geometry":{"type":"Point","coordinates":[-3.74728,36.73732]},"properties":{"id":"b80e1263","name":"Papaya Beach Club","category":"Comida"}},{"type":"Feature","geometry":{"type":"Point","coordinates":[-3.67158,37.133]},"properties":{"id":"958bad13","name":"Parada","category":"Comida"}},{"type":"Feature","geometry":{"type":"Point","coordinates":[-3.58202,36.84085]},"properties":{"id":"28272bf4","name":"Parada Aki Mismo","category":"Comida"}},{"type":"Feature","geometry":{"type":"Point","coordinates":[-3.60049,37.17624]},"properties":{"id":"ca348e48","name":"Parole","category":"Comida"}},{"type":"Feature","geometry":{"type":"Point","coordinates":[-3.48986,36.91939]},"properties":{"id":"0807a648","name":"Parque restaurante asador","category":"Comida"}},{"type":"Feature","geometry":{"type":"Point","coordinates":[-3.83025,37.19693]},"properties":{"id":"264cd788","name":"Pastelería","category":"Comida"}},{"type":"Feature","geometry":{"type":"Point","coordinates":[-3.5999,37.1816]},"properties":{"id":"967afc5e","name":"Pata Palo","category":"Comida"}},{"type":"Feature","geometry":{"type":"Point","coordinates":[-3.58124,37.11766]},"properties":{"id":"02e9a481","name":"Patio andalúz","category":"Comida"}},{"type":"Feature","geometry":{"type":"Point","coordinates":[-3.51526,36.74751]},"properties":{"id":"9e59bbfa","name":"Paypizza","category":"Comida"}},{"type":"Feature","geometry":{"type":"Point","coordinates":[-3.58275,37.16565]},"properties":{"id":"e91ba638","name":"Pedro Pepperoni","category":"Comida"}},{"type":"Feature","geometry":{"type":"Point","coordinates":[-3.60156,37.16891]},"properties":{"id":"6cc1d362","name":"Pensadores","category":"Comida"}},{"type":"Feature","geometry":{"type":"Point","coordinates":[-2.73268,37.81833]},"properties":{"id":"37c8632f","name":"Pensión y Restaurante El Maño I","category":"Comida"}},{"type":"Feature","geometry":{"type":"Point","coordinates":[-3.59868,37.17383]},"properties":{"id":"4531ed1d","name":"Perromedio","category":"Comida"}},{"type":"Feature","geometry":{"type":"Point","coordinates":[-3.60086,37.17609]},"properties":{"id":"e610cc43","name":"Pescadería 15","category":"Comida"}},{"type":"Feature","geometry":{"type":"Point","coordinates":[-3.57156,37.14435]},"properties":{"id":"e28bb12a","name":"Pescaíto","category":"Comida"}},{"type":"Feature","geometry":{"type":"Point","coordinates":[-3.32105,36.92917]},"properties":{"id":"18629eb0","name":"Piano Bar La Cueva Mora de Luna","category":"Comida"}},{"type":"Feature","geometry":{"type":"Point","coordinates":[-3.62958,37.14077]},"properties":{"id":"665b79a5","name":"Pibonazzo","category":"Comida"}},{"type":"Feature","geometry":{"type":"Point","coordinates":[-85.91526,11.89837]},"properties":{"id":"20e1f8cd","name":"Pico de Garza","category":"Comida"}},{"type":"Feature","geometry":{"type":"Point","coordinates":[-3.2634,37.00057]},"properties":{"id":"4a6b7d3f","name":"Piedra Ventana","category":"Comida"}},{"type":"Feature","geometry":{"type":"Point","coordinates":[-3.59498,37.17698]},"properties":{"id":"20054f6f","name":"Pilar del Toro","category":"Comida"}},{"type":"Feature","geometry":{"type":"Point","coordinates":[-3.60178,37.07458]},"properties":{"id":"77b0420b","name":"Pilatos","category":"Comida"}},{"type":"Feature","geometry":{"type":"Point","coordinates":[-3.60039,37.17566]},"properties":{"id":"b447a394","name":"Pimienta Rosa","category":"Comida"}},{"type":"Feature","geometry":{"type":"Point","coordinates":[-3.59822,37.17288]},"properties":{"id":"9376a4a8","name":"Pinot Noir","category":"Comida"}},{"type":"Feature","geometry":{"type":"Point","coordinates":[-3.69055,36.73115]},"properties":{"id":"19730005","name":"Pipote","category":"Comida"}},{"type":"Feature","geometry":{"type":"Point","coordinates":[-85.95238,11.93055]},"properties":{"id":"aab3ab3e","name":"Pita Pita","category":"Comida"}},{"type":"Feature","geometry":{"type":"Point","coordinates":[-3.57166,37.14774]},"properties":{"id":"8d7a0164","name":"Pizería Trattoria","category":"Comida"}},{"type":"Feature","geometry":{"type":"Point","coordinates":[-3.59091,37.11537]},"properties":{"id":"deb2beaf","name":"Pizza Gordo","category":"Comida"}},{"type":"Feature","geometry":{"type":"Point","coordinates":[-3.6133,37.14479]},"properties":{"id":"db26daa1","name":"Pizza Hut","category":"Comida"}},{"type":"Feature","geometry":{"type":"Point","coordinates":[-3.60464,37.17784]},"properties":{"id":"d15f18f1","name":"Pizza Metro","category":"Comida"}},{"type":"Feature","geometry":{"type":"Point","coordinates":[-3.6043,37.1845]},"properties":{"id":"65c23ebd","name":"Pizza Roma","category":"Comida"}},{"type":"Feature","geometry":{"type":"Point","coordinates":[-85.95976,11.93627]},"properties":{"id":"c4d61aaa","name":"Pizza Vale","category":"Comida"}},{"type":"Feature","geometry":{"type":"Point","coordinates":[-3.62664,37.13561]},"properties":{"id":"52835576","name":"Pizzeria El Italiamo","category":"Comida"}},{"type":"Feature","geometry":{"type":"Point","coordinates":[-3.58593,36.74032]},"properties":{"id":"bcffdf7e","name":"Pizzeria Fontana","category":"Comida"}},{"type":"Feature","geometry":{"type":"Point","coordinates":[-3.66727,37.129]},"properties":{"id":"f9502d96","name":"Pizzería \"Casa de Campo\"","category":"Comida"}},{"type":"Feature","geometry":{"type":"Point","coordinates":[-3.68467,37.22863]},"properties":{"id":"73af1e4e","name":"Pizzería - Bocadillería Avenida","category":"Comida"}},{"type":"Feature","geometry":{"type":"Point","coordinates":[-2.9058,37.52456]},"properties":{"id":"778dbe7e","name":"Pizzería Alacena","category":"Comida"}},{"type":"Feature","geometry":{"type":"Point","coordinates":[-3.7267,36.72534]},"properties":{"id":"32c84e77","name":"Pizzería Altamar","category":"Comida"}},{"type":"Feature","geometry":{"type":"Point","coordinates":[-3.48674,36.91793]},"properties":{"id":"c13bab8e","name":"Pizzería Bacares","category":"Comida"}},{"type":"Feature","geometry":{"type":"Point","coordinates":[-3.6051,37.17263]},"properties":{"id":"fb14c0a4","name":"Pizzería Bella Ciao","category":"Comida"}},{"type":"Feature","geometry":{"type":"Point","coordinates":[-3.59644,37.17684]},"properties":{"id":"16aa49af","name":"Pizzería El Darro","category":"Comida"}},{"type":"Feature","geometry":{"type":"Point","coordinates":[-3.58755,37.15724]},"properties":{"id":"f42e407c","name":"Pizzería Fralisani","category":"Comida"}},{"type":"Feature","geometry":{"type":"Point","coordinates":[-85.94877,11.93019]},"properties":{"id":"aaf825b0","name":"Pizzería Italiana Mona Lisa","category":"Comida"}},{"type":"Feature","geometry":{"type":"Point","coordinates":[-3.58566,37.16124]},"properties":{"id":"d0bbbb26","name":"Pizzería Jean Carlo","category":"Comida"}},{"type":"Feature","geometry":{"type":"Point","coordinates":[-3.61109,37.20487]},"properties":{"id":"04d7ce65","name":"Pizzería Kebab Ali","category":"Comida"}},{"type":"Feature","geometry":{"type":"Point","coordinates":[-4.14458,36.97609]},"properties":{"id":"78df2dd5","name":"Pizzería La Kabaña","category":"Comida"}},{"type":"Feature","geometry":{"type":"Point","coordinates":[-3.60947,37.19054]},"properties":{"id":"45bd40b4","name":"Pizzería La Nonna","category":"Comida"}},{"type":"Feature","geometry":{"type":"Point","coordinates":[-3.6054,37.17148]},"properties":{"id":"bc2453b8","name":"Pizzería Los Amicci","category":"Comida"}},{"type":"Feature","geometry":{"type":"Point","coordinates":[-3.13868,37.30332]},"properties":{"id":"74788bcc","name":"Pizzería Neptuno","category":"Comida"}},{"type":"Feature","geometry":{"type":"Point","coordinates":[-3.17012,36.74855]},"properties":{"id":"ecd8ae35","name":"Pizzería Papaute","category":"Comida"}},{"type":"Feature","geometry":{"type":"Point","coordinates":[-4.04297,37.20019]},"properties":{"id":"7a04ff57","name":"Pizzería Peñasco","category":"Comida"}},{"type":"Feature","geometry":{"type":"Point","coordinates":[-3.68871,36.73169]},"properties":{"id":"3694f23a","name":"Pizzería Pinocchio","category":"Comida"}},{"type":"Feature","geometry":{"type":"Point","coordinates":[-3.63066,37.19007]},"properties":{"id":"b9956328","name":"Pizzería Romana","category":"Comida"}},{"type":"Feature","geometry":{"type":"Point","coordinates":[-2.54427,37.8072]},"properties":{"id":"62803067","name":"Pizzería Romero","category":"Comida"}},{"type":"Feature","geometry":{"type":"Point","coordinates":[-3.69249,37.21803]},"properties":{"id":"f11b21ef","name":"Pizzería Santa Ana","category":"Comida"}},{"type":"Feature","geometry":{"type":"Point","coordinates":[-3.67213,36.73564]},"properties":{"id":"a67e79a0","name":"Pizzería Sapori D'Italia","category":"Comida"}},{"type":"Feature","geometry":{"type":"Point","coordinates":[-3.41766,36.69827]},"properties":{"id":"35722332","name":"Pizzería Terraza Jardín","category":"Comida"}},{"type":"Feature","geometry":{"type":"Point","coordinates":[-3.60827,37.16886]},"properties":{"id":"631fc1bc","name":"Pizzería Veneto","category":"Comida"}},{"type":"Feature","geometry":{"type":"Point","coordinates":[-3.60759,37.1742]},"properties":{"id":"dd1b26d1","name":"Pizzería Verace","category":"Comida"}},{"type":"Feature","geometry":{"type":"Point","coordinates":[-3.69571,36.72968]},"properties":{"id":"4fa2eb94","name":"Pizzería Vizcaya","category":"Comida"}},{"type":"Feature","geometry":{"type":"Point","coordinates":[-3.58607,36.74069]},"properties":{"id":"4ccaba17","name":"Pizzería Voy Volando","category":"Comida"}},{"type":"Feature","geometry":{"type":"Point","coordinates":[-3.59701,37.16698]},"properties":{"id":"764f288e","name":"Pizzería Yesterday","category":"Comida"}},{"type":"Feature","geometry":{"type":"Point","coordinates":[-2.64063,37.71512]},"properties":{"id":"4ca0248d","name":"Pizzería la Cueva","category":"Comida"}},{"type":"Feature","geometry":{"type":"Point","coordinates":[-3.35709,36.94893]},"properties":{"id":"3b2c8c96","name":"Plaza Seis","category":"Comida"}},{"type":"Feature","geometry":{"type":"Point","coordinates":[-3.60659,37.17302]},"properties":{"id":"83734467","name":"Poetas Andaluces","category":"Comida"}},{"type":"Feature","geometry":{"type":"Point","coordinates":[-3.61703,37.21408]},"properties":{"id":"d343b649","name":"Pomodoro","category":"Comida"}},{"type":"Feature","geometry":{"type":"Point","coordinates":[-3.59483,37.16984]},"properties":{"id":"b33989d0","name":"Pomodoro","category":"Comida"}},{"type":"Feature","geometry":{"type":"Point","coordinates":[-3.58347,37.15755]},"properties":{"id":"fd895527","name":"Pomodoro","category":"Comida"}},{"type":"Feature","geometry":{"type":"Point","coordinates":[-3.59458,37.17451]},"properties":{"id":"208a91c9","name":"Potemkin","category":"Comida"}},{"type":"Feature","geometry":{"type":"Point","coordinates":[-3.45255,37.32158]},"properties":{"id":"2b8a13a3","name":"Prado Negro","category":"Comida"}},{"type":"Feature","geometry":{"type":"Point","coordinates":[-3.59162,36.73668]},"properties":{"id":"b181ef9b","name":"Pub Atlantis","category":"Comida"}},{"type":"Feature","geometry":{"type":"Point","coordinates":[-4.04606,37.19653]},"properties":{"id":"5a01e5dd","name":"Pub Ayacucho","category":"Comida"}},{"type":"Feature","geometry":{"type":"Point","coordinates":[-3.51411,36.7451]},"properties":{"id":"d15ba63f","name":"Pub Beethoven","category":"Comida"}},{"type":"Feature","geometry":{"type":"Point","coordinates":[-3.58493,36.74276]},"properties":{"id":"9a1b1831","name":"Pub Calipso","category":"Comida"}},{"type":"Feature","geometry":{"type":"Point","coordinates":[-3.82065,36.94895]},"properties":{"id":"d955bca5","name":"Pub Cominos","category":"Comida"}},{"type":"Feature","geometry":{"type":"Point","coordinates":[-3.15779,37.18532]},"properties":{"id":"7545d61f","name":"Pub El Establo","category":"Comida"}},{"type":"Feature","geometry":{"type":"Point","coordinates":[-3.96685,37.23749]},"properties":{"id":"04762b86","name":"Pub El Rollo","category":"Comida"}},{"type":"Feature","geometry":{"type":"Point","coordinates":[-3.61439,37.17232]},"properties":{"id":"81a895e0","name":"Pub Faragüi","category":"Comida"}},{"type":"Feature","geometry":{"type":"Point","coordinates":[-3.39762,37.55938]},"properties":{"id":"2bf02a9f","name":"Pub Girasol","category":"Comida"}},{"type":"Feature","geometry":{"type":"Point","coordinates":[-4.04698,37.19454]},"properties":{"id":"fd6a3c40","name":"Pub Habana Soul","category":"Comida"}},{"type":"Feature","geometry":{"type":"Point","coordinates":[-3.60027,37.17861]},"properties":{"id":"461de2f7","name":"Pub La Sal","category":"Comida"}},{"type":"Feature","geometry":{"type":"Point","coordinates":[-3.6056,37.17444]},"properties":{"id":"b6ac8729","name":"Pub Legend","category":"Comida"}},{"type":"Feature","geometry":{"type":"Point","coordinates":[-4.04519,37.19521]},"properties":{"id":"758fa75b","name":"Pub San Sebastián 32","category":"Comida"}},{"type":"Feature","geometry":{"type":"Point","coordinates":[-3.22855,37.50183]},"properties":{"id":"c9e8660e","name":"Pub Skau","category":"Comida"}},{"type":"Feature","geometry":{"type":"Point","coordinates":[-2.84131,37.54433]},"properties":{"id":"c5302bce","name":"Pub V Columna","category":"Comida"}},{"type":"Feature","geometry":{"type":"Point","coordinates":[-3.57197,37.164]},"properties":{"id":"bb7e1934","name":"Puerta de la Alhambra","category":"Comida"}},{"type":"Feature","geometry":{"type":"Point","coordinates":[-3.6054,37.17691]},"properties":{"id":"74ef7084","name":"Puerta de la Alpujarra","category":"Comida"}},{"type":"Feature","geometry":{"type":"Point","coordinates":[-3.5894,37.17911]},"properties":{"id":"5e4e16a9","name":"Puerta de los Tristes","category":"Comida"}},{"type":"Feature","geometry":{"type":"Point","coordinates":[-3.5989,37.17379]},"properties":{"id":"32e0e59b","name":"Puerta del Carmen","category":"Comida"}},{"type":"Feature","geometry":{"type":"Point","coordinates":[-3.60671,37.16849]},"properties":{"id":"5d33ef74","name":"Puerta del vino","category":"Comida"}},{"type":"Feature","geometry":{"type":"Point","coordinates":[-3.60491,37.17269]},"properties":{"id":"21a0c645","name":"Puesto 43","category":"Comida"}},{"type":"Feature","geometry":{"type":"Point","coordinates":[-3.59438,37.16997]},"properties":{"id":"994b82b8","name":"Puga","category":"Comida"}},{"type":"Feature","geometry":{"type":"Point","coordinates":[-85.90711,11.91341]},"properties":{"id":"331c0da1","name":"Punta Corre Viento","category":"Comida"}},{"type":"Feature","geometry":{"type":"Point","coordinates":[-3.55044,36.71532]},"properties":{"id":"9135a126","name":"Pura Vida","category":"Comida"}},{"type":"Feature","geometry":{"type":"Point","coordinates":[-85.95078,11.93295]},"properties":{"id":"fd051b03","name":"Pure Spa restaurant","category":"Comida"}},{"type":"Feature","geometry":{"type":"Point","coordinates":[-3.60067,37.17674]},"properties":{"id":"33587ce2","name":"Purezza 90","category":"Comida"}},{"type":"Feature","geometry":{"type":"Point","coordinates":[-3.51791,36.75124]},"properties":{"id":"de63944c","name":"Pym Piedras Para Asar","category":"Comida"}},{"type":"Feature","geometry":{"type":"Point","coordinates":[-3.59921,37.18204]},"properties":{"id":"0548960b","name":"Páprika","category":"Comida"}},{"type":"Feature","geometry":{"type":"Point","coordinates":[-3.60126,37.17557]},"properties":{"id":"82000273","name":"Pūpu","category":"Comida"}},{"type":"Feature","geometry":{"type":"Point","coordinates":[-3.59677,37.18043]},"properties":{"id":"9fab1600","name":"Qadima","category":"Comida"}},{"type":"Feature","geometry":{"type":"Point","coordinates":[-3.59757,37.16513]},"properties":{"id":"431446a8","name":"Quba","category":"Comida"}},{"type":"Feature","geometry":{"type":"Point","coordinates":[-85.95503,11.92764]},"properties":{"id":"64bdc350","name":"Querubes","category":"Comida"}},{"type":"Feature","geometry":{"type":"Point","coordinates":[-3.59209,37.17267]},"properties":{"id":"e05eb89e","name":"Quesería Rossini","category":"Comida"}},{"type":"Feature","geometry":{"type":"Point","coordinates":[-4.14949,37.16643]},"properties":{"id":"39835c42","name":"Quintana","category":"Comida"}},{"type":"Feature","geometry":{"type":"Point","coordinates":[-2.66785,37.75857]},"properties":{"id":"7184015e","name":"Quiosco de Verano","category":"Comida"}},{"type":"Feature","geometry":{"type":"Point","coordinates":[-3.60035,37.17697]},"properties":{"id":"81508bd4","name":"R","category":"Comida"}},{"type":"Feature","geometry":{"type":"Point","coordinates":[-73.70289,3.53595]},"properties":{"id":"f07444f2","name":"ROCKAFELLA","category":"Comida"}},{"type":"Feature","geometry":{"type":"Point","coordinates":[-3.60688,37.17273]},"properties":{"id":"ebeff566","name":"Rainbow","category":"Comida"}},{"type":"Feature","geometry":{"type":"Point","coordinates":[-3.59325,37.17324]},"properties":{"id":"93088bf5","name":"Ranchito mexicano","category":"Comida"}},{"type":"Feature","geometry":{"type":"Point","coordinates":[-3.60277,37.14942]},"properties":{"id":"26709817","name":"Reca Campus","category":"Comida"}},{"type":"Feature","geometry":{"type":"Point","coordinates":[-3.59242,37.1825]},"properties":{"id":"ea1b97a2","name":"Reina Mónica","category":"Comida"}},{"type":"Feature","geometry":{"type":"Point","coordinates":[-3.93139,37.18004]},"properties":{"id":"f7f90fb6","name":"Restaurante","category":"Comida"}},{"type":"Feature","geometry":{"type":"Point","coordinates":[-3.53262,37.08793]},"properties":{"id":"26f3e6c9","name":"Restaurante \"El Hervidero Casa Macareno\"","category":"Comida"}},{"type":"Feature","geometry":{"type":"Point","coordinates":[-3.67348,36.73231]},"properties":{"id":"93b90a2e","name":"Restaurante - Bar El Árbol Blanco","category":"Comida"}},{"type":"Feature","geometry":{"type":"Point","coordinates":[-3.60843,37.1607]},"properties":{"id":"e33bd26d","name":"Restaurante 360","category":"Comida"}},{"type":"Feature","geometry":{"type":"Point","coordinates":[-2.77306,37.49146]},"properties":{"id":"c0ad7577","name":"Restaurante 7 Monjas","category":"Comida"}},{"type":"Feature","geometry":{"type":"Point","coordinates":[-3.67184,36.73596]},"properties":{"id":"aa1c47f7","name":"Restaurante A. Montes","category":"Comida"}},{"type":"Feature","geometry":{"type":"Point","coordinates":[-3.08108,36.99573]},"properties":{"id":"3531b512","name":"Restaurante Aben Humeya","category":"Comida"}},{"type":"Feature","geometry":{"type":"Point","coordinates":[-3.18871,36.97149]},"properties":{"id":"a8d7af78","name":"Restaurante Abrasador El Cercado","category":"Comida"}},{"type":"Feature","geometry":{"type":"Point","coordinates":[-3.35758,36.96146]},"properties":{"id":"f389e3d1","name":"Restaurante Abuxarra","category":"Comida"}},{"type":"Feature","geometry":{"type":"Point","coordinates":[-3.44873,37.20337]},"properties":{"id":"be88c0d3","name":"Restaurante Aguas Blancas","category":"Comida"}},{"type":"Feature","geometry":{"type":"Point","coordinates":[-3.58694,36.73959]},"properties":{"id":"50d2cd58","name":"Restaurante Aguas Verdes","category":"Comida"}},{"type":"Feature","geometry":{"type":"Point","coordinates":[-3.49316,36.70576]},"properties":{"id":"abc06290","name":"Restaurante Aguazul","category":"Comida"}},{"type":"Feature","geometry":{"type":"Point","coordinates":[-3.76971,37.1829]},"properties":{"id":"80ce4cc9","name":"Restaurante Airport","category":"Comida"}},{"type":"Feature","geometry":{"type":"Point","coordinates":[-3.64172,37.22237]},"properties":{"id":"b56c90a1","name":"Restaurante Al-Ándalus","category":"Comida"}},{"type":"Feature","geometry":{"type":"Point","coordinates":[-3.59523,37.17624]},"properties":{"id":"7b4030fe","name":"Restaurante Alarique","category":"Comida"}},{"type":"Feature","geometry":{"type":"Point","coordinates":[-3.38859,37.0715]},"properties":{"id":"2144a95c","name":"Restaurante Alcazaba","category":"Comida"}},{"type":"Feature","geometry":{"type":"Point","coordinates":[-4.28077,37.13655]},"properties":{"id":"2b4a0043","name":"Restaurante Almería","category":"Comida"}},{"type":"Feature","geometry":{"type":"Point","coordinates":[-3.54448,36.98196]},"properties":{"id":"186972b3","name":"Restaurante Alquería de los Lentos","category":"Comida"}},{"type":"Feature","geometry":{"type":"Point","coordinates":[-3.01024,36.96499]},"properties":{"id":"20d4950b","name":"Restaurante Alvi","category":"Comida"}},{"type":"Feature","geometry":{"type":"Point","coordinates":[-2.7725,37.4864]},"properties":{"id":"dfd99a0e","name":"Restaurante Anabel","category":"Comida"}},{"type":"Feature","geometry":{"type":"Point","coordinates":[-3.66477,36.74313]},"properties":{"id":"5cb46365","name":"Restaurante Andalucía","category":"Comida"}},{"type":"Feature","geometry":{"type":"Point","coordinates":[-2.98456,37.19351]},"properties":{"id":"d02f006a","name":"Restaurante Andrés","category":"Comida"}},{"type":"Feature","geometry":{"type":"Point","coordinates":[-2.64094,37.71481]},"properties":{"id":"2f1bd748","name":"Restaurante Antigua Estación","category":"Comida"}},{"type":"Feature","geometry":{"type":"Point","coordinates":[-3.67315,36.73425]},"properties":{"id":"bd7958b1","name":"Restaurante Antiguo Mesón Cabrera","category":"Comida"}},{"type":"Feature","geometry":{"type":"Point","coordinates":[-3.55732,36.71731]},"properties":{"id":"ffaed775","name":"Restaurante Argayo","category":"Comida"}},{"type":"Feature","geometry":{"type":"Point","coordinates":[-3.58425,37.17368]},"properties":{"id":"6bb18b60","name":"Restaurante Arrayán del Generalife","category":"Comida"}},{"type":"Feature","geometry":{"type":"Point","coordinates":[-3.60787,37.16248]},"properties":{"id":"87f15a39","name":"Restaurante Arriaga","category":"Comida"}},{"type":"Feature","geometry":{"type":"Point","coordinates":[-3.58389,36.74088]},"properties":{"id":"ab84ec64","name":"Restaurante Aráis","category":"Comida"}},{"type":"Feature","geometry":{"type":"Point","coordinates":[-3.90188,37.18017]},"properties":{"id":"e12d333f","name":"Restaurante Asador Albenzaire","category":"Comida"}},{"type":"Feature","geometry":{"type":"Point","coordinates":[-3.26592,36.99872]},"properties":{"id":"e29f8a6e","name":"Restaurante Asador Despensa de la Alpujarra","category":"Comida"}},{"type":"Feature","geometry":{"type":"Point","coordinates":[-3.65335,37.22508]},"properties":{"id":"f3225389","name":"Restaurante Asador Loraida","category":"Comida"}},{"type":"Feature","geometry":{"type":"Point","coordinates":[-85.92832,11.90025]},"properties":{"id":"bc666366","name":"Restaurante Asese","category":"Comida"}},{"type":"Feature","geometry":{"type":"Point","coordinates":[-4.0452,37.1941]},"properties":{"id":"32c24368","name":"Restaurante Atracón Express","category":"Comida"}},{"type":"Feature","geometry":{"type":"Point","coordinates":[-2.93243,37.6121]},"properties":{"id":"5b947eac","name":"Restaurante Avenida","category":"Comida"}},{"type":"Feature","geometry":{"type":"Point","coordinates":[-3.67005,37.28152]},"properties":{"id":"a005b508","name":"Restaurante Balcón de Cubillas","category":"Comida"}},{"type":"Feature","geometry":{"type":"Point","coordinates":[-3.56235,37.15766]},"properties":{"id":"e3448570","name":"Restaurante Balcón del Genil","category":"Comida"}},{"type":"Feature","geometry":{"type":"Point","coordinates":[-3.81978,37.06788]},"properties":{"id":"b06dfd89","name":"Restaurante Balduino","category":"Comida"}},{"type":"Feature","geometry":{"type":"Point","coordinates":[-3.17094,37.22293]},"properties":{"id":"6c3d8695","name":"Restaurante Bar Camping","category":"Comida"}},{"type":"Feature","geometry":{"type":"Point","coordinates":[-2.90534,37.43394]},"properties":{"id":"dd9e5424","name":"Restaurante Bar Mirasierra","category":"Comida"}},{"type":"Feature","geometry":{"type":"Point","coordinates":[-3.26425,36.9986]},"properties":{"id":"68b6b9ea","name":"Restaurante Bar Pepe Álvarez","category":"Comida"}},{"type":"Feature","geometry":{"type":"Point","coordinates":[-3.64891,37.08587]},"properties":{"id":"bbdcccd0","name":"Restaurante Boabdil","category":"Comida"}},{"type":"Feature","geometry":{"type":"Point","coordinates":[-3.68101,36.81721]},"properties":{"id":"86ab581d","name":"Restaurante Buenavista","category":"Comida"}},{"type":"Feature","geometry":{"type":"Point","coordinates":[-4.05555,37.19812]},"properties":{"id":"b05e3f86","name":"Restaurante CJ","category":"Comida"}},{"type":"Feature","geometry":{"type":"Point","coordinates":[-3.53266,36.72514]},"properties":{"id":"bbf8dc6a","name":"Restaurante Cabrera","category":"Comida"}},{"type":"Feature","geometry":{"type":"Point","coordinates":[-3.60302,37.14942]},"properties":{"id":"66775f90","name":"Restaurante Cafetería Nina","category":"Comida"}},{"type":"Feature","geometry":{"type":"Point","coordinates":[-3.26407,36.99872]},"properties":{"id":"85e0b0fe","name":"Restaurante Café Bar Regina","category":"Comida"}},{"type":"Feature","geometry":{"type":"Point","coordinates":[-3.69528,36.7294]},"properties":{"id":"7e80df7b","name":"Restaurante Calabre","category":"Comida"}},{"type":"Feature","geometry":{"type":"Point","coordinates":[-3.51652,36.74469]},"properties":{"id":"8ae710e6","name":"Restaurante Candelón","category":"Comida"}},{"type":"Feature","geometry":{"type":"Point","coordinates":[-3.28119,36.74508]},"properties":{"id":"d1d116a2","name":"Restaurante Carajo","category":"Comida"}},{"type":"Feature","geometry":{"type":"Point","coordinates":[-3.74519,36.73624]},"properties":{"id":"0ab2573e","name":"Restaurante Casa Antonio","category":"Comida"}},{"type":"Feature","geometry":{"type":"Point","coordinates":[-3.65172,36.74558]},"properties":{"id":"ab878146","name":"Restaurante Casa Antonio","category":"Comida"}},{"type":"Feature","geometry":{"type":"Point","coordinates":[-3.59247,37.17291]},"properties":{"id":"9f67ebf4","name":"Restaurante Casa Cristóbal","category":"Comida"}},{"type":"Feature","geometry":{"type":"Point","coordinates":[-3.48159,36.69813]},"properties":{"id":"18b67438","name":"Restaurante Casa Cristóbal","category":"Comida"}},{"type":"Feature","geometry":{"type":"Point","coordinates":[-3.53705,36.72402]},"properties":{"id":"e903acbc","name":"Restaurante Casa Eduardo","category":"Comida"}},{"type":"Feature","geometry":{"type":"Point","coordinates":[-3.90226,37.17939]},"properties":{"id":"2b7f6e39","name":"Restaurante Casa Enrique","category":"Comida"}},{"type":"Feature","geometry":{"type":"Point","coordinates":[-4.0461,37.19466]},"properties":{"id":"0fac513f","name":"Restaurante Casa Ibaigorri","category":"Comida"}},{"type":"Feature","geometry":{"type":"Point","coordinates":[-3.26594,37.0005]},"properties":{"id":"0ba8fb30","name":"Restaurante Casa Julio","category":"Comida"}},{"type":"Feature","geometry":{"type":"Point","coordinates":[-3.69629,37.21893]},"properties":{"id":"af8fc5eb","name":"Restaurante Casa Marino","category":"Comida"}},{"type":"Feature","geometry":{"type":"Point","coordinates":[-3.15484,36.98227]},"properties":{"id":"92c5d831","name":"Restaurante Casa Maurales","category":"Comida"}},{"type":"Feature","geometry":{"type":"Point","coordinates":[-3.67171,36.7361]},"properties":{"id":"32251782","name":"Restaurante Casa Paco","category":"Comida"}},{"type":"Feature","geometry":{"type":"Point","coordinates":[-2.85808,37.73766]},"properties":{"id":"0a2b31be","name":"Restaurante Casa Pepe","category":"Comida"}},{"type":"Feature","geometry":{"type":"Point","coordinates":[-3.3556,36.95052]},"properties":{"id":"4772d338","name":"Restaurante Casa Ángel","category":"Comida"}},{"type":"Feature","geometry":{"type":"Point","coordinates":[-3.56707,37.2884]},"properties":{"id":"4cbbcb2f","name":"Restaurante Catacena","category":"Comida"}},{"type":"Feature","geometry":{"type":"Point","coordinates":[-73.70681,3.54201]},"properties":{"id":"ca0d64f9","name":"Restaurante Cavalia","category":"Comida"}},{"type":"Feature","geometry":{"type":"Point","coordinates":[-3.324,37.31833]},"properties":{"id":"56021fb4","name":"Restaurante Cerrilo San Marcos","category":"Comida"}},{"type":"Feature","geometry":{"type":"Point","coordinates":[-3.52392,36.72608]},"properties":{"id":"351ff03e","name":"Restaurante Chafarinas","category":"Comida"}},{"type":"Feature","geometry":{"type":"Point","coordinates":[-3.01004,36.9656]},"properties":{"id":"5ecc8483","name":"Restaurante Cherín Joaquín","category":"Comida"}},{"type":"Feature","geometry":{"type":"Point","coordinates":[-3.62869,37.14]},"properties":{"id":"3208ccbd","name":"Restaurante Chino Casa de Wu","category":"Comida"}},{"type":"Feature","geometry":{"type":"Point","coordinates":[-3.6515,37.23142]},"properties":{"id":"32ea770f","name":"Restaurante Chino Cinco Estrellas","category":"Comida"}},{"type":"Feature","geometry":{"type":"Point","coordinates":[-3.61002,37.17739]},"properties":{"id":"1d3aabe9","name":"Restaurante Chino Dynasty","category":"Comida"}},{"type":"Feature","geometry":{"type":"Point","coordinates":[-3.74542,36.73637]},"properties":{"id":"dd911596","name":"Restaurante Chino Golden Sun","category":"Comida"}},{"type":"Feature","geometry":{"type":"Point","coordinates":[-3.61346,37.20067]},"properties":{"id":"8298d38b","name":"Restaurante Chino Oriental","category":"Comida"}},{"type":"Feature","geometry":{"type":"Point","coordinates":[-85.95243,11.93158]},"properties":{"id":"dc32e8f4","name":"Restaurante Chomin","category":"Comida"}},{"type":"Feature","geometry":{"type":"Point","coordinates":[-85.95226,11.93]},"properties":{"id":"e20c66a5","name":"Restaurante Comidas Típicas y más...","category":"Comida"}},{"type":"Feature","geometry":{"type":"Point","coordinates":[-3.57108,37.14453]},"properties":{"id":"3f69fe1d","name":"Restaurante Corrala Real","category":"Comida"}},{"type":"Feature","geometry":{"type":"Point","coordinates":[-3.69661,36.7306]},"properties":{"id":"291b9f38","name":"Restaurante Cortijillo Playa","category":"Comida"}},{"type":"Feature","geometry":{"type":"Point","coordinates":[-3.70023,37.21806]},"properties":{"id":"6846e8de","name":"Restaurante Cortijo Los Praos","category":"Comida"}},{"type":"Feature","geometry":{"type":"Point","coordinates":[-3.48423,36.70052]},"properties":{"id":"13e57424","name":"Restaurante Cortijo del Mar","category":"Comida"}},{"type":"Feature","geometry":{"type":"Point","coordinates":[-3.35507,36.72519]},"properties":{"id":"66ce6f21","name":"Restaurante Costa Sol","category":"Comida"}},{"type":"Feature","geometry":{"type":"Point","coordinates":[-3.60788,37.17308]},"properties":{"id":"03722dcd","name":"Restaurante Cueva Los Dos Juanes","category":"Comida"}},{"type":"Feature","geometry":{"type":"Point","coordinates":[-2.73866,37.50864]},"properties":{"id":"2da7a052","name":"Restaurante Dama de Baza","category":"Comida"}},{"type":"Feature","geometry":{"type":"Point","coordinates":[-3.60539,37.16533]},"properties":{"id":"ec17c8e4","name":"Restaurante Dikken","category":"Comida"}},{"type":"Feature","geometry":{"type":"Point","coordinates":[-3.44309,36.69596]},"properties":{"id":"bc5df9a0","name":"Restaurante Don Cactus","category":"Comida"}},{"type":"Feature","geometry":{"type":"Point","coordinates":[-3.2796,36.74723]},"properties":{"id":"2d58fec6","name":"Restaurante Don Fernando","category":"Comida"}},{"type":"Feature","geometry":{"type":"Point","coordinates":[-3.58325,36.74322]},"properties":{"id":"ea123d8c","name":"Restaurante Dragón Asiático","category":"Comida"}},{"type":"Feature","geometry":{"type":"Point","coordinates":[-3.52461,36.74172]},"properties":{"id":"305745a4","name":"Restaurante Eiffel","category":"Comida"}},{"type":"Feature","geometry":{"type":"Point","coordinates":[-3.59291,37.17999]},"properties":{"id":"74ec5516","name":"Restaurante El Agua","category":"Comida"}},{"type":"Feature","geometry":{"type":"Point","coordinates":[-3.12962,37.29839]},"properties":{"id":"001a6808","name":"Restaurante El Albergue Hermanos Fernández","category":"Comida"}},{"type":"Feature","geometry":{"type":"Point","coordinates":[-3.66176,36.74533]},"properties":{"id":"cbf2c8d4","name":"Restaurante El Balate","category":"Comida"}},{"type":"Feature","geometry":{"type":"Point","coordinates":[-3.65029,37.15286]},"properties":{"id":"a70de3de","name":"Restaurante El Barco","category":"Comida"}},{"type":"Feature","geometry":{"type":"Point","coordinates":[-3.59088,36.73624]},"properties":{"id":"21872350","name":"Restaurante El Barco","category":"Comida"}},{"type":"Feature","geometry":{"type":"Point","coordinates":[-3.80146,37.2554]},"properties":{"id":"ff17a208","name":"Restaurante El Campillo","category":"Comida"}},{"type":"Feature","geometry":{"type":"Point","coordinates":[-3.56775,37.13785]},"properties":{"id":"3e5a513a","name":"Restaurante El Capricho","category":"Comida"}},{"type":"Feature","geometry":{"type":"Point","coordinates":[-3.67998,36.81845]},"properties":{"id":"b16f1d0a","name":"Restaurante El Capricho","category":"Comida"}},{"type":"Feature","geometry":{"type":"Point","coordinates":[-3.66016,37.22761]},"properties":{"id":"facd5dba","name":"Restaurante El Cazaor","category":"Comida"}},{"type":"Feature","geometry":{"type":"Point","coordinates":[-3.4869,36.70164]},"properties":{"id":"a5844a13","name":"Restaurante El Churrasco","category":"Comida"}},{"type":"Feature","geometry":{"type":"Point","coordinates":[-3.59965,37.17933]},"properties":{"id":"becd1a16","name":"Restaurante El Claustro","category":"Comida"}},{"type":"Feature","geometry":{"type":"Point","coordinates":[-3.58749,36.73288]},"properties":{"id":"8389bae8","name":"Restaurante El Copo","category":"Comida"}},{"type":"Feature","geometry":{"type":"Point","coordinates":[-3.60775,37.18863]},"properties":{"id":"34645151","name":"Restaurante El Coso","category":"Comida"}},{"type":"Feature","geometry":{"type":"Point","coordinates":[-3.95815,37.1845]},"properties":{"id":"ffdb6369","name":"Restaurante El Cruce","category":"Comida"}},{"type":"Feature","geometry":{"type":"Point","coordinates":[-3.88969,36.99872]},"properties":{"id":"f64a259c","name":"Restaurante El Cruce","category":"Comida"}},{"type":"Feature","geometry":{"type":"Point","coordinates":[-3.53262,36.72491]},"properties":{"id":"670b5711","name":"Restaurante El Dorado","category":"Comida"}},{"type":"Feature","geometry":{"type":"Point","coordinates":[-3.57735,37.25965]},"properties":{"id":"b5b3b395","name":"Restaurante El Gallo","category":"Comida"}},{"type":"Feature","geometry":{"type":"Point","coordinates":[-3.57332,37.14421]},"properties":{"id":"8a296a31","name":"Restaurante El Guerra","category":"Comida"}},{"type":"Feature","geometry":{"type":"Point","coordinates":[-85.94973,11.92989]},"properties":{"id":"6866bf9e","name":"Restaurante El Marlin","category":"Comida"}},{"type":"Feature","geometry":{"type":"Point","coordinates":[-3.40504,36.92812]},"properties":{"id":"1dacfaca","name":"Restaurante El Oasis de las Brujas","category":"Comida"}},{"type":"Feature","geometry":{"type":"Point","coordinates":[-85.91324,11.91724]},"properties":{"id":"71403a7c","name":"Restaurante El Pirate","category":"Comida"}},{"type":"Feature","geometry":{"type":"Point","coordinates":[-3.08232,36.99655]},"properties":{"id":"23a81aff","name":"Restaurante El Puente","category":"Comida"}},{"type":"Feature","geometry":{"type":"Point","coordinates":[-3.59029,36.73569]},"properties":{"id":"72ef3bc0","name":"Restaurante El Quincho","category":"Comida"}},{"type":"Feature","geometry":{"type":"Point","coordinates":[-74.35899,4.51457]},"properties":{"id":"c2dfad93","name":"Restaurante El Recreo","category":"Comida"}},{"type":"Feature","geometry":{"type":"Point","coordinates":[-3.58456,36.72977]},"properties":{"id":"149b9469","name":"Restaurante El Rey del Boquerón","category":"Comida"}},{"type":"Feature","geometry":{"type":"Point","coordinates":[-3.13176,37.30749]},"properties":{"id":"5c24fba6","name":"Restaurante El Ventorrillo","category":"Comida"}},{"type":"Feature","geometry":{"type":"Point","coordinates":[-3.48231,36.69907]},"properties":{"id":"6a749761","name":"Restaurante El rayao","category":"Comida"}},{"type":"Feature","geometry":{"type":"Point","coordinates":[-3.63672,37.10739]},"properties":{"id":"02fe7651","name":"Restaurante Entremés","category":"Comida"}},{"type":"Feature","geometry":{"type":"Point","coordinates":[-3.5162,37.22078]},"properties":{"id":"0bc612a0","name":"Restaurante Ermita de Santillán","category":"Comida"}},{"type":"Feature","geometry":{"type":"Point","coordinates":[-3.53748,36.72401]},"properties":{"id":"f7173158","name":"Restaurante Estrella Del Mar","category":"Comida"}},{"type":"Feature","geometry":{"type":"Point","coordinates":[-4.12542,37.16438]},"properties":{"id":"1739ec57","name":"Restaurante Fermina","category":"Comida"}},{"type":"Feature","geometry":{"type":"Point","coordinates":[-3.20039,36.79107]},"properties":{"id":"dc1a5109","name":"Restaurante Fernando","category":"Comida"}},{"type":"Feature","geometry":{"type":"Point","coordinates":[-4.14169,37.16318]},"properties":{"id":"70d2b6c3","name":"Restaurante Flati","category":"Comida"}},{"type":"Feature","geometry":{"type":"Point","coordinates":[-3.55146,36.94862]},"properties":{"id":"fe9381c9","name":"Restaurante Garvi","category":"Comida"}},{"type":"Feature","geometry":{"type":"Point","coordinates":[-3.61236,36.78657]},"properties":{"id":"5901c341","name":"Restaurante Gasparrico","category":"Comida"}},{"type":"Feature","geometry":{"type":"Point","coordinates":[-2.9591,37.18727]},"properties":{"id":"da3ae395","name":"Restaurante González","category":"Comida"}},{"type":"Feature","geometry":{"type":"Point","coordinates":[-3.57254,37.27631]},"properties":{"id":"79f6fadc","name":"Restaurante Géminis","category":"Comida"}},{"type":"Feature","geometry":{"type":"Point","coordinates":[-3.30603,36.81352]},"properties":{"id":"39e798c9","name":"Restaurante Haza del Lino","category":"Comida"}},{"type":"Feature","geometry":{"type":"Point","coordinates":[-3.51316,36.74074]},"properties":{"id":"efc66def","name":"Restaurante Hotel Muñoz","category":"Comida"}},{"type":"Feature","geometry":{"type":"Point","coordinates":[-2.54246,37.80658]},"properties":{"id":"f073e5a6","name":"Restaurante Hotel Patri","category":"Comida"}},{"type":"Feature","geometry":{"type":"Point","coordinates":[-3.35563,36.72496]},"properties":{"id":"a99ce661","name":"Restaurante Il Lido","category":"Comida"}},{"type":"Feature","geometry":{"type":"Point","coordinates":[-3.67158,37.16617]},"properties":{"id":"8f35cd8a","name":"Restaurante JR","category":"Comida"}},{"type":"Feature","geometry":{"type":"Point","coordinates":[-3.14248,37.30595]},"properties":{"id":"b428951b","name":"Restaurante José Florida","category":"Comida"}},{"type":"Feature","geometry":{"type":"Point","coordinates":[-3.53965,36.72299]},"properties":{"id":"ba317207","name":"Restaurante Juan García","category":"Comida"}},{"type":"Feature","geometry":{"type":"Point","coordinates":[-3.55774,36.71745]},"properties":{"id":"ddbbdd53","name":"Restaurante Kisquilla","category":"Comida"}},{"type":"Feature","geometry":{"type":"Point","coordinates":[-3.32111,36.92932]},"properties":{"id":"2a35479c","name":"Restaurante L'Atelier","category":"Comida"}},{"type":"Feature","geometry":{"type":"Point","coordinates":[-3.39778,37.09428]},"properties":{"id":"f19dabb6","name":"Restaurante La Antorcha","category":"Comida"}},{"type":"Feature","geometry":{"type":"Point","coordinates":[-3.53875,36.72296]},"properties":{"id":"33800338","name":"Restaurante La Ballena Azul","category":"Comida"}},{"type":"Feature","geometry":{"type":"Point","coordinates":[-3.59175,36.73682]},"properties":{"id":"67ccaf99","name":"Restaurante La Biznaga","category":"Comida"}},{"type":"Feature","geometry":{"type":"Point","coordinates":[-3.58397,36.7454]},"properties":{"id":"1270162e","name":"Restaurante La Bodega","category":"Comida"}},{"type":"Feature","geometry":{"type":"Point","coordinates":[-3.58799,36.74317]},"properties":{"id":"2275739d","name":"Restaurante La Botica","category":"Comida"}},{"type":"Feature","geometry":{"type":"Point","coordinates":[-3.35568,36.7249]},"properties":{"id":"e1d4a322","name":"Restaurante La Brisa","category":"Comida"}},{"type":"Feature","geometry":{"type":"Point","coordinates":[-3.29718,36.79546]},"properties":{"id":"401aefdb","name":"Restaurante La Cantina Verde","category":"Comida"}},{"type":"Feature","geometry":{"type":"Point","coordinates":[-3.32658,36.93473]},"properties":{"id":"0b046c2a","name":"Restaurante La Carretera","category":"Comida"}},{"type":"Feature","geometry":{"type":"Point","coordinates":[-3.59828,37.17486]},"properties":{"id":"dbf97cf9","name":"Restaurante La Corrala del Carbón","category":"Comida"}},{"type":"Feature","geometry":{"type":"Point","coordinates":[-3.7454,37.24802]},"properties":{"id":"f00808a1","name":"Restaurante La Cruz de Granada","category":"Comida"}},{"type":"Feature","geometry":{"type":"Point","coordinates":[-3.60988,37.1865]},"properties":{"id":"f5f3b9f4","name":"Restaurante La Cueva de 1900","category":"Comida"}},{"type":"Feature","geometry":{"type":"Point","coordinates":[-3.68619,37.2367]},"properties":{"id":"c900988e","name":"Restaurante La Ermita","category":"Comida"}},{"type":"Feature","geometry":{"type":"Point","coordinates":[-3.58274,36.74155]},"properties":{"id":"e91a0a8f","name":"Restaurante La Familia","category":"Comida"}},{"type":"Feature","geometry":{"type":"Point","coordinates":[-85.95353,11.92932]},"properties":{"id":"180d8bcb","name":"Restaurante La Gran Francia","category":"Comida"}},{"type":"Feature","geometry":{"type":"Point","coordinates":[-3.43957,37.15924]},"properties":{"id":"a3ec9042","name":"Restaurante La Hacilla","category":"Comida"}},{"type":"Feature","geometry":{"type":"Point","coordinates":[-3.39958,37.09557]},"properties":{"id":"c1323bd3","name":"Restaurante La Muralla","category":"Comida"}},{"type":"Feature","geometry":{"type":"Point","coordinates":[-3.57431,37.26213]},"properties":{"id":"de0b4a78","name":"Restaurante La Padilla","category":"Comida"}},{"type":"Feature","geometry":{"type":"Point","coordinates":[-3.58936,36.74193]},"properties":{"id":"ca9fc13f","name":"Restaurante La Roka","category":"Comida"}},{"type":"Feature","geometry":{"type":"Point","coordinates":[-3.58872,36.74434]},"properties":{"id":"9d67b9b3","name":"Restaurante La Traviesa","category":"Comida"}},{"type":"Feature","geometry":{"type":"Point","coordinates":[-3.06228,37.17911]},"properties":{"id":"b62990fb","name":"Restaurante Labella","category":"Comida"}},{"type":"Feature","geometry":{"type":"Point","coordinates":[-3.31394,36.74122]},"properties":{"id":"c39cfce5","name":"Restaurante Lancemar","category":"Comida"}},{"type":"Feature","geometry":{"type":"Point","coordinates":[-3.59084,37.18085]},"properties":{"id":"f8ec17c0","name":"Restaurante Las Tomasas","category":"Comida"}},{"type":"Feature","geometry":{"type":"Point","coordinates":[-3.69453,36.72904]},"properties":{"id":"5e392b7d","name":"Restaurante Las Tres Rejas","category":"Comida"}},{"type":"Feature","geometry":{"type":"Point","coordinates":[-3.59145,37.15926]},"properties":{"id":"ee837b5e","name":"Restaurante Las Villas","category":"Comida"}},{"type":"Feature","geometry":{"type":"Point","coordinates":[-3.35087,36.73117]},"properties":{"id":"8e85af9e","name":"Restaurante Lecrín","category":"Comida"}},{"type":"Feature","geometry":{"type":"Point","coordinates":[-3.40062,37.56201]},"properties":{"id":"a4701569","name":"Restaurante Leyvamar","category":"Comida"}},{"type":"Feature","geometry":{"type":"Point","coordinates":[-3.56777,37.12647]},"properties":{"id":"d03f63a8","name":"Restaurante Los Almendros","category":"Comida"}},{"type":"Feature","geometry":{"type":"Point","coordinates":[-3.26565,36.75196]},"properties":{"id":"d5152035","name":"Restaurante Los Amigos","category":"Comida"}},{"type":"Feature","geometry":{"type":"Point","coordinates":[-4.284,37.1343]},"properties":{"id":"d6fc05e5","name":"Restaurante Los Cordobeses","category":"Comida"}},{"type":"Feature","geometry":{"type":"Point","coordinates":[-3.69637,37.24115]},"properties":{"id":"f1320a3a","name":"Restaurante Los Faisanes","category":"Comida"}},{"type":"Feature","geometry":{"type":"Point","coordinates":[-3.51607,36.74442]},"properties":{"id":"6ac4da2c","name":"Restaurante Los Faroles","category":"Comida"}},{"type":"Feature","geometry":{"type":"Point","coordinates":[-3.58792,36.73283]},"properties":{"id":"cea83bce","name":"Restaurante Los Faroles","category":"Comida"}},{"type":"Feature","geometry":{"type":"Point","coordinates":[-3.43952,37.13313]},"properties":{"id":"fd4341b9","name":"Restaurante Los Jamones","category":"Comida"}},{"type":"Feature","geometry":{"type":"Point","coordinates":[-3.59012,36.7355]},"properties":{"id":"57865647","name":"Restaurante Los Marianos y Santa Mónica","category":"Comida"}},{"type":"Feature","geometry":{"type":"Point","coordinates":[-3.48618,36.91803]},"properties":{"id":"f816029f","name":"Restaurante Los Mariscos","category":"Comida"}},{"type":"Feature","geometry":{"type":"Point","coordinates":[-3.95255,37.18245]},"properties":{"id":"c59b0f54","name":"Restaurante Los Mohínos","category":"Comida"}},{"type":"Feature","geometry":{"type":"Point","coordinates":[-3.55796,36.71661]},"properties":{"id":"fcef2c2f","name":"Restaurante Los Moriscos","category":"Comida"}},{"type":"Feature","geometry":{"type":"Point","coordinates":[-3.60311,37.17229]},"properties":{"id":"444ad9a7","name":"Restaurante Los Patos","category":"Comida"}},{"type":"Feature","geometry":{"type":"Point","coordinates":[-85.95382,11.93095]},"properties":{"id":"7b9fa529","name":"Restaurante Los Portales","category":"Comida"}},{"type":"Feature","geometry":{"type":"Point","coordinates":[-3.70167,37.2148]},"properties":{"id":"374c8347","name":"Restaurante Los Álamos","category":"Comida"}},{"type":"Feature","geometry":{"type":"Point","coordinates":[-3.81823,37.06884]},"properties":{"id":"c7909cd4","name":"Restaurante Luciano","category":"Comida"}},{"type":"Feature","geometry":{"type":"Point","coordinates":[-3.59115,36.73637]},"properties":{"id":"ec11ed08","name":"Restaurante Mar Azul","category":"Comida"}},{"type":"Feature","geometry":{"type":"Point","coordinates":[-3.52588,36.74343]},"properties":{"id":"0f133667","name":"Restaurante Marelli","category":"Comida"}},{"type":"Feature","geometry":{"type":"Point","coordinates":[-3.77651,37.19094]},"properties":{"id":"21402c78","name":"Restaurante Marinetto","category":"Comida"}},{"type":"Feature","geometry":{"type":"Point","coordinates":[-85.96009,11.92764]},"properties":{"id":"700b6941","name":"Restaurante Marisas Fusion","category":"Comida"}},{"type":"Feature","geometry":{"type":"Point","coordinates":[-3.5197,36.72281]},"properties":{"id":"047505e5","name":"Restaurante Marisquería La Piscina","category":"Comida"}},{"type":"Feature","geometry":{"type":"Point","coordinates":[-3.64977,37.08397]},"properties":{"id":"25cca1d6","name":"Restaurante Mayerling","category":"Comida"}},{"type":"Feature","geometry":{"type":"Point","coordinates":[-85.95191,11.92927]},"properties":{"id":"01c64638","name":"Restaurante Mediterráneo","category":"Comida"}},{"type":"Feature","geometry":{"type":"Point","coordinates":[-3.52021,36.75106]},"properties":{"id":"56e65f9c","name":"Restaurante Mejias","category":"Comida"}},{"type":"Feature","geometry":{"type":"Point","coordinates":[-3.31065,36.94209]},"properties":{"id":"01063369","name":"Restaurante Mirador de Pórtugos El Lujar","category":"Comida"}},{"type":"Feature","geometry":{"type":"Point","coordinates":[-3.48847,37.2249]},"properties":{"id":"9dc90552","name":"Restaurante Molino Alto de Viñuelas","category":"Comida"}},{"type":"Feature","geometry":{"type":"Point","coordinates":[-3.60285,37.01867]},"properties":{"id":"4fca45f0","name":"Restaurante Montesol","category":"Comida"}},{"type":"Feature","geometry":{"type":"Point","coordinates":[-3.52889,36.74624]},"properties":{"id":"9d3c4490","name":"Restaurante Museo del Azúcar","category":"Comida"}},{"type":"Feature","geometry":{"type":"Point","coordinates":[-3.54178,36.72145]},"properties":{"id":"f5f30293","name":"Restaurante Natalio","category":"Comida"}},{"type":"Feature","geometry":{"type":"Point","coordinates":[-3.59827,37.17369]},"properties":{"id":"217c9e01","name":"Restaurante Navas","category":"Comida"}},{"type":"Feature","geometry":{"type":"Point","coordinates":[-3.26475,36.99868]},"properties":{"id":"2da43b7d","name":"Restaurante Nuevo González","category":"Comida"}},{"type":"Feature","geometry":{"type":"Point","coordinates":[-3.1611,37.34333]},"properties":{"id":"5103a16c","name":"Restaurante Oasis","category":"Comida"}},{"type":"Feature","geometry":{"type":"Point","coordinates":[-3.27951,36.74629]},"properties":{"id":"ebc9a9e3","name":"Restaurante Onteniente","category":"Comida"}},{"type":"Feature","geometry":{"type":"Point","coordinates":[-4.20728,37.15533]},"properties":{"id":"6b1e629e","name":"Restaurante Paco Rama","category":"Comida"}},{"type":"Feature","geometry":{"type":"Point","coordinates":[-3.59317,37.17316]},"properties":{"id":"1119f45f","name":"Restaurante Papaupa","category":"Comida"}},{"type":"Feature","geometry":{"type":"Point","coordinates":[-3.52052,36.72258]},"properties":{"id":"51197ed5","name":"Restaurante Paquillo","category":"Comida"}},{"type":"Feature","geometry":{"type":"Point","coordinates":[-3.65367,37.22853]},"properties":{"id":"952052a6","name":"Restaurante Parada Bichitos","category":"Comida"}},{"type":"Feature","geometry":{"type":"Point","coordinates":[-3.51637,36.74565]},"properties":{"id":"48c2ec29","name":"Restaurante Peking","category":"Comida"}},{"type":"Feature","geometry":{"type":"Point","coordinates":[-3.68356,36.73115]},"properties":{"id":"409fba2d","name":"Restaurante Pepe Gondolas","category":"Comida"}},{"type":"Feature","geometry":{"type":"Point","coordinates":[-3.58897,36.74268]},"properties":{"id":"d3be27be","name":"Restaurante Pesetas","category":"Comida"}},{"type":"Feature","geometry":{"type":"Point","coordinates":[-3.64261,37.10503]},"properties":{"id":"42ed620e","name":"Restaurante Pizzarelli","category":"Comida"}},{"type":"Feature","geometry":{"type":"Point","coordinates":[-3.65146,37.23147]},"properties":{"id":"39db0e5e","name":"Restaurante Pizzería Aguilera","category":"Comida"}},{"type":"Feature","geometry":{"type":"Point","coordinates":[-2.76755,37.49155]},"properties":{"id":"6864e90f","name":"Restaurante Pizzería Don Frasco","category":"Comida"}},{"type":"Feature","geometry":{"type":"Point","coordinates":[-3.42906,36.90121]},"properties":{"id":"6f55f92d","name":"Restaurante Puerta Nazarí","category":"Comida"}},{"type":"Feature","geometry":{"type":"Point","coordinates":[-2.43365,37.95891]},"properties":{"id":"c13fa96c","name":"Restaurante Puerta de Andalucía","category":"Comida"}},{"type":"Feature","geometry":{"type":"Point","coordinates":[-4.20747,37.15416]},"properties":{"id":"1ab4a132","name":"Restaurante Quintana","category":"Comida"}},{"type":"Feature","geometry":{"type":"Point","coordinates":[-3.59325,37.16543]},"properties":{"id":"e92748f6","name":"Restaurante Raíces","category":"Comida"}},{"type":"Feature","geometry":{"type":"Point","coordinates":[-3.67458,37.28247]},"properties":{"id":"c2ab38b5","name":"Restaurante Real Sociedad de Tiro de Pichón","category":"Comida"}},{"type":"Feature","geometry":{"type":"Point","coordinates":[-3.17113,36.74759]},"properties":{"id":"d16394f2","name":"Restaurante Rincón de Guillermo","category":"Comida"}},{"type":"Feature","geometry":{"type":"Point","coordinates":[-4.21096,37.15826]},"properties":{"id":"fb4cf159","name":"Restaurante Riofrío","category":"Comida"}},{"type":"Feature","geometry":{"type":"Point","coordinates":[-3.68181,37.27213]},"properties":{"id":"85da7360","name":"Restaurante Romero","category":"Comida"}},{"type":"Feature","geometry":{"type":"Point","coordinates":[-3.19518,37.31829]},"properties":{"id":"a35d55b6","name":"Restaurante Ruta del Sur","category":"Comida"}},{"type":"Feature","geometry":{"type":"Point","coordinates":[-3.57587,37.14631]},"properties":{"id":"6589111d","name":"Restaurante Ruta del Vino","category":"Comida"}},{"type":"Feature","geometry":{"type":"Point","coordinates":[-3.53878,36.74422]},"properties":{"id":"be7835e4","name":"Restaurante Salón La Almudena","category":"Comida"}},{"type":"Feature","geometry":{"type":"Point","coordinates":[-3.41867,36.69918]},"properties":{"id":"62a579bf","name":"Restaurante Sangacho","category":"Comida"}},{"type":"Feature","geometry":{"type":"Point","coordinates":[-2.90806,37.43013]},"properties":{"id":"0991a92a","name":"Restaurante Sierra de Baza","category":"Comida"}},{"type":"Feature","geometry":{"type":"Point","coordinates":[-3.58326,36.74307]},"properties":{"id":"89cef103","name":"Restaurante Sirocco","category":"Comida"}},{"type":"Feature","geometry":{"type":"Point","coordinates":[-3.52616,36.74238]},"properties":{"id":"436e7c97","name":"Restaurante Suki","category":"Comida"}},{"type":"Feature","geometry":{"type":"Point","coordinates":[-3.59763,37.17761]},"properties":{"id":"eb8378e9","name":"Restaurante Sultán","category":"Comida"}},{"type":"Feature","geometry":{"type":"Point","coordinates":[-3.55807,36.71823]},"properties":{"id":"bdbc8d13","name":"Restaurante Swing Plaza","category":"Comida"}},{"type":"Feature","geometry":{"type":"Point","coordinates":[-3.35537,36.72516]},"properties":{"id":"70114760","name":"Restaurante Teide","category":"Comida"}},{"type":"Feature","geometry":{"type":"Point","coordinates":[-3.59703,37.17668]},"properties":{"id":"0d23346b","name":"Restaurante Tetería Alhambra","category":"Comida"}},{"type":"Feature","geometry":{"type":"Point","coordinates":[-3.59225,37.18155]},"properties":{"id":"76144508","name":"Restaurante Tetería Marrakech","category":"Comida"}},{"type":"Feature","geometry":{"type":"Point","coordinates":[-3.41809,36.6978]},"properties":{"id":"39d2acb0","name":"Restaurante The Hunter's","category":"Comida"}},{"type":"Feature","geometry":{"type":"Point","coordinates":[-3.60919,37.18469]},"properties":{"id":"b416cc5d","name":"Restaurante Tokyo","category":"Comida"}},{"type":"Feature","geometry":{"type":"Point","coordinates":[-3.59594,37.17709]},"properties":{"id":"473b6940","name":"Restaurante Torres Bermejas","category":"Comida"}},{"type":"Feature","geometry":{"type":"Point","coordinates":[-3.59502,37.17419]},"properties":{"id":"d1e8e311","name":"Restaurante Vegano Hicuri","category":"Comida"}},{"type":"Feature","geometry":{"type":"Point","coordinates":[-3.15341,37.32063]},"properties":{"id":"7191a9f5","name":"Restaurante Venta Cañadas","category":"Comida"}},{"type":"Feature","geometry":{"type":"Point","coordinates":[-2.46543,37.59155]},"properties":{"id":"1f6ee4ff","name":"Restaurante Venta Quemada","category":"Comida"}},{"type":"Feature","geometry":{"type":"Point","coordinates":[-3.59152,36.73661]},"properties":{"id":"067386e8","name":"Restaurante Verdejo","category":"Comida"}},{"type":"Feature","geometry":{"type":"Point","coordinates":[-3.13545,37.30062]},"properties":{"id":"88a2c8fe","name":"Restaurante Vinoteca El Refugio","category":"Comida"}},{"type":"Feature","geometry":{"type":"Point","coordinates":[-3.57507,37.14613]},"properties":{"id":"4c18677f","name":"Restaurante Vista Nevada","category":"Comida"}},{"type":"Feature","geometry":{"type":"Point","coordinates":[-3.69588,36.72978]},"properties":{"id":"86a90916","name":"Restaurante Vizcaya","category":"Comida"}},{"type":"Feature","geometry":{"type":"Point","coordinates":[-3.59652,37.17599]},"properties":{"id":"930cf207","name":"Restaurante Yamato","category":"Comida"}},{"type":"Feature","geometry":{"type":"Point","coordinates":[-3.60954,37.1891]},"properties":{"id":"29a61e5f","name":"Restaurante Yape","category":"Comida"}},{"type":"Feature","geometry":{"type":"Point","coordinates":[-3.57811,36.9988]},"properties":{"id":"f3ee5ef8","name":"Restaurante Zahor","category":"Comida"}},{"type":"Feature","geometry":{"type":"Point","coordinates":[-3.52154,36.7237]},"properties":{"id":"b9ea28e6","name":"Restaurante cerveceria el sur de granada","category":"Comida"}},{"type":"Feature","geometry":{"type":"Point","coordinates":[-2.8143,37.59738]},"properties":{"id":"173b3a02","name":"Restaurante de Los Baños","category":"Comida"}},{"type":"Feature","geometry":{"type":"Point","coordinates":[-3.66043,37.17654]},"properties":{"id":"54f257d5","name":"Restaurante de la Vega","category":"Comida"}},{"type":"Feature","geometry":{"type":"Point","coordinates":[-3.62735,37.22526]},"properties":{"id":"7811df9f","name":"Restaurante las Tres Niñas","category":"Comida"}},{"type":"Feature","geometry":{"type":"Point","coordinates":[-3.57036,37.15414]},"properties":{"id":"05dc0ab9","name":"Restaurante los Rebites","category":"Comida"}},{"type":"Feature","geometry":{"type":"Point","coordinates":[-85.95199,11.92375]},"properties":{"id":"d74de8ab","name":"Restaurante y Bar Las Colinas Sur. (Granada).","category":"Comida"}},{"type":"Feature","geometry":{"type":"Point","coordinates":[-2.54263,37.7798]},"properties":{"id":"0351db91","name":"Restaurante Área de Servicio Ciudad de Húescar","category":"Comida"}},{"type":"Feature","geometry":{"type":"Point","coordinates":[-3.81897,37.06821]},"properties":{"id":"6b5dfe79","name":"Restaurante-Bar Sabor Andaluz","category":"Comida"}},{"type":"Feature","geometry":{"type":"Point","coordinates":[-3.69133,37.21646]},"properties":{"id":"e2f5bdd7","name":"Restobar Moma","category":"Comida"}},{"type":"Feature","geometry":{"type":"Point","coordinates":[-3.13465,37.30068]},"properties":{"id":"3a48d386","name":"Restobar Palenga Plaza","category":"Comida"}},{"type":"Feature","geometry":{"type":"Point","coordinates":[-3.58915,37.17934]},"properties":{"id":"cb82da0c","name":"Rey Chico","category":"Comida"}},{"type":"Feature","geometry":{"type":"Point","coordinates":[-3.59711,37.1772]},"properties":{"id":"6d4176a1","name":"Riad Elvira","category":"Comida"}},{"type":"Feature","geometry":{"type":"Point","coordinates":[-3.61448,37.14485]},"properties":{"id":"89c34caf","name":"Ribs","category":"Comida"}},{"type":"Feature","geometry":{"type":"Point","coordinates":[-3.59377,37.2213]},"properties":{"id":"495be039","name":"Ricardo","category":"Comida"}},{"type":"Feature","geometry":{"type":"Point","coordinates":[-3.48097,37.21768]},"properties":{"id":"1391d96f","name":"Rincon atipico","category":"Comida"}},{"type":"Feature","geometry":{"type":"Point","coordinates":[-3.58861,37.18126]},"properties":{"id":"645aaa95","name":"Rincon del Chapiz","category":"Comida"}},{"type":"Feature","geometry":{"type":"Point","coordinates":[-3.04899,36.96303]},"properties":{"id":"0b811832","name":"Rincón de Al-Ándalus","category":"Comida"}},{"type":"Feature","geometry":{"type":"Point","coordinates":[-3.47401,37.36074]},"properties":{"id":"f3deefbb","name":"Rincón de Aniceto","category":"Comida"}},{"type":"Feature","geometry":{"type":"Point","coordinates":[-3.59725,37.1682]},"properties":{"id":"c03f5c01","name":"Rincón de Cristóbal","category":"Comida"}},{"type":"Feature","geometry":{"type":"Point","coordinates":[-3.58864,37.18128]},"properties":{"id":"5b0c08b3","name":"Rincón del Chapiz","category":"Comida"}},{"type":"Feature","geometry":{"type":"Point","coordinates":[-3.59365,37.17808]},"properties":{"id":"55d88fb4","name":"Ristorante Ossobuco","category":"Comida"}},{"type":"Feature","geometry":{"type":"Point","coordinates":[-3.74527,36.73628]},"properties":{"id":"7f4dac84","name":"Ristorante Pizzería Italia","category":"Comida"}},{"type":"Feature","geometry":{"type":"Point","coordinates":[-3.60923,37.17809]},"properties":{"id":"2eb525a6","name":"Rock'n'Pizza","category":"Comida"}},{"type":"Feature","geometry":{"type":"Point","coordinates":[-3.60544,37.17729]},"properties":{"id":"2aec9b57","name":"Rocknrolla","category":"Comida"}},{"type":"Feature","geometry":{"type":"Point","coordinates":[-3.55435,37.23224]},"properties":{"id":"92b8ffa8","name":"Rodezno","category":"Comida"}},{"type":"Feature","geometry":{"type":"Point","coordinates":[-3.60008,37.17601]},"properties":{"id":"1aa4b0f7","name":"Rollo","category":"Comida"}},{"type":"Feature","geometry":{"type":"Point","coordinates":[-3.59272,37.16195]},"properties":{"id":"b8575a56","name":"Romero","category":"Comida"}},{"type":"Feature","geometry":{"type":"Point","coordinates":[-3.51956,36.74258]},"properties":{"id":"d43c7143","name":"Rompeolas","category":"Comida"}},{"type":"Feature","geometry":{"type":"Point","coordinates":[-3.57067,37.14481]},"properties":{"id":"58758fb4","name":"Royal Taxco","category":"Comida"}},{"type":"Feature","geometry":{"type":"Point","coordinates":[-3.59778,37.17763]},"properties":{"id":"26bd9589","name":"Rufina","category":"Comida"}},{"type":"Feature","geometry":{"type":"Point","coordinates":[-3.66806,37.23137]},"properties":{"id":"f0d0b800","name":"Ruta Nazarí","category":"Comida"}},{"type":"Feature","geometry":{"type":"Point","coordinates":[-3.35829,36.96216]},"properties":{"id":"371376eb","name":"Ruta de las Nieves","category":"Comida"}},{"type":"Feature","geometry":{"type":"Point","coordinates":[-3.59029,37.17884]},"properties":{"id":"2aa1eb8c","name":"Ruta del Azafrán","category":"Comida"}},{"type":"Feature","geometry":{"type":"Point","coordinates":[-3.36106,36.94008]},"properties":{"id":"82633b48","name":"Ruta del Mulhacén","category":"Comida"}},{"type":"Feature","geometry":{"type":"Point","coordinates":[-3.49183,37.13848]},"properties":{"id":"7f0410fd","name":"Ruta del Purche","category":"Comida"}},{"type":"Feature","geometry":{"type":"Point","coordinates":[-85.94855,11.93014]},"properties":{"id":"0d7bd969","name":"Rápido & furioso","category":"Comida"}},{"type":"Feature","geometry":{"type":"Point","coordinates":[-73.70554,3.53966]},"properties":{"id":"a990235e","name":"SAN ALEJO CLUB LICORERA BAR","category":"Comida"}},{"type":"Feature","geometry":{"type":"Point","coordinates":[-3.69863,36.73192]},"properties":{"id":"16333d64","name":"Sabina","category":"Comida"}},{"type":"Feature","geometry":{"type":"Point","coordinates":[-3.59077,37.17875]},"properties":{"id":"db167bf5","name":"Sahara","category":"Comida"}},{"type":"Feature","geometry":{"type":"Point","coordinates":[-3.60009,37.1723]},"properties":{"id":"079081af","name":"Saiko","category":"Comida"}},{"type":"Feature","geometry":{"type":"Point","coordinates":[-3.59974,37.17842]},"properties":{"id":"bc0b4fbd","name":"Saint Germain","category":"Comida"}},{"type":"Feature","geometry":{"type":"Point","coordinates":[-3.72684,36.72659]},"properties":{"id":"f9f908d5","name":"Salazón","category":"Comida"}},{"type":"Feature","geometry":{"type":"Point","coordinates":[-3.66027,37.13699]},"properties":{"id":"000d455b","name":"Salones Manolo Velasco","category":"Comida"}},{"type":"Feature","geometry":{"type":"Point","coordinates":[-3.5992,37.17756]},"properties":{"id":"737ebaf8","name":"Salta María Decobar","category":"Comida"}},{"type":"Feature","geometry":{"type":"Point","coordinates":[-3.59769,37.17215]},"properties":{"id":"7c4b513a","name":"Salvaje","category":"Comida"}},{"type":"Feature","geometry":{"type":"Point","coordinates":[-2.66999,37.68061]},"properties":{"id":"5731fbaa","name":"Salón de Eventos Nuestra Señora de Lourdes","category":"Comida"}},{"type":"Feature","geometry":{"type":"Point","coordinates":[-3.5967,37.17754]},"properties":{"id":"0f38d051","name":"Samarcanda","category":"Comida"}},{"type":"Feature","geometry":{"type":"Point","coordinates":[-3.59359,37.18124]},"properties":{"id":"1c4be7b4","name":"San Nicolás","category":"Comida"}},{"type":"Feature","geometry":{"type":"Point","coordinates":[-3.59986,37.17397]},"properties":{"id":"0d52eec5","name":"Sancho Casual Burger","category":"Comida"}},{"type":"Feature","geometry":{"type":"Point","coordinates":[-3.60361,37.17589]},"properties":{"id":"7c7df50f","name":"Sancho Original","category":"Comida"}},{"type":"Feature","geometry":{"type":"Point","coordinates":[-3.6079,37.17617]},"properties":{"id":"e6648815","name":"Santa Madre","category":"Comida"}},{"type":"Feature","geometry":{"type":"Point","coordinates":[-3.59453,37.16623]},"properties":{"id":"6ed9785f","name":"Santa Mónica","category":"Comida"}},{"type":"Feature","geometry":{"type":"Point","coordinates":[-3.59475,37.17336]},"properties":{"id":"df399028","name":"Santo Domingo","category":"Comida"}},{"type":"Feature","geometry":{"type":"Point","coordinates":[-3.60205,37.18038]},"properties":{"id":"591150de","name":"Se Vende","category":"Comida"}},{"type":"Feature","geometry":{"type":"Point","coordinates":[-85.96215,11.929]},"properties":{"id":"94d7fcb0","name":"Secretos Cafe","category":"Comida"}},{"type":"Feature","geometry":{"type":"Point","coordinates":[-3.59555,37.17458]},"properties":{"id":"eddceca5","name":"Seis Peniques","category":"Comida"}},{"type":"Feature","geometry":{"type":"Point","coordinates":[-3.59685,37.16044]},"properties":{"id":"6f4d225d","name":"Serendipia","category":"Comida"}},{"type":"Feature","geometry":{"type":"Point","coordinates":[-3.59907,37.17346]},"properties":{"id":"bcba133c","name":"Sevillano","category":"Comida"}},{"type":"Feature","geometry":{"type":"Point","coordinates":[-3.59484,37.17409]},"properties":{"id":"d6b97c44","name":"Shawarma King","category":"Comida"}},{"type":"Feature","geometry":{"type":"Point","coordinates":[-3.6071,37.17262]},"properties":{"id":"3e3ae502","name":"Shifu","category":"Comida"}},{"type":"Feature","geometry":{"type":"Point","coordinates":[-3.59939,37.17515]},"properties":{"id":"670ba139","name":"Sibarius","category":"Comida"}},{"type":"Feature","geometry":{"type":"Point","coordinates":[-3.60125,37.17624]},"properties":{"id":"083a21fc","name":"Sibuya Sushi Bar","category":"Comida"}},{"type":"Feature","geometry":{"type":"Point","coordinates":[-3.60118,37.1761]},"properties":{"id":"2d8bd46a","name":"Sibuya Urban Sushi Bar","category":"Comida"}},{"type":"Feature","geometry":{"type":"Point","coordinates":[-3.59887,37.16743]},"properties":{"id":"778a5ace","name":"Sierra Nevada Gourmet","category":"Comida"}},{"type":"Feature","geometry":{"type":"Point","coordinates":[-3.54165,36.91391]},"properties":{"id":"18efae38","name":"Sin Cobertura","category":"Comida"}},{"type":"Feature","geometry":{"type":"Point","coordinates":[-3.61131,37.18521]},"properties":{"id":"11680c9c","name":"Sintapujos","category":"Comida"}},{"type":"Feature","geometry":{"type":"Point","coordinates":[-3.60436,37.17559]},"properties":{"id":"6674d3b7","name":"Sitio de Loa","category":"Comida"}},{"type":"Feature","geometry":{"type":"Point","coordinates":[-85.93998,11.92153]},"properties":{"id":"6629485e","name":"Sol Y Arena Bar Y Restaurante","category":"Comida"}},{"type":"Feature","geometry":{"type":"Point","coordinates":[-3.66452,36.74318]},"properties":{"id":"4c8a3743","name":"Solymar","category":"Comida"}},{"type":"Feature","geometry":{"type":"Point","coordinates":[-3.60838,37.17718]},"properties":{"id":"2e6805ff","name":"Sonora","category":"Comida"}},{"type":"Feature","geometry":{"type":"Point","coordinates":[-3.51963,36.74245]},"properties":{"id":"dfcb6af5","name":"SouL","category":"Comida"}},{"type":"Feature","geometry":{"type":"Point","coordinates":[-3.59407,37.16545]},"properties":{"id":"0846feb4","name":"Spacio","category":"Comida"}},{"type":"Feature","geometry":{"type":"Point","coordinates":[-85.95382,11.93134]},"properties":{"id":"f5bee924","name":"Spanglish","category":"Comida"}},{"type":"Feature","geometry":{"type":"Point","coordinates":[-3.51822,36.74405]},"properties":{"id":"a5185f39","name":"Stilo Costa","category":"Comida"}},{"type":"Feature","geometry":{"type":"Point","coordinates":[-3.60725,37.18785]},"properties":{"id":"4ee7ab5c","name":"Subarashi Sushi Granada","category":"Comida"}},{"type":"Feature","geometry":{"type":"Point","coordinates":[-3.61516,37.18135]},"properties":{"id":"9d549bfe","name":"Sueño andaluz","category":"Comida"}},{"type":"Feature","geometry":{"type":"Point","coordinates":[-3.44001,37.15884]},"properties":{"id":"b1116951","name":"Sulayr","category":"Comida"}},{"type":"Feature","geometry":{"type":"Point","coordinates":[-3.59717,37.17727]},"properties":{"id":"f0060bf9","name":"Sultán","category":"Comida"}},{"type":"Feature","geometry":{"type":"Point","coordinates":[-3.39608,37.0919]},"properties":{"id":"60630438","name":"Sun Deck","category":"Comida"}},{"type":"Feature","geometry":{"type":"Point","coordinates":[-3.54663,36.71644]},"properties":{"id":"03dfdb73","name":"Sunahra Beach Club","category":"Comida"}},{"type":"Feature","geometry":{"type":"Point","coordinates":[-3.58362,37.15761]},"properties":{"id":"cf56abda","name":"Supertaco","category":"Comida"}},{"type":"Feature","geometry":{"type":"Point","coordinates":[-3.61389,37.15313]},"properties":{"id":"a1d1b060","name":"Sushi Sun","category":"Comida"}},{"type":"Feature","geometry":{"type":"Point","coordinates":[-3.59956,37.1724]},"properties":{"id":"722b8391","name":"Sushi Ya","category":"Comida"}},{"type":"Feature","geometry":{"type":"Point","coordinates":[-3.74858,36.73793]},"properties":{"id":"8dbf32df","name":"Szimple","category":"Comida"}},{"type":"Feature","geometry":{"type":"Point","coordinates":[-73.71142,3.5434]},"properties":{"id":"5258f014","name":"TABERNA EL VIEJO FAROL DE GRANADA","category":"Comida"}},{"type":"Feature","geometry":{"type":"Point","coordinates":[-73.70931,3.54759]},"properties":{"id":"3a233376","name":"TABERNA MARY W.M.","category":"Comida"}},{"type":"Feature","geometry":{"type":"Point","coordinates":[-85.95176,11.92895]},"properties":{"id":"e4ea0feb","name":"TE-HO Restaurant Taiwan","category":"Comida"}},{"type":"Feature","geometry":{"type":"Point","coordinates":[-3.12714,37.29705]},"properties":{"id":"a6109b8f","name":"Taberna Bambú","category":"Comida"}},{"type":"Feature","geometry":{"type":"Point","coordinates":[-3.59823,37.1736]},"properties":{"id":"957ccae3","name":"Taberna Divisa Blanca","category":"Comida"}},{"type":"Feature","geometry":{"type":"Point","coordinates":[-3.59602,37.17817]},"properties":{"id":"2533304d","name":"Taberna El 22","category":"Comida"}},{"type":"Feature","geometry":{"type":"Point","coordinates":[-3.59844,37.17379]},"properties":{"id":"edaceb37","name":"Taberna El Quinto","category":"Comida"}},{"type":"Feature","geometry":{"type":"Point","coordinates":[-3.60244,37.173]},"properties":{"id":"8ff92421","name":"Taberna Gastronómica Chantarela","category":"Comida"}},{"type":"Feature","geometry":{"type":"Point","coordinates":[-3.60332,37.17508]},"properties":{"id":"7a3b45fc","name":"Taberna JJ","category":"Comida"}},{"type":"Feature","geometry":{"type":"Point","coordinates":[-3.36019,36.96204]},"properties":{"id":"e54baf5f","name":"Taberna La Tapa","category":"Comida"}},{"type":"Feature","geometry":{"type":"Point","coordinates":[-3.60866,37.17742]},"properties":{"id":"ebc3f942","name":"Taberna Nico","category":"Comida"}},{"type":"Feature","geometry":{"type":"Point","coordinates":[-3.59121,37.18296]},"properties":{"id":"fe19edd6","name":"Taberna Pañero","category":"Comida"}},{"type":"Feature","geometry":{"type":"Point","coordinates":[-3.40496,36.92865]},"properties":{"id":"75c8d417","name":"Taberna Romero","category":"Comida"}},{"type":"Feature","geometry":{"type":"Point","coordinates":[-3.59237,37.17283]},"properties":{"id":"cf3880e5","name":"Taberna Tofe","category":"Comida"}},{"type":"Feature","geometry":{"type":"Point","coordinates":[-3.58255,37.12014]},"properties":{"id":"525b68c7","name":"Taberna de Chovas","category":"Comida"}},{"type":"Feature","geometry":{"type":"Point","coordinates":[-3.59554,37.17829]},"properties":{"id":"d4dac689","name":"Taberna del Beso","category":"Comida"}},{"type":"Feature","geometry":{"type":"Point","coordinates":[-3.40466,36.92886]},"properties":{"id":"98c20597","name":"Taberna del Buda","category":"Comida"}},{"type":"Feature","geometry":{"type":"Point","coordinates":[-3.50303,37.1637]},"properties":{"id":"2f18d5c4","name":"Taberna del Turrón","category":"Comida"}},{"type":"Feature","geometry":{"type":"Point","coordinates":[-3.59322,37.17796]},"properties":{"id":"0eb7d9ab","name":"Tabernilla del Darro","category":"Comida"}},{"type":"Feature","geometry":{"type":"Point","coordinates":[-85.95537,11.93085]},"properties":{"id":"a96d564e","name":"Taco Stop Tex-Mex Grill","category":"Comida"}},{"type":"Feature","geometry":{"type":"Point","coordinates":[-3.59767,37.17786]},"properties":{"id":"6ee2f42b","name":"Tairuz","category":"Comida"}},{"type":"Feature","geometry":{"type":"Point","coordinates":[-3.59716,37.17781]},"properties":{"id":"6868257c","name":"Tajin Dar","category":"Comida"}},{"type":"Feature","geometry":{"type":"Point","coordinates":[-3.59795,37.17834]},"properties":{"id":"fe3c9068","name":"Tajín Dar","category":"Comida"}},{"type":"Feature","geometry":{"type":"Point","coordinates":[-3.58342,37.11974]},"properties":{"id":"1aa8b252","name":"Taned","category":"Comida"}},{"type":"Feature","geometry":{"type":"Point","coordinates":[-3.59849,37.17832]},"properties":{"id":"6d67da3f","name":"Tantra","category":"Comida"}},{"type":"Feature","geometry":{"type":"Point","coordinates":[-3.32662,36.93571]},"properties":{"id":"8ef6cb50","name":"Taperia El Frenazo","category":"Comida"}},{"type":"Feature","geometry":{"type":"Point","coordinates":[-3.35457,36.94856]},"properties":{"id":"6dc01561","name":"Teide","category":"Comida"}},{"type":"Feature","geometry":{"type":"Point","coordinates":[-3.61648,37.198]},"properties":{"id":"198475ff","name":"Tellini","category":"Comida"}},{"type":"Feature","geometry":{"type":"Point","coordinates":[-3.60736,37.18878]},"properties":{"id":"7a934ed5","name":"Tendido 1","category":"Comida"}},{"type":"Feature","geometry":{"type":"Point","coordinates":[-85.94871,11.92998]},"properties":{"id":"661b8db8","name":"Ternera Grill","category":"Comida"}},{"type":"Feature","geometry":{"type":"Point","coordinates":[-3.73949,36.73252]},"properties":{"id":"c1359b68","name":"Terra Mar","category":"Comida"}},{"type":"Feature","geometry":{"type":"Point","coordinates":[-3.53926,37.13208]},"properties":{"id":"9fdfc2c2","name":"Terraza \"El Molino\"","category":"Comida"}},{"type":"Feature","geometry":{"type":"Point","coordinates":[-3.58413,37.16841]},"properties":{"id":"16cc46e1","name":"Terraza Asador Bar-Ranco","category":"Comida"}},{"type":"Feature","geometry":{"type":"Point","coordinates":[-3.49149,36.70446]},"properties":{"id":"983eee93","name":"Terraza Blue","category":"Comida"}},{"type":"Feature","geometry":{"type":"Point","coordinates":[-2.64173,37.71473]},"properties":{"id":"cf0e27f7","name":"Terraza Osiris","category":"Comida"}},{"type":"Feature","geometry":{"type":"Point","coordinates":[-3.46812,37.19213]},"properties":{"id":"369ee283","name":"Terraza Perico","category":"Comida"}},{"type":"Feature","geometry":{"type":"Point","coordinates":[-2.64153,37.71403]},"properties":{"id":"d7df8665","name":"Terraza Álamo","category":"Comida"}},{"type":"Feature","geometry":{"type":"Point","coordinates":[-3.48201,36.69843]},"properties":{"id":"af4bbadf","name":"Tertulia Beach","category":"Comida"}},{"type":"Feature","geometry":{"type":"Point","coordinates":[-3.40069,37.09414]},"properties":{"id":"ef6cb1e9","name":"The Street Food","category":"Comida"}},{"type":"Feature","geometry":{"type":"Point","coordinates":[-3.59164,36.73716]},"properties":{"id":"f0e707ab","name":"This is BBQ","category":"Comida"}},{"type":"Feature","geometry":{"type":"Point","coordinates":[-3.64878,37.22525]},"properties":{"id":"39008d8f","name":"Tian-Hong","category":"Comida"}},{"type":"Feature","geometry":{"type":"Point","coordinates":[-3.60407,37.17725]},"properties":{"id":"2027d834","name":"Tic Tac","category":"Comida"}},{"type":"Feature","geometry":{"type":"Point","coordinates":[-3.59867,37.17306]},"properties":{"id":"91f277a0","name":"Tinta Fina","category":"Comida"}},{"type":"Feature","geometry":{"type":"Point","coordinates":[-3.39977,37.09564]},"properties":{"id":"8d55b029","name":"Tito Luigi","category":"Comida"}},{"type":"Feature","geometry":{"type":"Point","coordinates":[-3.65237,36.74566]},"properties":{"id":"c1113649","name":"Tito Yayo","category":"Comida"}},{"type":"Feature","geometry":{"type":"Point","coordinates":[-85.95527,11.92951]},"properties":{"id":"e2cb8401","name":"Tito's Restaurante","category":"Comida"}},{"type":"Feature","geometry":{"type":"Point","coordinates":[-3.5886,37.1176]},"properties":{"id":"d6970442","name":"Torres Arriba","category":"Comida"}},{"type":"Feature","geometry":{"type":"Point","coordinates":[-3.59673,37.17524]},"properties":{"id":"1940e5ff","name":"Tragofino","category":"Comida"}},{"type":"Feature","geometry":{"type":"Point","coordinates":[-3.67729,37.22508]},"properties":{"id":"8af52437","name":"Traizzionera","category":"Comida"}},{"type":"Feature","geometry":{"type":"Point","coordinates":[-2.94601,37.40627]},"properties":{"id":"bf769d31","name":"Tres Sierras Restaurant","category":"Comida"}},{"type":"Feature","geometry":{"type":"Point","coordinates":[-3.59426,37.17364]},"properties":{"id":"874591f3","name":"Triple-B Burger","category":"Comida"}},{"type":"Feature","geometry":{"type":"Point","coordinates":[-3.48542,37.18609]},"properties":{"id":"44c7ddc3","name":"Trébol","category":"Comida"}},{"type":"Feature","geometry":{"type":"Point","coordinates":[-2.5372,37.81396]},"properties":{"id":"77c9d2e3","name":"Tu Sitio","category":"Comida"}},{"type":"Feature","geometry":{"type":"Point","coordinates":[-3.60295,37.17142]},"properties":{"id":"245e2279","name":"Tuboka","category":"Comida"}},{"type":"Feature","geometry":{"type":"Point","coordinates":[-3.59434,37.16597]},"properties":{"id":"4acc5227","name":"Txoko Vasco","category":"Comida"}},{"type":"Feature","geometry":{"type":"Point","coordinates":[-3.60245,37.16859]},"properties":{"id":"f34286d7","name":"Távora","category":"Comida"}},{"type":"Feature","geometry":{"type":"Point","coordinates":[-3.39997,37.09299]},"properties":{"id":"9f85ecd2","name":"Tía María","category":"Comida"}},{"type":"Feature","geometry":{"type":"Point","coordinates":[-3.68871,37.22015]},"properties":{"id":"38ce1c78","name":"Umami","category":"Comida"}},{"type":"Feature","geometry":{"type":"Point","coordinates":[-3.51551,36.83437]},"properties":{"id":"a8269b43","name":"Umani","category":"Comida"}},{"type":"Feature","geometry":{"type":"Point","coordinates":[-3.60238,37.17714]},"properties":{"id":"db3e20e1","name":"Urban Poke","category":"Comida"}},{"type":"Feature","geometry":{"type":"Point","coordinates":[-3.60063,37.17843]},"properties":{"id":"afb62f8b","name":"Utopía Ramen Bar Granada","category":"Comida"}},{"type":"Feature","geometry":{"type":"Point","coordinates":[-3.5978,37.16639]},"properties":{"id":"3d0fe852","name":"Valenzuela","category":"Comida"}},{"type":"Feature","geometry":{"type":"Point","coordinates":[-2.7678,37.49206]},"properties":{"id":"0375ac0f","name":"Venezia","category":"Comida"}},{"type":"Feature","geometry":{"type":"Point","coordinates":[-4.06334,37.21295]},"properties":{"id":"185dc3ba","name":"Venta Cuatro Caminos","category":"Comida"}},{"type":"Feature","geometry":{"type":"Point","coordinates":[-2.98436,37.19556]},"properties":{"id":"38c5d137","name":"Venta Dólar","category":"Comida"}},{"type":"Feature","geometry":{"type":"Point","coordinates":[-3.47269,36.91611]},"properties":{"id":"912a27c9","name":"Venta El Buñuelo","category":"Comida"}},{"type":"Feature","geometry":{"type":"Point","coordinates":[-3.58402,37.18203]},"properties":{"id":"eca0ba46","name":"Venta El Gallo","category":"Comida"}},{"type":"Feature","geometry":{"type":"Point","coordinates":[-3.30856,37.41348]},"properties":{"id":"de8b7c49","name":"Venta El Maleno","category":"Comida"}},{"type":"Feature","geometry":{"type":"Point","coordinates":[-2.75486,37.46866]},"properties":{"id":"a8f879d4","name":"Venta El Olivar","category":"Comida"}},{"type":"Feature","geometry":{"type":"Point","coordinates":[-3.41576,36.88544]},"properties":{"id":"f8cde23d","name":"Venta El Puente","category":"Comida"}},{"type":"Feature","geometry":{"type":"Point","coordinates":[-3.57539,37.06722]},"properties":{"id":"86488524","name":"Venta La Casucha","category":"Comida"}},{"type":"Feature","geometry":{"type":"Point","coordinates":[-3.68933,36.75596]},"properties":{"id":"f1235f2f","name":"Venta Luciano","category":"Comida"}},{"type":"Feature","geometry":{"type":"Point","coordinates":[-3.43368,36.90515]},"properties":{"id":"488ea82b","name":"Venta María","category":"Comida"}},{"type":"Feature","geometry":{"type":"Point","coordinates":[-3.02997,37.39484]},"properties":{"id":"641ef197","name":"Venta Nueva","category":"Comida"}},{"type":"Feature","geometry":{"type":"Point","coordinates":[-4.21389,37.13416]},"properties":{"id":"99884b26","name":"Venta San Rafael","category":"Comida"}},{"type":"Feature","geometry":{"type":"Point","coordinates":[-2.92492,37.40395]},"properties":{"id":"1c2f6794","name":"Venta Vicario","category":"Comida"}},{"type":"Feature","geometry":{"type":"Point","coordinates":[-3.28608,37.40053]},"properties":{"id":"dd9c7261","name":"Venta del Puntal","category":"Comida"}},{"type":"Feature","geometry":{"type":"Point","coordinates":[-85.92928,11.89754]},"properties":{"id":"cc29f197","name":"Villas Mombacho Hotel/Restaurante","category":"Comida"}},{"type":"Feature","geometry":{"type":"Point","coordinates":[-2.77717,37.49104]},"properties":{"id":"9a14e1f1","name":"Vino del País \"El  Burladero\"","category":"Comida"}},{"type":"Feature","geometry":{"type":"Point","coordinates":[-3.60326,37.16626]},"properties":{"id":"31ccd4ab","name":"Vinové","category":"Comida"}},{"type":"Feature","geometry":{"type":"Point","coordinates":[-3.38855,37.07151]},"properties":{"id":"9e42d660","name":"Vips","category":"Comida"}},{"type":"Feature","geometry":{"type":"Point","coordinates":[-3.59154,37.18261]},"properties":{"id":"e6f8c299","name":"Viva Granada","category":"Comida"}},{"type":"Feature","geometry":{"type":"Point","coordinates":[-3.59584,37.16675]},"properties":{"id":"48f8221d","name":"Vivarium Pizza Bar","category":"Comida"}},{"type":"Feature","geometry":{"type":"Point","coordinates":[-3.69045,37.21579]},"properties":{"id":"e906baba","name":"Vivero Copas y Vida","category":"Comida"}},{"type":"Feature","geometry":{"type":"Point","coordinates":[-3.38129,36.7626]},"properties":{"id":"aefdf948","name":"Viña Castilla","category":"Comida"}},{"type":"Feature","geometry":{"type":"Point","coordinates":[-3.60735,37.17417]},"properties":{"id":"88a21e8f","name":"Voolta","category":"Comida"}},{"type":"Feature","geometry":{"type":"Point","coordinates":[-3.6832,37.22352]},"properties":{"id":"ab54651f","name":"Voy Volando","category":"Comida"}},{"type":"Feature","geometry":{"type":"Point","coordinates":[-3.62764,37.14116]},"properties":{"id":"5caa9dc4","name":"Voy Volando Pizzeria","category":"Comida"}},{"type":"Feature","geometry":{"type":"Point","coordinates":[-3.80256,37.20734]},"properties":{"id":"f80e547e","name":"Vuelta y Vuelta","category":"Comida"}},{"type":"Feature","geometry":{"type":"Point","coordinates":[-3.59852,37.17729]},"properties":{"id":"d0f9da3b","name":"Vía Colón","category":"Comida"}},{"type":"Feature","geometry":{"type":"Point","coordinates":[-73.70702,3.55188]},"properties":{"id":"5cad5875","name":"WEEKEND II DISCO-BAR","category":"Comida"}},{"type":"Feature","geometry":{"type":"Point","coordinates":[-3.60155,37.1685]},"properties":{"id":"1e957260","name":"Wabi Sabi","category":"Comida"}},{"type":"Feature","geometry":{"type":"Point","coordinates":[-3.60764,37.17443]},"properties":{"id":"dda0e447","name":"Watami Sushi","category":"Comida"}},{"type":"Feature","geometry":{"type":"Point","coordinates":[-3.59722,37.17541]},"properties":{"id":"dfddb272","name":"Wild Food","category":"Comida"}},{"type":"Feature","geometry":{"type":"Point","coordinates":[-3.58285,37.12095]},"properties":{"id":"5a29ffc6","name":"William Wallace","category":"Comida"}},{"type":"Feature","geometry":{"type":"Point","coordinates":[-3.58414,37.18196]},"properties":{"id":"70874769","name":"Zambra de María la Canastera","category":"Comida"}},{"type":"Feature","geometry":{"type":"Point","coordinates":[-3.51919,36.74309]},"properties":{"id":"2e212163","name":"Zarcillo","category":"Comida"}},{"type":"Feature","geometry":{"type":"Point","coordinates":[-3.59663,37.17645]},"properties":{"id":"63593bec","name":"Zeitoun Café","category":"Comida"}},{"type":"Feature","geometry":{"type":"Point","coordinates":[-3.59811,37.17255]},"properties":{"id":"b543d5ea","name":"Zorro Viejo","category":"Comida"}},{"type":"Feature","geometry":{"type":"Point","coordinates":[-3.59656,37.17587]},"properties":{"id":"85b29859","name":"cacho&pepe","category":"Comida"}},{"type":"Feature","geometry":{"type":"Point","coordinates":[-3.15762,37.31977]},"properties":{"id":"55626280","name":"cafetería Tienda","category":"Comida"}},{"type":"Feature","geometry":{"type":"Point","coordinates":[-2.47974,37.72282]},"properties":{"id":"afffba0d","name":"el Rincón del Salero","category":"Comida"}},{"type":"Feature","geometry":{"type":"Point","coordinates":[-2.73243,37.81887]},"properties":{"id":"78f34e92","name":"hogar el pensionista","category":"Comida"}},{"type":"Feature","geometry":{"type":"Point","coordinates":[-2.4782,37.72101]},"properties":{"id":"a6a8d823","name":"la Bodeguilla","category":"Comida"}},{"type":"Feature","geometry":{"type":"Point","coordinates":[-3.70605,36.73363]},"properties":{"id":"62e5948b","name":"la China","category":"Comida"}},{"type":"Feature","geometry":{"type":"Point","coordinates":[-3.60806,37.17651]},"properties":{"id":"d7ce1cbc","name":"m14","category":"Comida"}},{"type":"Feature","geometry":{"type":"Point","coordinates":[-85.90395,11.91209]},"properties":{"id":"fd12fbe1","name":"vista del sol","category":"Comida"}},{"type":"Feature","geometry":{"type":"Point","coordinates":[-3.35873,36.96288]},"properties":{"id":"9820dd73","name":"¿Gato?","category":"Comida"}},{"type":"Feature","geometry":{"type":"Point","coordinates":[-3.5238,36.7445]},"properties":{"id":"cf1eca75","name":"Época Nueva","category":"Comida"}},{"type":"Feature","geometry":{"type":"Point","coordinates":[-3.8318,37.33051]},"properties":{"id":"ed08c66b","name":"‎Escudo de Granada","category":"Comida"}},{"type":"Feature","geometry":{"type":"Point","coordinates":[-4.02481,37.19469]},"properties":{"id":"fdb3162f","name":"Beluga Superclub","category":"Discoteca"}},{"type":"Feature","geometry":{"type":"Point","coordinates":[-3.60424,37.1726]},"properties":{"id":"2834b258","name":"Campus","category":"Discoteca"}},{"type":"Feature","geometry":{"type":"Point","coordinates":[-3.59888,37.18093]},"properties":{"id":"e391c459","name":"Chaplin","category":"Discoteca"}},{"type":"Feature","geometry":{"type":"Point","coordinates":[-2.48004,37.7232]},"properties":{"id":"6393960c","name":"Disco-Pub Algayda","category":"Discoteca"}},{"type":"Feature","geometry":{"type":"Point","coordinates":[-2.47999,37.72151]},"properties":{"id":"59948691","name":"Disco-Pub Mari Cruz","category":"Discoteca"}},{"type":"Feature","geometry":{"type":"Point","coordinates":[-3.1585,37.1857]},"properties":{"id":"5c4b8ede","name":"Discoteca La Pista","category":"Discoteca"}},{"type":"Feature","geometry":{"type":"Point","coordinates":[-3.60362,37.17706]},"properties":{"id":"3036c812","name":"Eclipse","category":"Discoteca"}},{"type":"Feature","geometry":{"type":"Point","coordinates":[-3.36207,36.72348]},"properties":{"id":"a45a8ecf","name":"El Molino","category":"Discoteca"}},{"type":"Feature","geometry":{"type":"Point","coordinates":[-2.43436,37.95762]},"properties":{"id":"33a9cfb8","name":"El Molino Rock","category":"Discoteca"}},{"type":"Feature","geometry":{"type":"Point","coordinates":[-4.02466,37.19517]},"properties":{"id":"678b4e6c","name":"Gambolio Music Club","category":"Discoteca"}},{"type":"Feature","geometry":{"type":"Point","coordinates":[-3.59788,37.17748]},"properties":{"id":"98762d7e","name":"Granada 10","category":"Discoteca"}},{"type":"Feature","geometry":{"type":"Point","coordinates":[-3.58384,37.13039]},"properties":{"id":"67f03fa5","name":"Industrial Copera","category":"Discoteca"}},{"type":"Feature","geometry":{"type":"Point","coordinates":[-3.62822,37.1376]},"properties":{"id":"3f2c099f","name":"La Biblioteca","category":"Discoteca"}},{"type":"Feature","geometry":{"type":"Point","coordinates":[-3.51468,36.74751]},"properties":{"id":"0abd7586","name":"La Biblioteca","category":"Discoteca"}},{"type":"Feature","geometry":{"type":"Point","coordinates":[-3.60757,37.16825]},"properties":{"id":"d85a74df","name":"Mae West Granada","category":"Discoteca"}},{"type":"Feature","geometry":{"type":"Point","coordinates":[-3.60745,37.16756]},"properties":{"id":"9acee35a","name":"MoonBack The Club","category":"Discoteca"}},{"type":"Feature","geometry":{"type":"Point","coordinates":[-3.05963,36.96887]},"properties":{"id":"53871c6c","name":"Pasarela","category":"Discoteca"}},{"type":"Feature","geometry":{"type":"Point","coordinates":[-4.02662,37.19502]},"properties":{"id":"e03473d6","name":"Sala Maremagnum","category":"Discoteca"}},{"type":"Feature","geometry":{"type":"Point","coordinates":[-3.60421,37.17633]},"properties":{"id":"f2e53a47","name":"Sala Planta Baja","category":"Discoteca"}},{"type":"Feature","geometry":{"type":"Point","coordinates":[-3.60325,37.17878]},"properties":{"id":"67c3aa3f","name":"Sala Vogue","category":"Discoteca"}},{"type":"Feature","geometry":{"type":"Point","coordinates":[-4.04269,37.1884]},"properties":{"id":"8d579a51","name":"Taxara","category":"Discoteca"}},{"type":"Feature","geometry":{"type":"Point","coordinates":[-3.69,36.73128]},"properties":{"id":"4e78a798","name":"The Big Bang Ocean Club","category":"Discoteca"}},{"type":"Feature","geometry":{"type":"Point","coordinates":[-3.76861,37.26216]},"properties":{"id":"5233b7c4","name":"Trevenque","category":"Discoteca"}},{"type":"Feature","geometry":{"type":"Point","coordinates":[-3.24198,37.58201]},"properties":{"id":"69ead9e2","name":"Tropical","category":"Discoteca"}},{"type":"Feature","geometry":{"type":"Point","coordinates":[-3.61,37.17484]},"properties":{"id":"43f402b8","name":"Zambra","category":"Discoteca"}},{"type":"Feature","geometry":{"type":"Point","coordinates":[-85.95588,11.92653]},"properties":{"id":"86d6e3f6","name":"Bus to Masaya","category":"Estación de Autobuses"}},{"type":"Feature","geometry":{"type":"Point","coordinates":[-85.95643,11.93638]},"properties":{"id":"c0a3f8f9","name":"Cocibolca","category":"Estación de Autobuses"}},{"type":"Feature","geometry":{"type":"Point","coordinates":[-73.70748,3.53871]},"properties":{"id":"cd42e0e9","name":"Empresa La Macarena","category":"Estación de Autobuses"}},{"type":"Feature","geometry":{"type":"Point","coordinates":[-3.6884,36.73569]},"properties":{"id":"2bd9dc90","name":"Estación de Autobuses de Almuñécar","category":"Estación de Autobuses"}},{"type":"Feature","geometry":{"type":"Point","coordinates":[-2.77535,37.49208]},"properties":{"id":"2ea500b3","name":"Estación de Autobuses de Baza","category":"Estación de Autobuses"}},{"type":"Feature","geometry":{"type":"Point","coordinates":[-3.61401,37.19957]},"properties":{"id":"45fe31f8","name":"Estación de Autobuses de Granada","category":"Estación de Autobuses"}},{"type":"Feature","geometry":{"type":"Point","coordinates":[-3.12768,37.29976]},"properties":{"id":"c5bdb100","name":"Estación de Autobuses de Guadix","category":"Estación de Autobuses"}},{"type":"Feature","geometry":{"type":"Point","coordinates":[-3.51156,36.74127]},"properties":{"id":"327c4f4a","name":"Estación de Autobuses de Motril","category":"Estación de Autobuses"}},{"type":"Feature","geometry":{"type":"Point","coordinates":[-3.58263,36.74677]},"properties":{"id":"48ac7bd4","name":"Estación de Bus de Salobreña","category":"Estación de Autobuses"}},{"type":"Feature","geometry":{"type":"Point","coordinates":[-4.16111,37.16735]},"properties":{"id":"1407b6ed","name":"Intercambiador de Loja","category":"Estación de Autobuses"}},{"type":"Feature","geometry":{"type":"Point","coordinates":[-85.96279,11.93644]},"properties":{"id":"0bd13a74","name":"Minibus / Colectivo para Managua UCA","category":"Estación de Autobuses"}},{"type":"Feature","geometry":{"type":"Point","coordinates":[-85.96319,11.93294]},"properties":{"id":"9e3af890","name":"Terminal Managua","category":"Estación de Autobuses"}},{"type":"Feature","geometry":{"type":"Point","coordinates":[-85.96248,11.9306]},"properties":{"id":"97843630","name":"Terminal Tica Bus S.A.","category":"Estación de Autobuses"}},{"type":"Feature","geometry":{"type":"Point","coordinates":[-85.95429,11.9288]},"properties":{"id":"f27f4efa","name":"Terminal de buses Granada - Managua (UCA)","category":"Estación de Autobuses"}},{"type":"Feature","geometry":{"type":"Point","coordinates":[-85.96237,11.93071]},"properties":{"id":"6a31990b","name":"Tica Bus","category":"Estación de Autobuses"}},{"type":"Feature","geometry":{"type":"Point","coordinates":[-85.96269,11.93469]},"properties":{"id":"e85a97bf","name":"Transnica & King Quality","category":"Estación de Autobuses"}},{"type":"Feature","geometry":{"type":"Point","coordinates":[-3.65338,37.22811]},"properties":{"id":"a67218ad","name":"Albolote","category":"Estación de Tren"}},{"type":"Feature","geometry":{"type":"Point","coordinates":[-3.60244,37.16449]},"properties":{"id":"f5ac3ffe","name":"Alcázar Genil","category":"Estación de Tren"}},{"type":"Feature","geometry":{"type":"Point","coordinates":[-3.59544,37.15817]},"properties":{"id":"c18329de","name":"Andrés Segovia","category":"Estación de Tren"}},{"type":"Feature","geometry":{"type":"Point","coordinates":[-3.63416,37.21101]},"properties":{"id":"3086c549","name":"Anfiteatro","category":"Estación de Tren"}},{"type":"Feature","geometry":{"type":"Point","coordinates":[-3.00261,37.39054]},"properties":{"id":"af287a10","name":"Antigua Estación de tren de Gor","category":"Estación de Tren"}},{"type":"Feature","geometry":{"type":"Point","coordinates":[-2.98251,37.39514]},"properties":{"id":"1bdc3606","name":"Antigua Estación de tren de Gorafe","category":"Estación de Tren"}},{"type":"Feature","geometry":{"type":"Point","coordinates":[-3.61549,37.19586]},"properties":{"id":"bad1577a","name":"Argentinita","category":"Estación de Tren"}},{"type":"Feature","geometry":{"type":"Point","coordinates":[-3.62715,37.14372]},"properties":{"id":"d98ca594","name":"Armilla","category":"Estación de Tren"}},{"type":"Feature","geometry":{"type":"Point","coordinates":[-3.60903,37.18641]},"properties":{"id":"fe8a249a","name":"Caleta","category":"Estación de Tren"}},{"type":"Feature","geometry":{"type":"Point","coordinates":[-3.62441,37.20152]},"properties":{"id":"0d32831a","name":"Cerrillo Maracena","category":"Estación de Tren"}},{"type":"Feature","geometry":{"type":"Point","coordinates":[-3.60093,37.14922]},"properties":{"id":"b3c68b52","name":"Dílar","category":"Estación de Tren"}},{"type":"Feature","geometry":{"type":"Point","coordinates":[-3.61318,37.19996]},"properties":{"id":"9fc3253b","name":"Estación Autobuses","category":"Estación de Tren"}},{"type":"Feature","geometry":{"type":"Point","coordinates":[-3.60832,37.18325]},"properties":{"id":"4237f614","name":"Estación Ferrocarril","category":"Estación de Tren"}},{"type":"Feature","geometry":{"type":"Point","coordinates":[-3.69574,37.21692]},"properties":{"id":"694c9db8","name":"Estación de Atarfe - Santa Fe","category":"Estación de Tren"}},{"type":"Feature","geometry":{"type":"Point","coordinates":[-3.62085,37.1475]},"properties":{"id":"8f94ea2b","name":"Fernando de los Ríos","category":"Estación de Tren"}},{"type":"Feature","geometry":{"type":"Point","coordinates":[-3.60863,37.18369]},"properties":{"id":"4e90e7e5","name":"Granada","category":"Estación de Tren"}},{"type":"Feature","geometry":{"type":"Point","coordinates":[-3.12702,37.31688]},"properties":{"id":"ae69a49d","name":"Guadix","category":"Estación de Tren"}},{"type":"Feature","geometry":{"type":"Point","coordinates":[-2.94912,37.22145]},"properties":{"id":"3fc55a6d","name":"Huéneja-Dólar","category":"Estación de Tren"}},{"type":"Feature","geometry":{"type":"Point","coordinates":[-3.59654,37.16073]},"properties":{"id":"5605334e","name":"Hípica","category":"Estación de Tren"}},{"type":"Feature","geometry":{"type":"Point","coordinates":[-3.52776,37.39582]},"properties":{"id":"aa3e597b","name":"Iznalloz","category":"Estación de Tren"}},{"type":"Feature","geometry":{"type":"Point","coordinates":[-3.61725,37.20412]},"properties":{"id":"5d7531c7","name":"Jaén","category":"Estación de Tren"}},{"type":"Feature","geometry":{"type":"Point","coordinates":[-3.64573,37.2224]},"properties":{"id":"4fc43db9","name":"Juncaril","category":"Estación de Tren"}},{"type":"Feature","geometry":{"type":"Point","coordinates":[-3.02914,37.25295]},"properties":{"id":"846297c5","name":"La Calahorra-Ferreira","category":"Estación de Tren"}},{"type":"Feature","geometry":{"type":"Point","coordinates":[-4.13582,37.1752]},"properties":{"id":"adeff891","name":"Loja","category":"Estación de Tren"}},{"type":"Feature","geometry":{"type":"Point","coordinates":[-3.61504,37.19201]},"properties":{"id":"37dfe728","name":"Luis Amador","category":"Estación de Tren"}},{"type":"Feature","geometry":{"type":"Point","coordinates":[-3.63039,37.20713]},"properties":{"id":"73b4d8af","name":"Maracena","category":"Estación de Tren"}},{"type":"Feature","geometry":{"type":"Point","coordinates":[-3.31075,37.43113]},"properties":{"id":"908b5c2e","name":"Moreda","category":"Estación de Tren"}},{"type":"Feature","geometry":{"type":"Point","coordinates":[-3.60978,37.17659]},"properties":{"id":"6b16e3e9","name":"Méndez Núñez","category":"Estación de Tren"}},{"type":"Feature","geometry":{"type":"Point","coordinates":[-3.59616,37.15114]},"properties":{"id":"a54deaf5","name":"Nuevo Los Cármenes","category":"Estación de Tren"}},{"type":"Feature","geometry":{"type":"Point","coordinates":[-3.5928,37.1542]},"properties":{"id":"5ca500a2","name":"Palacio Deportes","category":"Estación de Tren"}},{"type":"Feature","geometry":{"type":"Point","coordinates":[-3.6069,37.14901]},"properties":{"id":"5818c1f4","name":"Parque Tecnológico","category":"Estación de Tren"}},{"type":"Feature","geometry":{"type":"Point","coordinates":[-3.60587,37.17015]},"properties":{"id":"c0519041","name":"Recogidas","category":"Estación de Tren"}},{"type":"Feature","geometry":{"type":"Point","coordinates":[-3.61404,37.14399]},"properties":{"id":"76f1d331","name":"Sierra Nevada","category":"Estación de Tren"}},{"type":"Feature","geometry":{"type":"Point","coordinates":[-3.60858,37.18085]},"properties":{"id":"2455b913","name":"Universidad","category":"Estación de Tren"}},{"type":"Feature","geometry":{"type":"Point","coordinates":[-3.63714,37.21428]},"properties":{"id":"faa3f66a","name":"Vicuña","category":"Estación de Tren"}},{"type":"Feature","geometry":{"type":"Point","coordinates":[-3.61469,37.18878]},"properties":{"id":"4dbe3068","name":"Villarejo","category":"Estación de Tren"}},{"type":"Feature","geometry":{"type":"Point","coordinates":[-3.50876,36.74428]},"properties":{"id":"1fff2b5a","name":"Campo de Futbol Hermanos Callejón","category":"Estadio"}},{"type":"Feature","geometry":{"type":"Point","coordinates":[-3.70147,37.2244]},"properties":{"id":"f1578108","name":"Coliseo Ciudad Atarfe","category":"Estadio"}},{"type":"Feature","geometry":{"type":"Point","coordinates":[-3.51279,36.75442]},"properties":{"id":"b43bf658","name":"Estadio Municipal \"Escribano Castilla\"","category":"Estadio"}},{"type":"Feature","geometry":{"type":"Point","coordinates":[-4.15702,37.17269]},"properties":{"id":"0502d9f4","name":"Estadio Municipal Medina Lauxa","category":"Estadio"}},{"type":"Feature","geometry":{"type":"Point","coordinates":[-3.59583,37.15292]},"properties":{"id":"87f9ede4","name":"Estadio Nuevo Los Cármenes","category":"Estadio"}},{"type":"Feature","geometry":{"type":"Point","coordinates":[-85.96386,11.93809]},"properties":{"id":"06bbe971","name":"Estadio Roque Tadeo Zavala","category":"Estadio"}},{"type":"Feature","geometry":{"type":"Point","coordinates":[-2.64578,37.71657]},"properties":{"id":"2b6c8846","name":"Plaza de Toros Portátil de Castilléjar","category":"Estadio"}},{"type":"Feature","geometry":{"type":"Point","coordinates":[-3.09675,37.26073]},"properties":{"id":"1de2e218","name":"Plaza de Toros de Alcudia de Guadix","category":"Estadio"}},{"type":"Feature","geometry":{"type":"Point","coordinates":[-2.78174,37.48712]},"properties":{"id":"cba13756","name":"Plaza de Toros de Baza","category":"Estadio"}},{"type":"Feature","geometry":{"type":"Point","coordinates":[-2.96876,37.37025]},"properties":{"id":"de3a9624","name":"Plaza de Toros de Gor","category":"Estadio"}},{"type":"Feature","geometry":{"type":"Point","coordinates":[-3.60761,37.18905]},"properties":{"id":"269ad471","name":"Plaza de Toros de Granada","category":"Estadio"}},{"type":"Feature","geometry":{"type":"Point","coordinates":[-3.50058,36.7412]},"properties":{"id":"9c8c0b90","name":"Plaza de Toros de Motril","category":"Estadio"}},{"type":"Feature","geometry":{"type":"Point","coordinates":[-73.70194,3.54557]},"properties":{"id":"3c185734","name":"Villa Olimpica Granada","category":"Estadio"}},{"type":"Feature","geometry":{"type":"Point","coordinates":[-3.59286,37.18129]},"properties":{"id":"cb9a1b77","name":"Aljibe de San Nicolas","category":"Fuente"}},{"type":"Feature","geometry":{"type":"Point","coordinates":[-3.53861,36.97768]},"properties":{"id":"dcecd9ae","name":"Aljibe de la Plaza de la Iglesia","category":"Fuente"}},{"type":"Feature","geometry":{"type":"Point","coordinates":[-3.16803,37.22407]},"properties":{"id":"71b03483","name":"Caño Nuevo","category":"Fuente"}},{"type":"Feature","geometry":{"type":"Point","coordinates":[-2.77045,37.65485]},"properties":{"id":"22788da9","name":"Caño de la Manuela","category":"Fuente"}},{"type":"Feature","geometry":{"type":"Point","coordinates":[-3.26791,36.99937]},"properties":{"id":"85323424","name":"Era de la Cruz","category":"Fuente"}},{"type":"Feature","geometry":{"type":"Point","coordinates":[-3.11844,36.98201]},"properties":{"id":"a50465f5","name":"Fuente \"El Principito\"","category":"Fuente"}},{"type":"Feature","geometry":{"type":"Point","coordinates":[-3.44059,36.74195]},"properties":{"id":"1b4d0aad","name":"Fuente Agria","category":"Fuente"}},{"type":"Feature","geometry":{"type":"Point","coordinates":[-3.08772,36.99569]},"properties":{"id":"b3b35479","name":"Fuente Agria del Puente la Tableta","category":"Fuente"}},{"type":"Feature","geometry":{"type":"Point","coordinates":[-3.41704,36.70029]},"properties":{"id":"e648ee13","name":"Fuente Aguas Blancas","category":"Fuente"}},{"type":"Feature","geometry":{"type":"Point","coordinates":[-3.51571,36.83269]},"properties":{"id":"3155bb09","name":"Fuente Alcalde D. Ramón Perama","category":"Fuente"}},{"type":"Feature","geometry":{"type":"Point","coordinates":[-3.08406,36.99509]},"properties":{"id":"4ef315c3","name":"Fuente Alegre","category":"Fuente"}},{"type":"Feature","geometry":{"type":"Point","coordinates":[-2.33828,37.98036]},"properties":{"id":"68edcf05","name":"Fuente Almaciles","category":"Fuente"}},{"type":"Feature","geometry":{"type":"Point","coordinates":[-3.33646,37.24698]},"properties":{"id":"4a3cc377","name":"Fuente Alta","category":"Fuente"}},{"type":"Feature","geometry":{"type":"Point","coordinates":[-3.04522,37.00364]},"properties":{"id":"a2834cbd","name":"Fuente Baja","category":"Fuente"}},{"type":"Feature","geometry":{"type":"Point","coordinates":[-3.35647,36.94982]},"properties":{"id":"cf1f4e29","name":"Fuente Calle Real","category":"Fuente"}},{"type":"Feature","geometry":{"type":"Point","coordinates":[-3.98452,37.00376]},"properties":{"id":"e5fa83e0","name":"Fuente Caño Wamba","category":"Fuente"}},{"type":"Feature","geometry":{"type":"Point","coordinates":[-3.31242,36.94281]},"properties":{"id":"78ae7259","name":"Fuente Churriana","category":"Fuente"}},{"type":"Feature","geometry":{"type":"Point","coordinates":[-3.06128,36.97325]},"properties":{"id":"f6c499ef","name":"Fuente Eritaña","category":"Fuente"}},{"type":"Feature","geometry":{"type":"Point","coordinates":[-3.41247,36.96689]},"properties":{"id":"a83282c6","name":"Fuente Fresca","category":"Fuente"}},{"type":"Feature","geometry":{"type":"Point","coordinates":[-3.49196,37.01375]},"properties":{"id":"cd547a42","name":"Fuente Fría","category":"Fuente"}},{"type":"Feature","geometry":{"type":"Point","coordinates":[-3.35693,36.95988]},"properties":{"id":"9c9a894b","name":"Fuente Fría","category":"Fuente"}},{"type":"Feature","geometry":{"type":"Point","coordinates":[-3.26586,37.00221]},"properties":{"id":"d9c59411","name":"Fuente Galvat","category":"Fuente"}},{"type":"Feature","geometry":{"type":"Point","coordinates":[-3.1905,36.97716]},"properties":{"id":"3a219864","name":"Fuente Grande","category":"Fuente"}},{"type":"Feature","geometry":{"type":"Point","coordinates":[-3.54555,36.95079]},"properties":{"id":"71d0b79f","name":"Fuente Homenaje a Francisco de Paula Villa-Real","category":"Fuente"}},{"type":"Feature","geometry":{"type":"Point","coordinates":[-3.14975,36.97391]},"properties":{"id":"f35ecc35","name":"Fuente Honda","category":"Fuente"}},{"type":"Feature","geometry":{"type":"Point","coordinates":[-3.35688,36.94807]},"properties":{"id":"fa3caf6f","name":"Fuente Hondera","category":"Fuente"}},{"type":"Feature","geometry":{"type":"Point","coordinates":[-3.36132,36.96102]},"properties":{"id":"97a13149","name":"Fuente Hondera","category":"Fuente"}},{"type":"Feature","geometry":{"type":"Point","coordinates":[-3.1623,37.18324]},"properties":{"id":"395e6bc9","name":"Fuente La Teja","category":"Fuente"}},{"type":"Feature","geometry":{"type":"Point","coordinates":[-3.12056,36.98185]},"properties":{"id":"21d7d9cf","name":"Fuente Las Piedras","category":"Fuente"}},{"type":"Feature","geometry":{"type":"Point","coordinates":[-3.05504,36.96133]},"properties":{"id":"dbb54f75","name":"Fuente Los Caños","category":"Fuente"}},{"type":"Feature","geometry":{"type":"Point","coordinates":[-3.0715,37.00433]},"properties":{"id":"50551043","name":"Fuente Martín","category":"Fuente"}},{"type":"Feature","geometry":{"type":"Point","coordinates":[-3.48687,36.91829]},"properties":{"id":"7089413b","name":"Fuente Miramar","category":"Fuente"}},{"type":"Feature","geometry":{"type":"Point","coordinates":[-3.49222,36.92029]},"properties":{"id":"772e9c63","name":"Fuente Parque Salado","category":"Fuente"}},{"type":"Feature","geometry":{"type":"Point","coordinates":[-3.44888,37.14547]},"properties":{"id":"8af15840","name":"Fuente Perrancano","category":"Fuente"}},{"type":"Feature","geometry":{"type":"Point","coordinates":[-3.35562,36.94874]},"properties":{"id":"a2706c86","name":"Fuente Placeta del Sol","category":"Fuente"}},{"type":"Feature","geometry":{"type":"Point","coordinates":[-3.35604,36.94899]},"properties":{"id":"7b07af5f","name":"Fuente Placetilla","category":"Fuente"}},{"type":"Feature","geometry":{"type":"Point","coordinates":[-3.35716,36.94849]},"properties":{"id":"399d2236","name":"Fuente Revellín","category":"Fuente"}},{"type":"Feature","geometry":{"type":"Point","coordinates":[-4.1737,37.17183]},"properties":{"id":"ab7919bc","name":"Fuente Santa","category":"Fuente"}},{"type":"Feature","geometry":{"type":"Point","coordinates":[-3.07071,37.0038]},"properties":{"id":"9c3c9314","name":"Fuente Santa Lucía","category":"Fuente"}},{"type":"Feature","geometry":{"type":"Point","coordinates":[-3.35621,36.9486]},"properties":{"id":"a644af0f","name":"Fuente Santísima Trinidad","category":"Fuente"}},{"type":"Feature","geometry":{"type":"Point","coordinates":[-3.29602,36.9392]},"properties":{"id":"bdf52c19","name":"Fuente Serena","category":"Fuente"}},{"type":"Feature","geometry":{"type":"Point","coordinates":[-3.16513,37.17688]},"properties":{"id":"863d1c73","name":"Fuente Terrones","category":"Fuente"}},{"type":"Feature","geometry":{"type":"Point","coordinates":[-3.85683,37.25041]},"properties":{"id":"5cf090e3","name":"Fuente Verde","category":"Fuente"}},{"type":"Feature","geometry":{"type":"Point","coordinates":[-3.26986,37.0038]},"properties":{"id":"6fa5e29f","name":"Fuente Virgen de las Nieves","category":"Fuente"}},{"type":"Feature","geometry":{"type":"Point","coordinates":[-3.58999,37.17603]},"properties":{"id":"7d0e6358","name":"Fuente a Washington Irving","category":"Fuente"}},{"type":"Feature","geometry":{"type":"Point","coordinates":[-3.60873,37.17155]},"properties":{"id":"0516909d","name":"Fuente cibernética","category":"Fuente"}},{"type":"Feature","geometry":{"type":"Point","coordinates":[-3.16081,37.17924]},"properties":{"id":"7317a873","name":"Fuente de 'El Chortal\"","category":"Fuente"}},{"type":"Feature","geometry":{"type":"Point","coordinates":[-3.40363,36.78722]},"properties":{"id":"69665879","name":"Fuente de 8 caños","category":"Fuente"}},{"type":"Feature","geometry":{"type":"Point","coordinates":[-3.58711,37.18172]},"properties":{"id":"a6990275","name":"Fuente de Amapola","category":"Fuente"}},{"type":"Feature","geometry":{"type":"Point","coordinates":[-3.59774,37.17163]},"properties":{"id":"73f07e40","name":"Fuente de Bibataubín","category":"Fuente"}},{"type":"Feature","geometry":{"type":"Point","coordinates":[-3.59477,37.1619]},"properties":{"id":"1b637204","name":"Fuente de Canaletas","category":"Fuente"}},{"type":"Feature","geometry":{"type":"Point","coordinates":[-3.08475,36.99507]},"properties":{"id":"a4c2c7fd","name":"Fuente de Cantarranas","category":"Fuente"}},{"type":"Feature","geometry":{"type":"Point","coordinates":[-3.57176,37.26851]},"properties":{"id":"77f15176","name":"Fuente de Carrañacas","category":"Fuente"}},{"type":"Feature","geometry":{"type":"Point","coordinates":[-3.56506,37.28862]},"properties":{"id":"029e97c1","name":"Fuente de Catacena","category":"Fuente"}},{"type":"Feature","geometry":{"type":"Point","coordinates":[-3.10387,36.99156]},"properties":{"id":"a92b6f17","name":"Fuente de Cuesta Viñas","category":"Fuente"}},{"type":"Feature","geometry":{"type":"Point","coordinates":[-3.36986,36.82248]},"properties":{"id":"cb8b0f15","name":"Fuente de Olías","category":"Fuente"}},{"type":"Feature","geometry":{"type":"Point","coordinates":[-3.58891,36.96688]},"properties":{"id":"cc32d330","name":"Fuente de Palomares","category":"Fuente"}},{"type":"Feature","geometry":{"type":"Point","coordinates":[-3.3606,36.96081]},"properties":{"id":"724a86ae","name":"Fuente de Ramón Torres","category":"Fuente"}},{"type":"Feature","geometry":{"type":"Point","coordinates":[-3.36094,36.94042]},"properties":{"id":"0d800900","name":"Fuente de San Antonio","category":"Fuente"}},{"type":"Feature","geometry":{"type":"Point","coordinates":[-3.403,36.92789]},"properties":{"id":"4c8cb043","name":"Fuente de San Antonio","category":"Fuente"}},{"type":"Feature","geometry":{"type":"Point","coordinates":[-3.40524,36.92845]},"properties":{"id":"ddfb95f7","name":"Fuente de San Antón","category":"Fuente"}},{"type":"Feature","geometry":{"type":"Point","coordinates":[-3.4852,36.91823]},"properties":{"id":"b3f6de7a","name":"Fuente de San Roque","category":"Fuente"}},{"type":"Feature","geometry":{"type":"Point","coordinates":[-3.59422,37.17757]},"properties":{"id":"62d1067f","name":"Fuente de Santa Ana","category":"Fuente"}},{"type":"Feature","geometry":{"type":"Point","coordinates":[-3.48016,36.91814]},"properties":{"id":"2416206c","name":"Fuente de Vida","category":"Fuente"}},{"type":"Feature","geometry":{"type":"Point","coordinates":[-3.42581,36.92678]},"properties":{"id":"75ca5f04","name":"Fuente de Ya Bajos","category":"Fuente"}},{"type":"Feature","geometry":{"type":"Point","coordinates":[-3.57768,37.18029]},"properties":{"id":"205a054d","name":"Fuente de la Agrilla","category":"Fuente"}},{"type":"Feature","geometry":{"type":"Point","coordinates":[-3.58711,37.18172]},"properties":{"id":"f4f29801","name":"Fuente de la Amapola","category":"Fuente"}},{"type":"Feature","geometry":{"type":"Point","coordinates":[-3.59007,37.16807]},"properties":{"id":"eeb84aad","name":"Fuente de la Bomba","category":"Fuente"}},{"type":"Feature","geometry":{"type":"Point","coordinates":[-3.48769,36.91983]},"properties":{"id":"3e8bc091","name":"Fuente de la Capilla","category":"Fuente"}},{"type":"Feature","geometry":{"type":"Point","coordinates":[-3.42654,36.9264]},"properties":{"id":"985ef105","name":"Fuente de la Casa Caída","category":"Fuente"}},{"type":"Feature","geometry":{"type":"Point","coordinates":[-3.08157,36.99631]},"properties":{"id":"bf09bd8e","name":"Fuente de la Cruz de los Caídos","category":"Fuente"}},{"type":"Feature","geometry":{"type":"Point","coordinates":[-3.26598,37.00243]},"properties":{"id":"729de03b","name":"Fuente de la Ermita","category":"Fuente"}},{"type":"Feature","geometry":{"type":"Point","coordinates":[-3.45534,37.10294]},"properties":{"id":"42c98236","name":"Fuente de la Higuera","category":"Fuente"}},{"type":"Feature","geometry":{"type":"Point","coordinates":[-3.47124,36.92159]},"properties":{"id":"7673fc5a","name":"Fuente de la Hoya del Grillo","category":"Fuente"}},{"type":"Feature","geometry":{"type":"Point","coordinates":[-3.47465,36.93222]},"properties":{"id":"08061ece","name":"Fuente de la Huerta de las Monjas","category":"Fuente"}},{"type":"Feature","geometry":{"type":"Point","coordinates":[-3.19205,36.96708]},"properties":{"id":"4a6b4775","name":"Fuente de la Iglesia","category":"Fuente"}},{"type":"Feature","geometry":{"type":"Point","coordinates":[-3.57522,37.27349]},"properties":{"id":"a7d7e993","name":"Fuente de la Iglesia","category":"Fuente"}},{"type":"Feature","geometry":{"type":"Point","coordinates":[-3.59325,37.31614]},"properties":{"id":"5f277282","name":"Fuente de la Maceta","category":"Fuente"}},{"type":"Feature","geometry":{"type":"Point","coordinates":[-3.39292,36.74396]},"properties":{"id":"3f769c60","name":"Fuente de la Mina","category":"Fuente"}},{"type":"Feature","geometry":{"type":"Point","coordinates":[-4.15482,37.16743]},"properties":{"id":"53f8f5e7","name":"Fuente de la Mora","category":"Fuente"}},{"type":"Feature","geometry":{"type":"Point","coordinates":[-3.58951,37.16774]},"properties":{"id":"4bb21be6","name":"Fuente de la Ninfa","category":"Fuente"}},{"type":"Feature","geometry":{"type":"Point","coordinates":[-3.42788,36.92545]},"properties":{"id":"2beb5672","name":"Fuente de la Peña","category":"Fuente"}},{"type":"Feature","geometry":{"type":"Point","coordinates":[-3.35921,36.96037]},"properties":{"id":"ce107b76","name":"Fuente de la Pileta","category":"Fuente"}},{"type":"Feature","geometry":{"type":"Point","coordinates":[-3.91135,36.93556]},"properties":{"id":"bb5809db","name":"Fuente de la Pililla","category":"Fuente"}},{"type":"Feature","geometry":{"type":"Point","coordinates":[-3.54139,37.1553]},"properties":{"id":"46f6939d","name":"Fuente de la Pita","category":"Fuente"}},{"type":"Feature","geometry":{"type":"Point","coordinates":[-3.11916,36.97984]},"properties":{"id":"dba1e428","name":"Fuente de la Placeta","category":"Fuente"}},{"type":"Feature","geometry":{"type":"Point","coordinates":[-3.21272,36.92856]},"properties":{"id":"0c361a6c","name":"Fuente de la Placeta","category":"Fuente"}},{"type":"Feature","geometry":{"type":"Point","coordinates":[-3.08337,36.99608]},"properties":{"id":"b26fab69","name":"Fuente de la Plaza","category":"Fuente"}},{"type":"Feature","geometry":{"type":"Point","coordinates":[-3.43995,37.1589]},"properties":{"id":"334404cd","name":"Fuente de la Plaza Duque San Pedro","category":"Fuente"}},{"type":"Feature","geometry":{"type":"Point","coordinates":[-3.26453,36.999]},"properties":{"id":"14ec44e1","name":"Fuente de la Plaza Francisco Abellán","category":"Fuente"}},{"type":"Feature","geometry":{"type":"Point","coordinates":[-3.26525,37.00022]},"properties":{"id":"b950ed15","name":"Fuente de la Plaza de la Iglesia","category":"Fuente"}},{"type":"Feature","geometry":{"type":"Point","coordinates":[-3.2678,37.00243]},"properties":{"id":"09171e04","name":"Fuente de la Plaza del Barrio Medio","category":"Fuente"}},{"type":"Feature","geometry":{"type":"Point","coordinates":[-3.59799,37.17223]},"properties":{"id":"5001a432","name":"Fuente de la Plaza del Campillo","category":"Fuente"}},{"type":"Feature","geometry":{"type":"Point","coordinates":[-3.06082,36.863]},"properties":{"id":"0dca81e0","name":"Fuente de la Plomera","category":"Fuente"}},{"type":"Feature","geometry":{"type":"Point","coordinates":[-3.52161,36.7435]},"properties":{"id":"12ee3d86","name":"Fuente de la Policía Nacional","category":"Fuente"}},{"type":"Feature","geometry":{"type":"Point","coordinates":[-3.51905,36.74918]},"properties":{"id":"cf91fdbb","name":"Fuente de la Posta","category":"Fuente"}},{"type":"Feature","geometry":{"type":"Point","coordinates":[-3.58433,36.96405]},"properties":{"id":"075f81d6","name":"Fuente de la Rata","category":"Fuente"}},{"type":"Feature","geometry":{"type":"Point","coordinates":[-3.60851,36.78834]},"properties":{"id":"ca3c5191","name":"Fuente de la Reala","category":"Fuente"}},{"type":"Feature","geometry":{"type":"Point","coordinates":[-3.57867,37.18017]},"properties":{"id":"66a65e94","name":"Fuente de la Salud","category":"Fuente"}},{"type":"Feature","geometry":{"type":"Point","coordinates":[-2.86176,37.41848]},"properties":{"id":"c0f9ea09","name":"Fuente de la Salud","category":"Fuente"}},{"type":"Feature","geometry":{"type":"Point","coordinates":[-3.56674,37.27018]},"properties":{"id":"b3bfd846","name":"Fuente de la Sartén","category":"Fuente"}},{"type":"Feature","geometry":{"type":"Point","coordinates":[-3.51797,36.7431]},"properties":{"id":"a36671db","name":"Fuente de la esperanza","category":"Fuente"}},{"type":"Feature","geometry":{"type":"Point","coordinates":[-3.49594,36.91924]},"properties":{"id":"7b178063","name":"Fuente de las Adelfas","category":"Fuente"}},{"type":"Feature","geometry":{"type":"Point","coordinates":[-3.59864,37.17214]},"properties":{"id":"e1730ed8","name":"Fuente de las Batallas","category":"Fuente"}},{"type":"Feature","geometry":{"type":"Point","coordinates":[-3.40493,36.92825]},"properties":{"id":"92213cac","name":"Fuente de las Brujas","category":"Fuente"}},{"type":"Feature","geometry":{"type":"Point","coordinates":[-3.19068,36.97368]},"properties":{"id":"4b1f10a7","name":"Fuente de las Carmelas","category":"Fuente"}},{"type":"Feature","geometry":{"type":"Point","coordinates":[-3.21904,37.49966]},"properties":{"id":"d27cce42","name":"Fuente de las Erillas","category":"Fuente"}},{"type":"Feature","geometry":{"type":"Point","coordinates":[-3.4284,36.92521]},"properties":{"id":"5ff053dc","name":"Fuente de las Escuelas","category":"Fuente"}},{"type":"Feature","geometry":{"type":"Point","coordinates":[-3.57063,37.2767]},"properties":{"id":"8903c77d","name":"Fuente de las Escuelas","category":"Fuente"}},{"type":"Feature","geometry":{"type":"Point","coordinates":[-3.59583,37.16936]},"properties":{"id":"a351e428","name":"Fuente de las Granadas","category":"Fuente"}},{"type":"Feature","geometry":{"type":"Point","coordinates":[-3.98589,37.00505]},"properties":{"id":"1547ec0e","name":"Fuente de las Granadas","category":"Fuente"}},{"type":"Feature","geometry":{"type":"Point","coordinates":[-3.42159,36.92722]},"properties":{"id":"67220975","name":"Fuente de las Hermosas","category":"Fuente"}},{"type":"Feature","geometry":{"type":"Point","coordinates":[-3.06815,36.99957]},"properties":{"id":"a226b5d0","name":"Fuente de las Margaritas","category":"Fuente"}},{"type":"Feature","geometry":{"type":"Point","coordinates":[-3.5671,37.33266]},"properties":{"id":"338d3465","name":"Fuente de las Nogueras","category":"Fuente"}},{"type":"Feature","geometry":{"type":"Point","coordinates":[-4.05064,37.196]},"properties":{"id":"5b26b0a6","name":"Fuente de las Palomas","category":"Fuente"}},{"type":"Feature","geometry":{"type":"Point","coordinates":[-3.42741,36.92697]},"properties":{"id":"8021da54","name":"Fuente de las Placetillas","category":"Fuente"}},{"type":"Feature","geometry":{"type":"Point","coordinates":[-3.32672,36.94215]},"properties":{"id":"46abdb8a","name":"Fuente de las Pocillas","category":"Fuente"}},{"type":"Feature","geometry":{"type":"Point","coordinates":[-3.40647,36.96054]},"properties":{"id":"22c0d67e","name":"Fuente de las Rosas","category":"Fuente"}},{"type":"Feature","geometry":{"type":"Point","coordinates":[-3.71146,36.83706]},"properties":{"id":"6f26416a","name":"Fuente de las Víboras","category":"Fuente"}},{"type":"Feature","geometry":{"type":"Point","coordinates":[-3.02823,37.10942]},"properties":{"id":"5ec82ea8","name":"Fuente de las Yeguas","category":"Fuente"}},{"type":"Feature","geometry":{"type":"Point","coordinates":[-3.44485,37.16429]},"properties":{"id":"5db280f1","name":"Fuente de los 16 Caños","category":"Fuente"}},{"type":"Feature","geometry":{"type":"Point","coordinates":[-4.14455,36.97588]},"properties":{"id":"4963908d","name":"Fuente de los Caballos","category":"Fuente"}},{"type":"Feature","geometry":{"type":"Point","coordinates":[-3.36894,36.84549]},"properties":{"id":"bb39662c","name":"Fuente de los Cantares","category":"Fuente"}},{"type":"Feature","geometry":{"type":"Point","coordinates":[-3.1558,36.98341]},"properties":{"id":"dd68ae81","name":"Fuente de los Castaños","category":"Fuente"}},{"type":"Feature","geometry":{"type":"Point","coordinates":[-2.77497,37.48865]},"properties":{"id":"a9a7b364","name":"Fuente de los Caños Dorados","category":"Fuente"}},{"type":"Feature","geometry":{"type":"Point","coordinates":[-3.66869,37.13623]},"properties":{"id":"386bc441","name":"Fuente de los Cuatro Caños","category":"Fuente"}},{"type":"Feature","geometry":{"type":"Point","coordinates":[-3.56888,37.27358]},"properties":{"id":"cf77a83e","name":"Fuente de los Cuatro Caños","category":"Fuente"}},{"type":"Feature","geometry":{"type":"Point","coordinates":[-3.59271,37.16958]},"properties":{"id":"fb3feeb5","name":"Fuente de los Cuatro Leones","category":"Fuente"}},{"type":"Feature","geometry":{"type":"Point","coordinates":[-3.59979,37.17518]},"properties":{"id":"9746c9b5","name":"Fuente de los Gigantes","category":"Fuente"}},{"type":"Feature","geometry":{"type":"Point","coordinates":[-3.58927,37.1771]},"properties":{"id":"c9154a7b","name":"Fuente de los Leones","category":"Fuente"}},{"type":"Feature","geometry":{"type":"Point","coordinates":[-3.40411,36.92894]},"properties":{"id":"19c39096","name":"Fuente de los Leones","category":"Fuente"}},{"type":"Feature","geometry":{"type":"Point","coordinates":[-3.47097,36.92132]},"properties":{"id":"386abee4","name":"Fuente de los Ojos","category":"Fuente"}},{"type":"Feature","geometry":{"type":"Point","coordinates":[-3.46426,37.30894]},"properties":{"id":"d9a4cc69","name":"Fuente de los Potros","category":"Fuente"}},{"type":"Feature","geometry":{"type":"Point","coordinates":[-3.98609,37.00378]},"properties":{"id":"3e355955","name":"Fuente de los Reyes Católicos","category":"Fuente"}},{"type":"Feature","geometry":{"type":"Point","coordinates":[-2.97132,37.36992]},"properties":{"id":"b9b77c5d","name":"Fuente de los Siete Caños","category":"Fuente"}},{"type":"Feature","geometry":{"type":"Point","coordinates":[-3.11849,36.98324]},"properties":{"id":"544902b6","name":"Fuente de los Tres Caños","category":"Fuente"}},{"type":"Feature","geometry":{"type":"Point","coordinates":[-3.58801,36.73896]},"properties":{"id":"93a6fbe1","name":"Fuente de pulsador","category":"Fuente"}},{"type":"Feature","geometry":{"type":"Point","coordinates":[-3.58755,37.18494]},"properties":{"id":"a4e56c1b","name":"Fuente del Aceituno","category":"Fuente"}},{"type":"Feature","geometry":{"type":"Point","coordinates":[-3.05522,36.96461]},"properties":{"id":"24d34e55","name":"Fuente del Arca","category":"Fuente"}},{"type":"Feature","geometry":{"type":"Point","coordinates":[-3.58085,37.18031]},"properties":{"id":"7bdc935f","name":"Fuente del Avellano","category":"Fuente"}},{"type":"Feature","geometry":{"type":"Point","coordinates":[-3.03457,37.00894]},"properties":{"id":"af56a268","name":"Fuente del Barranco","category":"Fuente"}},{"type":"Feature","geometry":{"type":"Point","coordinates":[-3.35967,36.96179]},"properties":{"id":"7c13df7b","name":"Fuente del Calvario","category":"Fuente"}},{"type":"Feature","geometry":{"type":"Point","coordinates":[-3.13774,36.95805]},"properties":{"id":"11702649","name":"Fuente del Camino del Río","category":"Fuente"}},{"type":"Feature","geometry":{"type":"Point","coordinates":[-3.4521,37.10394]},"properties":{"id":"3e282fac","name":"Fuente del Canal de Diéchar","category":"Fuente"}},{"type":"Feature","geometry":{"type":"Point","coordinates":[-3.42822,36.92655]},"properties":{"id":"0cf82071","name":"Fuente del Capullo","category":"Fuente"}},{"type":"Feature","geometry":{"type":"Point","coordinates":[-3.35922,36.96223]},"properties":{"id":"f41a007c","name":"Fuente del Carril","category":"Fuente"}},{"type":"Feature","geometry":{"type":"Point","coordinates":[-3.26598,37.0017]},"properties":{"id":"f82c170e","name":"Fuente del Castaño","category":"Fuente"}},{"type":"Feature","geometry":{"type":"Point","coordinates":[-3.97466,37.33432]},"properties":{"id":"a75c0fd2","name":"Fuente del Castellón","category":"Fuente"}},{"type":"Feature","geometry":{"type":"Point","coordinates":[-3.36204,36.96168]},"properties":{"id":"6281003c","name":"Fuente del Cerecillo","category":"Fuente"}},{"type":"Feature","geometry":{"type":"Point","coordinates":[-3.36065,36.96132]},"properties":{"id":"9e9cd934","name":"Fuente del Cerezo","category":"Fuente"}},{"type":"Feature","geometry":{"type":"Point","coordinates":[-3.36032,36.94048]},"properties":{"id":"107dfb61","name":"Fuente del Cerrillo","category":"Fuente"}},{"type":"Feature","geometry":{"type":"Point","coordinates":[-3.06024,36.86321]},"properties":{"id":"4de1ece2","name":"Fuente del Chorrillo","category":"Fuente"}},{"type":"Feature","geometry":{"type":"Point","coordinates":[-3.60095,36.81993]},"properties":{"id":"c432fb89","name":"Fuente del Chorrillo","category":"Fuente"}},{"type":"Feature","geometry":{"type":"Point","coordinates":[-3.57639,37.31077]},"properties":{"id":"6f2614c8","name":"Fuente del Colmenar de los Cucos","category":"Fuente"}},{"type":"Feature","geometry":{"type":"Point","coordinates":[-3.15667,37.18544]},"properties":{"id":"d90b4f71","name":"Fuente del Corralón","category":"Fuente"}},{"type":"Feature","geometry":{"type":"Point","coordinates":[-3.36022,36.96231]},"properties":{"id":"c818589b","name":"Fuente del Cubo","category":"Fuente"}},{"type":"Feature","geometry":{"type":"Point","coordinates":[-3.4053,36.92798]},"properties":{"id":"df33f780","name":"Fuente del Dragón","category":"Fuente"}},{"type":"Feature","geometry":{"type":"Point","coordinates":[-3.51809,36.74349]},"properties":{"id":"05444005","name":"Fuente del Ejército del Aire","category":"Fuente"}},{"type":"Feature","geometry":{"type":"Point","coordinates":[-3.57245,37.27421]},"properties":{"id":"103c8891","name":"Fuente del Estanque","category":"Fuente"}},{"type":"Feature","geometry":{"type":"Point","coordinates":[-3.53353,37.0875]},"properties":{"id":"2241aeab","name":"Fuente del Hervidero","category":"Fuente"}},{"type":"Feature","geometry":{"type":"Point","coordinates":[-3.26518,36.99921]},"properties":{"id":"ac5e0c51","name":"Fuente del Jamón","category":"Fuente"}},{"type":"Feature","geometry":{"type":"Point","coordinates":[-3.58459,36.96435]},"properties":{"id":"56c4907f","name":"Fuente del Lino","category":"Fuente"}},{"type":"Feature","geometry":{"type":"Point","coordinates":[-3.57252,37.27518]},"properties":{"id":"6677a28e","name":"Fuente del Llanete","category":"Fuente"}},{"type":"Feature","geometry":{"type":"Point","coordinates":[-3.50991,36.89435]},"properties":{"id":"912d9b58","name":"Fuente del Miriñaque","category":"Fuente"}},{"type":"Feature","geometry":{"type":"Point","coordinates":[-4.15038,37.16612]},"properties":{"id":"5ae50145","name":"Fuente del Moco","category":"Fuente"}},{"type":"Feature","geometry":{"type":"Point","coordinates":[-3.64596,37.20781]},"properties":{"id":"3048bfd7","name":"Fuente del Molino","category":"Fuente"}},{"type":"Feature","geometry":{"type":"Point","coordinates":[-3.55666,37.24397]},"properties":{"id":"34acbebb","name":"Fuente del Morquil","category":"Fuente"}},{"type":"Feature","geometry":{"type":"Point","coordinates":[-2.85707,37.41379]},"properties":{"id":"446cc948","name":"Fuente del Olvido","category":"Fuente"}},{"type":"Feature","geometry":{"type":"Point","coordinates":[-3.94248,37.13265]},"properties":{"id":"cb52d9fd","name":"Fuente del Peñón del Niño del Turro","category":"Fuente"}},{"type":"Feature","geometry":{"type":"Point","coordinates":[-4.1363,37.00124]},"properties":{"id":"4d89daef","name":"Fuente del Pilar de las Parideras","category":"Fuente"}},{"type":"Feature","geometry":{"type":"Point","coordinates":[-3.58707,37.17426]},"properties":{"id":"01edef1c","name":"Fuente del Pimiento","category":"Fuente"}},{"type":"Feature","geometry":{"type":"Point","coordinates":[-3.62523,36.85404]},"properties":{"id":"4becc2cb","name":"Fuente del Portal","category":"Fuente"}},{"type":"Feature","geometry":{"type":"Point","coordinates":[-3.58879,37.17475]},"properties":{"id":"4de26c33","name":"Fuente del Tomate","category":"Fuente"}},{"type":"Feature","geometry":{"type":"Point","coordinates":[-3.60155,37.18423]},"properties":{"id":"9b30013d","name":"Fuente del Triunfo","category":"Fuente"}},{"type":"Feature","geometry":{"type":"Point","coordinates":[-3.18013,36.94434]},"properties":{"id":"b3847672","name":"Fuente del Vino","category":"Fuente"}},{"type":"Feature","geometry":{"type":"Point","coordinates":[-3.48586,36.92163]},"properties":{"id":"46698dfb","name":"Fuente del Zenete","category":"Fuente"}},{"type":"Feature","geometry":{"type":"Point","coordinates":[-3.60957,37.17204]},"properties":{"id":"b6594e57","name":"Fuente del laberinto","category":"Fuente"}},{"type":"Feature","geometry":{"type":"Point","coordinates":[-3.51362,36.74347]},"properties":{"id":"c49e1fc0","name":"Fuente del puente Toledano","category":"Fuente"}},{"type":"Feature","geometry":{"type":"Point","coordinates":[-2.54659,37.80755]},"properties":{"id":"8f42e330","name":"Fuente fresca","category":"Fuente"}},{"type":"Feature","geometry":{"type":"Point","coordinates":[-3.11846,36.98306]},"properties":{"id":"3a379e5b","name":"Fuente los leones","category":"Fuente"}},{"type":"Feature","geometry":{"type":"Point","coordinates":[-3.04513,37.47824]},"properties":{"id":"b1ad1394","name":"Fuente pública de Gorafe","category":"Fuente"}},{"type":"Feature","geometry":{"type":"Point","coordinates":[-3.58686,36.96545]},"properties":{"id":"39fce36d","name":"Fuente que se ríe","category":"Fuente"}},{"type":"Feature","geometry":{"type":"Point","coordinates":[-3.26472,37.0001]},"properties":{"id":"98118c76","name":"Fuente-Lavadero del Barrio Bajo","category":"Fuente"}},{"type":"Feature","geometry":{"type":"Point","coordinates":[-3.08724,36.99635]},"properties":{"id":"754114b8","name":"Hermandad de Labradores Válor 1974","category":"Fuente"}},{"type":"Feature","geometry":{"type":"Point","coordinates":[-3.58922,37.17742]},"properties":{"id":"4ce6b70a","name":"Jardin de la Daraxa","category":"Fuente"}},{"type":"Feature","geometry":{"type":"Point","coordinates":[-3.30898,36.93083]},"properties":{"id":"17132fc1","name":"La Gaseosa","category":"Fuente"}},{"type":"Feature","geometry":{"type":"Point","coordinates":[-3.60504,37.16176]},"properties":{"id":"2a17569c","name":"Lago y Esculturas Dinámicas","category":"Fuente"}},{"type":"Feature","geometry":{"type":"Point","coordinates":[-3.78433,37.32236]},"properties":{"id":"1d8f26de","name":"Lavadero","category":"Fuente"}},{"type":"Feature","geometry":{"type":"Point","coordinates":[-3.31354,36.92948]},"properties":{"id":"4ae1f2ff","name":"Lavadero de Ferreirola","category":"Fuente"}},{"type":"Feature","geometry":{"type":"Point","coordinates":[-3.59598,37.16881]},"properties":{"id":"6809e9af","name":"Monumento a Félix Rodríguez de la Fuente","category":"Fuente"}},{"type":"Feature","geometry":{"type":"Point","coordinates":[-3.58881,37.17464]},"properties":{"id":"cd52ad6a","name":"Monumento a Ángel Ganivet","category":"Fuente"}},{"type":"Feature","geometry":{"type":"Point","coordinates":[-3.59007,37.17586]},"properties":{"id":"806809e6","name":"Pilar de Carlos V","category":"Fuente"}},{"type":"Feature","geometry":{"type":"Point","coordinates":[-4.00327,37.32086]},"properties":{"id":"11bfc8b6","name":"Pilar de San Cristóbal","category":"Fuente"}},{"type":"Feature","geometry":{"type":"Point","coordinates":[-3.58825,37.1685]},"properties":{"id":"7503e00f","name":"Pilar de la Cuesta de los Molinos","category":"Fuente"}},{"type":"Feature","geometry":{"type":"Point","coordinates":[-3.99931,37.32282]},"properties":{"id":"94b15d75","name":"Pilar de la Huertezuela","category":"Fuente"}},{"type":"Feature","geometry":{"type":"Point","coordinates":[-3.68626,37.2229]},"properties":{"id":"bf3a8f74","name":"Pilar del Ayuntamiento","category":"Fuente"}},{"type":"Feature","geometry":{"type":"Point","coordinates":[-4.00979,37.31966]},"properties":{"id":"971ff8f3","name":"Pilar del Lavadero","category":"Fuente"}},{"type":"Feature","geometry":{"type":"Point","coordinates":[-3.57184,36.99841]},"properties":{"id":"84689395","name":"Pilar del Mono","category":"Fuente"}},{"type":"Feature","geometry":{"type":"Point","coordinates":[-3.59491,37.17712]},"properties":{"id":"0ee2acb5","name":"Pilar del Toro","category":"Fuente"}},{"type":"Feature","geometry":{"type":"Point","coordinates":[-3.68832,37.22277]},"properties":{"id":"67f200c1","name":"Pilar en la Plaza de la Iglesia","category":"Fuente"}},{"type":"Feature","geometry":{"type":"Point","coordinates":[-3.45457,37.3163]},"properties":{"id":"ffc04133","name":"Pilarico de Manolico","category":"Fuente"}},{"type":"Feature","geometry":{"type":"Point","coordinates":[-3.26827,37.00214]},"properties":{"id":"337bda52","name":"San Antonio","category":"Fuente"}},{"type":"Feature","geometry":{"type":"Point","coordinates":[-2.47835,37.72298]},"properties":{"id":"937db24a","name":"los Cuatro Caños","category":"Fuente"}},{"type":"Feature","geometry":{"type":"Point","coordinates":[-3.6794,36.81425]},"properties":{"id":"3db12c92","name":"Casa Cuartel de la Guardia Civil","category":"Guardia Civil"}},{"type":"Feature","geometry":{"type":"Point","coordinates":[-3.39658,37.55638]},"properties":{"id":"aa9a82cc","name":"Casa Cuartel de la Guardia Civil","category":"Guardia Civil"}},{"type":"Feature","geometry":{"type":"Point","coordinates":[-4.15329,37.1634]},"properties":{"id":"ab97e8ce","name":"Casa Cuartel de la Guardia Civil","category":"Guardia Civil"}},{"type":"Feature","geometry":{"type":"Point","coordinates":[-4.1562,37.32514]},"properties":{"id":"b7fe11ce","name":"Guardia Civil","category":"Guardia Civil"}},{"type":"Feature","geometry":{"type":"Point","coordinates":[-4.0482,37.19837]},"properties":{"id":"a14d4914","name":"Guardia Civil","category":"Guardia Civil"}},{"type":"Feature","geometry":{"type":"Point","coordinates":[-2.76941,37.48439]},"properties":{"id":"77077200","name":"Guardia Civil","category":"Guardia Civil"}},{"type":"Feature","geometry":{"type":"Point","coordinates":[-3.06165,37.17943]},"properties":{"id":"60853790","name":"Guardia Civil","category":"Guardia Civil"}},{"type":"Feature","geometry":{"type":"Point","coordinates":[-3.24446,37.57988]},"properties":{"id":"f1c6e3fd","name":"Guardia Civil","category":"Guardia Civil"}},{"type":"Feature","geometry":{"type":"Point","coordinates":[-3.23089,37.50031]},"properties":{"id":"69446775","name":"Guardia Civil","category":"Guardia Civil"}},{"type":"Feature","geometry":{"type":"Point","coordinates":[-3.5272,37.39079]},"properties":{"id":"a5b34251","name":"Guardia Civil","category":"Guardia Civil"}},{"type":"Feature","geometry":{"type":"Point","coordinates":[-3.19226,36.96736]},"properties":{"id":"4ebde171","name":"Guardia Civil","category":"Guardia Civil"}},{"type":"Feature","geometry":{"type":"Point","coordinates":[-3.48391,36.91826]},"properties":{"id":"a38b6ccc","name":"Guardia Civil","category":"Guardia Civil"}},{"type":"Feature","geometry":{"type":"Point","coordinates":[-2.97303,37.3712]},"properties":{"id":"e68eaecc","name":"Guardia Civil","category":"Guardia Civil"}},{"type":"Feature","geometry":{"type":"Point","coordinates":[-3.55435,36.91222]},"properties":{"id":"097e575b","name":"Guardia Civil","category":"Guardia Civil"}},{"type":"Feature","geometry":{"type":"Point","coordinates":[-3.82364,36.949]},"properties":{"id":"135dd0c0","name":"Guardia Civil","category":"Guardia Civil"}},{"type":"Feature","geometry":{"type":"Point","coordinates":[-3.58135,37.11461]},"properties":{"id":"71dfc50e","name":"Guardia Civil","category":"Guardia Civil"}},{"type":"Feature","geometry":{"type":"Point","coordinates":[-3.96758,37.23791]},"properties":{"id":"ebad8bf5","name":"Guardia Civil","category":"Guardia Civil"}},{"type":"Feature","geometry":{"type":"Point","coordinates":[-3.71482,37.19092]},"properties":{"id":"6ba9576a","name":"Guardia Civil","category":"Guardia Civil"}},{"type":"Feature","geometry":{"type":"Point","coordinates":[-3.51405,36.83811]},"properties":{"id":"ffaa01f4","name":"Guardia Civil","category":"Guardia Civil"}},{"type":"Feature","geometry":{"type":"Point","coordinates":[-3.05043,36.96274]},"properties":{"id":"b9f39751","name":"Guardia Civil","category":"Guardia Civil"}},{"type":"Feature","geometry":{"type":"Point","coordinates":[-3.33313,37.3202]},"properties":{"id":"186badcb","name":"Guardia Civil","category":"Guardia Civil"}},{"type":"Feature","geometry":{"type":"Point","coordinates":[-3.20278,36.79109]},"properties":{"id":"96f0ece0","name":"Guardia Civil","category":"Guardia Civil"}},{"type":"Feature","geometry":{"type":"Point","coordinates":[-2.76905,37.65172]},"properties":{"id":"745f4918","name":"Guardia Civil","category":"Guardia Civil"}},{"type":"Feature","geometry":{"type":"Point","coordinates":[-2.83997,37.54339]},"properties":{"id":"ed061f99","name":"Guardia Civil","category":"Guardia Civil"}},{"type":"Feature","geometry":{"type":"Point","coordinates":[-3.35858,36.96279]},"properties":{"id":"fd9a3ea8","name":"Guardia Civil","category":"Guardia Civil"}},{"type":"Feature","geometry":{"type":"Point","coordinates":[-3.35736,36.72266]},"properties":{"id":"e6116a22","name":"Guardia Civil","category":"Guardia Civil"}},{"type":"Feature","geometry":{"type":"Point","coordinates":[-3.40053,37.09458]},"properties":{"id":"226e071c","name":"Guardia Civil","category":"Guardia Civil"}},{"type":"Feature","geometry":{"type":"Point","coordinates":[-3.52006,36.74355]},"properties":{"id":"c4bb1495","name":"Guardia Civil","category":"Guardia Civil"}},{"type":"Feature","geometry":{"type":"Point","coordinates":[-3.67279,37.13238]},"properties":{"id":"b78fe4c5","name":"Guardia Civil Las Gabias","category":"Guardia Civil"}},{"type":"Feature","geometry":{"type":"Point","coordinates":[-3.51319,36.74024]},"properties":{"id":"4db413cd","name":"Guardia Civil Tráfico","category":"Guardia Civil"}},{"type":"Feature","geometry":{"type":"Point","coordinates":[-3.65364,37.23144]},"properties":{"id":"815b87e1","name":"Guardia Civil de Albolote","category":"Guardia Civil"}},{"type":"Feature","geometry":{"type":"Point","coordinates":[-3.68183,37.22453]},"properties":{"id":"0d5d0a56","name":"Guardia Civil de Atarfe","category":"Guardia Civil"}},{"type":"Feature","geometry":{"type":"Point","coordinates":[-3.78777,37.34077]},"properties":{"id":"872efabe","name":"Guardia Civil de Moclín","category":"Guardia Civil"}},{"type":"Feature","geometry":{"type":"Point","coordinates":[-73.70477,3.54085]},"properties":{"id":"c5d46da4","name":"CARRERA 12 No 13A-08","category":"Hospital"}},{"type":"Feature","geometry":{"type":"Point","coordinates":[-73.70429,3.54044]},"properties":{"id":"31ace998","name":"CENTRO DE ESPECIALISTAS GRANADA","category":"Hospital"}},{"type":"Feature","geometry":{"type":"Point","coordinates":[-73.7128,3.54664]},"properties":{"id":"546e1965","name":"CENTRO DE REHABILITACION INTEGRAL DE TERAPIAS EU CRIT EU","category":"Hospital"}},{"type":"Feature","geometry":{"type":"Point","coordinates":[-73.72184,3.48098]},"properties":{"id":"d3bea410","name":"CENTRO DE SALUD","category":"Hospital"}},{"type":"Feature","geometry":{"type":"Point","coordinates":[-73.7093,3.53982]},"properties":{"id":"2d0192de","name":"COMPAÑIA VITAL DE COLOMBIA S.A.S","category":"Hospital"}},{"type":"Feature","geometry":{"type":"Point","coordinates":[-3.60884,37.18924]},"properties":{"id":"7782b1c8","name":"Centro Regional de Tranfusión Sanguínea","category":"Hospital"}},{"type":"Feature","geometry":{"type":"Point","coordinates":[-3.60907,37.18925]},"properties":{"id":"b275cddb","name":"Centro de Consultas Externas","category":"Hospital"}},{"type":"Feature","geometry":{"type":"Point","coordinates":[-85.95056,11.94012]},"properties":{"id":"7aa48fb1","name":"Centro de Salud \"La Villa\"","category":"Hospital"}},{"type":"Feature","geometry":{"type":"Point","coordinates":[-73.70942,3.53999]},"properties":{"id":"6a4d6d86","name":"Cruz Roja Colombiana Seccional Meta.","category":"Hospital"}},{"type":"Feature","geometry":{"type":"Point","coordinates":[-73.71095,3.55611]},"properties":{"id":"e0546b7d","name":"Drogueria la 30","category":"Hospital"}},{"type":"Feature","geometry":{"type":"Point","coordinates":[-73.69922,3.54388]},"properties":{"id":"7dee68a8","name":"ESE PRIMER NIVEL GRANADA SALUD","category":"Hospital"}},{"type":"Feature","geometry":{"type":"Point","coordinates":[-73.69708,3.54738]},"properties":{"id":"c929b78c","name":"Hospital Departamental","category":"Hospital"}},{"type":"Feature","geometry":{"type":"Point","coordinates":[-3.60545,37.18778]},"properties":{"id":"9527e2db","name":"Hospital Doctor Olóriz","category":"Hospital"}},{"type":"Feature","geometry":{"type":"Point","coordinates":[-3.60966,37.18817]},"properties":{"id":"e9b7ba5b","name":"Hospital General del Hospital Universitario Virgen de las Nieves","category":"Hospital"}},{"type":"Feature","geometry":{"type":"Point","coordinates":[-85.9662,11.93587]},"properties":{"id":"3a7f90ba","name":"Hospital Granada","category":"Hospital"}},{"type":"Feature","geometry":{"type":"Point","coordinates":[-3.60805,37.1642]},"properties":{"id":"3690c8f9","name":"Hospital HLA Inmaculada","category":"Hospital"}},{"type":"Feature","geometry":{"type":"Point","coordinates":[-85.97715,11.93735]},"properties":{"id":"67ca5311","name":"Hospital Japón-Nicaragua","category":"Hospital"}},{"type":"Feature","geometry":{"type":"Point","coordinates":[-3.61076,37.18884]},"properties":{"id":"7b554074","name":"Hospital Materno-Infantil del Hospital Universitario Virgen de las Nieves","category":"Hospital"}},{"type":"Feature","geometry":{"type":"Point","coordinates":[-3.52052,36.75513]},"properties":{"id":"25e1111c","name":"Hospital Santa Ana","category":"Hospital"}},{"type":"Feature","geometry":{"type":"Point","coordinates":[-3.6054,37.14645]},"properties":{"id":"a9235f45","name":"Hospital Universitario Clínico San Cecilio","category":"Hospital"}},{"type":"Feature","geometry":{"type":"Point","coordinates":[-3.60723,37.1929]},"properties":{"id":"070b9a09","name":"Hospital Universitario Virgen de las Nieves","category":"Hospital"}},{"type":"Feature","geometry":{"type":"Point","coordinates":[-3.14539,37.30988]},"properties":{"id":"bc9a6b12","name":"Hospital de Alta Resolución de Guadix","category":"Hospital"}},{"type":"Feature","geometry":{"type":"Point","coordinates":[-4.1545,37.17093]},"properties":{"id":"7e7907f0","name":"Hospital de Alta Resolución de Loja","category":"Hospital"}},{"type":"Feature","geometry":{"type":"Point","coordinates":[-2.75221,37.50031]},"properties":{"id":"d4944fcc","name":"Hospital de Baza","category":"Hospital"}},{"type":"Feature","geometry":{"type":"Point","coordinates":[-3.60741,37.19301]},"properties":{"id":"ed01519c","name":"Hospital de Neurotraumatología y Rehabilitación","category":"Hospital"}},{"type":"Feature","geometry":{"type":"Point","coordinates":[-3.60332,37.18045]},"properties":{"id":"1b651cfa","name":"Hospital de San Juan de Dios","category":"Hospital"}},{"type":"Feature","geometry":{"type":"Point","coordinates":[-3.60311,37.181]},"properties":{"id":"bb53d52c","name":"Hospital de San Rafael","category":"Hospital"}},{"type":"Feature","geometry":{"type":"Point","coordinates":[-73.70734,3.54368]},"properties":{"id":"e9171d2e","name":"IPS EDEN SALUD S.A.S","category":"Hospital"}},{"type":"Feature","geometry":{"type":"Point","coordinates":[-73.70664,3.53963]},"properties":{"id":"ec8f19be","name":"IPS GRANADA","category":"Hospital"}},{"type":"Feature","geometry":{"type":"Point","coordinates":[-73.70689,3.54012]},"properties":{"id":"1ca470ad","name":"IPS METSALUD S.A.S GRANADA / ESTABLECIMIENTO PENITENCIARIO DE MEDIANA SEGURIDAD Y CARCELARIO DE GRANADA","category":"Hospital"}},{"type":"Feature","geometry":{"type":"Point","coordinates":[-73.70861,3.53968]},"properties":{"id":"c4ed25ab","name":"LUZ SORAYA ANGEL ANGEL EU","category":"Hospital"}},{"type":"Feature","geometry":{"type":"Point","coordinates":[-73.70952,3.53974]},"properties":{"id":"ccbb513b","name":"NODILAB IPS GRANADA SEDE 3/ CLINICA GRANADA","category":"Hospital"}},{"type":"Feature","geometry":{"type":"Point","coordinates":[-73.70817,3.53793]},"properties":{"id":"7a338506","name":"NODILAB IPS GRANADA/ CENTRAL DE ESPECIALISTAS GRANADA","category":"Hospital"}},{"type":"Feature","geometry":{"type":"Point","coordinates":[-73.70909,3.54564]},"properties":{"id":"3050bdbb","name":"OPTICA DR. MEJIA DEL ARIARI","category":"Hospital"}},{"type":"Feature","geometry":{"type":"Point","coordinates":[-73.7075,3.54271]},"properties":{"id":"c1b0dd97","name":"OPTICA VISION SIGLO XXI E.U.","category":"Hospital"}},{"type":"Feature","geometry":{"type":"Point","coordinates":[-73.70762,3.54287]},"properties":{"id":"2fd24684","name":"ORTOSONRISA GRANADA","category":"Hospital"}},{"type":"Feature","geometry":{"type":"Point","coordinates":[-73.70542,3.53928]},"properties":{"id":"2977d1bf","name":"PROINTEGRA GRANADA","category":"Hospital"}},{"type":"Feature","geometry":{"type":"Point","coordinates":[-73.70456,3.5359]},"properties":{"id":"e688a589","name":"REHABILITAR I.P.S. GRANADA","category":"Hospital"}},{"type":"Feature","geometry":{"type":"Point","coordinates":[-73.70847,3.54041]},"properties":{"id":"9f089c12","name":"SALVADOR SALUD E.U SEDE SALUDCOOP GRANADA No. 2","category":"Hospital"}},{"type":"Feature","geometry":{"type":"Point","coordinates":[-73.69895,3.54596]},"properties":{"id":"21a3cec6","name":"SALVADOR SALUD SEDE GRANADA","category":"Hospital"}},{"type":"Feature","geometry":{"type":"Point","coordinates":[-73.70772,3.54024]},"properties":{"id":"93fed01f","name":"SER CONDUCTOR Granada","category":"Hospital"}},{"type":"Feature","geometry":{"type":"Point","coordinates":[-73.70917,3.53968]},"properties":{"id":"326ac028","name":"VITAL IPS GRANADA","category":"Hospital"}},{"type":"Feature","geometry":{"type":"Point","coordinates":[-3.57274,37.1647]},"properties":{"id":"56c8bd99","name":"Vithas Granada","category":"Hospital"}},{"type":"Feature","geometry":{"type":"Point","coordinates":[-85.96448,11.93122]},"properties":{"id":"9f4bcb07","name":"pnc Granada","category":"Hospital"}},{"type":"Feature","geometry":{"type":"Point","coordinates":[-3.68701,37.2362]},"properties":{"id":"e3ac7c56","name":"Ermita de los Tres Juanes","category":"Iglesia"}},{"type":"Feature","geometry":{"type":"Point","coordinates":[-3.1271,37.31375]},"properties":{"id":"10c58642","name":"Iglesia Corazon de Jesus","category":"Iglesia"}},{"type":"Feature","geometry":{"type":"Point","coordinates":[-3.85816,37.2494]},"properties":{"id":"a046739f","name":"Iglesia Nuestra Señora del Carmen","category":"Iglesia"}},{"type":"Feature","geometry":{"type":"Point","coordinates":[-3.57877,36.83565]},"properties":{"id":"c2dcc48e","name":"Iglesia de San Antonio de Padua","category":"Iglesia"}},{"type":"Feature","geometry":{"type":"Point","coordinates":[-3.72289,37.18517]},"properties":{"id":"1cc9b60f","name":"Iglesia del Perpetuo Socorro","category":"Iglesia"}},{"type":"Feature","geometry":{"type":"Point","coordinates":[-3.60619,37.10469]},"properties":{"id":"b83315e2","name":"Iglésia de Nuestra Señora de la Paz","category":"Iglesia"}},{"type":"Feature","geometry":{"type":"Point","coordinates":[-3.47678,37.15573]},"properties":{"id":"4cd0e267","name":"Nuestra Señora de Gracia","category":"Iglesia"}},{"type":"Feature","geometry":{"type":"Point","coordinates":[-74.35128,4.51902]},"properties":{"id":"e1872abf","name":"Parroquia Nuestra Señora del Carmen","category":"Iglesia"}},{"type":"Feature","geometry":{"type":"Point","coordinates":[-3.59422,37.20491]},"properties":{"id":"2f31d2b7","name":"Parroquia San Juan Bautista","category":"Iglesia"}},{"type":"Feature","geometry":{"type":"Point","coordinates":[-3.82176,37.07036]},"properties":{"id":"ed87293f","name":"iglesia parroquial de San Isidro Labrador","category":"Iglesia"}},{"type":"Feature","geometry":{"type":"Point","coordinates":[-3.60055,37.1646]},"properties":{"id":"16b60286","name":"Alcázar del Genil","category":"Jardín"}},{"type":"Feature","geometry":{"type":"Point","coordinates":[-3.60526,37.16322]},"properties":{"id":"27e330b4","name":"Bosque de los Sentidos","category":"Jardín"}},{"type":"Feature","geometry":{"type":"Point","coordinates":[-3.5852,37.17803]},"properties":{"id":"456117ad","name":"Jardines Altos","category":"Jardín"}},{"type":"Feature","geometry":{"type":"Point","coordinates":[-3.5853,37.17703]},"properties":{"id":"cf5a5d8c","name":"Jardines Bajos","category":"Jardín"}},{"type":"Feature","geometry":{"type":"Point","coordinates":[-3.08363,36.99555]},"properties":{"id":"ece7f6e1","name":"Jardines Casa de Isabella","category":"Jardín"}},{"type":"Feature","geometry":{"type":"Point","coordinates":[-3.59464,37.17866]},"properties":{"id":"97bc4450","name":"Jardines del Carmen de los Cipreses","category":"Jardín"}},{"type":"Feature","geometry":{"type":"Point","coordinates":[-3.58843,37.17675]},"properties":{"id":"dabd262a","name":"Jardines del Partal","category":"Jardín"}},{"type":"Feature","geometry":{"type":"Point","coordinates":[-3.53117,37.2602]},"properties":{"id":"e0196506","name":"Jardín Botánico \"Arboretum\"","category":"Jardín"}},{"type":"Feature","geometry":{"type":"Point","coordinates":[-3.3878,37.09582]},"properties":{"id":"7909210b","name":"Jardín Botánico Universitario de Sierra Nevada","category":"Jardín"}},{"type":"Feature","geometry":{"type":"Point","coordinates":[-3.51737,36.7403]},"properties":{"id":"eb622e5b","name":"Jardín Botánico de Cactus y Suculentas Teresa","category":"Jardín"}},{"type":"Feature","geometry":{"type":"Point","coordinates":[-3.60217,37.17772]},"properties":{"id":"13440bea","name":"Jardín Botánico de la Universidad de Granada","category":"Jardín"}},{"type":"Feature","geometry":{"type":"Point","coordinates":[-3.58972,37.18215]},"properties":{"id":"1476dfb6","name":"Jardín Encantado","category":"Jardín"}},{"type":"Feature","geometry":{"type":"Point","coordinates":[-3.51805,36.8316]},"properties":{"id":"dc623b84","name":"Jardín Nazarí","category":"Jardín"}},{"type":"Feature","geometry":{"type":"Point","coordinates":[-3.54088,36.97612]},"properties":{"id":"1cf756d8","name":"Jardín Romantico de la Casa Zayas","category":"Jardín"}},{"type":"Feature","geometry":{"type":"Point","coordinates":[-3.60442,37.16142]},"properties":{"id":"fb9833fb","name":"Jardín de Astronomía","category":"Jardín"}},{"type":"Feature","geometry":{"type":"Point","coordinates":[-3.59165,37.17687]},"properties":{"id":"81dbfce7","name":"Jardín de los Adarves","category":"Jardín"}},{"type":"Feature","geometry":{"type":"Point","coordinates":[-3.58705,37.17641]},"properties":{"id":"7c9c14db","name":"Jardín del Convento de San Francisco","category":"Jardín"}},{"type":"Feature","geometry":{"type":"Point","coordinates":[-3.44172,36.6956]},"properties":{"id":"380e5c32","name":"Palmetum","category":"Jardín"}},{"type":"Feature","geometry":{"type":"Point","coordinates":[-3.4356,36.69543]},"properties":{"id":"70d53424","name":"Palmetum Castillo de Carchuna","category":"Jardín"}},{"type":"Feature","geometry":{"type":"Point","coordinates":[-3.58923,37.17742]},"properties":{"id":"6354edf0","name":"Patio de Lindaraja","category":"Jardín"}},{"type":"Feature","geometry":{"type":"Point","coordinates":[-3.59021,37.17736]},"properties":{"id":"470add46","name":"Patio de Machuca","category":"Jardín"}},{"type":"Feature","geometry":{"type":"Point","coordinates":[-3.58557,37.17803]},"properties":{"id":"86ab1a55","name":"Patio de la Acequia","category":"Jardín"}},{"type":"Feature","geometry":{"type":"Point","coordinates":[-3.58949,37.17749]},"properties":{"id":"aad0bd98","name":"Patio de la Reja","category":"Jardín"}},{"type":"Feature","geometry":{"type":"Point","coordinates":[-3.58971,37.17727]},"properties":{"id":"45aa8846","name":"Patio de los Arrayanes","category":"Jardín"}},{"type":"Feature","geometry":{"type":"Point","coordinates":[-3.58552,37.17823]},"properties":{"id":"573c53e8","name":"Patio del Ciprés de la Sultana","category":"Jardín"}},{"type":"Feature","geometry":{"type":"Point","coordinates":[-3.60467,37.16284]},"properties":{"id":"0f0e0756","name":"Recorridos Botánicos","category":"Jardín"}},{"type":"Feature","geometry":{"type":"Point","coordinates":[-3.52111,36.73911]},"properties":{"id":"a4baae2b","name":"Rotonda Ron Montero","category":"Jardín"}},{"type":"Feature","geometry":{"type":"Point","coordinates":[-3.5328,36.72512]},"properties":{"id":"36754697","name":"Arrahman","category":"Lugar de Culto"}},{"type":"Feature","geometry":{"type":"Point","coordinates":[-3.51554,36.74349]},"properties":{"id":"32bca998","name":"Asamblea Cristiana en Elche","category":"Lugar de Culto"}},{"type":"Feature","geometry":{"type":"Point","coordinates":[-3.603,37.1806]},"properties":{"id":"cc02a3ba","name":"Basílica de San Juan de Dios","category":"Lugar de Culto"}},{"type":"Feature","geometry":{"type":"Point","coordinates":[-3.42722,37.30531]},"properties":{"id":"a6405cd6","name":"Cabaña del Santo Manuel","category":"Lugar de Culto"}},{"type":"Feature","geometry":{"type":"Point","coordinates":[-85.94876,11.92201]},"properties":{"id":"a1e6ee9b","name":"Calcutas","category":"Lugar de Culto"}},{"type":"Feature","geometry":{"type":"Point","coordinates":[-3.59421,37.17299]},"properties":{"id":"8de59de3","name":"Camarín de Nuestra Señora del Rosario","category":"Lugar de Culto"}},{"type":"Feature","geometry":{"type":"Point","coordinates":[-85.96366,11.92812]},"properties":{"id":"92dcf3ee","name":"Capilla María Auxilliadora","category":"Lugar de Culto"}},{"type":"Feature","geometry":{"type":"Point","coordinates":[-3.5986,37.17619]},"properties":{"id":"47599514","name":"Capilla Real","category":"Lugar de Culto"}},{"type":"Feature","geometry":{"type":"Point","coordinates":[-3.69057,36.76244]},"properties":{"id":"361ff527","name":"Capilla de la Virgen Madre","category":"Lugar de Culto"}},{"type":"Feature","geometry":{"type":"Point","coordinates":[-2.52621,37.76326]},"properties":{"id":"4ef80273","name":"Capilla de la Virgen del Pilar","category":"Lugar de Culto"}},{"type":"Feature","geometry":{"type":"Point","coordinates":[-2.54016,37.81466]},"properties":{"id":"55d526ca","name":"Capilla de las Santas","category":"Lugar de Culto"}},{"type":"Feature","geometry":{"type":"Point","coordinates":[-85.96503,11.92282]},"properties":{"id":"caf9a3e6","name":"Capilla de Ánimas","category":"Lugar de Culto"}},{"type":"Feature","geometry":{"type":"Point","coordinates":[-3.71414,37.18953]},"properties":{"id":"2d85e1ef","name":"Casa Hermandad del Santísimo Cristo de la Salud","category":"Lugar de Culto"}},{"type":"Feature","geometry":{"type":"Point","coordinates":[-85.96471,11.92213]},"properties":{"id":"4f182532","name":"Casa de Oración","category":"Lugar de Culto"}},{"type":"Feature","geometry":{"type":"Point","coordinates":[-73.71292,3.50547]},"properties":{"id":"54574a6d","name":"Casa de retiros San José","category":"Lugar de Culto"}},{"type":"Feature","geometry":{"type":"Point","coordinates":[-85.95323,11.92983]},"properties":{"id":"cb3c9044","name":"Catedral de Granada","category":"Lugar de Culto"}},{"type":"Feature","geometry":{"type":"Point","coordinates":[-3.59903,37.17645]},"properties":{"id":"c672500e","name":"Catedral de Granada","category":"Lugar de Culto"}},{"type":"Feature","geometry":{"type":"Point","coordinates":[-3.13621,37.30126]},"properties":{"id":"4bb37031","name":"Catedral de la Encarnación de Guadix","category":"Lugar de Culto"}},{"type":"Feature","geometry":{"type":"Point","coordinates":[-85.95375,11.94441]},"properties":{"id":"9d729d43","name":"Centro Evangelistico Puerta del Cielo","category":"Lugar de Culto"}},{"type":"Feature","geometry":{"type":"Point","coordinates":[-3.60624,37.15411]},"properties":{"id":"7342f6c0","name":"Centro Parroquial San Juan María de Vianney","category":"Lugar de Culto"}},{"type":"Feature","geometry":{"type":"Point","coordinates":[-2.54031,37.80981]},"properties":{"id":"449961f5","name":"Colegiata de Santa María la Mayor","category":"Lugar de Culto"}},{"type":"Feature","geometry":{"type":"Point","coordinates":[-3.52253,36.74719]},"properties":{"id":"60dad604","name":"Comunidad Agustinas Recoletas Nazarenas","category":"Lugar de Culto"}},{"type":"Feature","geometry":{"type":"Point","coordinates":[-3.63328,37.14728]},"properties":{"id":"9b3e8c5f","name":"Comunidad de Fe","category":"Lugar de Culto"}},{"type":"Feature","geometry":{"type":"Point","coordinates":[-3.59148,37.18125]},"properties":{"id":"02987166","name":"Convento Santo Tomas de Villanueva","category":"Lugar de Culto"}},{"type":"Feature","geometry":{"type":"Point","coordinates":[-3.6026,37.17739]},"properties":{"id":"118dd218","name":"Convento de Nuestra Señora de la Piedad","category":"Lugar de Culto"}},{"type":"Feature","geometry":{"type":"Point","coordinates":[-3.13648,37.29927]},"properties":{"id":"52a1c1d7","name":"Convento de San Agustín","category":"Lugar de Culto"}},{"type":"Feature","geometry":{"type":"Point","coordinates":[-3.56385,37.13749]},"properties":{"id":"710139b0","name":"Convento de San Agustín","category":"Lugar de Culto"}},{"type":"Feature","geometry":{"type":"Point","coordinates":[-4.00484,37.32154]},"properties":{"id":"7c8949a4","name":"Convento de San Antonio","category":"Lugar de Culto"}},{"type":"Feature","geometry":{"type":"Point","coordinates":[-3.60039,37.17268]},"properties":{"id":"f8641a4f","name":"Convento de San Antón","category":"Lugar de Culto"}},{"type":"Feature","geometry":{"type":"Point","coordinates":[-3.44468,37.1077]},"properties":{"id":"99ffccdd","name":"Convento de San Jerónimo","category":"Lugar de Culto"}},{"type":"Feature","geometry":{"type":"Point","coordinates":[-3.59714,37.17503]},"properties":{"id":"640b5633","name":"Convento de San José de Carmelitas Descalzas","category":"Lugar de Culto"}},{"type":"Feature","geometry":{"type":"Point","coordinates":[-3.5963,37.18116]},"properties":{"id":"bb3f468e","name":"Convento de Santa Isabel la Real","category":"Lugar de Culto"}},{"type":"Feature","geometry":{"type":"Point","coordinates":[-2.77383,37.49195]},"properties":{"id":"a6a47105","name":"Convento de Santo Domingo","category":"Lugar de Culto"}},{"type":"Feature","geometry":{"type":"Point","coordinates":[-3.13695,37.30012]},"properties":{"id":"02ef84b2","name":"Convento de la Concepción","category":"Lugar de Culto"}},{"type":"Feature","geometry":{"type":"Point","coordinates":[-3.60142,37.17892]},"properties":{"id":"4e734cc4","name":"Convento de la Encarnación","category":"Lugar de Culto"}},{"type":"Feature","geometry":{"type":"Point","coordinates":[-3.59346,37.17206]},"properties":{"id":"ee14b8e3","name":"Convento de las Comendadoras de Santiago","category":"Lugar de Culto"}},{"type":"Feature","geometry":{"type":"Point","coordinates":[-2.53811,37.80802]},"properties":{"id":"08ea5a5a","name":"Convento de las Madres Dominicas","category":"Lugar de Culto"}},{"type":"Feature","geometry":{"type":"Point","coordinates":[-3.67761,36.78316]},"properties":{"id":"5ae4e692","name":"Cueva de la Virgen del Agua","category":"Lugar de Culto"}},{"type":"Feature","geometry":{"type":"Point","coordinates":[-3.52966,37.39141]},"properties":{"id":"25858d13","name":"Ermita","category":"Lugar de Culto"}},{"type":"Feature","geometry":{"type":"Point","coordinates":[-3.73167,36.72547]},"properties":{"id":"5877d682","name":"Ermita","category":"Lugar de Culto"}},{"type":"Feature","geometry":{"type":"Point","coordinates":[-3.60009,37.10169]},"properties":{"id":"f8b57239","name":"Ermita","category":"Lugar de Culto"}},{"type":"Feature","geometry":{"type":"Point","coordinates":[-4.04065,37.19711]},"properties":{"id":"860c26fd","name":"Ermita María Auxiladora","category":"Lugar de Culto"}},{"type":"Feature","geometry":{"type":"Point","coordinates":[-3.5925,37.06662]},"properties":{"id":"bd8e6a0e","name":"Ermita Nueva","category":"Lugar de Culto"}},{"type":"Feature","geometry":{"type":"Point","coordinates":[-3.15972,37.20674]},"properties":{"id":"2e373d7d","name":"Ermita Nueva","category":"Lugar de Culto"}},{"type":"Feature","geometry":{"type":"Point","coordinates":[-3.05545,36.86516]},"properties":{"id":"aac9c6ef","name":"Ermita San Marcos","category":"Lugar de Culto"}},{"type":"Feature","geometry":{"type":"Point","coordinates":[-3.56013,37.04434]},"properties":{"id":"6ee0808a","name":"Ermita Vieja","category":"Lugar de Culto"}},{"type":"Feature","geometry":{"type":"Point","coordinates":[-3.37734,36.76378]},"properties":{"id":"2c3c0a98","name":"Ermita Virgen de Fátima","category":"Lugar de Culto"}},{"type":"Feature","geometry":{"type":"Point","coordinates":[-3.63626,36.80422]},"properties":{"id":"da4cc91d","name":"Ermita Virgen de la Salud","category":"Lugar de Culto"}},{"type":"Feature","geometry":{"type":"Point","coordinates":[-3.77643,37.33796]},"properties":{"id":"9e15c4de","name":"Ermita Virgen de las Angustias","category":"Lugar de Culto"}},{"type":"Feature","geometry":{"type":"Point","coordinates":[-3.67087,37.13488]},"properties":{"id":"b0cef6aa","name":"Ermita Virgen de las Nieves","category":"Lugar de Culto"}},{"type":"Feature","geometry":{"type":"Point","coordinates":[-3.52864,37.38931]},"properties":{"id":"a25ddb0f","name":"Ermita Virgen de los Remedios","category":"Lugar de Culto"}},{"type":"Feature","geometry":{"type":"Point","coordinates":[-3.49362,37.48884]},"properties":{"id":"5cc952d8","name":"Ermita de Cañatabla","category":"Lugar de Culto"}},{"type":"Feature","geometry":{"type":"Point","coordinates":[-3.13222,36.96646]},"properties":{"id":"c2393a32","name":"Ermita de Fátima","category":"Lugar de Culto"}},{"type":"Feature","geometry":{"type":"Point","coordinates":[-3.33607,36.76329]},"properties":{"id":"27f662ef","name":"Ermita de Las Angustias","category":"Lugar de Culto"}},{"type":"Feature","geometry":{"type":"Point","coordinates":[-2.86242,37.78566]},"properties":{"id":"dc643ec2","name":"Ermita de Los Pedros","category":"Lugar de Culto"}},{"type":"Feature","geometry":{"type":"Point","coordinates":[-3.39838,37.55419]},"properties":{"id":"e48f0182","name":"Ermita de Nuestra Señora de Loreto","category":"Lugar de Culto"}},{"type":"Feature","geometry":{"type":"Point","coordinates":[-2.54086,37.80922]},"properties":{"id":"968f1749","name":"Ermita de Nuestra Señora de la Aurora","category":"Lugar de Culto"}},{"type":"Feature","geometry":{"type":"Point","coordinates":[-3.05412,36.96437]},"properties":{"id":"61ed29e6","name":"Ermita de Nuestra Señora de la Aurora","category":"Lugar de Culto"}},{"type":"Feature","geometry":{"type":"Point","coordinates":[-3.5022,37.57579]},"properties":{"id":"d88f0554","name":"Ermita de Nuestra Señora de la Cabeza","category":"Lugar de Culto"}},{"type":"Feature","geometry":{"type":"Point","coordinates":[-3.64726,37.14204]},"properties":{"id":"2e8c7185","name":"Ermita de Nuestra Señora de la Cabeza","category":"Lugar de Culto"}},{"type":"Feature","geometry":{"type":"Point","coordinates":[-3.52602,36.75219]},"properties":{"id":"688a59d5","name":"Ermita de Nuestra Señora de las Angustias","category":"Lugar de Culto"}},{"type":"Feature","geometry":{"type":"Point","coordinates":[-3.51635,37.22061]},"properties":{"id":"a3f9ae6b","name":"Ermita de Nuestra Señora de los Dolores","category":"Lugar de Culto"}},{"type":"Feature","geometry":{"type":"Point","coordinates":[-3.7224,37.22854]},"properties":{"id":"31c6b6c0","name":"Ermita de Nuestra Señora del Carmen","category":"Lugar de Culto"}},{"type":"Feature","geometry":{"type":"Point","coordinates":[-2.99285,37.1826]},"properties":{"id":"3a6d49d3","name":"Ermita de San Andrés","category":"Lugar de Culto"}},{"type":"Feature","geometry":{"type":"Point","coordinates":[-3.44557,37.31356]},"properties":{"id":"e8599e88","name":"Ermita de San Antonio","category":"Lugar de Culto"}},{"type":"Feature","geometry":{"type":"Point","coordinates":[-3.11525,37.17582]},"properties":{"id":"94b49256","name":"Ermita de San Antonio","category":"Lugar de Culto"}},{"type":"Feature","geometry":{"type":"Point","coordinates":[-3.2448,37.57897]},"properties":{"id":"b860a681","name":"Ermita de San Antonio","category":"Lugar de Culto"}},{"type":"Feature","geometry":{"type":"Point","coordinates":[-3.26623,37.00256]},"properties":{"id":"3f6d4983","name":"Ermita de San Antonio","category":"Lugar de Culto"}},{"type":"Feature","geometry":{"type":"Point","coordinates":[-3.13573,37.2293]},"properties":{"id":"a176215f","name":"Ermita de San Antonio","category":"Lugar de Culto"}},{"type":"Feature","geometry":{"type":"Point","coordinates":[-3.51864,36.75659]},"properties":{"id":"0e3547f8","name":"Ermita de San Antonio","category":"Lugar de Culto"}},{"type":"Feature","geometry":{"type":"Point","coordinates":[-3.568,36.77164]},"properties":{"id":"4ac29323","name":"Ermita de San Antonio de Padua","category":"Lugar de Culto"}},{"type":"Feature","geometry":{"type":"Point","coordinates":[-2.48226,37.72047]},"properties":{"id":"30d8ecc4","name":"Ermita de San Antón","category":"Lugar de Culto"}},{"type":"Feature","geometry":{"type":"Point","coordinates":[-2.439,37.96129]},"properties":{"id":"94aa3eb1","name":"Ermita de San Antón","category":"Lugar de Culto"}},{"type":"Feature","geometry":{"type":"Point","coordinates":[-3.14418,37.30219]},"properties":{"id":"120ee292","name":"Ermita de San Antón","category":"Lugar de Culto"}},{"type":"Feature","geometry":{"type":"Point","coordinates":[-3.28792,37.27485]},"properties":{"id":"dda75551","name":"Ermita de San Antón","category":"Lugar de Culto"}},{"type":"Feature","geometry":{"type":"Point","coordinates":[-3.0484,36.96281]},"properties":{"id":"36376c97","name":"Ermita de San Antón","category":"Lugar de Culto"}},{"type":"Feature","geometry":{"type":"Point","coordinates":[-3.53955,36.92706]},"properties":{"id":"8e5c26f4","name":"Ermita de San Antón","category":"Lugar de Culto"}},{"type":"Feature","geometry":{"type":"Point","coordinates":[-3.78342,37.34076]},"properties":{"id":"5cbdf7ac","name":"Ermita de San Antón","category":"Lugar de Culto"}},{"type":"Feature","geometry":{"type":"Point","coordinates":[-2.55506,37.74291]},"properties":{"id":"29e9072b","name":"Ermita de San Antón","category":"Lugar de Culto"}},{"type":"Feature","geometry":{"type":"Point","coordinates":[-3.17887,36.93996]},"properties":{"id":"67e0db93","name":"Ermita de San Blas","category":"Lugar de Culto"}},{"type":"Feature","geometry":{"type":"Point","coordinates":[-3.09583,37.25675]},"properties":{"id":"145cf036","name":"Ermita de San Buenaventura","category":"Lugar de Culto"}},{"type":"Feature","geometry":{"type":"Point","coordinates":[-3.40313,36.75111]},"properties":{"id":"112ad59c","name":"Ermita de San Cayetano","category":"Lugar de Culto"}},{"type":"Feature","geometry":{"type":"Point","coordinates":[-3.28587,37.27284]},"properties":{"id":"891a8490","name":"Ermita de San Francisco","category":"Lugar de Culto"}},{"type":"Feature","geometry":{"type":"Point","coordinates":[-2.4368,37.96375]},"properties":{"id":"57cc245c","name":"Ermita de San Gregorio","category":"Lugar de Culto"}},{"type":"Feature","geometry":{"type":"Point","coordinates":[-3.16433,37.23854]},"properties":{"id":"86b53d02","name":"Ermita de San Gregorio","category":"Lugar de Culto"}},{"type":"Feature","geometry":{"type":"Point","coordinates":[-3.05894,37.17843]},"properties":{"id":"e4803498","name":"Ermita de San Gregorio","category":"Lugar de Culto"}},{"type":"Feature","geometry":{"type":"Point","coordinates":[-4.20719,37.15399]},"properties":{"id":"1c3c1cd5","name":"Ermita de San Isidro","category":"Lugar de Culto"}},{"type":"Feature","geometry":{"type":"Point","coordinates":[-3.49742,36.91705]},"properties":{"id":"8b4eb022","name":"Ermita de San Isidro","category":"Lugar de Culto"}},{"type":"Feature","geometry":{"type":"Point","coordinates":[-2.54153,37.71662]},"properties":{"id":"431e5ef0","name":"Ermita de San Isidro Labrador","category":"Lugar de Culto"}},{"type":"Feature","geometry":{"type":"Point","coordinates":[-2.65668,37.70397]},"properties":{"id":"3f254a0e","name":"Ermita de San Isidro Labrador","category":"Lugar de Culto"}},{"type":"Feature","geometry":{"type":"Point","coordinates":[-2.43176,37.96278]},"properties":{"id":"bdaa3eb6","name":"Ermita de San José","category":"Lugar de Culto"}},{"type":"Feature","geometry":{"type":"Point","coordinates":[-3.37042,37.24028]},"properties":{"id":"838ccad5","name":"Ermita de San José","category":"Lugar de Culto"}},{"type":"Feature","geometry":{"type":"Point","coordinates":[-2.6138,37.7313]},"properties":{"id":"4c7c69c5","name":"Ermita de San Juan Bautista","category":"Lugar de Culto"}},{"type":"Feature","geometry":{"type":"Point","coordinates":[-3.60786,37.1862]},"properties":{"id":"984e3d37","name":"Ermita de San Juan de Letrán","category":"Lugar de Culto"}},{"type":"Feature","geometry":{"type":"Point","coordinates":[-3.07254,37.0001]},"properties":{"id":"c4cd4cbb","name":"Ermita de San Marcos","category":"Lugar de Culto"}},{"type":"Feature","geometry":{"type":"Point","coordinates":[-3.26384,36.84693]},"properties":{"id":"8dda2357","name":"Ermita de San Marcos","category":"Lugar de Culto"}},{"type":"Feature","geometry":{"type":"Point","coordinates":[-3.58754,37.18471]},"properties":{"id":"062cebf4","name":"Ermita de San Miguel Alto","category":"Lugar de Culto"}},{"type":"Feature","geometry":{"type":"Point","coordinates":[-3.51824,36.76077]},"properties":{"id":"f7e4d3e2","name":"Ermita de San Nicolás","category":"Lugar de Culto"}},{"type":"Feature","geometry":{"type":"Point","coordinates":[-3.58836,37.11748]},"properties":{"id":"81f370f9","name":"Ermita de San Pedro","category":"Lugar de Culto"}},{"type":"Feature","geometry":{"type":"Point","coordinates":[-3.1869,36.77237]},"properties":{"id":"1a40b81a","name":"Ermita de San Pedro","category":"Lugar de Culto"}},{"type":"Feature","geometry":{"type":"Point","coordinates":[-3.14116,37.6112]},"properties":{"id":"66211676","name":"Ermita de San Roque","category":"Lugar de Culto"}},{"type":"Feature","geometry":{"type":"Point","coordinates":[-3.48521,36.91816]},"properties":{"id":"3a336ce9","name":"Ermita de San Roque","category":"Lugar de Culto"}},{"type":"Feature","geometry":{"type":"Point","coordinates":[-2.47771,37.72609]},"properties":{"id":"fa603e84","name":"Ermita de San Sebastián","category":"Lugar de Culto"}},{"type":"Feature","geometry":{"type":"Point","coordinates":[-3.60004,37.16626]},"properties":{"id":"0d623632","name":"Ermita de San Sebastián","category":"Lugar de Culto"}},{"type":"Feature","geometry":{"type":"Point","coordinates":[-3.62802,37.02524]},"properties":{"id":"3c1722f9","name":"Ermita de San Sebastián","category":"Lugar de Culto"}},{"type":"Feature","geometry":{"type":"Point","coordinates":[-3.78498,37.3412]},"properties":{"id":"a5cd2d9e","name":"Ermita de San Sebastián","category":"Lugar de Culto"}},{"type":"Feature","geometry":{"type":"Point","coordinates":[-2.72479,37.43716]},"properties":{"id":"cb63b599","name":"Ermita de San Sebastián","category":"Lugar de Culto"}},{"type":"Feature","geometry":{"type":"Point","coordinates":[-3.42348,36.90456]},"properties":{"id":"7d4892e7","name":"Ermita de San Sebastián","category":"Lugar de Culto"}},{"type":"Feature","geometry":{"type":"Point","coordinates":[-3.47267,36.92084]},"properties":{"id":"0efeae38","name":"Ermita de San Sebastián","category":"Lugar de Culto"}},{"type":"Feature","geometry":{"type":"Point","coordinates":[-3.55658,36.90978]},"properties":{"id":"dca13ee2","name":"Ermita de San Sebastián","category":"Lugar de Culto"}},{"type":"Feature","geometry":{"type":"Point","coordinates":[-3.64344,37.10489]},"properties":{"id":"f471e62d","name":"Ermita de San Sebastián","category":"Lugar de Culto"}},{"type":"Feature","geometry":{"type":"Point","coordinates":[-3.57132,37.23193]},"properties":{"id":"dfca9a9a","name":"Ermita de San Sebastián","category":"Lugar de Culto"}},{"type":"Feature","geometry":{"type":"Point","coordinates":[-3.13905,37.388]},"properties":{"id":"6f9efee8","name":"Ermita de San Torcuato","category":"Lugar de Culto"}},{"type":"Feature","geometry":{"type":"Point","coordinates":[-3.69126,37.22299]},"properties":{"id":"e2139f87","name":"Ermita de Santa Ana","category":"Lugar de Culto"}},{"type":"Feature","geometry":{"type":"Point","coordinates":[-3.06035,36.86317]},"properties":{"id":"f29d5828","name":"Ermita de Santa Lucía","category":"Lugar de Culto"}},{"type":"Feature","geometry":{"type":"Point","coordinates":[-2.77976,37.49015]},"properties":{"id":"9e61d502","name":"Ermita de Santa Rita","category":"Lugar de Culto"}},{"type":"Feature","geometry":{"type":"Point","coordinates":[-2.64526,37.71512]},"properties":{"id":"56499c05","name":"Ermita de Santo Domingo de Guzmán","category":"Lugar de Culto"}},{"type":"Feature","geometry":{"type":"Point","coordinates":[-2.95322,37.17628]},"properties":{"id":"bdb0156b","name":"Ermita de la Presentación","category":"Lugar de Culto"}},{"type":"Feature","geometry":{"type":"Point","coordinates":[-3.10677,36.88896]},"properties":{"id":"a444039b","name":"Ermita de la Santa Cruz","category":"Lugar de Culto"}},{"type":"Feature","geometry":{"type":"Point","coordinates":[-3.79422,37.45778]},"properties":{"id":"4fdc65d9","name":"Ermita de la Santa Cruz","category":"Lugar de Culto"}},{"type":"Feature","geometry":{"type":"Point","coordinates":[-2.43949,37.9565]},"properties":{"id":"fcaea7ca","name":"Ermita de la Soledad","category":"Lugar de Culto"}},{"type":"Feature","geometry":{"type":"Point","coordinates":[-3.13766,37.1702]},"properties":{"id":"f2d121ca","name":"Ermita de la Torre Vieja","category":"Lugar de Culto"}},{"type":"Feature","geometry":{"type":"Point","coordinates":[-2.47647,37.50559]},"properties":{"id":"089a3fdf","name":"Ermita de la Virgen de Fátima","category":"Lugar de Culto"}},{"type":"Feature","geometry":{"type":"Point","coordinates":[-3.25229,36.9313]},"properties":{"id":"e75a0bc0","name":"Ermita de la Virgen de Fátima","category":"Lugar de Culto"}},{"type":"Feature","geometry":{"type":"Point","coordinates":[-3.05901,37.36952]},"properties":{"id":"ac7db73f","name":"Ermita de la Virgen de Fátima","category":"Lugar de Culto"}},{"type":"Feature","geometry":{"type":"Point","coordinates":[-3.38232,36.90884]},"properties":{"id":"13dc4843","name":"Ermita de la Virgen de Fátima","category":"Lugar de Culto"}},{"type":"Feature","geometry":{"type":"Point","coordinates":[-3.91042,36.93497]},"properties":{"id":"e0300b6c","name":"Ermita de la Virgen de Gracia","category":"Lugar de Culto"}},{"type":"Feature","geometry":{"type":"Point","coordinates":[-2.67019,37.68034]},"properties":{"id":"1d8ee6b1","name":"Ermita de la Virgen de Lourdes","category":"Lugar de Culto"}},{"type":"Feature","geometry":{"type":"Point","coordinates":[-3.64508,37.10752]},"properties":{"id":"6984f011","name":"Ermita de la Virgen de la Aurora","category":"Lugar de Culto"}},{"type":"Feature","geometry":{"type":"Point","coordinates":[-2.54947,37.74208]},"properties":{"id":"a16ed4dd","name":"Ermita de la Virgen de la Cabeza","category":"Lugar de Culto"}},{"type":"Feature","geometry":{"type":"Point","coordinates":[-2.51422,37.72707]},"properties":{"id":"9fd493eb","name":"Ermita de la Virgen de la Cabeza","category":"Lugar de Culto"}},{"type":"Feature","geometry":{"type":"Point","coordinates":[-3.03601,37.16406]},"properties":{"id":"56f9bbfd","name":"Ermita de la Virgen de la Cabeza","category":"Lugar de Culto"}},{"type":"Feature","geometry":{"type":"Point","coordinates":[-2.67705,37.79681]},"properties":{"id":"c08f36c9","name":"Ermita de la Virgen de la Merced","category":"Lugar de Culto"}},{"type":"Feature","geometry":{"type":"Point","coordinates":[-3.30668,36.94103]},"properties":{"id":"5e3aaeee","name":"Ermita de la Virgen de las Angustias","category":"Lugar de Culto"}},{"type":"Feature","geometry":{"type":"Point","coordinates":[-3.82211,37.13424]},"properties":{"id":"89ec057a","name":"Ermita de la Virgen del Carmen","category":"Lugar de Culto"}},{"type":"Feature","geometry":{"type":"Point","coordinates":[-3.78659,37.33899]},"properties":{"id":"27c83b8b","name":"Ermita de la Virgen del Rosario","category":"Lugar de Culto"}},{"type":"Feature","geometry":{"type":"Point","coordinates":[-3.52623,36.92182]},"properties":{"id":"105eee2f","name":"Ermita de las Angustias","category":"Lugar de Culto"}},{"type":"Feature","geometry":{"type":"Point","coordinates":[-2.43515,37.95708]},"properties":{"id":"e022ab71","name":"Ermita de las Santas","category":"Lugar de Culto"}},{"type":"Feature","geometry":{"type":"Point","coordinates":[-2.51844,37.96335]},"properties":{"id":"e9cd9237","name":"Ermita de las Santas Mártires del Monte","category":"Lugar de Culto"}},{"type":"Feature","geometry":{"type":"Point","coordinates":[-3.062,36.86919]},"properties":{"id":"30c71524","name":"Ermita de las Ánimas","category":"Lugar de Culto"}},{"type":"Feature","geometry":{"type":"Point","coordinates":[-3.15703,36.97923]},"properties":{"id":"7394bdc4","name":"Ermita de las Ánimas","category":"Lugar de Culto"}},{"type":"Feature","geometry":{"type":"Point","coordinates":[-3.10648,37.26915]},"properties":{"id":"8b94bbb3","name":"Ermita de las Ánimas","category":"Lugar de Culto"}},{"type":"Feature","geometry":{"type":"Point","coordinates":[-3.15924,37.18513]},"properties":{"id":"9082fa0b","name":"Ermita de las Ánimas","category":"Lugar de Culto"}},{"type":"Feature","geometry":{"type":"Point","coordinates":[-3.233,36.93365]},"properties":{"id":"4d0028cd","name":"Ermita de las Ánimas Benditas","category":"Lugar de Culto"}},{"type":"Feature","geometry":{"type":"Point","coordinates":[-2.76978,37.65422]},"properties":{"id":"e54bcbab","name":"Ermita de los Antos Médicos","category":"Lugar de Culto"}},{"type":"Feature","geometry":{"type":"Point","coordinates":[-3.15376,36.98462]},"properties":{"id":"f2d9cf20","name":"Ermita de los Remedios","category":"Lugar de Culto"}},{"type":"Feature","geometry":{"type":"Point","coordinates":[-3.98713,36.99678]},"properties":{"id":"9b4d2bbd","name":"Ermita de los Ángeles","category":"Lugar de Culto"}},{"type":"Feature","geometry":{"type":"Point","coordinates":[-3.582,37.1204]},"properties":{"id":"c3fe0f4c","name":"Ermita del Calvario","category":"Lugar de Culto"}},{"type":"Feature","geometry":{"type":"Point","coordinates":[-2.55232,37.8154]},"properties":{"id":"a1c01fb4","name":"Ermita del Calvario","category":"Lugar de Culto"}},{"type":"Feature","geometry":{"type":"Point","coordinates":[-4.01305,37.32243]},"properties":{"id":"18356758","name":"Ermita del Carmen","category":"Lugar de Culto"}},{"type":"Feature","geometry":{"type":"Point","coordinates":[-3.71414,37.18958]},"properties":{"id":"55e0f8c3","name":"Ermita del Cristo de la Salud","category":"Lugar de Culto"}},{"type":"Feature","geometry":{"type":"Point","coordinates":[-3.70061,37.17865]},"properties":{"id":"9df08e18","name":"Ermita del Cristo de las Cañas","category":"Lugar de Culto"}},{"type":"Feature","geometry":{"type":"Point","coordinates":[-3.50928,37.18838]},"properties":{"id":"7cd046e0","name":"Ermita del Cristo del Almecí","category":"Lugar de Culto"}},{"type":"Feature","geometry":{"type":"Point","coordinates":[-3.76272,37.06077]},"properties":{"id":"bec4ae6c","name":"Ermita del Cristo del Rescate","category":"Lugar de Culto"}},{"type":"Feature","geometry":{"type":"Point","coordinates":[-3.38819,36.92105]},"properties":{"id":"8a28e84f","name":"Ermita del Padre Eterno","category":"Lugar de Culto"}},{"type":"Feature","geometry":{"type":"Point","coordinates":[-3.55903,37.4537]},"properties":{"id":"ef201117","name":"Ermita del Sagrado Corazón de Jesús","category":"Lugar de Culto"}},{"type":"Feature","geometry":{"type":"Point","coordinates":[-3.55406,36.94667]},"properties":{"id":"5045113e","name":"Ermita del Santo Cristo de Talará","category":"Lugar de Culto"}},{"type":"Feature","geometry":{"type":"Point","coordinates":[-2.4413,37.9605]},"properties":{"id":"8e44ba73","name":"Ermita del Santo Ángel","category":"Lugar de Culto"}},{"type":"Feature","geometry":{"type":"Point","coordinates":[-3.47147,36.91448]},"properties":{"id":"174570d0","name":"Ermita del Tajo de la Cruz","category":"Lugar de Culto"}},{"type":"Feature","geometry":{"type":"Point","coordinates":[-2.54995,37.81237]},"properties":{"id":"e6f1075e","name":"Ermita del Ángel","category":"Lugar de Culto"}},{"type":"Feature","geometry":{"type":"Point","coordinates":[-3.49449,37.02034]},"properties":{"id":"2705b7ea","name":"Ermita nueva de Manuel Vílchez","category":"Lugar de Culto"}},{"type":"Feature","geometry":{"type":"Point","coordinates":[-73.72187,3.48049]},"properties":{"id":"4f7da23b","name":"IGLESIA","category":"Lugar de Culto"}},{"type":"Feature","geometry":{"type":"Point","coordinates":[-73.72263,3.4815]},"properties":{"id":"bba16f48","name":"IGLESIA","category":"Lugar de Culto"}},{"type":"Feature","geometry":{"type":"Point","coordinates":[-85.96089,11.92357]},"properties":{"id":"6f2aa20a","name":"Iglesia Adventista","category":"Lugar de Culto"}},{"type":"Feature","geometry":{"type":"Point","coordinates":[-85.96325,11.92472]},"properties":{"id":"964a4d4a","name":"Iglesia Adventista 7 Dia","category":"Lugar de Culto"}},{"type":"Feature","geometry":{"type":"Point","coordinates":[-85.95909,11.91501]},"properties":{"id":"6c59856a","name":"Iglesia Bautista","category":"Lugar de Culto"}},{"type":"Feature","geometry":{"type":"Point","coordinates":[-85.94589,11.92804]},"properties":{"id":"a6e92b1f","name":"Iglesia Bautista Fundamental Palabra Viva","category":"Lugar de Culto"}},{"type":"Feature","geometry":{"type":"Point","coordinates":[-3.61333,37.17961]},"properties":{"id":"3c860d4d","name":"Iglesia Capítulo 29","category":"Lugar de Culto"}},{"type":"Feature","geometry":{"type":"Point","coordinates":[-3.99162,36.9998]},"properties":{"id":"f30f998d","name":"Iglesia Convento de San Diego","category":"Lugar de Culto"}},{"type":"Feature","geometry":{"type":"Point","coordinates":[-3.59985,37.16987]},"properties":{"id":"1fa21a6a","name":"Iglesia Conventual del Santo Ángel Custodio","category":"Lugar de Culto"}},{"type":"Feature","geometry":{"type":"Point","coordinates":[-3.59951,37.15556]},"properties":{"id":"2762bd4d","name":"Iglesia Corpus Cristi","category":"Lugar de Culto"}},{"type":"Feature","geometry":{"type":"Point","coordinates":[-3.04877,36.96469]},"properties":{"id":"5d8cc521","name":"Iglesia Cristiana Evangélica Ugíjar","category":"Lugar de Culto"}},{"type":"Feature","geometry":{"type":"Point","coordinates":[-85.95118,11.93098]},"properties":{"id":"0dcda7c4","name":"Iglesia Cristiana Jesús es mi Paz","category":"Lugar de Culto"}},{"type":"Feature","geometry":{"type":"Point","coordinates":[-85.96224,11.9236]},"properties":{"id":"65f38706","name":"Iglesia Cristo","category":"Lugar de Culto"}},{"type":"Feature","geometry":{"type":"Point","coordinates":[-3.27909,36.81833]},"properties":{"id":"8df27729","name":"Iglesia De San Roque","category":"Lugar de Culto"}},{"type":"Feature","geometry":{"type":"Point","coordinates":[-3.59486,37.16821]},"properties":{"id":"c9009809","name":"Iglesia Escolapios","category":"Lugar de Culto"}},{"type":"Feature","geometry":{"type":"Point","coordinates":[-85.96494,11.91359]},"properties":{"id":"84f97359","name":"Iglesia Evangelica Pentecostés Roca de Salvación","category":"Lugar de Culto"}},{"type":"Feature","geometry":{"type":"Point","coordinates":[-3.61226,37.1887]},"properties":{"id":"8d41de9d","name":"Iglesia Evangélica Belén","category":"Lugar de Culto"}},{"type":"Feature","geometry":{"type":"Point","coordinates":[-3.51869,36.7542]},"properties":{"id":"2eabb413","name":"Iglesia Evangélica Filadelfia","category":"Lugar de Culto"}},{"type":"Feature","geometry":{"type":"Point","coordinates":[-3.7715,37.20358]},"properties":{"id":"196bc566","name":"Iglesia Evangélica de Chauchina","category":"Lugar de Culto"}},{"type":"Feature","geometry":{"type":"Point","coordinates":[-3.68865,37.22543]},"properties":{"id":"baee80a9","name":"Iglesia Evangélica de Filadelfia","category":"Lugar de Culto"}},{"type":"Feature","geometry":{"type":"Point","coordinates":[-3.1335,37.30531]},"properties":{"id":"e756e9df","name":"Iglesia Evangélica de Guadix","category":"Lugar de Culto"}},{"type":"Feature","geometry":{"type":"Point","coordinates":[-3.59233,37.16656]},"properties":{"id":"63f83e0c","name":"Iglesia Evangélica de San Pablo","category":"Lugar de Culto"}},{"type":"Feature","geometry":{"type":"Point","coordinates":[-3.68371,37.22666]},"properties":{"id":"ce0964cd","name":"Iglesia Inmaculada Concepción","category":"Lugar de Culto"}},{"type":"Feature","geometry":{"type":"Point","coordinates":[-3.56609,36.98826]},"properties":{"id":"3f74459b","name":"Iglesia Inmaculada Concepción","category":"Lugar de Culto"}},{"type":"Feature","geometry":{"type":"Point","coordinates":[-3.58861,37.15645]},"properties":{"id":"aef315c8","name":"Iglesia Inmaculada Niña","category":"Lugar de Culto"}},{"type":"Feature","geometry":{"type":"Point","coordinates":[-85.95059,11.94539]},"properties":{"id":"b07fe5f1","name":"Iglesia Jesucristo es el Señor","category":"Lugar de Culto"}},{"type":"Feature","geometry":{"type":"Point","coordinates":[-2.77485,37.49029]},"properties":{"id":"1e0afda6","name":"Iglesia Mayor","category":"Lugar de Culto"}},{"type":"Feature","geometry":{"type":"Point","coordinates":[-3.98632,37.00365]},"properties":{"id":"0059e4b2","name":"Iglesia Mayor de la Encarnación","category":"Lugar de Culto"}},{"type":"Feature","geometry":{"type":"Point","coordinates":[-85.96146,11.92284]},"properties":{"id":"93593d0a","name":"Iglesia Movimiento Evangelistico Pentecostal","category":"Lugar de Culto"}},{"type":"Feature","geometry":{"type":"Point","coordinates":[-3.55356,37.16354]},"properties":{"id":"a0909219","name":"Iglesia Nuestra Señora de Fátima","category":"Lugar de Culto"}},{"type":"Feature","geometry":{"type":"Point","coordinates":[-3.0637,37.18158]},"properties":{"id":"5a581c96","name":"Iglesia Nuestra Señora de la Anunciación","category":"Lugar de Culto"}},{"type":"Feature","geometry":{"type":"Point","coordinates":[-3.60947,37.1192]},"properties":{"id":"4c006b17","name":"Iglesia Nuestra Señora de la Cabeza","category":"Lugar de Culto"}},{"type":"Feature","geometry":{"type":"Point","coordinates":[-3.51556,36.83265]},"properties":{"id":"222c24be","name":"Iglesia Nuestra Señora del Rosario","category":"Lugar de Culto"}},{"type":"Feature","geometry":{"type":"Point","coordinates":[-3.2969,36.79549]},"properties":{"id":"68f269e5","name":"Iglesia Parroquial","category":"Lugar de Culto"}},{"type":"Feature","geometry":{"type":"Point","coordinates":[-3.42427,36.90092]},"properties":{"id":"33b09485","name":"Iglesia Parroquial \"Nuestra Señora de la Expectación\"","category":"Lugar de Culto"}},{"type":"Feature","geometry":{"type":"Point","coordinates":[-4.22882,37.27137]},"properties":{"id":"2e4cde66","name":"Iglesia Parroquial Fuentes de Cesna","category":"Lugar de Culto"}},{"type":"Feature","geometry":{"type":"Point","coordinates":[-3.35997,36.96122]},"properties":{"id":"7c845cda","name":"Iglesia Parroquial Nuestra Señora de la Cabeza","category":"Lugar de Culto"}},{"type":"Feature","geometry":{"type":"Point","coordinates":[-3.63902,36.79957]},"properties":{"id":"9aa5acdc","name":"Iglesia Parroquial Nuestra Señora del Carmen","category":"Lugar de Culto"}},{"type":"Feature","geometry":{"type":"Point","coordinates":[-4.04751,37.19468]},"properties":{"id":"f3ce6a36","name":"Iglesia Parroquial Santa Isabel","category":"Lugar de Culto"}},{"type":"Feature","geometry":{"type":"Point","coordinates":[-3.10317,37.58991]},"properties":{"id":"23e5bffb","name":"Iglesia Parroquial de Nuestra Señora de la Anunciación","category":"Lugar de Culto"}},{"type":"Feature","geometry":{"type":"Point","coordinates":[-3.04451,37.47917]},"properties":{"id":"dbd8be6b","name":"Iglesia Parroquial de Nuestra Señora de la Anunciación","category":"Lugar de Culto"}},{"type":"Feature","geometry":{"type":"Point","coordinates":[-2.77305,37.65551]},"properties":{"id":"16efb656","name":"Iglesia Parroquial de Nuestra Señora de la Anunciación","category":"Lugar de Culto"}},{"type":"Feature","geometry":{"type":"Point","coordinates":[-3.26021,37.41935]},"properties":{"id":"87f1959a","name":"Iglesia Parroquial de Nuestra Señora de la Anunciación","category":"Lugar de Culto"}},{"type":"Feature","geometry":{"type":"Point","coordinates":[-2.94847,37.17598]},"properties":{"id":"52ad4bd2","name":"Iglesia Parroquial de Nuestra Señora de la Anunciación","category":"Lugar de Culto"}},{"type":"Feature","geometry":{"type":"Point","coordinates":[-3.29299,37.35027]},"properties":{"id":"d12bec4d","name":"Iglesia Parroquial de Nuestra Señora de la Anunciación","category":"Lugar de Culto"}},{"type":"Feature","geometry":{"type":"Point","coordinates":[-3.24373,37.58181]},"properties":{"id":"0fbdf603","name":"Iglesia Parroquial de Nuestra Señora de la Asunción","category":"Lugar de Culto"}},{"type":"Feature","geometry":{"type":"Point","coordinates":[-4.0108,37.21392]},"properties":{"id":"2d102087","name":"Iglesia Parroquial de Nuestra Señora de la Aurora","category":"Lugar de Culto"}},{"type":"Feature","geometry":{"type":"Point","coordinates":[-3.46508,37.19278]},"properties":{"id":"a721cdd3","name":"Iglesia Parroquial de Nuestra Señora de la Encarnación","category":"Lugar de Culto"}},{"type":"Feature","geometry":{"type":"Point","coordinates":[-3.52093,36.74571]},"properties":{"id":"009714d7","name":"Iglesia Parroquial de Nuestra Señora de la Encarnación","category":"Lugar de Culto"}},{"type":"Feature","geometry":{"type":"Point","coordinates":[-3.20576,37.28099]},"properties":{"id":"1cadd9c6","name":"Iglesia Parroquial de Nuestra Señora de la Paz","category":"Lugar de Culto"}},{"type":"Feature","geometry":{"type":"Point","coordinates":[-3.87768,37.11714]},"properties":{"id":"c3e62e91","name":"Iglesia Parroquial de Nuestra Señora de la Paz","category":"Lugar de Culto"}},{"type":"Feature","geometry":{"type":"Point","coordinates":[-3.76142,37.06223]},"properties":{"id":"08c615cc","name":"Iglesia Parroquial de Nuestra Señora del Rosario","category":"Lugar de Culto"}},{"type":"Feature","geometry":{"type":"Point","coordinates":[-3.35719,36.94879]},"properties":{"id":"d1ce9102","name":"Iglesia Parroquial de Nuestra Señora del Rosario","category":"Lugar de Culto"}},{"type":"Feature","geometry":{"type":"Point","coordinates":[-3.821,37.13259]},"properties":{"id":"9509f671","name":"Iglesia Parroquial de Nuestra Señora del Rosario","category":"Lugar de Culto"}},{"type":"Feature","geometry":{"type":"Point","coordinates":[-3.60675,37.22322]},"properties":{"id":"265f6998","name":"Iglesia Parroquial de Nuestra Señora del Rosario","category":"Lugar de Culto"}},{"type":"Feature","geometry":{"type":"Point","coordinates":[-3.83451,37.19587]},"properties":{"id":"de1107e4","name":"Iglesia Parroquial de Nuestra Señora del Rosario","category":"Lugar de Culto"}},{"type":"Feature","geometry":{"type":"Point","coordinates":[-2.86317,37.73667]},"properties":{"id":"d615ac8c","name":"Iglesia Parroquial de Nuestra Señora del Rosario","category":"Lugar de Culto"}},{"type":"Feature","geometry":{"type":"Point","coordinates":[-3.21277,36.92958]},"properties":{"id":"ae85fac5","name":"Iglesia Parroquial de San Agustín","category":"Lugar de Culto"}},{"type":"Feature","geometry":{"type":"Point","coordinates":[-3.50488,37.57308]},"properties":{"id":"cc3c9ea2","name":"Iglesia Parroquial de San Andrés","category":"Lugar de Culto"}},{"type":"Feature","geometry":{"type":"Point","coordinates":[-3.6686,36.79693]},"properties":{"id":"94dfe28a","name":"Iglesia Parroquial de San Antonio","category":"Lugar de Culto"}},{"type":"Feature","geometry":{"type":"Point","coordinates":[-3.2335,37.25745]},"properties":{"id":"5a592869","name":"Iglesia Parroquial de San Antonio de Padua","category":"Lugar de Culto"}},{"type":"Feature","geometry":{"type":"Point","coordinates":[-3.26494,37.00048]},"properties":{"id":"d3f14d7e","name":"Iglesia Parroquial de San Benito","category":"Lugar de Culto"}},{"type":"Feature","geometry":{"type":"Point","coordinates":[-3.00599,37.00132]},"properties":{"id":"597d4102","name":"Iglesia Parroquial de San Cecilio","category":"Lugar de Culto"}},{"type":"Feature","geometry":{"type":"Point","coordinates":[-3.5822,36.92987]},"properties":{"id":"98fe5481","name":"Iglesia Parroquial de San Cristóbal","category":"Lugar de Culto"}},{"type":"Feature","geometry":{"type":"Point","coordinates":[-3.29484,36.93767]},"properties":{"id":"bfb1ba6e","name":"Iglesia Parroquial de San Felipe y Santiago","category":"Lugar de Culto"}},{"type":"Feature","geometry":{"type":"Point","coordinates":[-3.65798,37.2569]},"properties":{"id":"4e817550","name":"Iglesia Parroquial de San Isidro Labrador","category":"Lugar de Culto"}},{"type":"Feature","geometry":{"type":"Point","coordinates":[-3.08306,36.99593]},"properties":{"id":"8a51af0f","name":"Iglesia Parroquial de San José","category":"Lugar de Culto"}},{"type":"Feature","geometry":{"type":"Point","coordinates":[-3.66564,37.17235]},"properties":{"id":"d838bcc8","name":"Iglesia Parroquial de San José","category":"Lugar de Culto"}},{"type":"Feature","geometry":{"type":"Point","coordinates":[-3.35641,37.50462]},"properties":{"id":"b64100fc","name":"Iglesia Parroquial de San José","category":"Lugar de Culto"}},{"type":"Feature","geometry":{"type":"Point","coordinates":[-3.21094,36.8273]},"properties":{"id":"ace596f4","name":"Iglesia Parroquial de San Luis Rey","category":"Lugar de Culto"}},{"type":"Feature","geometry":{"type":"Point","coordinates":[-3.4085,36.92337]},"properties":{"id":"f616a7e8","name":"Iglesia Parroquial de San Marcos","category":"Lugar de Culto"}},{"type":"Feature","geometry":{"type":"Point","coordinates":[-3.32349,36.92894]},"properties":{"id":"a1ba1f72","name":"Iglesia Parroquial de San Marcos y San Cayetano","category":"Lugar de Culto"}},{"type":"Feature","geometry":{"type":"Point","coordinates":[-3.59427,37.3258]},"properties":{"id":"c10a3d09","name":"Iglesia Parroquial de San Martín","category":"Lugar de Culto"}},{"type":"Feature","geometry":{"type":"Point","coordinates":[-3.62337,37.14621]},"properties":{"id":"89586691","name":"Iglesia Parroquial de San Miguel","category":"Lugar de Culto"}},{"type":"Feature","geometry":{"type":"Point","coordinates":[-3.15477,36.98271]},"properties":{"id":"f37ca971","name":"Iglesia Parroquial de San Miguel Arcángel","category":"Lugar de Culto"}},{"type":"Feature","geometry":{"type":"Point","coordinates":[-3.32604,36.93604]},"properties":{"id":"82c581d3","name":"Iglesia Parroquial de San Roque","category":"Lugar de Culto"}},{"type":"Feature","geometry":{"type":"Point","coordinates":[-3.08852,37.55749]},"properties":{"id":"2f2f1939","name":"Iglesia Parroquial de Santa Ana","category":"Lugar de Culto"}},{"type":"Feature","geometry":{"type":"Point","coordinates":[-3.42781,36.92639]},"properties":{"id":"bed069b5","name":"Iglesia Parroquial de Santa Ana","category":"Lugar de Culto"}},{"type":"Feature","geometry":{"type":"Point","coordinates":[-3.03642,37.17259]},"properties":{"id":"9fdedc1b","name":"Iglesia Parroquial de la Anunciación","category":"Lugar de Culto"}},{"type":"Feature","geometry":{"type":"Point","coordinates":[-2.99134,37.17922]},"properties":{"id":"b8497fbc","name":"Iglesia Parroquial de la Anunciación","category":"Lugar de Culto"}},{"type":"Feature","geometry":{"type":"Point","coordinates":[-3.13797,37.16856]},"properties":{"id":"a3e612c8","name":"Iglesia Parroquial de la Anunciación","category":"Lugar de Culto"}},{"type":"Feature","geometry":{"type":"Point","coordinates":[-3.57029,37.23677]},"properties":{"id":"8093dfa0","name":"Iglesia Parroquial de la Asunción","category":"Lugar de Culto"}},{"type":"Feature","geometry":{"type":"Point","coordinates":[-3.71903,37.18941]},"properties":{"id":"188230c2","name":"Iglesia Parroquial de la Encarnación","category":"Lugar de Culto"}},{"type":"Feature","geometry":{"type":"Point","coordinates":[-3.78503,37.21998]},"properties":{"id":"5bc6dea3","name":"Iglesia Parroquial de la Encarnación","category":"Lugar de Culto"}},{"type":"Feature","geometry":{"type":"Point","coordinates":[-3.05702,36.86424]},"properties":{"id":"b1f894bf","name":"Iglesia Parroquial de la Encarnación","category":"Lugar de Culto"}},{"type":"Feature","geometry":{"type":"Point","coordinates":[-3.722,37.10169]},"properties":{"id":"060e99dd","name":"Iglesia Parroquial de la Inmaculada Concepción","category":"Lugar de Culto"}},{"type":"Feature","geometry":{"type":"Point","coordinates":[-3.31152,36.9343]},"properties":{"id":"f5852c85","name":"Iglesia Parroquial de la Virgen de Gracia","category":"Lugar de Culto"}},{"type":"Feature","geometry":{"type":"Point","coordinates":[-3.17531,37.41346]},"properties":{"id":"11277bbe","name":"Iglesia Parroquial de la Virgen de los Dolores","category":"Lugar de Culto"}},{"type":"Feature","geometry":{"type":"Point","coordinates":[-3.61573,37.48225]},"properties":{"id":"85bf892b","name":"Iglesia Parroquial del Cristo de la Expiración","category":"Lugar de Culto"}},{"type":"Feature","geometry":{"type":"Point","coordinates":[-3.80691,37.08485]},"properties":{"id":"9b98bc6b","name":"Iglesia Parroquial del Sagrado Corazón de Jesús","category":"Lugar de Culto"}},{"type":"Feature","geometry":{"type":"Point","coordinates":[-3.90372,37.18005]},"properties":{"id":"bfbb68cc","name":"Iglesia Parrroquial de San Isidro Labrador","category":"Lugar de Culto"}},{"type":"Feature","geometry":{"type":"Point","coordinates":[-85.94726,11.92825]},"properties":{"id":"2937726b","name":"Iglesia Pentecostal Unida Latinoamericana","category":"Lugar de Culto"}},{"type":"Feature","geometry":{"type":"Point","coordinates":[-3.54237,36.9272]},"properties":{"id":"ae938a7b","name":"Iglesia San Anton","category":"Lugar de Culto"}},{"type":"Feature","geometry":{"type":"Point","coordinates":[-3.48134,36.7286]},"properties":{"id":"4722c193","name":"Iglesia San Isidro","category":"Lugar de Culto"}},{"type":"Feature","geometry":{"type":"Point","coordinates":[-3.73805,36.73321]},"properties":{"id":"0eb4bb25","name":"Iglesia San José","category":"Lugar de Culto"}},{"type":"Feature","geometry":{"type":"Point","coordinates":[-3.59183,36.98933]},"properties":{"id":"b25bfefd","name":"Iglesia San Juan Bautista","category":"Lugar de Culto"}},{"type":"Feature","geometry":{"type":"Point","coordinates":[-85.95302,11.9371]},"properties":{"id":"32eecff1","name":"Iglesia San Juan Bosco","category":"Lugar de Culto"}},{"type":"Feature","geometry":{"type":"Point","coordinates":[-3.39095,36.74292]},"properties":{"id":"96d7fc01","name":"Iglesia San Miguel Arcángel","category":"Lugar de Culto"}},{"type":"Feature","geometry":{"type":"Point","coordinates":[-75.18661,6.14436]},"properties":{"id":"ceef7790","name":"Iglesia Santa Bárbara","category":"Lugar de Culto"}},{"type":"Feature","geometry":{"type":"Point","coordinates":[-4.14906,37.16521]},"properties":{"id":"aef64c54","name":"Iglesia Santa Catalina","category":"Lugar de Culto"}},{"type":"Feature","geometry":{"type":"Point","coordinates":[-85.9578,11.94221]},"properties":{"id":"5e18c9de","name":"Iglesia Vieja Ermita El Socorro","category":"Lugar de Culto"}},{"type":"Feature","geometry":{"type":"Point","coordinates":[-3.95711,37.18637]},"properties":{"id":"57c6aee3","name":"Iglesia Virgen de Loreto","category":"Lugar de Culto"}},{"type":"Feature","geometry":{"type":"Point","coordinates":[-3.59711,37.16993]},"properties":{"id":"602706cd","name":"Iglesia Virgen de las Angustias","category":"Lugar de Culto"}},{"type":"Feature","geometry":{"type":"Point","coordinates":[-3.44534,36.70132]},"properties":{"id":"00fe177a","name":"Iglesia Virgen de los Llanos y San Isidro Labrador","category":"Lugar de Culto"}},{"type":"Feature","geometry":{"type":"Point","coordinates":[-3.60058,36.74738]},"properties":{"id":"b86cca9b","name":"Iglesia Virgen del Carmen","category":"Lugar de Culto"}},{"type":"Feature","geometry":{"type":"Point","coordinates":[-3.67459,36.83528]},"properties":{"id":"e9964a8d","name":"Iglesia Virgen del Rosario","category":"Lugar de Culto"}},{"type":"Feature","geometry":{"type":"Point","coordinates":[-85.95082,11.94469]},"properties":{"id":"8841fb8f","name":"Iglesia de Cristo","category":"Lugar de Culto"}},{"type":"Feature","geometry":{"type":"Point","coordinates":[-85.94755,11.93032]},"properties":{"id":"b48b7116","name":"Iglesia de Guadalupe","category":"Lugar de Culto"}},{"type":"Feature","geometry":{"type":"Point","coordinates":[-3.62675,37.19786]},"properties":{"id":"a3e10af9","name":"Iglesia de Jesucristo de los Santos de los Últimos Días","category":"Lugar de Culto"}},{"type":"Feature","geometry":{"type":"Point","coordinates":[-3.48308,37.18625]},"properties":{"id":"a76afa8a","name":"Iglesia de La Inmaculada","category":"Lugar de Culto"}},{"type":"Feature","geometry":{"type":"Point","coordinates":[-85.95696,11.92944]},"properties":{"id":"fab5e397","name":"Iglesia de La Merced","category":"Lugar de Culto"}},{"type":"Feature","geometry":{"type":"Point","coordinates":[-3.6344,37.20733]},"properties":{"id":"49610f59","name":"Iglesia de Maracena","category":"Lugar de Culto"}},{"type":"Feature","geometry":{"type":"Point","coordinates":[-3.15068,36.97256]},"properties":{"id":"42db9d1e","name":"Iglesia de Nuestra Señora Araceli","category":"Lugar de Culto"}},{"type":"Feature","geometry":{"type":"Point","coordinates":[-2.95407,37.5313]},"properties":{"id":"cf0cfa49","name":"Iglesia de Nuestra Señora de Fátima","category":"Lugar de Culto"}},{"type":"Feature","geometry":{"type":"Point","coordinates":[-3.13453,37.29175]},"properties":{"id":"629a0e12","name":"Iglesia de Nuestra Señora de Fátima","category":"Lugar de Culto"}},{"type":"Feature","geometry":{"type":"Point","coordinates":[-3.60521,37.17304]},"properties":{"id":"922c671d","name":"Iglesia de Nuestra Señora de Gracia","category":"Lugar de Culto"}},{"type":"Feature","geometry":{"type":"Point","coordinates":[-3.58505,37.12083]},"properties":{"id":"5f4e1987","name":"Iglesia de Nuestra Señora de La Asunción","category":"Lugar de Culto"}},{"type":"Feature","geometry":{"type":"Point","coordinates":[-3.11622,37.17969]},"properties":{"id":"d0c91d49","name":"Iglesia de Nuestra Señora de la Anunciación","category":"Lugar de Culto"}},{"type":"Feature","geometry":{"type":"Point","coordinates":[-2.69877,37.60927]},"properties":{"id":"a256bbf5","name":"Iglesia de Nuestra Señora de la Anunciación","category":"Lugar de Culto"}},{"type":"Feature","geometry":{"type":"Point","coordinates":[-3.16024,37.22525]},"properties":{"id":"0f22e4e4","name":"Iglesia de Nuestra Señora de la Anunciación","category":"Lugar de Culto"}},{"type":"Feature","geometry":{"type":"Point","coordinates":[-3.15706,37.18433]},"properties":{"id":"76a3439e","name":"Iglesia de Nuestra Señora de la Anunciación","category":"Lugar de Culto"}},{"type":"Feature","geometry":{"type":"Point","coordinates":[-3.13707,37.60838]},"properties":{"id":"24609f86","name":"Iglesia de Nuestra Señora de la Anunciación","category":"Lugar de Culto"}},{"type":"Feature","geometry":{"type":"Point","coordinates":[-3.16967,37.29333]},"properties":{"id":"2c62da6c","name":"Iglesia de Nuestra Señora de la Anunciación","category":"Lugar de Culto"}},{"type":"Feature","geometry":{"type":"Point","coordinates":[-3.33221,37.32117]},"properties":{"id":"1f04a8c4","name":"Iglesia de Nuestra Señora de la Anunciación","category":"Lugar de Culto"}},{"type":"Feature","geometry":{"type":"Point","coordinates":[-3.2188,37.30395]},"properties":{"id":"05adb13f","name":"Iglesia de Nuestra Señora de la Anunciación","category":"Lugar de Culto"}},{"type":"Feature","geometry":{"type":"Point","coordinates":[-3.07276,37.16052]},"properties":{"id":"f39e37fb","name":"Iglesia de Nuestra Señora de la Anunciación","category":"Lugar de Culto"}},{"type":"Feature","geometry":{"type":"Point","coordinates":[-2.55054,37.74335]},"properties":{"id":"75065dfd","name":"Iglesia de Nuestra Señora de la Anunciación","category":"Lugar de Culto"}},{"type":"Feature","geometry":{"type":"Point","coordinates":[-2.96947,37.36921]},"properties":{"id":"f45dc65f","name":"Iglesia de Nuestra Señora de la Asunción","category":"Lugar de Culto"}},{"type":"Feature","geometry":{"type":"Point","coordinates":[-3.48242,36.91771]},"properties":{"id":"bc184d0b","name":"Iglesia de Nuestra Señora de la Encarnación","category":"Lugar de Culto"}},{"type":"Feature","geometry":{"type":"Point","coordinates":[-3.78642,37.34161]},"properties":{"id":"ef02bc2c","name":"Iglesia de Nuestra Señora de la Encarnación","category":"Lugar de Culto"}},{"type":"Feature","geometry":{"type":"Point","coordinates":[-3.68854,37.22267]},"properties":{"id":"47f76c47","name":"Iglesia de Nuestra Señora de la Encarnación","category":"Lugar de Culto"}},{"type":"Feature","geometry":{"type":"Point","coordinates":[-3.31106,36.94173]},"properties":{"id":"f4dc0b15","name":"Iglesia de Nuestra Señora de la Encarnación","category":"Lugar de Culto"}},{"type":"Feature","geometry":{"type":"Point","coordinates":[-3.51691,37.21828]},"properties":{"id":"97fb8eae","name":"Iglesia de Nuestra Señora de la Encarnación","category":"Lugar de Culto"}},{"type":"Feature","geometry":{"type":"Point","coordinates":[-3.63461,37.09374]},"properties":{"id":"5301361e","name":"Iglesia de Nuestra Señora de la Paz","category":"Lugar de Culto"}},{"type":"Feature","geometry":{"type":"Point","coordinates":[-2.5459,37.80813]},"properties":{"id":"7f398a83","name":"Iglesia de Nuestra Señora de la Soledad","category":"Lugar de Culto"}},{"type":"Feature","geometry":{"type":"Point","coordinates":[-3.60604,37.21935]},"properties":{"id":"d59618b4","name":"Iglesia de Nuestra Señora de los Remedios","category":"Lugar de Culto"}},{"type":"Feature","geometry":{"type":"Point","coordinates":[-3.16521,37.35204]},"properties":{"id":"d9129a86","name":"Iglesia de Nuestra Señora del Carmen","category":"Lugar de Culto"}},{"type":"Feature","geometry":{"type":"Point","coordinates":[-3.35593,36.7248]},"properties":{"id":"d70a601c","name":"Iglesia de Nuestra Señora del Carmen","category":"Lugar de Culto"}},{"type":"Feature","geometry":{"type":"Point","coordinates":[-3.55437,37.23096]},"properties":{"id":"172da8e8","name":"Iglesia de Nuestra Señora del Pilar","category":"Lugar de Culto"}},{"type":"Feature","geometry":{"type":"Point","coordinates":[-3.29928,36.87949]},"properties":{"id":"8b7aff0c","name":"Iglesia de Nuestra Señora del Rosario","category":"Lugar de Culto"}},{"type":"Feature","geometry":{"type":"Point","coordinates":[-3.01589,37.00868]},"properties":{"id":"914e969f","name":"Iglesia de Nuestra Señora del Rosario","category":"Lugar de Culto"}},{"type":"Feature","geometry":{"type":"Point","coordinates":[-3.5886,36.74323]},"properties":{"id":"4eaecc59","name":"Iglesia de Nuestra Señora del Rosario","category":"Lugar de Culto"}},{"type":"Feature","geometry":{"type":"Point","coordinates":[-3.20159,36.79141]},"properties":{"id":"934b29ca","name":"Iglesia de Nuestra Señora del Rosario","category":"Lugar de Culto"}},{"type":"Feature","geometry":{"type":"Point","coordinates":[-3.91006,36.93658]},"properties":{"id":"eea55b9f","name":"Iglesia de Nuestro Padre Jesús Nazareno","category":"Lugar de Culto"}},{"type":"Feature","geometry":{"type":"Point","coordinates":[-2.57322,37.58263]},"properties":{"id":"60273869","name":"Iglesia de San Agustín","category":"Lugar de Culto"}},{"type":"Feature","geometry":{"type":"Point","coordinates":[-3.60827,37.18792]},"properties":{"id":"58b49dcc","name":"Iglesia de San Agustín","category":"Lugar de Culto"}},{"type":"Feature","geometry":{"type":"Point","coordinates":[-3.59933,37.18114]},"properties":{"id":"c7e0f3d8","name":"Iglesia de San Andrés","category":"Lugar de Culto"}},{"type":"Feature","geometry":{"type":"Point","coordinates":[-3.2109,37.30373]},"properties":{"id":"8bdd48a0","name":"Iglesia de San Antonio","category":"Lugar de Culto"}},{"type":"Feature","geometry":{"type":"Point","coordinates":[-3.09789,36.90752]},"properties":{"id":"3ee103b8","name":"Iglesia de San Antonio","category":"Lugar de Culto"}},{"type":"Feature","geometry":{"type":"Point","coordinates":[-2.33811,37.98021]},"properties":{"id":"e40607d1","name":"Iglesia de San Antonio Abad","category":"Lugar de Culto"}},{"type":"Feature","geometry":{"type":"Point","coordinates":[-3.24074,37.23028]},"properties":{"id":"1a5ab1c0","name":"Iglesia de San Antonio de Padua","category":"Lugar de Culto"}},{"type":"Feature","geometry":{"type":"Point","coordinates":[-3.60047,37.17289]},"properties":{"id":"8a4dfc7e","name":"Iglesia de San Antón","category":"Lugar de Culto"}},{"type":"Feature","geometry":{"type":"Point","coordinates":[-3.54024,36.96762]},"properties":{"id":"a8e2c2da","name":"Iglesia de San Antón","category":"Lugar de Culto"}},{"type":"Feature","geometry":{"type":"Point","coordinates":[-3.06919,36.99705]},"properties":{"id":"fbc2a0f9","name":"Iglesia de San Antón","category":"Lugar de Culto"}},{"type":"Feature","geometry":{"type":"Point","coordinates":[-3.5942,37.18368]},"properties":{"id":"de91773d","name":"Iglesia de San Bartolomeo","category":"Lugar de Culto"}},{"type":"Feature","geometry":{"type":"Point","coordinates":[-3.01318,36.96747]},"properties":{"id":"3dc1b7ee","name":"Iglesia de San Bartolomé","category":"Lugar de Culto"}},{"type":"Feature","geometry":{"type":"Point","coordinates":[-3.26714,36.79399]},"properties":{"id":"6b6a6da6","name":"Iglesia de San Cayetano","category":"Lugar de Culto"}},{"type":"Feature","geometry":{"type":"Point","coordinates":[-3.59062,37.17352]},"properties":{"id":"0c51f32a","name":"Iglesia de San Cecilio","category":"Lugar de Culto"}},{"type":"Feature","geometry":{"type":"Point","coordinates":[-3.44086,36.74273]},"properties":{"id":"3b836f9e","name":"Iglesia de San Cecilio","category":"Lugar de Culto"}},{"type":"Feature","geometry":{"type":"Point","coordinates":[-3.59646,37.18356]},"properties":{"id":"fd93718e","name":"Iglesia de San Cristóbal","category":"Lugar de Culto"}},{"type":"Feature","geometry":{"type":"Point","coordinates":[-3.60579,37.1697]},"properties":{"id":"7b3ab64a","name":"Iglesia de San Francisco","category":"Lugar de Culto"}},{"type":"Feature","geometry":{"type":"Point","coordinates":[-3.59185,37.1895]},"properties":{"id":"e0e3ec9b","name":"Iglesia de San Francisco Javier","category":"Lugar de Culto"}},{"type":"Feature","geometry":{"type":"Point","coordinates":[-3.13277,37.3002]},"properties":{"id":"44a99221","name":"Iglesia de San Francisco de Asís","category":"Lugar de Culto"}},{"type":"Feature","geometry":{"type":"Point","coordinates":[-4.15091,37.16827]},"properties":{"id":"4285ca0d","name":"Iglesia de San Gabriel","category":"Lugar de Culto"}},{"type":"Feature","geometry":{"type":"Point","coordinates":[-3.59451,37.17748]},"properties":{"id":"4093adda","name":"Iglesia de San Gil y Santa Ana","category":"Lugar de Culto"}},{"type":"Feature","geometry":{"type":"Point","coordinates":[-3.59613,37.17822]},"properties":{"id":"4e375041","name":"Iglesia de San Gregorio","category":"Lugar de Culto"}},{"type":"Feature","geometry":{"type":"Point","coordinates":[-3.59275,37.18484]},"properties":{"id":"d12c72d2","name":"Iglesia de San Gregorio","category":"Lugar de Culto"}},{"type":"Feature","geometry":{"type":"Point","coordinates":[-3.59605,37.17804]},"properties":{"id":"26926d88","name":"Iglesia de San Gregorio Bético","category":"Lugar de Culto"}},{"type":"Feature","geometry":{"type":"Point","coordinates":[-3.59936,37.18383]},"properties":{"id":"9ba38b25","name":"Iglesia de San Ildefonso","category":"Lugar de Culto"}},{"type":"Feature","geometry":{"type":"Point","coordinates":[-3.62791,37.23109]},"properties":{"id":"179eb326","name":"Iglesia de San Ildefonso","category":"Lugar de Culto"}},{"type":"Feature","geometry":{"type":"Point","coordinates":[-3.59719,37.25703]},"properties":{"id":"a33dd59d","name":"Iglesia de San Ildefonso y Santa Cristina","category":"Lugar de Culto"}},{"type":"Feature","geometry":{"type":"Point","coordinates":[-3.6039,37.1874]},"properties":{"id":"a25ce570","name":"Iglesia de San Isidro","category":"Lugar de Culto"}},{"type":"Feature","geometry":{"type":"Point","coordinates":[-3.60409,37.17927]},"properties":{"id":"3039733a","name":"Iglesia de San Jerónimo","category":"Lugar de Culto"}},{"type":"Feature","geometry":{"type":"Point","coordinates":[-3.59619,37.17863]},"properties":{"id":"2c1ca8db","name":"Iglesia de San José","category":"Lugar de Culto"}},{"type":"Feature","geometry":{"type":"Point","coordinates":[-3.74108,37.19593]},"properties":{"id":"b579bfb6","name":"Iglesia de San José","category":"Lugar de Culto"}},{"type":"Feature","geometry":{"type":"Point","coordinates":[-3.68102,36.8149]},"properties":{"id":"b354c70b","name":"Iglesia de San José","category":"Lugar de Culto"}},{"type":"Feature","geometry":{"type":"Point","coordinates":[-3.29118,37.45282]},"properties":{"id":"c3cf4896","name":"Iglesia de San José","category":"Lugar de Culto"}},{"type":"Feature","geometry":{"type":"Point","coordinates":[-2.77626,37.49049]},"properties":{"id":"2ec246a0","name":"Iglesia de San Juan","category":"Lugar de Culto"}},{"type":"Feature","geometry":{"type":"Point","coordinates":[-3.19023,36.97555]},"properties":{"id":"a79b1ad2","name":"Iglesia de San Juan Bautista","category":"Lugar de Culto"}},{"type":"Feature","geometry":{"type":"Point","coordinates":[-3.54584,36.9507]},"properties":{"id":"01c5f62d","name":"Iglesia de San Juan Bautista","category":"Lugar de Culto"}},{"type":"Feature","geometry":{"type":"Point","coordinates":[-3.55977,36.94707]},"properties":{"id":"c29ab9e4","name":"Iglesia de San Juan Bautista","category":"Lugar de Culto"}},{"type":"Feature","geometry":{"type":"Point","coordinates":[-2.39505,37.59561]},"properties":{"id":"40f6d335","name":"Iglesia de San Juan Bautista","category":"Lugar de Culto"}},{"type":"Feature","geometry":{"type":"Point","coordinates":[-3.59182,37.17993]},"properties":{"id":"c3345456","name":"Iglesia de San Juan de los Reyes","category":"Lugar de Culto"}},{"type":"Feature","geometry":{"type":"Point","coordinates":[-3.58596,36.84079]},"properties":{"id":"c14d2d1f","name":"Iglesia de San Lorenzo","category":"Lugar de Culto"}},{"type":"Feature","geometry":{"type":"Point","coordinates":[-3.58487,37.12296]},"properties":{"id":"fc23edba","name":"Iglesia de San Luis","category":"Lugar de Culto"}},{"type":"Feature","geometry":{"type":"Point","coordinates":[-3.39947,36.88372]},"properties":{"id":"f4dbc5fd","name":"Iglesia de San Marcos","category":"Lugar de Culto"}},{"type":"Feature","geometry":{"type":"Point","coordinates":[-3.18938,37.31767]},"properties":{"id":"a8821c59","name":"Iglesia de San Martín","category":"Lugar de Culto"}},{"type":"Feature","geometry":{"type":"Point","coordinates":[-3.5965,37.1737]},"properties":{"id":"3c7075f6","name":"Iglesia de San Matías","category":"Lugar de Culto"}},{"type":"Feature","geometry":{"type":"Point","coordinates":[-3.10868,36.88695]},"properties":{"id":"71a3cbd5","name":"Iglesia de San Miguel","category":"Lugar de Culto"}},{"type":"Feature","geometry":{"type":"Point","coordinates":[-3.25362,36.93157]},"properties":{"id":"972cad1a","name":"Iglesia de San Miguel","category":"Lugar de Culto"}},{"type":"Feature","geometry":{"type":"Point","coordinates":[-3.139,37.30158]},"properties":{"id":"0ab25b35","name":"Iglesia de San Miguel","category":"Lugar de Culto"}},{"type":"Feature","geometry":{"type":"Point","coordinates":[-3.59348,37.1625]},"properties":{"id":"a734d0d1","name":"Iglesia de San Miguel Arcángel","category":"Lugar de Culto"}},{"type":"Feature","geometry":{"type":"Point","coordinates":[-3.59672,37.1807]},"properties":{"id":"e0acacd6","name":"Iglesia de San Miguel Bajo","category":"Lugar de Culto"}},{"type":"Feature","geometry":{"type":"Point","coordinates":[-3.59253,37.18134]},"properties":{"id":"91124ecc","name":"Iglesia de San Nicolás","category":"Lugar de Culto"}},{"type":"Feature","geometry":{"type":"Point","coordinates":[-3.58829,36.96646]},"properties":{"id":"30ea4a72","name":"Iglesia de San Pedro","category":"Lugar de Culto"}},{"type":"Feature","geometry":{"type":"Point","coordinates":[-3.43951,37.44222]},"properties":{"id":"8a85ad0c","name":"Iglesia de San Pedro Apóstol","category":"Lugar de Culto"}},{"type":"Feature","geometry":{"type":"Point","coordinates":[-3.59129,37.17854]},"properties":{"id":"aec071ef","name":"Iglesia de San Pedro y San Pablo","category":"Lugar de Culto"}},{"type":"Feature","geometry":{"type":"Point","coordinates":[-3.22518,36.94827]},"properties":{"id":"b51f6da4","name":"Iglesia de San Sebastián","category":"Lugar de Culto"}},{"type":"Feature","geometry":{"type":"Point","coordinates":[-3.89466,36.95805]},"properties":{"id":"47933bea","name":"Iglesia de San Sebastián","category":"Lugar de Culto"}},{"type":"Feature","geometry":{"type":"Point","coordinates":[-3.13741,36.95715]},"properties":{"id":"123aa9da","name":"Iglesia de San Sebastián","category":"Lugar de Culto"}},{"type":"Feature","geometry":{"type":"Point","coordinates":[-3.13566,37.30021]},"properties":{"id":"c0b8f9db","name":"Iglesia de San Torcuato","category":"Lugar de Culto"}},{"type":"Feature","geometry":{"type":"Point","coordinates":[-3.533,36.72471]},"properties":{"id":"64a00c14","name":"Iglesia de Santa Adela","category":"Lugar de Culto"}},{"type":"Feature","geometry":{"type":"Point","coordinates":[-4.06768,37.14886]},"properties":{"id":"9f96904f","name":"Iglesia de Santa Ana","category":"Lugar de Culto"}},{"type":"Feature","geometry":{"type":"Point","coordinates":[-3.132,37.29895]},"properties":{"id":"510123d3","name":"Iglesia de Santa Ana","category":"Lugar de Culto"}},{"type":"Feature","geometry":{"type":"Point","coordinates":[-3.60413,37.12374]},"properties":{"id":"ed9af9f1","name":"Iglesia de Santa Ana","category":"Lugar de Culto"}},{"type":"Feature","geometry":{"type":"Point","coordinates":[-3.60765,36.78687]},"properties":{"id":"32eb42cf","name":"Iglesia de Santa Ana","category":"Lugar de Culto"}},{"type":"Feature","geometry":{"type":"Point","coordinates":[-3.31177,36.7582]},"properties":{"id":"0eff7e27","name":"Iglesia de Santa Ana","category":"Lugar de Culto"}},{"type":"Feature","geometry":{"type":"Point","coordinates":[-3.5545,36.71686]},"properties":{"id":"a7516a9b","name":"Iglesia de Santa Josefina Bakhita","category":"Lugar de Culto"}},{"type":"Feature","geometry":{"type":"Point","coordinates":[-3.40545,36.92832]},"properties":{"id":"060ddc68","name":"Iglesia de Santa María La Mayor","category":"Lugar de Culto"}},{"type":"Feature","geometry":{"type":"Point","coordinates":[-3.58922,37.1764]},"properties":{"id":"b0899f8a","name":"Iglesia de Santa María de la Alhambra","category":"Lugar de Culto"}},{"type":"Feature","geometry":{"type":"Point","coordinates":[-2.47872,37.72199]},"properties":{"id":"ac22cae2","name":"Iglesia de Santa María de la Anunciación","category":"Lugar de Culto"}},{"type":"Feature","geometry":{"type":"Point","coordinates":[-2.90957,37.5286]},"properties":{"id":"c6165996","name":"Iglesia de Santa María de la Anunciación","category":"Lugar de Culto"}},{"type":"Feature","geometry":{"type":"Point","coordinates":[-3.10342,37.26732]},"properties":{"id":"84cd89f1","name":"Iglesia de Santa María de la Anunciación","category":"Lugar de Culto"}},{"type":"Feature","geometry":{"type":"Point","coordinates":[-2.45833,37.5818]},"properties":{"id":"62729617","name":"Iglesia de Santa María de la Asunción","category":"Lugar de Culto"}},{"type":"Feature","geometry":{"type":"Point","coordinates":[-2.43695,37.96165]},"properties":{"id":"8bb2c42f","name":"Iglesia de Santa María de la Quinta Angustia","category":"Lugar de Culto"}},{"type":"Feature","geometry":{"type":"Point","coordinates":[-3.13657,37.29945]},"properties":{"id":"310adc95","name":"Iglesia de Santa María de las Lágrimas","category":"Lugar de Culto"}},{"type":"Feature","geometry":{"type":"Point","coordinates":[-4.15796,37.32566]},"properties":{"id":"12057f89","name":"Iglesia de Santa María la Mayor","category":"Lugar de Culto"}},{"type":"Feature","geometry":{"type":"Point","coordinates":[-3.39948,37.55833]},"properties":{"id":"d39a83e7","name":"Iglesia de Santa María la Mayor","category":"Lugar de Culto"}},{"type":"Feature","geometry":{"type":"Point","coordinates":[-3.19227,36.96715]},"properties":{"id":"20fcd7e4","name":"Iglesia de Santa María la Mayor","category":"Lugar de Culto"}},{"type":"Feature","geometry":{"type":"Point","coordinates":[-3.56368,37.13713]},"properties":{"id":"da413c20","name":"Iglesia de Santa Rita","category":"Lugar de Culto"}},{"type":"Feature","geometry":{"type":"Point","coordinates":[-3.13554,37.29887]},"properties":{"id":"254ce565","name":"Iglesia de Santiago","category":"Lugar de Culto"}},{"type":"Feature","geometry":{"type":"Point","coordinates":[-2.53772,37.81051]},"properties":{"id":"9f3abf09","name":"Iglesia de Santiago","category":"Lugar de Culto"}},{"type":"Feature","geometry":{"type":"Point","coordinates":[-3.59907,37.1793]},"properties":{"id":"d32e5a93","name":"Iglesia de Santiago","category":"Lugar de Culto"}},{"type":"Feature","geometry":{"type":"Point","coordinates":[-2.77086,37.48964]},"properties":{"id":"1ee2e070","name":"Iglesia de Santiago","category":"Lugar de Culto"}},{"type":"Feature","geometry":{"type":"Point","coordinates":[-3.59744,36.93001]},"properties":{"id":"042b3d77","name":"Iglesia de Santiago Apóstol","category":"Lugar de Culto"}},{"type":"Feature","geometry":{"type":"Point","coordinates":[-3.1396,37.29989]},"properties":{"id":"872a508b","name":"Iglesia de Santo Domingo","category":"Lugar de Culto"}},{"type":"Feature","geometry":{"type":"Point","coordinates":[-3.59451,37.17298]},"properties":{"id":"349f05bc","name":"Iglesia de Santo Domingo","category":"Lugar de Culto"}},{"type":"Feature","geometry":{"type":"Point","coordinates":[-85.96089,11.92884]},"properties":{"id":"89c7427e","name":"Iglesia de Xalteva","category":"Lugar de Culto"}},{"type":"Feature","geometry":{"type":"Point","coordinates":[-3.33208,37.43978]},"properties":{"id":"97d15779","name":"Iglesia de la Anunciación","category":"Lugar de Culto"}},{"type":"Feature","geometry":{"type":"Point","coordinates":[-3.13336,37.22732]},"properties":{"id":"ff0bb8ad","name":"Iglesia de la Anunciación","category":"Lugar de Culto"}},{"type":"Feature","geometry":{"type":"Point","coordinates":[-3.09768,37.25643]},"properties":{"id":"6e56d1fd","name":"Iglesia de la Anunciación","category":"Lugar de Culto"}},{"type":"Feature","geometry":{"type":"Point","coordinates":[-3.57517,37.27368]},"properties":{"id":"52b6a071","name":"Iglesia de la Anunciación","category":"Lugar de Culto"}},{"type":"Feature","geometry":{"type":"Point","coordinates":[-3.28018,36.74618]},"properties":{"id":"b04f9641","name":"Iglesia de la Asunción","category":"Lugar de Culto"}},{"type":"Feature","geometry":{"type":"Point","coordinates":[-3.51461,36.74647]},"properties":{"id":"badba061","name":"Iglesia de la Divina Pastora","category":"Lugar de Culto"}},{"type":"Feature","geometry":{"type":"Point","coordinates":[-3.88174,37.28616]},"properties":{"id":"59d90465","name":"Iglesia de la Encarnaciòn","category":"Lugar de Culto"}},{"type":"Feature","geometry":{"type":"Point","coordinates":[-4.1524,37.16639]},"properties":{"id":"27a2bad8","name":"Iglesia de la Encarnación","category":"Lugar de Culto"}},{"type":"Feature","geometry":{"type":"Point","coordinates":[-3.65736,37.23092]},"properties":{"id":"9e86d8fd","name":"Iglesia de la Encarnación","category":"Lugar de Culto"}},{"type":"Feature","geometry":{"type":"Point","coordinates":[-4.01042,37.32103]},"properties":{"id":"ad2c3523","name":"Iglesia de la Encarnación","category":"Lugar de Culto"}},{"type":"Feature","geometry":{"type":"Point","coordinates":[-3.62498,36.85415]},"properties":{"id":"34cae765","name":"Iglesia de la Encarnación","category":"Lugar de Culto"}},{"type":"Feature","geometry":{"type":"Point","coordinates":[-3.71406,37.37373]},"properties":{"id":"0787e419","name":"Iglesia de la Encarnación","category":"Lugar de Culto"}},{"type":"Feature","geometry":{"type":"Point","coordinates":[-3.69069,36.7346]},"properties":{"id":"2843121e","name":"Iglesia de la Encarnación","category":"Lugar de Culto"}},{"type":"Feature","geometry":{"type":"Point","coordinates":[-4.25435,37.09863]},"properties":{"id":"241a8746","name":"Iglesia de la Inmaculada","category":"Lugar de Culto"}},{"type":"Feature","geometry":{"type":"Point","coordinates":[-2.64335,37.71491]},"properties":{"id":"742d9497","name":"Iglesia de la Inmaculada Concepción","category":"Lugar de Culto"}},{"type":"Feature","geometry":{"type":"Point","coordinates":[-3.14098,37.30081]},"properties":{"id":"3b87083b","name":"Iglesia de la Magdalena","category":"Lugar de Culto"}},{"type":"Feature","geometry":{"type":"Point","coordinates":[-2.77593,37.49146]},"properties":{"id":"89888f09","name":"Iglesia de la Merced","category":"Lugar de Culto"}},{"type":"Feature","geometry":{"type":"Point","coordinates":[-3.33219,36.78858]},"properties":{"id":"ff975b31","name":"Iglesia de la Milagrosa","category":"Lugar de Culto"}},{"type":"Feature","geometry":{"type":"Point","coordinates":[-3.54979,36.94739]},"properties":{"id":"7affcefe","name":"Iglesia de la Purísima Concepción","category":"Lugar de Culto"}},{"type":"Feature","geometry":{"type":"Point","coordinates":[-3.36109,36.9403]},"properties":{"id":"2da4df12","name":"Iglesia de la Santa Cruz","category":"Lugar de Culto"}},{"type":"Feature","geometry":{"type":"Point","coordinates":[-3.31368,36.9293]},"properties":{"id":"aa44dfe7","name":"Iglesia de la Santa Cruz","category":"Lugar de Culto"}},{"type":"Feature","geometry":{"type":"Point","coordinates":[-3.52072,36.74415]},"properties":{"id":"9485cf84","name":"Iglesia de la Victoria","category":"Lugar de Culto"}},{"type":"Feature","geometry":{"type":"Point","coordinates":[-4.01332,37.32171]},"properties":{"id":"79d60075","name":"Iglesia de la Villa","category":"Lugar de Culto"}},{"type":"Feature","geometry":{"type":"Point","coordinates":[-3.37035,36.82242]},"properties":{"id":"e6631466","name":"Iglesia de la Virgen de Gracia","category":"Lugar de Culto"}},{"type":"Feature","geometry":{"type":"Point","coordinates":[-2.52603,37.81537]},"properties":{"id":"afc3858b","name":"Iglesia de la Virgen de la Esperanza","category":"Lugar de Culto"}},{"type":"Feature","geometry":{"type":"Point","coordinates":[-3.13357,37.29661]},"properties":{"id":"cf3e816d","name":"Iglesia de la Virgen de las Angustias","category":"Lugar de Culto"}},{"type":"Feature","geometry":{"type":"Point","coordinates":[-3.6515,37.12546]},"properties":{"id":"257a7b02","name":"Iglesia de la Virgen del Rosario","category":"Lugar de Culto"}},{"type":"Feature","geometry":{"type":"Point","coordinates":[-2.77345,37.49076]},"properties":{"id":"8b769ce5","name":"Iglesia de los Dolores","category":"Lugar de Culto"}},{"type":"Feature","geometry":{"type":"Point","coordinates":[-3.59693,37.17729]},"properties":{"id":"696a1c0a","name":"Iglesia de los Hospitalicos","category":"Lugar de Culto"}},{"type":"Feature","geometry":{"type":"Point","coordinates":[-3.6018,37.17856]},"properties":{"id":"5ea3f4c8","name":"Iglesia de los Santos Justo y Pastor","category":"Lugar de Culto"}},{"type":"Feature","geometry":{"type":"Point","coordinates":[-3.56469,37.20212]},"properties":{"id":"6236d66e","name":"Iglesia de nuestra Señora de los Remedios","category":"Lugar de Culto"}},{"type":"Feature","geometry":{"type":"Point","coordinates":[-3.64558,37.14886]},"properties":{"id":"e7ddd872","name":"Iglesia de san Roque","category":"Lugar de Culto"}},{"type":"Feature","geometry":{"type":"Point","coordinates":[-3.6129,37.19402]},"properties":{"id":"4cfbbd78","name":"Iglesia del Carmen","category":"Lugar de Culto"}},{"type":"Feature","geometry":{"type":"Point","coordinates":[-3.98761,37.00257]},"properties":{"id":"8570d2b5","name":"Iglesia del Carmen","category":"Lugar de Culto"}},{"type":"Feature","geometry":{"type":"Point","coordinates":[-3.41389,36.70293]},"properties":{"id":"e512489e","name":"Iglesia del Carmen","category":"Lugar de Culto"}},{"type":"Feature","geometry":{"type":"Point","coordinates":[-3.52121,36.74707]},"properties":{"id":"20b70c18","name":"Iglesia del Carmen","category":"Lugar de Culto"}},{"type":"Feature","geometry":{"type":"Point","coordinates":[-3.11867,36.98107]},"properties":{"id":"a32b3382","name":"Iglesia del Dulce Nombre del Niño Jesús","category":"Lugar de Culto"}},{"type":"Feature","geometry":{"type":"Point","coordinates":[-85.95082,11.94629]},"properties":{"id":"b5734b74","name":"Iglesia del Espíritu Santo","category":"Lugar de Culto"}},{"type":"Feature","geometry":{"type":"Point","coordinates":[-86.0094,11.86305]},"properties":{"id":"e7f416d6","name":"Iglesia del Evangelica","category":"Lugar de Culto"}},{"type":"Feature","geometry":{"type":"Point","coordinates":[-85.95731,11.92419]},"properties":{"id":"08512aad","name":"Iglesia del Nazareño","category":"Lugar de Culto"}},{"type":"Feature","geometry":{"type":"Point","coordinates":[-3.6028,37.17953]},"properties":{"id":"65460ed7","name":"Iglesia del Perpetuo Socorro","category":"Lugar de Culto"}},{"type":"Feature","geometry":{"type":"Point","coordinates":[-3.5373,37.15939]},"properties":{"id":"cb4c5c68","name":"Iglesia del Rosario","category":"Lugar de Culto"}},{"type":"Feature","geometry":{"type":"Point","coordinates":[-3.59886,37.17886]},"properties":{"id":"406e87da","name":"Iglesia del Sagrado Corazón","category":"Lugar de Culto"}},{"type":"Feature","geometry":{"type":"Point","coordinates":[-3.79415,37.20252]},"properties":{"id":"6034ff2d","name":"Iglesia del Sagrado Corazón de Jesús","category":"Lugar de Culto"}},{"type":"Feature","geometry":{"type":"Point","coordinates":[-3.59903,37.17592]},"properties":{"id":"19653076","name":"Iglesia del Sagrario","category":"Lugar de Culto"}},{"type":"Feature","geometry":{"type":"Point","coordinates":[-3.59131,37.18223]},"properties":{"id":"ac4f7220","name":"Iglesia del Salvador","category":"Lugar de Culto"}},{"type":"Feature","geometry":{"type":"Point","coordinates":[-3.04424,37.00438]},"properties":{"id":"6d37ed61","name":"Iglesia del Santo Cristo de la Luz","category":"Lugar de Culto"}},{"type":"Feature","geometry":{"type":"Point","coordinates":[-3.30019,36.9025]},"properties":{"id":"f733d9b3","name":"Iglesia del Santo Cristo de la Salud","category":"Lugar de Culto"}},{"type":"Feature","geometry":{"type":"Point","coordinates":[-3.60858,37.17232]},"properties":{"id":"995fabc5","name":"Iglesia evangélica","category":"Lugar de Culto"}},{"type":"Feature","geometry":{"type":"Point","coordinates":[-3.8236,36.94772]},"properties":{"id":"a68091dc","name":"Iglesia parroquial del Santísimo Sacramento","category":"Lugar de Culto"}},{"type":"Feature","geometry":{"type":"Point","coordinates":[-2.87227,37.74154]},"properties":{"id":"bf7d1c88","name":"La Ermita","category":"Lugar de Culto"}},{"type":"Feature","geometry":{"type":"Point","coordinates":[-85.95566,11.91971]},"properties":{"id":"e946adf4","name":"La Iglesia De Jesucristo De Los Santos De Los Últimos Días","category":"Lugar de Culto"}},{"type":"Feature","geometry":{"type":"Point","coordinates":[-85.95473,11.93938]},"properties":{"id":"a87321ec","name":"La Iglesia de Jesucristo de los Santos de los Últimos Días","category":"Lugar de Culto"}},{"type":"Feature","geometry":{"type":"Point","coordinates":[-3.51564,36.74351]},"properties":{"id":"2352e745","name":"Mezquita Al Ándalus","category":"Lugar de Culto"}},{"type":"Feature","geometry":{"type":"Point","coordinates":[-3.59204,37.18141]},"properties":{"id":"ac0f7098","name":"Mezquita de Granada","category":"Lugar de Culto"}},{"type":"Feature","geometry":{"type":"Point","coordinates":[-3.68132,37.21392]},"properties":{"id":"09b70e1a","name":"Mezquita de la Vega","category":"Lugar de Culto"}},{"type":"Feature","geometry":{"type":"Point","coordinates":[-2.47234,37.98247]},"properties":{"id":"c276f007","name":"Mezquita de los Rosales","category":"Lugar de Culto"}},{"type":"Feature","geometry":{"type":"Point","coordinates":[-85.96515,11.93326]},"properties":{"id":"d0b7e5f7","name":"Ministerio Evangelistico Internacional","category":"Lugar de Culto"}},{"type":"Feature","geometry":{"type":"Point","coordinates":[-3.59943,37.19198]},"properties":{"id":"b44c6308","name":"Monasterio de La Cartuja","category":"Lugar de Culto"}},{"type":"Feature","geometry":{"type":"Point","coordinates":[-3.07154,37.0028]},"properties":{"id":"b5d44205","name":"Nuestra Señora de la Antigua","category":"Lugar de Culto"}},{"type":"Feature","geometry":{"type":"Point","coordinates":[-3.5711,37.13428]},"properties":{"id":"78db19a7","name":"Nuestra Señora de los Dolores","category":"Lugar de Culto"}},{"type":"Feature","geometry":{"type":"Point","coordinates":[-3.61129,37.2001]},"properties":{"id":"719a415e","name":"Nueva tierra","category":"Lugar de Culto"}},{"type":"Feature","geometry":{"type":"Point","coordinates":[-3.38562,36.93902]},"properties":{"id":"b43f2f32","name":"O Sel Ling","category":"Lugar de Culto"}},{"type":"Feature","geometry":{"type":"Point","coordinates":[-75.18399,6.14407]},"properties":{"id":"0c471e0c","name":"Parroquia","category":"Lugar de Culto"}},{"type":"Feature","geometry":{"type":"Point","coordinates":[-3.55061,36.91117]},"properties":{"id":"6b05d171","name":"Parroquia Inmaculada Concepción","category":"Lugar de Culto"}},{"type":"Feature","geometry":{"type":"Point","coordinates":[-3.41538,36.70079]},"properties":{"id":"5c6a5104","name":"Parroquia Inmaculada Concepción","category":"Lugar de Culto"}},{"type":"Feature","geometry":{"type":"Point","coordinates":[-3.81197,37.19893]},"properties":{"id":"69566bff","name":"Parroquia Jesús Nazareno","category":"Lugar de Culto"}},{"type":"Feature","geometry":{"type":"Point","coordinates":[-3.17142,36.74861]},"properties":{"id":"3ea902d5","name":"Parroquia La Natividad de Nuestra Señora","category":"Lugar de Culto"}},{"type":"Feature","geometry":{"type":"Point","coordinates":[-3.94461,37.22656]},"properties":{"id":"8bd8660d","name":"Parroquia Nuestra Señora de Las Mercedes","category":"Lugar de Culto"}},{"type":"Feature","geometry":{"type":"Point","coordinates":[-3.74843,37.25184]},"properties":{"id":"50037eae","name":"Parroquia Nuestra Señora de la Consolación","category":"Lugar de Culto"}},{"type":"Feature","geometry":{"type":"Point","coordinates":[-4.12918,37.17356]},"properties":{"id":"6bb65d8d","name":"Parroquia Nuestra Señora de la Esperanza","category":"Lugar de Culto"}},{"type":"Feature","geometry":{"type":"Point","coordinates":[-3.52081,36.72376]},"properties":{"id":"35fb45e0","name":"Parroquia Nuestra Señora del Carmen","category":"Lugar de Culto"}},{"type":"Feature","geometry":{"type":"Point","coordinates":[-3.51063,37.49512]},"properties":{"id":"f0bd7973","name":"Parroquia Nuestra Señora del Rosario","category":"Lugar de Culto"}},{"type":"Feature","geometry":{"type":"Point","coordinates":[-85.95853,11.94115]},"properties":{"id":"0648ba67","name":"Parroquia Nuestra Señora del Socorro","category":"Lugar de Culto"}},{"type":"Feature","geometry":{"type":"Point","coordinates":[-3.75216,37.21599]},"properties":{"id":"33b0787a","name":"Parroquia Nuestro Señor de la Humildad","category":"Lugar de Culto"}},{"type":"Feature","geometry":{"type":"Point","coordinates":[-3.17953,36.95617]},"properties":{"id":"7bf9228b","name":"Parroquia San Esteban","category":"Lugar de Culto"}},{"type":"Feature","geometry":{"type":"Point","coordinates":[-3.59415,37.20495]},"properties":{"id":"117ab8e5","name":"Parroquia San Juan Bautista","category":"Lugar de Culto"}},{"type":"Feature","geometry":{"type":"Point","coordinates":[-3.53885,36.9779]},"properties":{"id":"3cb696e3","name":"Parroquia San Juan Bautista","category":"Lugar de Culto"}},{"type":"Feature","geometry":{"type":"Point","coordinates":[-3.58401,36.74315]},"properties":{"id":"9006cad3","name":"Parroquia San Juan Bautista","category":"Lugar de Culto"}},{"type":"Feature","geometry":{"type":"Point","coordinates":[-3.57295,36.93546]},"properties":{"id":"321553b4","name":"Parroquia San Juan Evangelista","category":"Lugar de Culto"}},{"type":"Feature","geometry":{"type":"Point","coordinates":[-3.62688,37.20345]},"properties":{"id":"eb0493f7","name":"Parroquia San Juan de Dios","category":"Lugar de Culto"}},{"type":"Feature","geometry":{"type":"Point","coordinates":[-3.18054,36.9445]},"properties":{"id":"471c5b7e","name":"Parroquia Santa Ana","category":"Lugar de Culto"}},{"type":"Feature","geometry":{"type":"Point","coordinates":[-3.57944,37.25854]},"properties":{"id":"c8f6b949","name":"Parroquia Santo Cristo de la Salud","category":"Lugar de Culto"}},{"type":"Feature","geometry":{"type":"Point","coordinates":[-3.59486,37.15939]},"properties":{"id":"68c82ce8","name":"Parroquia Santo Ángel Custodio","category":"Lugar de Culto"}},{"type":"Feature","geometry":{"type":"Point","coordinates":[-3.27705,36.91541]},"properties":{"id":"db1382bd","name":"Parroquia católica de Nuestra Señora de La cabeza","category":"Lugar de Culto"}},{"type":"Feature","geometry":{"type":"Point","coordinates":[-3.36155,36.83253]},"properties":{"id":"557d34a9","name":"Parroquia católica de San Miguel","category":"Lugar de Culto"}},{"type":"Feature","geometry":{"type":"Point","coordinates":[-3.33936,36.84971]},"properties":{"id":"342c1451","name":"Parroquia católica de san Antón","category":"Lugar de Culto"}},{"type":"Feature","geometry":{"type":"Point","coordinates":[-3.60995,37.17392]},"properties":{"id":"1ed36e4d","name":"Parroquia de Nuestra Señora Regina Mundi","category":"Lugar de Culto"}},{"type":"Feature","geometry":{"type":"Point","coordinates":[-3.966,37.23777]},"properties":{"id":"2a87b52f","name":"Parroquia de Nuestra Señora de Gracia","category":"Lugar de Culto"}},{"type":"Feature","geometry":{"type":"Point","coordinates":[-3.14213,37.29435]},"properties":{"id":"b085d2c5","name":"Parroquia de Nuestra Señora de Gracia","category":"Lugar de Culto"}},{"type":"Feature","geometry":{"type":"Point","coordinates":[-3.59012,37.16583]},"properties":{"id":"6d4d9363","name":"Parroquia de Nuestra Señora de Montserrat","category":"Lugar de Culto"}},{"type":"Feature","geometry":{"type":"Point","coordinates":[-3.28461,37.27674]},"properties":{"id":"3c3663d2","name":"Parroquia de Nuestra Señora de la Anunciación","category":"Lugar de Culto"}},{"type":"Feature","geometry":{"type":"Point","coordinates":[-2.84281,37.54021]},"properties":{"id":"816f7e3d","name":"Parroquia de Nuestra Señora de la Anunciación","category":"Lugar de Culto"}},{"type":"Feature","geometry":{"type":"Point","coordinates":[-3.32048,37.47704]},"properties":{"id":"bc8609ec","name":"Parroquia de Nuestra Señora de la Ascensión","category":"Lugar de Culto"}},{"type":"Feature","geometry":{"type":"Point","coordinates":[-3.67173,37.15357]},"properties":{"id":"fcb92be7","name":"Parroquia de Nuestra Señora de la Asunción","category":"Lugar de Culto"}},{"type":"Feature","geometry":{"type":"Point","coordinates":[-3.51842,36.74231]},"properties":{"id":"415d5293","name":"Parroquia de Nuestra Señora de la Cabeza","category":"Lugar de Culto"}},{"type":"Feature","geometry":{"type":"Point","coordinates":[-4.20743,37.15444]},"properties":{"id":"98004b7d","name":"Parroquia de Nuestra Señora de la Misericordia","category":"Lugar de Culto"}},{"type":"Feature","geometry":{"type":"Point","coordinates":[-3.96739,37.16758]},"properties":{"id":"b8e7f949","name":"Parroquia de Nuestra Señora de las Angustias","category":"Lugar de Culto"}},{"type":"Feature","geometry":{"type":"Point","coordinates":[-3.78521,37.31987]},"properties":{"id":"e0e10cbc","name":"Parroquia de Nuestra Señora de las Mercedes","category":"Lugar de Culto"}},{"type":"Feature","geometry":{"type":"Point","coordinates":[-3.76838,37.33166]},"properties":{"id":"f818a7a4","name":"Parroquia de Nuestra Señora de las Mercedes","category":"Lugar de Culto"}},{"type":"Feature","geometry":{"type":"Point","coordinates":[-3.91482,37.26073]},"properties":{"id":"e7246ae2","name":"Parroquia de Nuestra Señora de los Dolores","category":"Lugar de Culto"}},{"type":"Feature","geometry":{"type":"Point","coordinates":[-3.53121,37.39177]},"properties":{"id":"7197eff8","name":"Parroquia de Nuestra Señora de los Ángeles","category":"Lugar de Culto"}},{"type":"Feature","geometry":{"type":"Point","coordinates":[-2.77958,37.79433]},"properties":{"id":"a90e7a0f","name":"Parroquia de Nuestra Señora de los Ángeles","category":"Lugar de Culto"}},{"type":"Feature","geometry":{"type":"Point","coordinates":[-3.49048,36.70403]},"properties":{"id":"d5b49af9","name":"Parroquia de Nuestra Señora del Carmen","category":"Lugar de Culto"}},{"type":"Feature","geometry":{"type":"Point","coordinates":[-3.05428,36.96293]},"properties":{"id":"26c1cea2","name":"Parroquia de Nuestra Señora del Martirio","category":"Lugar de Culto"}},{"type":"Feature","geometry":{"type":"Point","coordinates":[-3.43897,37.15932]},"properties":{"id":"14bec48b","name":"Parroquia de Nuestra Señora del Rosario","category":"Lugar de Culto"}},{"type":"Feature","geometry":{"type":"Point","coordinates":[-3.94284,37.13365]},"properties":{"id":"5aa4fd3f","name":"Parroquia de Nuestra Señora del Rosario","category":"Lugar de Culto"}},{"type":"Feature","geometry":{"type":"Point","coordinates":[-3.6188,37.27338]},"properties":{"id":"035cb412","name":"Parroquia de Nuestra Señora del Rosario","category":"Lugar de Culto"}},{"type":"Feature","geometry":{"type":"Point","coordinates":[-3.62965,36.9294]},"properties":{"id":"7dc14245","name":"Parroquia de Nuestro Salvador","category":"Lugar de Culto"}},{"type":"Feature","geometry":{"type":"Point","coordinates":[-3.3742,37.40996]},"properties":{"id":"31cf3632","name":"Parroquia de San Antonio de Padua","category":"Lugar de Culto"}},{"type":"Feature","geometry":{"type":"Point","coordinates":[-3.56585,36.77067]},"properties":{"id":"33217076","name":"Parroquia de San Antonio de Padua","category":"Lugar de Culto"}},{"type":"Feature","geometry":{"type":"Point","coordinates":[-3.71415,37.26516]},"properties":{"id":"7f7ae408","name":"Parroquia de San Antón","category":"Lugar de Culto"}},{"type":"Feature","geometry":{"type":"Point","coordinates":[-3.23129,36.93349]},"properties":{"id":"8660d348","name":"Parroquia de San Bartolomé","category":"Lugar de Culto"}},{"type":"Feature","geometry":{"type":"Point","coordinates":[-3.60284,37.1669]},"properties":{"id":"76e197bf","name":"Parroquia de San Emilio","category":"Lugar de Culto"}},{"type":"Feature","geometry":{"type":"Point","coordinates":[-3.43699,36.79432]},"properties":{"id":"6927ca9a","name":"Parroquia de San Francisco de Asís","category":"Lugar de Culto"}},{"type":"Feature","geometry":{"type":"Point","coordinates":[-3.84584,37.23892]},"properties":{"id":"3bbb8a2c","name":"Parroquia de San Francisco de Asís","category":"Lugar de Culto"}},{"type":"Feature","geometry":{"type":"Point","coordinates":[-3.58127,37.15883]},"properties":{"id":"0789f6a2","name":"Parroquia de San Gregorio Bético","category":"Lugar de Culto"}},{"type":"Feature","geometry":{"type":"Point","coordinates":[-2.93038,37.60816]},"properties":{"id":"4434bf8a","name":"Parroquia de San Isidro","category":"Lugar de Culto"}},{"type":"Feature","geometry":{"type":"Point","coordinates":[-3.80419,37.16415]},"properties":{"id":"97b84f60","name":"Parroquia de San Isidro","category":"Lugar de Culto"}},{"type":"Feature","geometry":{"type":"Point","coordinates":[-3.80541,37.25658]},"properties":{"id":"10099825","name":"Parroquia de San Isidro Labrador","category":"Lugar de Culto"}},{"type":"Feature","geometry":{"type":"Point","coordinates":[-3.03175,37.00759]},"properties":{"id":"d0753792","name":"Parroquia de San José","category":"Lugar de Culto"}},{"type":"Feature","geometry":{"type":"Point","coordinates":[-3.51316,36.75219]},"properties":{"id":"36aa4182","name":"Parroquia de San José","category":"Lugar de Culto"}},{"type":"Feature","geometry":{"type":"Point","coordinates":[-3.5593,37.13208]},"properties":{"id":"99ed4c26","name":"Parroquia de San José","category":"Lugar de Culto"}},{"type":"Feature","geometry":{"type":"Point","coordinates":[-3.6202,37.18918]},"properties":{"id":"6071141a","name":"Parroquia de San Juan de Ávila","category":"Lugar de Culto"}},{"type":"Feature","geometry":{"type":"Point","coordinates":[-3.85607,37.17448]},"properties":{"id":"eff45cfb","name":"Parroquia de San Pío X","category":"Lugar de Culto"}},{"type":"Feature","geometry":{"type":"Point","coordinates":[-3.67228,37.50161]},"properties":{"id":"d5b8b3d0","name":"Parroquia de Santa Ana","category":"Lugar de Culto"}},{"type":"Feature","geometry":{"type":"Point","coordinates":[-3.60195,37.17411]},"properties":{"id":"75d6d4ca","name":"Parroquia de Santa María Magdalena","category":"Lugar de Culto"}},{"type":"Feature","geometry":{"type":"Point","coordinates":[-3.62501,37.19135]},"properties":{"id":"965a3a43","name":"Parroquia de Santa María Micaela","category":"Lugar de Culto"}},{"type":"Feature","geometry":{"type":"Point","coordinates":[-3.60732,37.17093]},"properties":{"id":"28044875","name":"Parroquia de Santa Teresa de Jesús","category":"Lugar de Culto"}},{"type":"Feature","geometry":{"type":"Point","coordinates":[-3.15389,36.74885]},"properties":{"id":"8596d157","name":"Parroquia de Santiago Apóstol","category":"Lugar de Culto"}},{"type":"Feature","geometry":{"type":"Point","coordinates":[-3.22987,37.50142]},"properties":{"id":"104147bd","name":"Parroquia de la Anunciación","category":"Lugar de Culto"}},{"type":"Feature","geometry":{"type":"Point","coordinates":[-3.64585,37.10827]},"properties":{"id":"e7c5c493","name":"Parroquia de la Concepción","category":"Lugar de Culto"}},{"type":"Feature","geometry":{"type":"Point","coordinates":[-3.66719,37.13653]},"properties":{"id":"f5de8d98","name":"Parroquia de la Encarnación","category":"Lugar de Culto"}},{"type":"Feature","geometry":{"type":"Point","coordinates":[-3.57183,37.14465]},"properties":{"id":"1fc12151","name":"Parroquia de la Encarnación","category":"Lugar de Culto"}},{"type":"Feature","geometry":{"type":"Point","coordinates":[-3.53904,37.13131]},"properties":{"id":"45945e33","name":"Parroquia de la Encarnación","category":"Lugar de Culto"}},{"type":"Feature","geometry":{"type":"Point","coordinates":[-3.60213,37.1848]},"properties":{"id":"0f61d954","name":"Parroquia de la Inmaculada","category":"Lugar de Culto"}},{"type":"Feature","geometry":{"type":"Point","coordinates":[-4.14485,36.97557]},"properties":{"id":"41311e13","name":"Parroquia de la Inmaculada Concepción","category":"Lugar de Culto"}},{"type":"Feature","geometry":{"type":"Point","coordinates":[-3.83128,37.03041]},"properties":{"id":"df6e3ffe","name":"Parroquia de la Inmaculada Concepción","category":"Lugar de Culto"}},{"type":"Feature","geometry":{"type":"Point","coordinates":[-3.06439,37.3718]},"properties":{"id":"aa28fb53","name":"Parroquia del Sagrado Corazón de Jesús","category":"Lugar de Culto"}},{"type":"Feature","geometry":{"type":"Point","coordinates":[-3.77085,37.20173]},"properties":{"id":"3a513464","name":"Parroquia del Señor de la Humildad","category":"Lugar de Culto"}},{"type":"Feature","geometry":{"type":"Point","coordinates":[-85.94687,11.93054]},"properties":{"id":"bd231fc2","name":"Salón del Reino","category":"Lugar de Culto"}},{"type":"Feature","geometry":{"type":"Point","coordinates":[-85.95783,11.91759]},"properties":{"id":"ca38b386","name":"Salón del Reino","category":"Lugar de Culto"}},{"type":"Feature","geometry":{"type":"Point","coordinates":[-3.56487,36.99157]},"properties":{"id":"9dfe9413","name":"Salón del Reino de Los Testigos Cristianos de Jehová","category":"Lugar de Culto"}},{"type":"Feature","geometry":{"type":"Point","coordinates":[-85.96132,11.93401]},"properties":{"id":"7b9cab59","name":"Salón del Reino de Los Testigos de Jehova","category":"Lugar de Culto"}},{"type":"Feature","geometry":{"type":"Point","coordinates":[-85.95468,11.94074]},"properties":{"id":"17069152","name":"Salón del Reino de Los Testigos de Jehova","category":"Lugar de Culto"}},{"type":"Feature","geometry":{"type":"Point","coordinates":[-3.56072,37.40493]},"properties":{"id":"c4fb690a","name":"Salón del Reino de los Testigos Cristianos de Jehová","category":"Lugar de Culto"}},{"type":"Feature","geometry":{"type":"Point","coordinates":[-3.61164,37.22005]},"properties":{"id":"89ff7eb8","name":"Salón del Reino de los Testigos Cristianos de Jehová","category":"Lugar de Culto"}},{"type":"Feature","geometry":{"type":"Point","coordinates":[-3.62002,37.18813]},"properties":{"id":"1b073ce4","name":"Salón del Reino de los testigos de Jehová","category":"Lugar de Culto"}},{"type":"Feature","geometry":{"type":"Point","coordinates":[-3.58629,37.33222]},"properties":{"id":"6f58f80d","name":"San Isidro","category":"Lugar de Culto"}},{"type":"Feature","geometry":{"type":"Point","coordinates":[-3.4034,36.78737]},"properties":{"id":"bdff233d","name":"Santo Cristo de Cabrilla","category":"Lugar de Culto"}},{"type":"Feature","geometry":{"type":"Point","coordinates":[-3.6156,37.18188]},"properties":{"id":"aa12c706","name":"Santo Tomás de Villanueva","category":"Lugar de Culto"}},{"type":"Feature","geometry":{"type":"Point","coordinates":[-2.81996,37.56098]},"properties":{"id":"566532e5","name":"Santuario de Nuestra Señora de la Cabeza","category":"Lugar de Culto"}},{"type":"Feature","geometry":{"type":"Point","coordinates":[-3.41546,36.91945]},"properties":{"id":"ae9b1c3d","name":"Templo Parroquial de San Sebastián de Bayacas","category":"Lugar de Culto"}},{"type":"Feature","geometry":{"type":"Point","coordinates":[-74.3539,4.52435]},"properties":{"id":"cc121296","name":"Varsana","category":"Lugar de Culto"}},{"type":"Feature","geometry":{"type":"Point","coordinates":[-3.55231,37.4729]},"properties":{"id":"ae2a7111","name":"iglesia parroquial de Nuestra Señora del Rosario","category":"Lugar de Culto"}},{"type":"Feature","geometry":{"type":"Point","coordinates":[-3.08351,36.99606]},"properties":{"id":"af70e298","name":"A D. Juan Martos Escudero","category":"Memorial"}},{"type":"Feature","geometry":{"type":"Point","coordinates":[-3.93309,37.18055]},"properties":{"id":"841c9379","name":"A Washington Irving","category":"Memorial"}},{"type":"Feature","geometry":{"type":"Point","coordinates":[-3.85466,37.19407]},"properties":{"id":"37875b60","name":"A Washington Irving","category":"Memorial"}},{"type":"Feature","geometry":{"type":"Point","coordinates":[-3.59099,37.17665]},"properties":{"id":"0be7ef9c","name":"A la memoria del Cabo de Inválidos José García","category":"Memorial"}},{"type":"Feature","geometry":{"type":"Point","coordinates":[-3.6943,36.7291]},"properties":{"id":"fac3875a","name":"Abderramán I","category":"Memorial"}},{"type":"Feature","geometry":{"type":"Point","coordinates":[-3.58827,37.11756]},"properties":{"id":"cea591b3","name":"Alpargatero","category":"Memorial"}},{"type":"Feature","geometry":{"type":"Point","coordinates":[-3.58883,37.17911]},"properties":{"id":"c1c8d4ec","name":"Andrés Manjón y Manjón","category":"Memorial"}},{"type":"Feature","geometry":{"type":"Point","coordinates":[-3.51876,36.75519]},"properties":{"id":"edfe725d","name":"Araceli Morales Barros","category":"Memorial"}},{"type":"Feature","geometry":{"type":"Point","coordinates":[-3.58766,36.7391]},"properties":{"id":"8331482d","name":"Caña de azúcar","category":"Memorial"}},{"type":"Feature","geometry":{"type":"Point","coordinates":[-3.51795,36.7398]},"properties":{"id":"8b77659b","name":"Colección de cactus y suculentas Teresa","category":"Memorial"}},{"type":"Feature","geometry":{"type":"Point","coordinates":[-3.52345,36.74014]},"properties":{"id":"2c9a64f2","name":"Doctor Henry Norman Bethune","category":"Memorial"}},{"type":"Feature","geometry":{"type":"Point","coordinates":[-3.52509,36.74154]},"properties":{"id":"2451432d","name":"Don Federico Moya Moya","category":"Memorial"}},{"type":"Feature","geometry":{"type":"Point","coordinates":[-3.52223,36.75441]},"properties":{"id":"e8571e53","name":"Don José Corral Cortés","category":"Memorial"}},{"type":"Feature","geometry":{"type":"Point","coordinates":[-3.55246,36.71515]},"properties":{"id":"ce88784a","name":"Don José Manuel Misas Barba","category":"Memorial"}},{"type":"Feature","geometry":{"type":"Point","coordinates":[-3.51828,36.74657]},"properties":{"id":"8afcc4ac","name":"Don Juan Alabarce Maldonado","category":"Memorial"}},{"type":"Feature","geometry":{"type":"Point","coordinates":[-3.6545,37.22826]},"properties":{"id":"7fbdfbb7","name":"Don Manuel Prieto Moreno","category":"Memorial"}},{"type":"Feature","geometry":{"type":"Point","coordinates":[-3.65664,37.25579]},"properties":{"id":"5a453a7e","name":"El Chaparral a sus Colonos","category":"Memorial"}},{"type":"Feature","geometry":{"type":"Point","coordinates":[-3.58513,37.12356]},"properties":{"id":"360c88df","name":"El Mirador de la virgen","category":"Memorial"}},{"type":"Feature","geometry":{"type":"Point","coordinates":[-3.4127,36.7036]},"properties":{"id":"94c18894","name":"El caleño","category":"Memorial"}},{"type":"Feature","geometry":{"type":"Point","coordinates":[-3.63115,37.12396]},"properties":{"id":"3c248d72","name":"Escultura Homenaje al Ciclismo de Ogíjares","category":"Memorial"}},{"type":"Feature","geometry":{"type":"Point","coordinates":[-3.60568,37.15431]},"properties":{"id":"d9cf83a6","name":"Escultura a Francisco Palau y Quer","category":"Memorial"}},{"type":"Feature","geometry":{"type":"Point","coordinates":[-3.60552,37.1844]},"properties":{"id":"acf00f93","name":"Escultura de Aleksandr Pushkin","category":"Memorial"}},{"type":"Feature","geometry":{"type":"Point","coordinates":[-3.59692,37.15086]},"properties":{"id":"8cdf16aa","name":"Escultura en Homenaje a los Sanitarios","category":"Memorial"}},{"type":"Feature","geometry":{"type":"Point","coordinates":[-3.71713,37.1901]},"properties":{"id":"848e0730","name":"Estatua Ceferino Isla","category":"Memorial"}},{"type":"Feature","geometry":{"type":"Point","coordinates":[-3.74583,37.25164]},"properties":{"id":"d4969d38","name":"Estatua de Cristóbal Colón","category":"Memorial"}},{"type":"Feature","geometry":{"type":"Point","coordinates":[-3.513,36.73667]},"properties":{"id":"41cf8168","name":"Fondo Europeo De Desarrollo Regional","category":"Memorial"}},{"type":"Feature","geometry":{"type":"Point","coordinates":[-3.51316,36.74263]},"properties":{"id":"f713c3f4","name":"Fondo Europeo De Desarrollo Regional","category":"Memorial"}},{"type":"Feature","geometry":{"type":"Point","coordinates":[-3.54381,37.24007]},"properties":{"id":"3efe7b14","name":"Fosas del Barranco de Víznar","category":"Memorial"}},{"type":"Feature","geometry":{"type":"Point","coordinates":[-3.52173,36.74336]},"properties":{"id":"063b5f8d","name":"Fuente de la Policía Nacional","category":"Memorial"}},{"type":"Feature","geometry":{"type":"Point","coordinates":[-3.51793,36.74316]},"properties":{"id":"a1446ca3","name":"Fuente de la esperanza","category":"Memorial"}},{"type":"Feature","geometry":{"type":"Point","coordinates":[-3.08183,36.99634]},"properties":{"id":"6c43fc2b","name":"Hermanamiento Ibros Válor","category":"Memorial"}},{"type":"Feature","geometry":{"type":"Point","coordinates":[-3.52413,36.74525]},"properties":{"id":"49c409ee","name":"Homenaje Doctor Cabezas","category":"Memorial"}},{"type":"Feature","geometry":{"type":"Point","coordinates":[-3.64071,37.10839]},"properties":{"id":"f12574b3","name":"Homenaje a la Guardia Civil","category":"Memorial"}},{"type":"Feature","geometry":{"type":"Point","coordinates":[-85.95359,11.93092]},"properties":{"id":"70e5a4b9","name":"Honor de los Heroes 1811","category":"Memorial"}},{"type":"Feature","geometry":{"type":"Point","coordinates":[-3.5902,37.1787]},"properties":{"id":"c4119da1","name":"Mario Maya","category":"Memorial"}},{"type":"Feature","geometry":{"type":"Point","coordinates":[-3.51793,36.74306]},"properties":{"id":"89b02c44","name":"María Teresa Fernández","category":"Memorial"}},{"type":"Feature","geometry":{"type":"Point","coordinates":[-3.51786,36.73979]},"properties":{"id":"1c818958","name":"María Teresa Ortiz Vázquez","category":"Memorial"}},{"type":"Feature","geometry":{"type":"Point","coordinates":[-3.76702,36.73538]},"properties":{"id":"81c38d95","name":"Michael Fennessy","category":"Memorial"}},{"type":"Feature","geometry":{"type":"Point","coordinates":[-3.61216,37.17748]},"properties":{"id":"067c264a","name":"Monumento Homenaje a Manuel Cano","category":"Memorial"}},{"type":"Feature","geometry":{"type":"Point","coordinates":[-3.61153,37.18742]},"properties":{"id":"aa14857d","name":"Monumento Homenaje a la Huelga de la Construcción de 1970","category":"Memorial"}},{"type":"Feature","geometry":{"type":"Point","coordinates":[-3.64189,37.14482]},"properties":{"id":"a770c5b5","name":"Monumento Homenaje a las Madres","category":"Memorial"}},{"type":"Feature","geometry":{"type":"Point","coordinates":[-3.69093,37.22278]},"properties":{"id":"8a7209c4","name":"Monumento a \"Atarfeño\"","category":"Memorial"}},{"type":"Feature","geometry":{"type":"Point","coordinates":[-3.59925,37.17572]},"properties":{"id":"9fe91b21","name":"Monumento a Alonso Cano","category":"Memorial"}},{"type":"Feature","geometry":{"type":"Point","coordinates":[-3.62369,37.18394]},"properties":{"id":"653b11e0","name":"Monumento a Bomberos Zapadores de Granada","category":"Memorial"}},{"type":"Feature","geometry":{"type":"Point","coordinates":[-3.60161,37.17827]},"properties":{"id":"83ff7bb4","name":"Monumento a Carlos V","category":"Memorial"}},{"type":"Feature","geometry":{"type":"Point","coordinates":[-3.60237,37.15962]},"properties":{"id":"edcd0a91","name":"Monumento a Don Bosco","category":"Memorial"}},{"type":"Feature","geometry":{"type":"Point","coordinates":[-3.60275,37.18332]},"properties":{"id":"914be892","name":"Monumento a Elena Martín Vivaldi","category":"Memorial"}},{"type":"Feature","geometry":{"type":"Point","coordinates":[-3.60776,37.18582]},"properties":{"id":"02d42f1f","name":"Monumento a Eugenia de Montijo","category":"Memorial"}},{"type":"Feature","geometry":{"type":"Point","coordinates":[-3.78401,37.22064]},"properties":{"id":"606f080f","name":"Monumento a Federico García Lorca","category":"Memorial"}},{"type":"Feature","geometry":{"type":"Point","coordinates":[-3.60313,37.18353]},"properties":{"id":"d8425e7d","name":"Monumento a Federico García Lorca","category":"Memorial"}},{"type":"Feature","geometry":{"type":"Point","coordinates":[-3.603,37.18391]},"properties":{"id":"6d1fdd95","name":"Monumento a Fray Leopoldo de Alpandeire","category":"Memorial"}},{"type":"Feature","geometry":{"type":"Point","coordinates":[-3.52716,36.74312]},"properties":{"id":"e90d69e5","name":"Monumento a Henry Norman","category":"Memorial"}},{"type":"Feature","geometry":{"type":"Point","coordinates":[-3.59746,37.17563]},"properties":{"id":"16d51163","name":"Monumento a Isabel la Católica","category":"Memorial"}},{"type":"Feature","geometry":{"type":"Point","coordinates":[-3.59577,37.17457]},"properties":{"id":"26b52c9f","name":"Monumento a Isidoro Máiquez","category":"Memorial"}},{"type":"Feature","geometry":{"type":"Point","coordinates":[-3.60401,37.18398]},"properties":{"id":"5384d010","name":"Monumento a Manuel Benítez Carrasco","category":"Memorial"}},{"type":"Feature","geometry":{"type":"Point","coordinates":[-3.60499,37.18449]},"properties":{"id":"717a4ff6","name":"Monumento a Manuel de Falla","category":"Memorial"}},{"type":"Feature","geometry":{"type":"Point","coordinates":[-3.59715,37.17227]},"properties":{"id":"886a5034","name":"Monumento a Mariana Pineda","category":"Memorial"}},{"type":"Feature","geometry":{"type":"Point","coordinates":[-3.60693,37.18542]},"properties":{"id":"63723b9c","name":"Monumento a María Gómez Heredia \"La Canastera\"","category":"Memorial"}},{"type":"Feature","geometry":{"type":"Point","coordinates":[-3.60627,37.1851]},"properties":{"id":"a2d61bc1","name":"Monumento a Pedro Antonio de Alarcón","category":"Memorial"}},{"type":"Feature","geometry":{"type":"Point","coordinates":[-3.60828,37.18604]},"properties":{"id":"c209ad76","name":"Monumento a Salvador Sánchez Povedano \"Frascuelo\"","category":"Memorial"}},{"type":"Feature","geometry":{"type":"Point","coordinates":[-3.60217,37.1834]},"properties":{"id":"1cde42b4","name":"Monumento a San Juan de Dios","category":"Memorial"}},{"type":"Feature","geometry":{"type":"Point","coordinates":[-3.60446,37.18417]},"properties":{"id":"bfedc263","name":"Monumento a San Juan de la Cruz","category":"Memorial"}},{"type":"Feature","geometry":{"type":"Point","coordinates":[-3.5927,37.15367]},"properties":{"id":"6bfdeabd","name":"Monumento a la Afición del Granada Club de Fútbol","category":"Memorial"}},{"type":"Feature","geometry":{"type":"Point","coordinates":[-3.60166,37.18413]},"properties":{"id":"174d615a","name":"Monumento a la Inmaculada Concepción","category":"Memorial"}},{"type":"Feature","geometry":{"type":"Point","coordinates":[-3.38346,37.08927]},"properties":{"id":"5fc40634","name":"Monumento a la Virgen de las Nieves","category":"Memorial"}},{"type":"Feature","geometry":{"type":"Point","coordinates":[-3.78318,37.21917]},"properties":{"id":"2b4ee2c0","name":"Monumento a las Victimas de la Guerra Civil","category":"Memorial"}},{"type":"Feature","geometry":{"type":"Point","coordinates":[-3.60857,37.16783]},"properties":{"id":"b195b2d3","name":"Monumento a las Víctimas del Terrorismo","category":"Memorial"}},{"type":"Feature","geometry":{"type":"Point","coordinates":[-3.63948,37.10419]},"properties":{"id":"b753ac80","name":"Monumento a las Víctimas del Terrorismo","category":"Memorial"}},{"type":"Feature","geometry":{"type":"Point","coordinates":[-3.52421,36.72617]},"properties":{"id":"fc28cc10","name":"Monumento a las mujeres y hombres del mar","category":"Memorial"}},{"type":"Feature","geometry":{"type":"Point","coordinates":[-3.57747,36.7249]},"properties":{"id":"1e57a165","name":"Monumento a las víctimas de la Desbandá","category":"Memorial"}},{"type":"Feature","geometry":{"type":"Point","coordinates":[-3.06362,37.37434]},"properties":{"id":"14b95ede","name":"Monumento a los Emigrantes","category":"Memorial"}},{"type":"Feature","geometry":{"type":"Point","coordinates":[-3.06363,37.37434]},"properties":{"id":"cb1c25b0","name":"Monumento a los Emigrantes","category":"Memorial"}},{"type":"Feature","geometry":{"type":"Point","coordinates":[-2.43847,37.53285]},"properties":{"id":"4d30d00e","name":"Monumento a los aviadores caídos","category":"Memorial"}},{"type":"Feature","geometry":{"type":"Point","coordinates":[-3.61711,37.12284]},"properties":{"id":"2a49fc53","name":"Monumento al Augusta Bell 47G.3","category":"Memorial"}},{"type":"Feature","geometry":{"type":"Point","coordinates":[-3.59067,37.16839]},"properties":{"id":"0d618fbc","name":"Monumento al Duque de San Pedro de Galatino","category":"Memorial"}},{"type":"Feature","geometry":{"type":"Point","coordinates":[-3.966,37.23768]},"properties":{"id":"97329e3c","name":"Monumento al Emigrante","category":"Memorial"}},{"type":"Feature","geometry":{"type":"Point","coordinates":[-3.60239,37.18311]},"properties":{"id":"529d1d2c","name":"Monumento al Gran Capitán","category":"Memorial"}},{"type":"Feature","geometry":{"type":"Point","coordinates":[-3.691,37.22293]},"properties":{"id":"1597f3cd","name":"Monumento al Sagrado Corazón de Jesús","category":"Memorial"}},{"type":"Feature","geometry":{"type":"Point","coordinates":[-3.57019,37.15046]},"properties":{"id":"93c59003","name":"Monumento al maestro Antonio Muñoz Argüelles","category":"Memorial"}},{"type":"Feature","geometry":{"type":"Point","coordinates":[-3.5172,36.74409]},"properties":{"id":"c04d80c4","name":"Máquina de vapor","category":"Memorial"}},{"type":"Feature","geometry":{"type":"Point","coordinates":[-3.67309,36.8352]},"properties":{"id":"d57ab685","name":"Parque Biosaludable","category":"Memorial"}},{"type":"Feature","geometry":{"type":"Point","coordinates":[-3.52641,36.74543]},"properties":{"id":"f281b601","name":"Parque Gregorio Ruiz Chamorro","category":"Memorial"}},{"type":"Feature","geometry":{"type":"Point","coordinates":[-3.52632,36.74204]},"properties":{"id":"d421ada7","name":"Parque Ramón Portillo Guzmán","category":"Memorial"}},{"type":"Feature","geometry":{"type":"Point","coordinates":[-3.36676,37.07158]},"properties":{"id":"cfaf96e6","name":"Peine de los Vientos","category":"Memorial"}},{"type":"Feature","geometry":{"type":"Point","coordinates":[-3.52063,36.74491]},"properties":{"id":"0f6ecc29","name":"Personas Mayores","category":"Memorial"}},{"type":"Feature","geometry":{"type":"Point","coordinates":[-3.58999,37.17603]},"properties":{"id":"737c7294","name":"Placa a Washington Irving","category":"Memorial"}},{"type":"Feature","geometry":{"type":"Point","coordinates":[-3.52173,36.74214]},"properties":{"id":"d80a0512","name":"Plaza de la Coronación de Nuestra Señora de la Cabeza","category":"Memorial"}},{"type":"Feature","geometry":{"type":"Point","coordinates":[-3.52101,36.74603]},"properties":{"id":"6482bc32","name":"Plaza de la Libertad","category":"Memorial"}},{"type":"Feature","geometry":{"type":"Point","coordinates":[-3.49127,36.8577]},"properties":{"id":"28160dcd","name":"Ráfagas al Cielo","category":"Memorial"}},{"type":"Feature","geometry":{"type":"Point","coordinates":[-3.15833,37.18635]},"properties":{"id":"10d69e36","name":"Sagrado Corazón de Jesús","category":"Memorial"}},{"type":"Feature","geometry":{"type":"Point","coordinates":[-3.52554,36.74471]},"properties":{"id":"28d988bd","name":"San Sebastián Mártir","category":"Memorial"}},{"type":"Feature","geometry":{"type":"Point","coordinates":[-3.51877,36.74177]},"properties":{"id":"b34fe2e4","name":"Skate Park","category":"Memorial"}},{"type":"Feature","geometry":{"type":"Point","coordinates":[-3.58434,37.11931]},"properties":{"id":"7fa3c43f","name":"Telar","category":"Memorial"}},{"type":"Feature","geometry":{"type":"Point","coordinates":[-3.4361,37.17106]},"properties":{"id":"f842e6bf","name":"Trincheras","category":"Memorial"}},{"type":"Feature","geometry":{"type":"Point","coordinates":[-3.64619,37.31026]},"properties":{"id":"2bae4058","name":"Trincheras Guerra Civil","category":"Memorial"}},{"type":"Feature","geometry":{"type":"Point","coordinates":[-3.7896,37.34372]},"properties":{"id":"ad859642","name":"Trincheras de Moclín","category":"Memorial"}},{"type":"Feature","geometry":{"type":"Point","coordinates":[-3.60239,37.16255]},"properties":{"id":"2facd510","name":"Universiada 2015","category":"Memorial"}},{"type":"Feature","geometry":{"type":"Point","coordinates":[-3.42824,37.16991]},"properties":{"id":"1560f87c","name":"Vestigios de la Guerra Civil \"Los Parapetos\"","category":"Memorial"}},{"type":"Feature","geometry":{"type":"Point","coordinates":[-3.51758,36.74162]},"properties":{"id":"12dafd58","name":"Violencia de género","category":"Memorial"}},{"type":"Feature","geometry":{"type":"Point","coordinates":[-3.59654,37.17557]},"properties":{"id":"1dd1366a","name":"Yehuda Ibn Tibon","category":"Memorial"}},{"type":"Feature","geometry":{"type":"Point","coordinates":[-3.57914,37.19535]},"properties":{"id":"de2d5ab3","name":"Albayzin","category":"Mirador"}},{"type":"Feature","geometry":{"type":"Point","coordinates":[-3.81354,36.89515]},"properties":{"id":"7247c391","name":"Alto de los Morros","category":"Mirador"}},{"type":"Feature","geometry":{"type":"Point","coordinates":[-3.56567,37.10018]},"properties":{"id":"af04e81d","name":"Atalaya de la Reina","category":"Mirador"}},{"type":"Feature","geometry":{"type":"Point","coordinates":[-3.52408,37.08266]},"properties":{"id":"805a2fdf","name":"Canal de la Espartera","category":"Mirador"}},{"type":"Feature","geometry":{"type":"Point","coordinates":[-3.59868,36.84552]},"properties":{"id":"29cd9a48","name":"Cascada del Río de La Toba","category":"Mirador"}},{"type":"Feature","geometry":{"type":"Point","coordinates":[-3.54186,37.17052]},"properties":{"id":"081a3959","name":"Cerro del sol","category":"Mirador"}},{"type":"Feature","geometry":{"type":"Point","coordinates":[-2.9498,37.56548]},"properties":{"id":"b7489678","name":"Cárcavas del Negratín (Mirador GCVNG Negratín)","category":"Mirador"}},{"type":"Feature","geometry":{"type":"Point","coordinates":[-3.51486,36.76773]},"properties":{"id":"50edf20c","name":"El Mirador","category":"Mirador"}},{"type":"Feature","geometry":{"type":"Point","coordinates":[-2.85141,37.3869]},"properties":{"id":"6e65358a","name":"El Mirador del Toro","category":"Mirador"}},{"type":"Feature","geometry":{"type":"Point","coordinates":[-3.1561,36.98666]},"properties":{"id":"a1ef1933","name":"Era del Chorro","category":"Mirador"}},{"type":"Feature","geometry":{"type":"Point","coordinates":[-3.30829,36.93028]},"properties":{"id":"9f78ae5e","name":"Era del Trance","category":"Mirador"}},{"type":"Feature","geometry":{"type":"Point","coordinates":[-3.72252,36.83221]},"properties":{"id":"60e0f93a","name":"Junta de los Rios","category":"Mirador"}},{"type":"Feature","geometry":{"type":"Point","coordinates":[-85.95677,11.92929]},"properties":{"id":"e77b11ed","name":"La Merced","category":"Mirador"}},{"type":"Feature","geometry":{"type":"Point","coordinates":[-2.58807,37.99627]},"properties":{"id":"200ba75b","name":"La Sagra","category":"Mirador"}},{"type":"Feature","geometry":{"type":"Point","coordinates":[-4.14255,36.97342]},"properties":{"id":"34247b81","name":"La Tapia","category":"Mirador"}},{"type":"Feature","geometry":{"type":"Point","coordinates":[-2.57919,37.57764]},"properties":{"id":"e2841609","name":"La Torre del Alabi y Ermita","category":"Mirador"}},{"type":"Feature","geometry":{"type":"Point","coordinates":[-85.97953,11.8353]},"properties":{"id":"9bef2199","name":"La vieja del cráter","category":"Mirador"}},{"type":"Feature","geometry":{"type":"Point","coordinates":[-85.97547,11.83667]},"properties":{"id":"04951be0","name":"Mirador","category":"Mirador"}},{"type":"Feature","geometry":{"type":"Point","coordinates":[-85.97536,11.83156]},"properties":{"id":"ffc78bb2","name":"Mirador","category":"Mirador"}},{"type":"Feature","geometry":{"type":"Point","coordinates":[-3.27022,37.00409]},"properties":{"id":"7620f020","name":"Mirador \"Era El Fuerte\"","category":"Mirador"}},{"type":"Feature","geometry":{"type":"Point","coordinates":[-3.18665,37.30038]},"properties":{"id":"0badfa92","name":"Mirador 'Cárcavas de Marchal'","category":"Mirador"}},{"type":"Feature","geometry":{"type":"Point","coordinates":[-3.13858,37.14219]},"properties":{"id":"c5d23735","name":"Mirador 'Peñón de Lanteira'","category":"Mirador"}},{"type":"Feature","geometry":{"type":"Point","coordinates":[-3.55665,37.56564]},"properties":{"id":"7b2e7142","name":"Mirador Alta Coloma","category":"Mirador"}},{"type":"Feature","geometry":{"type":"Point","coordinates":[-4.1516,37.16735]},"properties":{"id":"67d3c5fa","name":"Mirador Arqueológico","category":"Mirador"}},{"type":"Feature","geometry":{"type":"Point","coordinates":[-3.06556,37.17122]},"properties":{"id":"06f6d32a","name":"Mirador Astronómico","category":"Mirador"}},{"type":"Feature","geometry":{"type":"Point","coordinates":[-3.1835,37.30503]},"properties":{"id":"14fff931","name":"Mirador Badlands de Purullena","category":"Mirador"}},{"type":"Feature","geometry":{"type":"Point","coordinates":[-3.30657,36.81303]},"properties":{"id":"b64b251c","name":"Mirador Baldomero","category":"Mirador"}},{"type":"Feature","geometry":{"type":"Point","coordinates":[-3.36001,36.96062]},"properties":{"id":"47a34ad0","name":"Mirador Barranco Poqueira","category":"Mirador"}},{"type":"Feature","geometry":{"type":"Point","coordinates":[-3.52726,36.92149]},"properties":{"id":"84d79554","name":"Mirador Barranco de Tablate","category":"Mirador"}},{"type":"Feature","geometry":{"type":"Point","coordinates":[-3.0272,37.10553]},"properties":{"id":"a2a6f64c","name":"Mirador Barranco del Hornillo","category":"Mirador"}},{"type":"Feature","geometry":{"type":"Point","coordinates":[-2.77388,37.33904]},"properties":{"id":"b69a3598","name":"Mirador Bastidas","category":"Mirador"}},{"type":"Feature","geometry":{"type":"Point","coordinates":[-3.49595,36.91787]},"properties":{"id":"e2777c9d","name":"Mirador Cañona","category":"Mirador"}},{"type":"Feature","geometry":{"type":"Point","coordinates":[-3.5818,36.92568]},"properties":{"id":"1070523e","name":"Mirador Cerro del Calvario","category":"Mirador"}},{"type":"Feature","geometry":{"type":"Point","coordinates":[-3.74882,37.14974]},"properties":{"id":"d2e8eb14","name":"Mirador Dehesas de Santa Fe","category":"Mirador"}},{"type":"Feature","geometry":{"type":"Point","coordinates":[-4.12392,36.95208]},"properties":{"id":"40237edd","name":"Mirador El Boquete","category":"Mirador"}},{"type":"Feature","geometry":{"type":"Point","coordinates":[-3.47601,36.69721]},"properties":{"id":"efe101ab","name":"Mirador El Hondurón","category":"Mirador"}},{"type":"Feature","geometry":{"type":"Point","coordinates":[-3.40493,36.92825]},"properties":{"id":"60243815","name":"Mirador Embrujo de la Alpujarra","category":"Mirador"}},{"type":"Feature","geometry":{"type":"Point","coordinates":[-3.58931,36.74107]},"properties":{"id":"b818b335","name":"Mirador Enrique Morente","category":"Mirador"}},{"type":"Feature","geometry":{"type":"Point","coordinates":[-3.12377,36.97865]},"properties":{"id":"b0bd4052","name":"Mirador Era Nueva","category":"Mirador"}},{"type":"Feature","geometry":{"type":"Point","coordinates":[-3.21569,36.82826]},"properties":{"id":"bbf71dbc","name":"Mirador Era Santiago Manzano","category":"Mirador"}},{"type":"Feature","geometry":{"type":"Point","coordinates":[-3.57549,36.83182]},"properties":{"id":"3cb0d5e4","name":"Mirador Era de la Cruz","category":"Mirador"}},{"type":"Feature","geometry":{"type":"Point","coordinates":[-3.59128,36.84347]},"properties":{"id":"314e033f","name":"Mirador Era del Tejar","category":"Mirador"}},{"type":"Feature","geometry":{"type":"Point","coordinates":[-3.67406,36.83487]},"properties":{"id":"3d5afb9f","name":"Mirador Fajardo","category":"Mirador"}},{"type":"Feature","geometry":{"type":"Point","coordinates":[-3.58567,37.178]},"properties":{"id":"b863368a","name":"Mirador Generalife","category":"Mirador"}},{"type":"Feature","geometry":{"type":"Point","coordinates":[-3.42923,37.16046]},"properties":{"id":"8ea1c9df","name":"Mirador Güéjar Sierra","category":"Mirador"}},{"type":"Feature","geometry":{"type":"Point","coordinates":[-3.1971,36.96493]},"properties":{"id":"1600ebbf","name":"Mirador Helipuerto","category":"Mirador"}},{"type":"Feature","geometry":{"type":"Point","coordinates":[-4.12739,37.17088]},"properties":{"id":"4efe677d","name":"Mirador Infiernos de Loja","category":"Mirador"}},{"type":"Feature","geometry":{"type":"Point","coordinates":[-3.63371,36.92811]},"properties":{"id":"3a3dcf96","name":"Mirador José Jiménez Linares","category":"Mirador"}},{"type":"Feature","geometry":{"type":"Point","coordinates":[-3.62254,36.84664]},"properties":{"id":"8acf6b72","name":"Mirador La Rebalosa","category":"Mirador"}},{"type":"Feature","geometry":{"type":"Point","coordinates":[-3.49441,37.28144]},"properties":{"id":"61d68eef","name":"Mirador Las Minas","category":"Mirador"}},{"type":"Feature","geometry":{"type":"Point","coordinates":[-3.02278,37.54552]},"properties":{"id":"4434417e","name":"Mirador Loma de los Pinos","category":"Mirador"}},{"type":"Feature","geometry":{"type":"Point","coordinates":[-3.14063,37.30113]},"properties":{"id":"d94d4f0f","name":"Mirador Magdalena","category":"Mirador"}},{"type":"Feature","geometry":{"type":"Point","coordinates":[-3.58626,37.18144]},"properties":{"id":"0882897d","name":"Mirador Mario Maya","category":"Mirador"}},{"type":"Feature","geometry":{"type":"Point","coordinates":[-4.01133,37.31789]},"properties":{"id":"35946f66","name":"Mirador National Geographic","category":"Mirador"}},{"type":"Feature","geometry":{"type":"Point","coordinates":[-3.5978,37.17954]},"properties":{"id":"68508793","name":"Mirador Ojo de Granada","category":"Mirador"}},{"type":"Feature","geometry":{"type":"Point","coordinates":[-3.14128,37.29451]},"properties":{"id":"78972c6f","name":"Mirador Padre Poveda","category":"Mirador"}},{"type":"Feature","geometry":{"type":"Point","coordinates":[-3.14128,37.29426]},"properties":{"id":"abf7464e","name":"Mirador Padre Poveda","category":"Mirador"}},{"type":"Feature","geometry":{"type":"Point","coordinates":[-3.48114,36.69743]},"properties":{"id":"92fe3741","name":"Mirador Peñón de Jolúcar","category":"Mirador"}},{"type":"Feature","geometry":{"type":"Point","coordinates":[-3.32905,36.97943]},"properties":{"id":"c0b6249a","name":"Mirador Puerto Molina","category":"Mirador"}},{"type":"Feature","geometry":{"type":"Point","coordinates":[-3.04751,37.4937]},"properties":{"id":"3e2c9a19","name":"Mirador Puntal de Don Diego","category":"Mirador"}},{"type":"Feature","geometry":{"type":"Point","coordinates":[-3.58496,37.1782]},"properties":{"id":"91b18a7b","name":"Mirador Romántico","category":"Mirador"}},{"type":"Feature","geometry":{"type":"Point","coordinates":[-4.15915,37.16846]},"properties":{"id":"179b6ea2","name":"Mirador Sylvania","category":"Mirador"}},{"type":"Feature","geometry":{"type":"Point","coordinates":[-4.12985,36.95209]},"properties":{"id":"8efaef24","name":"Mirador Tajo de la 'U'","category":"Mirador"}},{"type":"Feature","geometry":{"type":"Point","coordinates":[-3.36213,36.96131]},"properties":{"id":"2046d052","name":"Mirador Tajo del Diablo","category":"Mirador"}},{"type":"Feature","geometry":{"type":"Point","coordinates":[-3.51105,36.89517]},"properties":{"id":"1d93706c","name":"Mirador Tres Puentes","category":"Mirador"}},{"type":"Feature","geometry":{"type":"Point","coordinates":[-3.36113,36.96342]},"properties":{"id":"0c0ee6e2","name":"Mirador Veleta y Mulhacén","category":"Mirador"}},{"type":"Feature","geometry":{"type":"Point","coordinates":[-3.54285,36.85773]},"properties":{"id":"3241219b","name":"Mirador Venta de La Cebada","category":"Mirador"}},{"type":"Feature","geometry":{"type":"Point","coordinates":[-3.67966,36.8133]},"properties":{"id":"0ca42337","name":"Mirador Vista Verde","category":"Mirador"}},{"type":"Feature","geometry":{"type":"Point","coordinates":[-3.30067,36.80057]},"properties":{"id":"306208cb","name":"Mirador con bancos","category":"Mirador"}},{"type":"Feature","geometry":{"type":"Point","coordinates":[-3.55398,36.91374]},"properties":{"id":"1b04e258","name":"Mirador de Alauxa","category":"Mirador"}},{"type":"Feature","geometry":{"type":"Point","coordinates":[-3.05736,37.15902]},"properties":{"id":"a2a5c492","name":"Mirador de Aldeire","category":"Mirador"}},{"type":"Feature","geometry":{"type":"Point","coordinates":[-3.98773,37.00205]},"properties":{"id":"066155f7","name":"Mirador de Alhama","category":"Mirador"}},{"type":"Feature","geometry":{"type":"Point","coordinates":[-3.58378,37.1718]},"properties":{"id":"14543030","name":"Mirador de Alixares","category":"Mirador"}},{"type":"Feature","geometry":{"type":"Point","coordinates":[-2.80312,37.29337]},"properties":{"id":"55e64829","name":"Mirador de Barea","category":"Mirador"}},{"type":"Feature","geometry":{"type":"Point","coordinates":[-4.02614,36.91939]},"properties":{"id":"9328b3c3","name":"Mirador de Ben","category":"Mirador"}},{"type":"Feature","geometry":{"type":"Point","coordinates":[-3.58282,37.06752]},"properties":{"id":"0f8a6577","name":"Mirador de Bizcandía","category":"Mirador"}},{"type":"Feature","geometry":{"type":"Point","coordinates":[-3.07082,37.15963]},"properties":{"id":"651832b0","name":"Mirador de Cayetano Triviño","category":"Mirador"}},{"type":"Feature","geometry":{"type":"Point","coordinates":[-3.43133,36.91206]},"properties":{"id":"c3631147","name":"Mirador de Cañar","category":"Mirador"}},{"type":"Feature","geometry":{"type":"Point","coordinates":[-3.7678,36.73374]},"properties":{"id":"48dc29e3","name":"Mirador de Cerro Gordo","category":"Mirador"}},{"type":"Feature","geometry":{"type":"Point","coordinates":[-2.74618,37.8994]},"properties":{"id":"1983f698","name":"Mirador de Chinar de Túnez","category":"Mirador"}},{"type":"Feature","geometry":{"type":"Point","coordinates":[-3.92084,37.27129]},"properties":{"id":"8e81d741","name":"Mirador de Cuesta Cambil","category":"Mirador"}},{"type":"Feature","geometry":{"type":"Point","coordinates":[-3.45092,36.94675]},"properties":{"id":"40769162","name":"Mirador de Cáñar","category":"Mirador"}},{"type":"Feature","geometry":{"type":"Point","coordinates":[-3.42163,36.92717]},"properties":{"id":"4f9da9af","name":"Mirador de Cáñar","category":"Mirador"}},{"type":"Feature","geometry":{"type":"Point","coordinates":[-3.03226,37.12171]},"properties":{"id":"5956882b","name":"Mirador de Ferreira","category":"Mirador"}},{"type":"Feature","geometry":{"type":"Point","coordinates":[-3.59021,37.17383]},"properties":{"id":"43bc06b4","name":"Mirador de Hotel Alhambra Palace","category":"Mirador"}},{"type":"Feature","geometry":{"type":"Point","coordinates":[-4.15401,37.16558]},"properties":{"id":"7197a03c","name":"Mirador de Isabel de Castilla","category":"Mirador"}},{"type":"Feature","geometry":{"type":"Point","coordinates":[-3.21351,36.93181]},"properties":{"id":"5630757d","name":"Mirador de Jaime","category":"Mirador"}},{"type":"Feature","geometry":{"type":"Point","coordinates":[-3.16777,37.19683]},"properties":{"id":"4aecb84a","name":"Mirador de Jerez del Marquesado","category":"Mirador"}},{"type":"Feature","geometry":{"type":"Point","coordinates":[-2.57356,37.73459]},"properties":{"id":"9f932b67","name":"Mirador de Juan","category":"Mirador"}},{"type":"Feature","geometry":{"type":"Point","coordinates":[-3.22158,36.94853]},"properties":{"id":"b689ecd1","name":"Mirador de Juviles","category":"Mirador"}},{"type":"Feature","geometry":{"type":"Point","coordinates":[-3.60051,36.98614]},"properties":{"id":"1c681737","name":"Mirador de La Loma","category":"Mirador"}},{"type":"Feature","geometry":{"type":"Point","coordinates":[-3.2645,37.31561]},"properties":{"id":"e83dd221","name":"Mirador de La Peza","category":"Mirador"}},{"type":"Feature","geometry":{"type":"Point","coordinates":[-3.48679,37.01029]},"properties":{"id":"f7fe9781","name":"Mirador de La Rinconada de Nigüelas","category":"Mirador"}},{"type":"Feature","geometry":{"type":"Point","coordinates":[-3.7378,36.83685]},"properties":{"id":"db38f9c8","name":"Mirador de Las Chorreras","category":"Mirador"}},{"type":"Feature","geometry":{"type":"Point","coordinates":[-3.13759,37.29302]},"properties":{"id":"472d8805","name":"Mirador de Las Cuevas","category":"Mirador"}},{"type":"Feature","geometry":{"type":"Point","coordinates":[-3.21372,36.93191]},"properties":{"id":"f184ff62","name":"Mirador de Lobras","category":"Mirador"}},{"type":"Feature","geometry":{"type":"Point","coordinates":[-3.03831,37.55472]},"properties":{"id":"f6027d7d","name":"Mirador de Los Coloraos","category":"Mirador"}},{"type":"Feature","geometry":{"type":"Point","coordinates":[-3.53453,37.11368]},"properties":{"id":"bc06e3f9","name":"Mirador de Los Tajos de Monachil","category":"Mirador"}},{"type":"Feature","geometry":{"type":"Point","coordinates":[-3.71628,37.23387]},"properties":{"id":"80ea536e","name":"Mirador de Medina Elvira","category":"Mirador"}},{"type":"Feature","geometry":{"type":"Point","coordinates":[-3.61418,36.80331]},"properties":{"id":"56a57107","name":"Mirador de Molvízar","category":"Mirador"}},{"type":"Feature","geometry":{"type":"Point","coordinates":[-4.15185,37.16668]},"properties":{"id":"23a2a792","name":"Mirador de Morayma","category":"Mirador"}},{"type":"Feature","geometry":{"type":"Point","coordinates":[-3.67899,36.81606]},"properties":{"id":"98348aba","name":"Mirador de Otívar","category":"Mirador"}},{"type":"Feature","geometry":{"type":"Point","coordinates":[-3.50372,36.93392]},"properties":{"id":"a90d8adb","name":"Mirador de Pallarín","category":"Mirador"}},{"type":"Feature","geometry":{"type":"Point","coordinates":[-3.322,37.24939]},"properties":{"id":"364e4630","name":"Mirador de Peña Bermeja","category":"Mirador"}},{"type":"Feature","geometry":{"type":"Point","coordinates":[-3.4962,37.27275]},"properties":{"id":"f80b108b","name":"Mirador de Polvorite","category":"Mirador"}},{"type":"Feature","geometry":{"type":"Point","coordinates":[-3.45863,37.1895]},"properties":{"id":"8458cad4","name":"Mirador de Quéntar","category":"Mirador"}},{"type":"Feature","geometry":{"type":"Point","coordinates":[-3.59601,37.18305]},"properties":{"id":"e084b99f","name":"Mirador de San Cristóbal","category":"Mirador"}},{"type":"Feature","geometry":{"type":"Point","coordinates":[-3.09737,37.25951]},"properties":{"id":"20324bb5","name":"Mirador de San Gregorio","category":"Mirador"}},{"type":"Feature","geometry":{"type":"Point","coordinates":[-3.20151,37.30268]},"properties":{"id":"3018f935","name":"Mirador de San Marcos","category":"Mirador"}},{"type":"Feature","geometry":{"type":"Point","coordinates":[-3.56178,37.14034]},"properties":{"id":"d1dd23dc","name":"Mirador de San Miguel","category":"Mirador"}},{"type":"Feature","geometry":{"type":"Point","coordinates":[-3.58799,37.18476]},"properties":{"id":"bf0b4d17","name":"Mirador de San Miguel Alto","category":"Mirador"}},{"type":"Feature","geometry":{"type":"Point","coordinates":[-3.59266,37.18104]},"properties":{"id":"a5ea7fc3","name":"Mirador de San Nicolás","category":"Mirador"}},{"type":"Feature","geometry":{"type":"Point","coordinates":[-2.54873,37.74423]},"properties":{"id":"fa3a11f4","name":"Mirador de Santa Ana","category":"Mirador"}},{"type":"Feature","geometry":{"type":"Point","coordinates":[-2.55143,37.74144]},"properties":{"id":"0f3676cf","name":"Mirador de Santa Elena","category":"Mirador"}},{"type":"Feature","geometry":{"type":"Point","coordinates":[-3.47388,37.35521]},"properties":{"id":"be92e76d","name":"Mirador de Sierra Arana","category":"Mirador"}},{"type":"Feature","geometry":{"type":"Point","coordinates":[-3.30141,37.00924]},"properties":{"id":"66384541","name":"Mirador de Trevélez","category":"Mirador"}},{"type":"Feature","geometry":{"type":"Point","coordinates":[-3.78642,37.34925]},"properties":{"id":"2871f65c","name":"Mirador de Tózar","category":"Mirador"}},{"type":"Feature","geometry":{"type":"Point","coordinates":[-3.51936,37.25483]},"properties":{"id":"67394807","name":"Mirador de Víznar","category":"Mirador"}},{"type":"Feature","geometry":{"type":"Point","coordinates":[-3.59429,37.0691]},"properties":{"id":"9a5670a7","name":"Mirador de la Acequia","category":"Mirador"}},{"type":"Feature","geometry":{"type":"Point","coordinates":[-3.56663,37.31293]},"properties":{"id":"e46cf82b","name":"Mirador de la Atalaya","category":"Mirador"}},{"type":"Feature","geometry":{"type":"Point","coordinates":[-3.71837,36.83733]},"properties":{"id":"0834f275","name":"Mirador de la Cabra Montés","category":"Mirador"}},{"type":"Feature","geometry":{"type":"Point","coordinates":[-3.57956,37.06283]},"properties":{"id":"6b83c01a","name":"Mirador de la Casilla de la Loma","category":"Mirador"}},{"type":"Feature","geometry":{"type":"Point","coordinates":[-3.59362,37.1775]},"properties":{"id":"2ca1c45b","name":"Mirador de la Churra","category":"Mirador"}},{"type":"Feature","geometry":{"type":"Point","coordinates":[-3.58104,36.83929]},"properties":{"id":"c6404bfb","name":"Mirador de la Cruz","category":"Mirador"}},{"type":"Feature","geometry":{"type":"Point","coordinates":[-3.58963,37.18331]},"properties":{"id":"e81b803c","name":"Mirador de la Cruz de la Rauda","category":"Mirador"}},{"type":"Feature","geometry":{"type":"Point","coordinates":[-3.52995,37.25286]},"properties":{"id":"4aed9be5","name":"Mirador de la Cueva del Agua","category":"Mirador"}},{"type":"Feature","geometry":{"type":"Point","coordinates":[-3.51659,37.33173]},"properties":{"id":"2b74e29d","name":"Mirador de la Cueva del Agua","category":"Mirador"}},{"type":"Feature","geometry":{"type":"Point","coordinates":[-3.10666,36.8888]},"properties":{"id":"b28154f0","name":"Mirador de la Ermita","category":"Mirador"}},{"type":"Feature","geometry":{"type":"Point","coordinates":[-3.21579,37.49491]},"properties":{"id":"5974be90","name":"Mirador de la Escalerilla","category":"Mirador"}},{"type":"Feature","geometry":{"type":"Point","coordinates":[-3.58892,37.06762]},"properties":{"id":"1c2d9853","name":"Mirador de la Hoya","category":"Mirador"}},{"type":"Feature","geometry":{"type":"Point","coordinates":[-3.59767,37.1807]},"properties":{"id":"6e12c3e8","name":"Mirador de la Lona","category":"Mirador"}},{"type":"Feature","geometry":{"type":"Point","coordinates":[-3.17806,36.94159]},"properties":{"id":"324f7d74","name":"Mirador de la Paloma","category":"Mirador"}},{"type":"Feature","geometry":{"type":"Point","coordinates":[-3.19147,36.97488]},"properties":{"id":"3d4e2a0f","name":"Mirador de la Placeta","category":"Mirador"}},{"type":"Feature","geometry":{"type":"Point","coordinates":[-3.59448,37.17511]},"properties":{"id":"645de3db","name":"Mirador de la Placeta de la Puerta del Sol","category":"Mirador"}},{"type":"Feature","geometry":{"type":"Point","coordinates":[-3.59417,37.17887]},"properties":{"id":"673218e4","name":"Mirador de la Placeta de los Carvajales","category":"Mirador"}},{"type":"Feature","geometry":{"type":"Point","coordinates":[-3.49902,36.8604]},"properties":{"id":"0435338f","name":"Mirador de la Presa de Rules","category":"Mirador"}},{"type":"Feature","geometry":{"type":"Point","coordinates":[-3.49423,36.85695]},"properties":{"id":"694ac323","name":"Mirador de la Presa de Rules","category":"Mirador"}},{"type":"Feature","geometry":{"type":"Point","coordinates":[-3.53499,36.98105]},"properties":{"id":"7e02664e","name":"Mirador de la Razuela","category":"Mirador"}},{"type":"Feature","geometry":{"type":"Point","coordinates":[-3.55475,36.93764]},"properties":{"id":"c952f901","name":"Mirador de la Santísima Trinidad","category":"Mirador"}},{"type":"Feature","geometry":{"type":"Point","coordinates":[-3.07946,36.99659]},"properties":{"id":"09a3149b","name":"Mirador de la Torrecilla","category":"Mirador"}},{"type":"Feature","geometry":{"type":"Point","coordinates":[-3.58745,36.80285]},"properties":{"id":"7361d9b5","name":"Mirador de la Vega Tropical","category":"Mirador"}},{"type":"Feature","geometry":{"type":"Point","coordinates":[-3.55715,37.09547]},"properties":{"id":"907691ee","name":"Mirador de la Vega de Granada","category":"Mirador"}},{"type":"Feature","geometry":{"type":"Point","coordinates":[-3.60667,36.84416]},"properties":{"id":"5312f880","name":"Mirador de la Viñuela","category":"Mirador"}},{"type":"Feature","geometry":{"type":"Point","coordinates":[-3.49263,37.26175]},"properties":{"id":"d062cba3","name":"Mirador de la Zarraca","category":"Mirador"}},{"type":"Feature","geometry":{"type":"Point","coordinates":[-3.45445,37.18788]},"properties":{"id":"9608b4b5","name":"Mirador de la presa de Quéntar","category":"Mirador"}},{"type":"Feature","geometry":{"type":"Point","coordinates":[-3.57449,36.93302]},"properties":{"id":"6290b64f","name":"Mirador de las Alvirillas","category":"Mirador"}},{"type":"Feature","geometry":{"type":"Point","coordinates":[-3.5653,37.06374]},"properties":{"id":"7b866105","name":"Mirador de las Bocas del Río","category":"Mirador"}},{"type":"Feature","geometry":{"type":"Point","coordinates":[-2.55444,37.74222]},"properties":{"id":"74717b44","name":"Mirador de las Cruces","category":"Mirador"}},{"type":"Feature","geometry":{"type":"Point","coordinates":[-3.42904,36.92454]},"properties":{"id":"75cf0604","name":"Mirador de las Eras Aben Farax","category":"Mirador"}},{"type":"Feature","geometry":{"type":"Point","coordinates":[-2.64364,37.71756]},"properties":{"id":"982f1b30","name":"Mirador de las Eras Altas","category":"Mirador"}},{"type":"Feature","geometry":{"type":"Point","coordinates":[-2.64274,37.71241]},"properties":{"id":"d55b5a52","name":"Mirador de las Eras Bajas","category":"Mirador"}},{"type":"Feature","geometry":{"type":"Point","coordinates":[-3.36105,36.96209]},"properties":{"id":"b4373bfb","name":"Mirador de las Espeñuelas","category":"Mirador"}},{"type":"Feature","geometry":{"type":"Point","coordinates":[-3.37966,37.16907]},"properties":{"id":"952a022d","name":"Mirador de las Majadas","category":"Mirador"}},{"type":"Feature","geometry":{"type":"Point","coordinates":[-3.48204,37.15467]},"properties":{"id":"7c489b93","name":"Mirador de las Perillas","category":"Mirador"}},{"type":"Feature","geometry":{"type":"Point","coordinates":[-3.4791,37.15733]},"properties":{"id":"86057687","name":"Mirador de las Torcas","category":"Mirador"}},{"type":"Feature","geometry":{"type":"Point","coordinates":[-2.85847,37.33138]},"properties":{"id":"a41e2e15","name":"Mirador de las Víboras","category":"Mirador"}},{"type":"Feature","geometry":{"type":"Point","coordinates":[-3.88238,36.96875]},"properties":{"id":"83310813","name":"Mirador de las Yeseras","category":"Mirador"}},{"type":"Feature","geometry":{"type":"Point","coordinates":[-3.47683,36.76295]},"properties":{"id":"3ebcc1d6","name":"Mirador de los Almendros","category":"Mirador"}},{"type":"Feature","geometry":{"type":"Point","coordinates":[-2.93964,37.44258]},"properties":{"id":"8922302b","name":"Mirador de los Balcones","category":"Mirador"}},{"type":"Feature","geometry":{"type":"Point","coordinates":[-3.52194,37.12748]},"properties":{"id":"2a933f91","name":"Mirador de los Cahorros","category":"Mirador"}},{"type":"Feature","geometry":{"type":"Point","coordinates":[-2.55346,37.74158]},"properties":{"id":"e7391aaf","name":"Mirador de los Capones","category":"Mirador"}},{"type":"Feature","geometry":{"type":"Point","coordinates":[-3.47798,37.15273]},"properties":{"id":"52ddacea","name":"Mirador de los Enamorados","category":"Mirador"}},{"type":"Feature","geometry":{"type":"Point","coordinates":[-3.59015,36.8106]},"properties":{"id":"46f4d046","name":"Mirador de los Guájares","category":"Mirador"}},{"type":"Feature","geometry":{"type":"Point","coordinates":[-2.74705,37.90415]},"properties":{"id":"7481976c","name":"Mirador de los Hiniestares","category":"Mirador"}},{"type":"Feature","geometry":{"type":"Point","coordinates":[-3.49614,36.91859]},"properties":{"id":"09240992","name":"Mirador de los Héroes","category":"Mirador"}},{"type":"Feature","geometry":{"type":"Point","coordinates":[-3.22427,36.94239]},"properties":{"id":"9b7b60db","name":"Mirador de los Llanillos","category":"Mirador"}},{"type":"Feature","geometry":{"type":"Point","coordinates":[-3.49702,37.26424]},"properties":{"id":"1167d96b","name":"Mirador de los Mármoles","category":"Mirador"}},{"type":"Feature","geometry":{"type":"Point","coordinates":[-3.99692,37.3205]},"properties":{"id":"1ba0b7f2","name":"Mirador de los Olivos","category":"Mirador"}},{"type":"Feature","geometry":{"type":"Point","coordinates":[-3.34327,36.95082]},"properties":{"id":"6af7a701","name":"Mirador de los Tajos del Ángel","category":"Mirador"}},{"type":"Feature","geometry":{"type":"Point","coordinates":[-3.42909,36.92693]},"properties":{"id":"131f5b66","name":"Mirador de África","category":"Mirador"}},{"type":"Feature","geometry":{"type":"Point","coordinates":[-3.88097,36.87291]},"properties":{"id":"5c22d282","name":"Mirador del Agua","category":"Mirador"}},{"type":"Feature","geometry":{"type":"Point","coordinates":[-3.06056,36.96341]},"properties":{"id":"7787faa0","name":"Mirador del Amor","category":"Mirador"}},{"type":"Feature","geometry":{"type":"Point","coordinates":[-3.58767,36.97009]},"properties":{"id":"cf8e6a3c","name":"Mirador del Atajo","category":"Mirador"}},{"type":"Feature","geometry":{"type":"Point","coordinates":[-3.29092,36.96775]},"properties":{"id":"132c1d14","name":"Mirador del Barranco de los Alisos","category":"Mirador"}},{"type":"Feature","geometry":{"type":"Point","coordinates":[-3.58502,37.17004]},"properties":{"id":"62fd3717","name":"Mirador del Barranco del Abogado","category":"Mirador"}},{"type":"Feature","geometry":{"type":"Point","coordinates":[-3.58694,36.973]},"properties":{"id":"0ac9c41b","name":"Mirador del Baño","category":"Mirador"}},{"type":"Feature","geometry":{"type":"Point","coordinates":[-3.58649,37.17149]},"properties":{"id":"8ec5cd47","name":"Mirador del Carmen de los Mártires","category":"Mirador"}},{"type":"Feature","geometry":{"type":"Point","coordinates":[-3.42733,37.15355]},"properties":{"id":"f3eb1360","name":"Mirador del Castañar","category":"Mirador"}},{"type":"Feature","geometry":{"type":"Point","coordinates":[-3.15895,37.34943]},"properties":{"id":"4da5cb6e","name":"Mirador del Cerro Kabila","category":"Mirador"}},{"type":"Feature","geometry":{"type":"Point","coordinates":[-3.13777,37.29278]},"properties":{"id":"deea1e4b","name":"Mirador del Cerro de la Bala","category":"Mirador"}},{"type":"Feature","geometry":{"type":"Point","coordinates":[-2.54942,37.7431]},"properties":{"id":"9a810abd","name":"Mirador del Cerro de la Virgen","category":"Mirador"}},{"type":"Feature","geometry":{"type":"Point","coordinates":[-2.55668,38.05679]},"properties":{"id":"a6cd8b7a","name":"Mirador del Churrascón","category":"Mirador"}},{"type":"Feature","geometry":{"type":"Point","coordinates":[-3.59019,36.96489]},"properties":{"id":"fcd15e01","name":"Mirador del Concejo","category":"Mirador"}},{"type":"Feature","geometry":{"type":"Point","coordinates":[-3.4168,36.72874]},"properties":{"id":"9b1226af","name":"Mirador del Conjuro","category":"Mirador"}},{"type":"Feature","geometry":{"type":"Point","coordinates":[-3.36883,37.06238]},"properties":{"id":"7251ec95","name":"Mirador del Corral del Veleta","category":"Mirador"}},{"type":"Feature","geometry":{"type":"Point","coordinates":[-3.50534,37.25396]},"properties":{"id":"f5968e89","name":"Mirador del Darro","category":"Mirador"}},{"type":"Feature","geometry":{"type":"Point","coordinates":[-3.57421,37.06412]},"properties":{"id":"0054a726","name":"Mirador del Encinar","category":"Mirador"}},{"type":"Feature","geometry":{"type":"Point","coordinates":[-3.1963,37.27911]},"properties":{"id":"9450ec7a","name":"Mirador del Fin del Mundo","category":"Mirador"}},{"type":"Feature","geometry":{"type":"Point","coordinates":[-3.54258,37.11574]},"properties":{"id":"33eb52b4","name":"Mirador del Fraile","category":"Mirador"}},{"type":"Feature","geometry":{"type":"Point","coordinates":[-2.81648,37.57143]},"properties":{"id":"cba27efe","name":"Mirador del Jabalcón","category":"Mirador"}},{"type":"Feature","geometry":{"type":"Point","coordinates":[-3.21591,36.82471]},"properties":{"id":"9f660e65","name":"Mirador del Kilómetro","category":"Mirador"}},{"type":"Feature","geometry":{"type":"Point","coordinates":[-3.0461,37.14613]},"properties":{"id":"16b2efc5","name":"Mirador del Marquesado","category":"Mirador"}},{"type":"Feature","geometry":{"type":"Point","coordinates":[-3.59593,36.81192]},"properties":{"id":"94176d25","name":"Mirador del Minchar","category":"Mirador"}},{"type":"Feature","geometry":{"type":"Point","coordinates":[-3.67722,36.8409]},"properties":{"id":"04c6e6e9","name":"Mirador del Molinillo","category":"Mirador"}},{"type":"Feature","geometry":{"type":"Point","coordinates":[-3.38896,36.9209]},"properties":{"id":"6e4a44f8","name":"Mirador del Padre Eterno","category":"Mirador"}},{"type":"Feature","geometry":{"type":"Point","coordinates":[-3.35837,36.95999]},"properties":{"id":"66cc4c35","name":"Mirador del Perchel","category":"Mirador"}},{"type":"Feature","geometry":{"type":"Point","coordinates":[-3.53121,37.00026]},"properties":{"id":"8bee1b5f","name":"Mirador del Peñón de Granada","category":"Mirador"}},{"type":"Feature","geometry":{"type":"Point","coordinates":[-3.72326,36.73081]},"properties":{"id":"39a79e2f","name":"Mirador del Peñón del Lobo","category":"Mirador"}},{"type":"Feature","geometry":{"type":"Point","coordinates":[-3.51395,36.83268]},"properties":{"id":"bf93b491","name":"Mirador del Rabiblanco","category":"Mirador"}},{"type":"Feature","geometry":{"type":"Point","coordinates":[-3.53303,37.08125]},"properties":{"id":"c76770af","name":"Mirador del Río Dílar","category":"Mirador"}},{"type":"Feature","geometry":{"type":"Point","coordinates":[-3.20165,37.30089]},"properties":{"id":"f28e8d47","name":"Mirador del Santo Cristo de los Milagros","category":"Mirador"}},{"type":"Feature","geometry":{"type":"Point","coordinates":[-3.47415,37.35633]},"properties":{"id":"6d25aa3a","name":"Mirador del Sotillo","category":"Mirador"}},{"type":"Feature","geometry":{"type":"Point","coordinates":[-3.56255,37.0635]},"properties":{"id":"03fce70a","name":"Mirador del Toril","category":"Mirador"}},{"type":"Feature","geometry":{"type":"Point","coordinates":[-3.51234,37.07783]},"properties":{"id":"f5a20cff","name":"Mirador del Trevenque","category":"Mirador"}},{"type":"Feature","geometry":{"type":"Point","coordinates":[-4.01293,36.91362]},"properties":{"id":"f6be230d","name":"Mirador del Valle del Temple","category":"Mirador"}},{"type":"Feature","geometry":{"type":"Point","coordinates":[-3.47598,36.91293]},"properties":{"id":"7c4ab709","name":"Mirador del Visillo","category":"Mirador"}},{"type":"Feature","geometry":{"type":"Point","coordinates":[-3.53651,36.98382]},"properties":{"id":"b5fd32dd","name":"Mirador del auditorium","category":"Mirador"}},{"type":"Feature","geometry":{"type":"Point","coordinates":[-3.24237,37.57953]},"properties":{"id":"8f5c3aaf","name":"Mirador del cerrillo de San Juan","category":"Mirador"}},{"type":"Feature","geometry":{"type":"Point","coordinates":[-3.27786,36.81805]},"properties":{"id":"2701efd5","name":"Mirador la Era","category":"Mirador"}},{"type":"Feature","geometry":{"type":"Point","coordinates":[-3.58607,36.78759]},"properties":{"id":"28dbad52","name":"Mirador las Revueltas","category":"Mirador"}},{"type":"Feature","geometry":{"type":"Point","coordinates":[-2.96178,37.49456]},"properties":{"id":"1075cfee","name":"Mirador norte","category":"Mirador"}},{"type":"Feature","geometry":{"type":"Point","coordinates":[-2.96147,37.49075]},"properties":{"id":"a874e860","name":"Mirador oeste","category":"Mirador"}},{"type":"Feature","geometry":{"type":"Point","coordinates":[-3.58899,37.18515]},"properties":{"id":"d2a6388b","name":"Muralla San Miguel","category":"Mirador"}},{"type":"Feature","geometry":{"type":"Point","coordinates":[-2.74863,37.90847]},"properties":{"id":"97359df0","name":"Nacimiento del Río Castril","category":"Mirador"}},{"type":"Feature","geometry":{"type":"Point","coordinates":[-3.77107,36.73622]},"properties":{"id":"756116f1","name":"Panel Panorámico.","category":"Mirador"}},{"type":"Feature","geometry":{"type":"Point","coordinates":[-3.57861,37.17413]},"properties":{"id":"afd164a4","name":"Parque Periurbano","category":"Mirador"}},{"type":"Feature","geometry":{"type":"Point","coordinates":[-3.39367,37.11971]},"properties":{"id":"ed48d801","name":"Peña del Perro","category":"Mirador"}},{"type":"Feature","geometry":{"type":"Point","coordinates":[-3.59231,37.17707]},"properties":{"id":"4cfa7092","name":"Torre de la Vela","category":"Mirador"}},{"type":"Feature","geometry":{"type":"Point","coordinates":[-3.59114,37.17751]},"properties":{"id":"a3b5cf9f","name":"Torre del Cubo","category":"Mirador"}},{"type":"Feature","geometry":{"type":"Point","coordinates":[-3.64691,36.74444]},"properties":{"id":"fb2795cc","name":"Torre del Diablo","category":"Mirador"}},{"type":"Feature","geometry":{"type":"Point","coordinates":[-3.35183,37.12741]},"properties":{"id":"6b26e84c","name":"Viso de las Nortes","category":"Mirador"}},{"type":"Feature","geometry":{"type":"Point","coordinates":[-3.43353,37.22439]},"properties":{"id":"fe40e773","name":"Vista al Pantano Quentar","category":"Mirador"}},{"type":"Feature","geometry":{"type":"Point","coordinates":[-3.30204,36.87905]},"properties":{"id":"91f9188c","name":"Vista de Torvizcón","category":"Mirador"}},{"type":"Feature","geometry":{"type":"Point","coordinates":[-2.93333,37.58007]},"properties":{"id":"f21df79c","name":"mirador del negratin","category":"Mirador"}},{"type":"Feature","geometry":{"type":"Point","coordinates":[-3.57712,37.18323]},"properties":{"id":"9adaa424","name":"Abadía del Sacromonte","category":"Monumento"}},{"type":"Feature","geometry":{"type":"Point","coordinates":[-3.59365,37.195]},"properties":{"id":"d00e7378","name":"Albercón del Moro","category":"Monumento"}},{"type":"Feature","geometry":{"type":"Point","coordinates":[-4.15142,37.16735]},"properties":{"id":"db543595","name":"Ali al-Attar","category":"Monumento"}},{"type":"Feature","geometry":{"type":"Point","coordinates":[-4.01042,37.32062]},"properties":{"id":"c78e31a9","name":"Antiguo Hospital de San Juan de los Reyes","category":"Monumento"}},{"type":"Feature","geometry":{"type":"Point","coordinates":[-2.53775,37.80921]},"properties":{"id":"ea0aa411","name":"Antiguo Pósito","category":"Monumento"}},{"type":"Feature","geometry":{"type":"Point","coordinates":[-3.49265,36.7061]},"properties":{"id":"ffbe373a","name":"Atalaya nueva","category":"Monumento"}},{"type":"Feature","geometry":{"type":"Point","coordinates":[-3.64257,37.14882]},"properties":{"id":"a01c08f4","name":"Baños arabes","category":"Monumento"}},{"type":"Feature","geometry":{"type":"Point","coordinates":[-3.5891,37.12039]},"properties":{"id":"36257b44","name":"Baños arabes","category":"Monumento"}},{"type":"Feature","geometry":{"type":"Point","coordinates":[-3.57557,37.27319]},"properties":{"id":"4a9b4672","name":"Baños arabes","category":"Monumento"}},{"type":"Feature","geometry":{"type":"Point","coordinates":[-2.60757,37.99156]},"properties":{"id":"144f525e","name":"Bosque sequoias Mariantonias","category":"Monumento"}},{"type":"Feature","geometry":{"type":"Point","coordinates":[-3.66849,37.13643]},"properties":{"id":"bcdbc44f","name":"Casa Benavente y Pisa","category":"Monumento"}},{"type":"Feature","geometry":{"type":"Point","coordinates":[-2.53827,37.81094]},"properties":{"id":"75330056","name":"Casa de los Maza","category":"Monumento"}},{"type":"Feature","geometry":{"type":"Point","coordinates":[-2.53948,37.8086]},"properties":{"id":"5f7f7101","name":"Casa de los Penalva Serrano","category":"Monumento"}},{"type":"Feature","geometry":{"type":"Point","coordinates":[-3.57786,36.978]},"properties":{"id":"6787825d","name":"Castillo de Dúrcal","category":"Monumento"}},{"type":"Feature","geometry":{"type":"Point","coordinates":[-4.15152,37.17268]},"properties":{"id":"957621d7","name":"Claustro del Convento de San Francisco","category":"Monumento"}},{"type":"Feature","geometry":{"type":"Point","coordinates":[-2.54074,37.81231]},"properties":{"id":"735f898b","name":"Convento de Santo Domingo","category":"Monumento"}},{"type":"Feature","geometry":{"type":"Point","coordinates":[-3.16435,37.23852]},"properties":{"id":"cefdf58e","name":"Hermita Gregorio","category":"Monumento"}},{"type":"Feature","geometry":{"type":"Point","coordinates":[-3.65112,37.07064]},"properties":{"id":"a8fcc7f4","name":"Hito del Circuito National de Firmes Especiales","category":"Monumento"}},{"type":"Feature","geometry":{"type":"Point","coordinates":[-2.57934,37.57756]},"properties":{"id":"d85d1a7b","name":"La Torre del Alabi y Ermita","category":"Monumento"}},{"type":"Feature","geometry":{"type":"Point","coordinates":[-3.30314,36.93118]},"properties":{"id":"3cad46ac","name":"Mezquita de Busquìstar","category":"Monumento"}},{"type":"Feature","geometry":{"type":"Point","coordinates":[-3.16394,37.21508]},"properties":{"id":"904f4576","name":"Molino antiguo","category":"Monumento"}},{"type":"Feature","geometry":{"type":"Point","coordinates":[-3.80092,37.2069]},"properties":{"id":"caf388eb","name":"Molinos","category":"Monumento"}},{"type":"Feature","geometry":{"type":"Point","coordinates":[-85.94192,11.92765]},"properties":{"id":"80f90fb3","name":"Monumento Emiliano Chamorro","category":"Monumento"}},{"type":"Feature","geometry":{"type":"Point","coordinates":[-85.94317,11.93013]},"properties":{"id":"fcbd3626","name":"Monumento Franciso Hernández Cordoba","category":"Monumento"}},{"type":"Feature","geometry":{"type":"Point","coordinates":[-3.74098,36.73338]},"properties":{"id":"a557e83d","name":"Monumento a los Hombres de la Mar","category":"Monumento"}},{"type":"Feature","geometry":{"type":"Point","coordinates":[-3.11461,37.17837]},"properties":{"id":"43f3a6be","name":"Monumento al Minero","category":"Monumento"}},{"type":"Feature","geometry":{"type":"Point","coordinates":[-3.55451,37.2312]},"properties":{"id":"ee277184","name":"Palacio del Cuzco","category":"Monumento"}},{"type":"Feature","geometry":{"type":"Point","coordinates":[-2.55006,37.745]},"properties":{"id":"c27b3269","name":"Puente de Hierro","category":"Monumento"}},{"type":"Feature","geometry":{"type":"Point","coordinates":[-4.22109,37.13522]},"properties":{"id":"7c9c4f2d","name":"Puente del Barrancón","category":"Monumento"}},{"type":"Feature","geometry":{"type":"Point","coordinates":[-3.58998,37.17554]},"properties":{"id":"2f92dd36","name":"Puerta de Bib-Rambla","category":"Monumento"}},{"type":"Feature","geometry":{"type":"Point","coordinates":[-3.66866,37.13644]},"properties":{"id":"aa0f03fd","name":"Torre El Fuerte","category":"Monumento"}},{"type":"Feature","geometry":{"type":"Point","coordinates":[-3.98009,37.1304]},"properties":{"id":"240056eb","name":"Torre Jota","category":"Monumento"}},{"type":"Feature","geometry":{"type":"Point","coordinates":[-3.78883,37.36701]},"properties":{"id":"4a2b770b","name":"Torre atalaya de la Porqueriza","category":"Monumento"}},{"type":"Feature","geometry":{"type":"Point","coordinates":[-3.8721,37.02489]},"properties":{"id":"29e0bfd8","name":"Torre de Agrón","category":"Monumento"}},{"type":"Feature","geometry":{"type":"Point","coordinates":[-3.96786,37.22254]},"properties":{"id":"4e6a206c","name":"Torre de Bràcana","category":"Monumento"}},{"type":"Feature","geometry":{"type":"Point","coordinates":[-4.06565,36.94628]},"properties":{"id":"ecd6b622","name":"Torre de Luna","category":"Monumento"}},{"type":"Feature","geometry":{"type":"Point","coordinates":[-3.83546,37.3221]},"properties":{"id":"25612c3a","name":"Torre de la Gallina","category":"Monumento"}},{"type":"Feature","geometry":{"type":"Point","coordinates":[-3.84591,37.30984]},"properties":{"id":"48d5bb62","name":"Torre de la Mesa","category":"Monumento"}},{"type":"Feature","geometry":{"type":"Point","coordinates":[-4.0014,37.0222]},"properties":{"id":"731fadca","name":"Torre de la Solana","category":"Monumento"}},{"type":"Feature","geometry":{"type":"Point","coordinates":[-4.01349,37.35074]},"properties":{"id":"9de0c420","name":"Torre de las Cabrerizas","category":"Monumento"}},{"type":"Feature","geometry":{"type":"Point","coordinates":[-2.53804,37.80937]},"properties":{"id":"4b19d7bd","name":"Torre del Homenaje","category":"Monumento"}},{"type":"Feature","geometry":{"type":"Point","coordinates":[-3.96589,37.08024]},"properties":{"id":"428c9795","name":"Torre del Hoyo","category":"Monumento"}},{"type":"Feature","geometry":{"type":"Point","coordinates":[-4.07176,37.32952]},"properties":{"id":"2c895b65","name":"Torre del Sol","category":"Monumento"}},{"type":"Feature","geometry":{"type":"Point","coordinates":[-3.53143,37.26815]},"properties":{"id":"cdcb85c5","name":"Trincheras de la Yedra","category":"Monumento"}},{"type":"Feature","geometry":{"type":"Point","coordinates":[-3.53507,37.26656]},"properties":{"id":"af3dd280","name":"Trincheras de la Yedra II","category":"Monumento"}},{"type":"Feature","geometry":{"type":"Point","coordinates":[-3.54208,37.26526]},"properties":{"id":"af4ea1fd","name":"Trincheras de la Yedra III","category":"Monumento"}},{"type":"Feature","geometry":{"type":"Point","coordinates":[-3.52299,37.27211]},"properties":{"id":"7f8d9d86","name":"Trincheras del Llano del Fraile","category":"Monumento"}},{"type":"Feature","geometry":{"type":"Point","coordinates":[-3.51904,37.23734]},"properties":{"id":"1d2e77f0","name":"Trincheras del Maúllo","category":"Monumento"}},{"type":"Feature","geometry":{"type":"Point","coordinates":[-4.18563,37.23337]},"properties":{"id":"d9b120e3","name":"Yacimiento Arqueologico Sierra Martilla","category":"Monumento"}},{"type":"Feature","geometry":{"type":"Point","coordinates":[-85.95514,11.93783]},"properties":{"id":"71733a35","name":"Antigua Estación de Tren Granada","category":"Museo"}},{"type":"Feature","geometry":{"type":"Point","coordinates":[-3.59911,37.0179]},"properties":{"id":"cdcad9b8","name":"Aula de la Naturaleza El Aguadero","category":"Museo"}},{"type":"Feature","geometry":{"type":"Point","coordinates":[-2.77006,37.48998]},"properties":{"id":"5c19fce8","name":"Baños Árabes de Baza","category":"Museo"}},{"type":"Feature","geometry":{"type":"Point","coordinates":[-3.52111,36.7462]},"properties":{"id":"12c13489","name":"Casa Condesa Torre-Isabel","category":"Museo"}},{"type":"Feature","geometry":{"type":"Point","coordinates":[-3.11802,36.98292]},"properties":{"id":"fca11055","name":"Casa Museo Gerald Brenan","category":"Museo"}},{"type":"Feature","geometry":{"type":"Point","coordinates":[-3.58883,37.17335]},"properties":{"id":"c1825738","name":"Casa Museo Manuel de Falla","category":"Museo"}},{"type":"Feature","geometry":{"type":"Point","coordinates":[-3.59384,37.18092]},"properties":{"id":"322b5145","name":"Casa Museo Max Moreau","category":"Museo"}},{"type":"Feature","geometry":{"type":"Point","coordinates":[-3.35969,36.96074]},"properties":{"id":"cd4e8f13","name":"Casa Museo Pedro Antonio de Alarcon","category":"Museo"}},{"type":"Feature","geometry":{"type":"Point","coordinates":[-3.13519,37.2985]},"properties":{"id":"6b949537","name":"Casa Museo Pintor Julio Visconti","category":"Museo"}},{"type":"Feature","geometry":{"type":"Point","coordinates":[-3.59492,37.17524]},"properties":{"id":"9e5380a8","name":"Casa Museo Sefardí","category":"Museo"}},{"type":"Feature","geometry":{"type":"Point","coordinates":[-3.59553,37.17475]},"properties":{"id":"8270322d","name":"Casa de los Tiros","category":"Museo"}},{"type":"Feature","geometry":{"type":"Point","coordinates":[-3.81641,37.23255]},"properties":{"id":"54389fa4","name":"Casa museo Federico Garcia Lorca","category":"Museo"}},{"type":"Feature","geometry":{"type":"Point","coordinates":[-3.60939,37.17059]},"properties":{"id":"f978dc8d","name":"Casa-Museo Federico García Lorca","category":"Museo"}},{"type":"Feature","geometry":{"type":"Point","coordinates":[-3.6024,37.17289]},"properties":{"id":"207849cc","name":"Centro Europeo de las Mujeres Mariana Pineda","category":"Museo"}},{"type":"Feature","geometry":{"type":"Point","coordinates":[-3.20306,37.41276]},"properties":{"id":"f0fbde25","name":"Centro Paleontológico Fonelas P-1","category":"Museo"}},{"type":"Feature","geometry":{"type":"Point","coordinates":[-3.23192,37.25772]},"properties":{"id":"2fbd2cfe","name":"Centro Vitivinícola de Polícar","category":"Museo"}},{"type":"Feature","geometry":{"type":"Point","coordinates":[-2.54214,37.74763]},"properties":{"id":"5f8b8786","name":"Centro de Interpretación","category":"Museo"}},{"type":"Feature","geometry":{"type":"Point","coordinates":[-3.53808,36.97771]},"properties":{"id":"62ed2d80","name":"Centro de Interpretación Almazara La Erilla","category":"Museo"}},{"type":"Feature","geometry":{"type":"Point","coordinates":[-2.51559,37.72624]},"properties":{"id":"655d3dfe","name":"Centro de Interpretación Cerro de la Virgen (Arqueológico)","category":"Museo"}},{"type":"Feature","geometry":{"type":"Point","coordinates":[-3.47264,37.35929]},"properties":{"id":"ac501dc5","name":"Centro de Interpretación Cueva del Agua","category":"Museo"}},{"type":"Feature","geometry":{"type":"Point","coordinates":[-3.1423,37.29484]},"properties":{"id":"ff10677b","name":"Centro de Interpretación Cuevas de Guadix - Cueva Museo","category":"Museo"}},{"type":"Feature","geometry":{"type":"Point","coordinates":[-4.04714,37.19397]},"properties":{"id":"350f7d5d","name":"Centro de Interpretación Histórico","category":"Museo"}},{"type":"Feature","geometry":{"type":"Point","coordinates":[-2.47563,37.72406]},"properties":{"id":"38c0914d","name":"Centro de Interpretación Primeros Pobladores de Europa \"Josep Gibert\"","category":"Museo"}},{"type":"Feature","geometry":{"type":"Point","coordinates":[-3.05452,36.96017]},"properties":{"id":"5b815624","name":"Centro de Interpretación de La Alpujarra","category":"Museo"}},{"type":"Feature","geometry":{"type":"Point","coordinates":[-3.21258,36.92933]},"properties":{"id":"8f01f1b9","name":"Centro de Interpretación de la Música Lombarda","category":"Museo"}},{"type":"Feature","geometry":{"type":"Point","coordinates":[-3.56755,37.12723]},"properties":{"id":"b5759450","name":"Centro de Interpretación de la Seda","category":"Museo"}},{"type":"Feature","geometry":{"type":"Point","coordinates":[-3.59544,37.18174]},"properties":{"id":"f3f6fdbe","name":"Centro de Interpretación del Agua","category":"Museo"}},{"type":"Feature","geometry":{"type":"Point","coordinates":[-2.5635,37.74255]},"properties":{"id":"a45e61d3","name":"Centro de Interpretación del Castellón Alto","category":"Museo"}},{"type":"Feature","geometry":{"type":"Point","coordinates":[-2.54472,37.81029]},"properties":{"id":"52c08eec","name":"Centro de Interpretación del Cordero Segureño","category":"Museo"}},{"type":"Feature","geometry":{"type":"Point","coordinates":[-3.04475,37.47902]},"properties":{"id":"0fac6d5a","name":"Centro de Interpretación del Megalitismo","category":"Museo"}},{"type":"Feature","geometry":{"type":"Point","coordinates":[-2.78144,37.79495]},"properties":{"id":"d68246b3","name":"Centro de Interpretación del Río Castril","category":"Museo"}},{"type":"Feature","geometry":{"type":"Point","coordinates":[-3.0359,37.17226]},"properties":{"id":"92146c82","name":"Centro de interpretación de la arquitectura árabe de Ferreira","category":"Museo"}},{"type":"Feature","geometry":{"type":"Point","coordinates":[-3.13842,37.29873]},"properties":{"id":"074c59e3","name":"Cerámica Gabarrón","category":"Museo"}},{"type":"Feature","geometry":{"type":"Point","coordinates":[-85.95199,11.93217]},"properties":{"id":"5d46676a","name":"Convento de San Francisco","category":"Museo"}},{"type":"Feature","geometry":{"type":"Point","coordinates":[-3.60205,37.1847]},"properties":{"id":"71b92038","name":"Cripta de Fray Leopoldo de Alpandeire","category":"Museo"}},{"type":"Feature","geometry":{"type":"Point","coordinates":[-3.59509,37.17167]},"properties":{"id":"50a31b19","name":"Cuarto Real de Santo Domingo","category":"Museo"}},{"type":"Feature","geometry":{"type":"Point","coordinates":[-3.58724,37.18167]},"properties":{"id":"390714f8","name":"Cueva de Chorrohumo","category":"Museo"}},{"type":"Feature","geometry":{"type":"Point","coordinates":[-3.13822,37.29894]},"properties":{"id":"b491fbb6","name":"Cuevas La Alcazaba","category":"Museo"}},{"type":"Feature","geometry":{"type":"Point","coordinates":[-2.64449,37.7149]},"properties":{"id":"6eda4a8e","name":"Ecomuseo de Castilléjar","category":"Museo"}},{"type":"Feature","geometry":{"type":"Point","coordinates":[-3.52577,36.74539]},"properties":{"id":"ffa7b9d0","name":"El Ingenio de la Palma","category":"Museo"}},{"type":"Feature","geometry":{"type":"Point","coordinates":[-3.59264,37.17501]},"properties":{"id":"54e27373","name":"Fundación Rodríguez Acosta","category":"Museo"}},{"type":"Feature","geometry":{"type":"Point","coordinates":[-3.52833,36.74659]},"properties":{"id":"6dbbaf89","name":"Fábrica Azucarera Nuestra Señora del Pilar","category":"Museo"}},{"type":"Feature","geometry":{"type":"Point","coordinates":[-3.59055,37.17882]},"properties":{"id":"98fc14fc","name":"Galería Alea","category":"Museo"}},{"type":"Feature","geometry":{"type":"Point","coordinates":[-85.95493,11.93754]},"properties":{"id":"4af468af","name":"Historical Train (Open Air)","category":"Museo"}},{"type":"Feature","geometry":{"type":"Point","coordinates":[-3.59515,37.1803]},"properties":{"id":"b564a988","name":"Hospital de la tiña","category":"Museo"}},{"type":"Feature","geometry":{"type":"Point","coordinates":[-3.70549,37.05243]},"properties":{"id":"16743ec5","name":"Isla Verde","category":"Museo"}},{"type":"Feature","geometry":{"type":"Point","coordinates":[-3.26708,37.00078]},"properties":{"id":"531d7239","name":"Jamón Experience","category":"Museo"}},{"type":"Feature","geometry":{"type":"Point","coordinates":[-2.56439,37.58352]},"properties":{"id":"dd630716","name":"La Cueva de los Cuentos","category":"Museo"}},{"type":"Feature","geometry":{"type":"Point","coordinates":[-4.01082,37.2143]},"properties":{"id":"f8010881","name":"La Tahona","category":"Museo"}},{"type":"Feature","geometry":{"type":"Point","coordinates":[-85.95542,11.93158]},"properties":{"id":"d89f108a","name":"Mi Museo - Museo arqueológico de cerámica precolombina","category":"Museo"}},{"type":"Feature","geometry":{"type":"Point","coordinates":[-3.54608,36.95]},"properties":{"id":"a43b6d28","name":"Molino de Mondújar","category":"Museo"}},{"type":"Feature","geometry":{"type":"Point","coordinates":[-2.64012,37.71546]},"properties":{"id":"60996a3e","name":"Molino del Duque","category":"Museo"}},{"type":"Feature","geometry":{"type":"Point","coordinates":[-3.53819,36.96964]},"properties":{"id":"9addc604","name":"Molino del Sevillano","category":"Museo"}},{"type":"Feature","geometry":{"type":"Point","coordinates":[-2.5378,37.80925]},"properties":{"id":"d53d62e3","name":"Museo \"José de Huéscar\"","category":"Museo"}},{"type":"Feature","geometry":{"type":"Point","coordinates":[-3.6916,36.73276]},"properties":{"id":"97fbddaf","name":"Museo Arqueológico Cueva de Siete Palacios","category":"Museo"}},{"type":"Feature","geometry":{"type":"Point","coordinates":[-2.7744,37.48989]},"properties":{"id":"717a84e7","name":"Museo Arqueológico de Baza","category":"Museo"}},{"type":"Feature","geometry":{"type":"Point","coordinates":[-3.59167,37.17882]},"properties":{"id":"6c2161f5","name":"Museo Arqueológico y Etnológico de Granada","category":"Museo"}},{"type":"Feature","geometry":{"type":"Point","coordinates":[-3.35698,36.94911]},"properties":{"id":"cec4ba31","name":"Museo Casa Alpujarreña","category":"Museo"}},{"type":"Feature","geometry":{"type":"Point","coordinates":[-3.78463,37.22068]},"properties":{"id":"e4667dab","name":"Museo Casa Natal Federico García Lorca","category":"Museo"}},{"type":"Feature","geometry":{"type":"Point","coordinates":[-3.13604,37.30129]},"properties":{"id":"1fe5f1ae","name":"Museo Catedralicio Donum Fidei","category":"Museo"}},{"type":"Feature","geometry":{"type":"Point","coordinates":[-3.58432,37.18313]},"properties":{"id":"f9df8fd9","name":"Museo Cuevas del Sacromonte","category":"Museo"}},{"type":"Feature","geometry":{"type":"Point","coordinates":[-3.41081,37.10542]},"properties":{"id":"468a53de","name":"Museo Etnográfico","category":"Museo"}},{"type":"Feature","geometry":{"type":"Point","coordinates":[-3.13466,37.22526]},"properties":{"id":"dcc5bae8","name":"Museo Etnológico","category":"Museo"}},{"type":"Feature","geometry":{"type":"Point","coordinates":[-3.55325,37.23362]},"properties":{"id":"f3a6113e","name":"Museo Etnológico Molino de la Venta","category":"Museo"}},{"type":"Feature","geometry":{"type":"Point","coordinates":[-3.15551,36.981]},"properties":{"id":"90a04bd9","name":"Museo Fotográfico","category":"Museo"}},{"type":"Feature","geometry":{"type":"Point","coordinates":[-3.7184,37.18934]},"properties":{"id":"e7d19b62","name":"Museo Instituto de Amércica - Centro Damián Bayón","category":"Museo"}},{"type":"Feature","geometry":{"type":"Point","coordinates":[-2.54467,37.81048]},"properties":{"id":"0dec1bfd","name":"Museo Interactivo Ciudad de Huéscar","category":"Museo"}},{"type":"Feature","geometry":{"type":"Point","coordinates":[-3.5987,37.1758]},"properties":{"id":"8c1e3c11","name":"Museo José Guerrero","category":"Museo"}},{"type":"Feature","geometry":{"type":"Point","coordinates":[-3.58811,37.17388]},"properties":{"id":"ea9e5959","name":"Museo Meersmans","category":"Museo"}},{"type":"Feature","geometry":{"type":"Point","coordinates":[-3.60746,37.16207]},"properties":{"id":"146a0605","name":"Museo Memoria de Andalucía","category":"Museo"}},{"type":"Feature","geometry":{"type":"Point","coordinates":[-3.46839,37.36501]},"properties":{"id":"1b98e99e","name":"Museo Micológico","category":"Museo"}},{"type":"Feature","geometry":{"type":"Point","coordinates":[-3.91157,36.93517]},"properties":{"id":"57096c2c","name":"Museo Micológico","category":"Museo"}},{"type":"Feature","geometry":{"type":"Point","coordinates":[-3.88139,37.28593]},"properties":{"id":"7cf156c5","name":"Museo Municipal","category":"Museo"}},{"type":"Feature","geometry":{"type":"Point","coordinates":[-2.4373,37.96139]},"properties":{"id":"82d7e02d","name":"Museo Puebla de Don Fadrique","category":"Museo"}},{"type":"Feature","geometry":{"type":"Point","coordinates":[-3.2448,37.58049]},"properties":{"id":"99823477","name":"Museo de Alamedilla","category":"Museo"}},{"type":"Feature","geometry":{"type":"Point","coordinates":[-3.58977,37.17659]},"properties":{"id":"16a8a8a9","name":"Museo de Bellas Artes","category":"Museo"}},{"type":"Feature","geometry":{"type":"Point","coordinates":[-3.68701,37.23626]},"properties":{"id":"c97d1ea2","name":"Museo de Ciencias Naturales de Atarfe","category":"Museo"}},{"type":"Feature","geometry":{"type":"Point","coordinates":[-2.55182,37.74324]},"properties":{"id":"7c762ff9","name":"Museo de Galera","category":"Museo"}},{"type":"Feature","geometry":{"type":"Point","coordinates":[-4.00259,37.32252]},"properties":{"id":"bca960d2","name":"Museo de Navidad","category":"Museo"}},{"type":"Feature","geometry":{"type":"Point","coordinates":[-3.59532,37.17765]},"properties":{"id":"b3f594d6","name":"Museo de San Juan de Dios","category":"Museo"}},{"type":"Feature","geometry":{"type":"Point","coordinates":[-3.59017,37.17665]},"properties":{"id":"ef3f1285","name":"Museo de la Alhambra","category":"Museo"}},{"type":"Feature","geometry":{"type":"Point","coordinates":[-3.5987,37.17604]},"properties":{"id":"1bb9e4a0","name":"Museo de la Capilla Real","category":"Museo"}},{"type":"Feature","geometry":{"type":"Point","coordinates":[-3.49312,36.92176]},"properties":{"id":"a071e761","name":"Museo de la Miel Lanjarón","category":"Museo"}},{"type":"Feature","geometry":{"type":"Point","coordinates":[-3.52607,36.81888]},"properties":{"id":"e3d56fa5","name":"Museo del Aceite Andaluz","category":"Museo"}},{"type":"Feature","geometry":{"type":"Point","coordinates":[-3.6901,36.73404]},"properties":{"id":"c0875faf","name":"Museo del Bonsai","category":"Museo"}},{"type":"Feature","geometry":{"type":"Point","coordinates":[-3.35982,36.96128]},"properties":{"id":"6b8bd312","name":"Museo del Campanario","category":"Museo"}},{"type":"Feature","geometry":{"type":"Point","coordinates":[-4.00279,37.32265]},"properties":{"id":"b3986b9d","name":"Museo del Olivo","category":"Museo"}},{"type":"Feature","geometry":{"type":"Point","coordinates":[-3.15838,37.35465]},"properties":{"id":"89bef07c","name":"Museo del Pueblo","category":"Museo"}},{"type":"Feature","geometry":{"type":"Point","coordinates":[-3.59384,37.17849]},"properties":{"id":"88c3e544","name":"Palacio de los Olvidados","category":"Museo"}},{"type":"Feature","geometry":{"type":"Point","coordinates":[-3.60594,37.16272]},"properties":{"id":"ba803553","name":"Parque de las Ciencias","category":"Museo"}},{"type":"Feature","geometry":{"type":"Point","coordinates":[-2.47878,37.7209]},"properties":{"id":"ad868a9b","name":"Sala de Exposiciones Cuadras del Palacio","category":"Museo"}},{"type":"Feature","geometry":{"type":"Point","coordinates":[-2.55221,37.74336]},"properties":{"id":"1746cbb6","name":"Sala de Exposiciones Gerardo Venteo","category":"Museo"}},{"type":"Feature","geometry":{"type":"Point","coordinates":[-3.09771,37.26135]},"properties":{"id":"4f2ac908","name":"Trópolis Museo de Historia","category":"Museo"}},{"type":"Feature","geometry":{"type":"Point","coordinates":[-3.59003,37.17731]},"properties":{"id":"f9b62f75","name":"Mexuar","category":"Palacio"}},{"type":"Feature","geometry":{"type":"Point","coordinates":[-3.58994,37.17676]},"properties":{"id":"02a821d0","name":"Palacio de Carlos V","category":"Palacio"}},{"type":"Feature","geometry":{"type":"Point","coordinates":[-3.72577,36.7269]},"properties":{"id":"84df1fd8","name":"3","category":"Parking"}},{"type":"Feature","geometry":{"type":"Point","coordinates":[-3.61124,37.19022]},"properties":{"id":"a51290e0","name":"APK2 Los Mondragones","category":"Parking"}},{"type":"Feature","geometry":{"type":"Point","coordinates":[-3.58301,37.17401]},"properties":{"id":"920630a8","name":"Aparcamiento \"La Alhambra\" P1","category":"Parking"}},{"type":"Feature","geometry":{"type":"Point","coordinates":[-3.58232,37.17319]},"properties":{"id":"d3b44d9c","name":"Aparcamiento \"La Alhambra\" P2","category":"Parking"}},{"type":"Feature","geometry":{"type":"Point","coordinates":[-3.5815,37.17265]},"properties":{"id":"eecb333e","name":"Aparcamiento \"La Alhambra\" P3","category":"Parking"}},{"type":"Feature","geometry":{"type":"Point","coordinates":[-3.58071,37.17209]},"properties":{"id":"7cb5238a","name":"Aparcamiento \"La Alhambra\" P4","category":"Parking"}},{"type":"Feature","geometry":{"type":"Point","coordinates":[-3.57903,37.17197]},"properties":{"id":"564a1510","name":"Aparcamiento \"La Alhambra\" P5","category":"Parking"}},{"type":"Feature","geometry":{"type":"Point","coordinates":[-3.60968,37.1777]},"properties":{"id":"98b6dad5","name":"Aparcamiento Albert Einstein","category":"Parking"}},{"type":"Feature","geometry":{"type":"Point","coordinates":[-3.606,37.16717]},"properties":{"id":"2702401c","name":"Aparcamiento Arabial","category":"Parking"}},{"type":"Feature","geometry":{"type":"Point","coordinates":[-3.58397,37.15963]},"properties":{"id":"86c3a9e8","name":"Aparcamiento Canal Sur","category":"Parking"}},{"type":"Feature","geometry":{"type":"Point","coordinates":[-3.60333,37.16044]},"properties":{"id":"45c9cd76","name":"Aparcamiento Cruz de Lagos","category":"Parking"}},{"type":"Feature","geometry":{"type":"Point","coordinates":[-3.54199,36.91311]},"properties":{"id":"fd7ed9e9","name":"Aparcamiento El Rasmal","category":"Parking"}},{"type":"Feature","geometry":{"type":"Point","coordinates":[-3.62934,37.21142]},"properties":{"id":"a9418ae4","name":"Aparcamiento GO fit","category":"Parking"}},{"type":"Feature","geometry":{"type":"Point","coordinates":[-3.60437,37.17851]},"properties":{"id":"2f1359f0","name":"Aparcamiento Gran Capitán","category":"Parking"}},{"type":"Feature","geometry":{"type":"Point","coordinates":[-3.61318,37.17808]},"properties":{"id":"e5510efc","name":"Aparcamiento Hipercor","category":"Parking"}},{"type":"Feature","geometry":{"type":"Point","coordinates":[-3.6081,37.16447]},"properties":{"id":"20d787c1","name":"Aparcamiento Hospital La Inmaculada","category":"Parking"}},{"type":"Feature","geometry":{"type":"Point","coordinates":[-3.59867,37.15746]},"properties":{"id":"1c5e6c3b","name":"Aparcamiento Margarita Xirgú","category":"Parking"}},{"type":"Feature","geometry":{"type":"Point","coordinates":[-3.4879,36.91966]},"properties":{"id":"320b5e42","name":"Aparcamiento Municipal Complejo Deportivo","category":"Parking"}},{"type":"Feature","geometry":{"type":"Point","coordinates":[-3.51118,36.72055]},"properties":{"id":"0ff6b95a","name":"Aparcamiento Playa de las Azucenas","category":"Parking"}},{"type":"Feature","geometry":{"type":"Point","coordinates":[-3.5994,37.17777]},"properties":{"id":"e143c7b5","name":"Aparcamiento San Agustín","category":"Parking"}},{"type":"Feature","geometry":{"type":"Point","coordinates":[-3.56836,37.11452]},"properties":{"id":"f4f215a1","name":"Aparcamiento Sur","category":"Parking"}},{"type":"Feature","geometry":{"type":"Point","coordinates":[-3.60856,37.16857]},"properties":{"id":"c67c7dec","name":"Aparcamiento Torres Neptuno","category":"Parking"}},{"type":"Feature","geometry":{"type":"Point","coordinates":[-3.60629,37.19386]},"properties":{"id":"8fa05de4","name":"Aparcamiento Traumatología","category":"Parking"}},{"type":"Feature","geometry":{"type":"Point","coordinates":[-3.57955,37.17158]},"properties":{"id":"e74c31e5","name":"Aparcamiento de Caravanas \"La Alhambra\"","category":"Parking"}},{"type":"Feature","geometry":{"type":"Point","coordinates":[-3.60663,37.1628]},"properties":{"id":"6f1d8607","name":"Aparcamiento de Parque de las Ciencias - Edificio Macroscopio","category":"Parking"}},{"type":"Feature","geometry":{"type":"Point","coordinates":[-3.60419,37.16229]},"properties":{"id":"ec96c7ab","name":"Aparcamiento de Parque de las Ciencias - Edificio Péndulo","category":"Parking"}},{"type":"Feature","geometry":{"type":"Point","coordinates":[-3.61449,37.20044]},"properties":{"id":"7d458f93","name":"Aparcamiento de la Estación de Autobuses de Granada","category":"Parking"}},{"type":"Feature","geometry":{"type":"Point","coordinates":[-3.38719,37.12741]},"properties":{"id":"ff3a1e2f","name":"Aparcamiento de las Canteras de Serpentina","category":"Parking"}},{"type":"Feature","geometry":{"type":"Point","coordinates":[-3.68609,37.22118]},"properties":{"id":"743e104c","name":"Aparcamiento del Centro Cultural Medina Elvira","category":"Parking"}},{"type":"Feature","geometry":{"type":"Point","coordinates":[-3.5983,37.17985]},"properties":{"id":"6b50b879","name":"Aparcamiento del Zenete","category":"Parking"}},{"type":"Feature","geometry":{"type":"Point","coordinates":[-3.73084,36.7279]},"properties":{"id":"73ff8cf3","name":"Aparcamiento hotel","category":"Parking"}},{"type":"Feature","geometry":{"type":"Point","coordinates":[-3.61373,37.14644]},"properties":{"id":"f8e00fe6","name":"Aparcamiento subterráneo de Nevada Shopping","category":"Parking"}},{"type":"Feature","geometry":{"type":"Point","coordinates":[-3.39,37.13411]},"properties":{"id":"a71cd238","name":"Barranco de San Juan","category":"Parking"}},{"type":"Feature","geometry":{"type":"Point","coordinates":[-3.60845,37.15521]},"properties":{"id":"bd67d620","name":"Carrefour","category":"Parking"}},{"type":"Feature","geometry":{"type":"Point","coordinates":[-3.40568,36.94239]},"properties":{"id":"00d51d39","name":"Casa Forestal de Prado Grande","category":"Parking"}},{"type":"Feature","geometry":{"type":"Point","coordinates":[-86.01259,11.84192]},"properties":{"id":"7309ff54","name":"Centro de visitantes","category":"Parking"}},{"type":"Feature","geometry":{"type":"Point","coordinates":[-3.52958,37.12995]},"properties":{"id":"47ea113e","name":"Era del Portachuelo","category":"Parking"}},{"type":"Feature","geometry":{"type":"Point","coordinates":[-3.3575,36.9604]},"properties":{"id":"4d61f132","name":"Eras de Macabe","category":"Parking"}},{"type":"Feature","geometry":{"type":"Point","coordinates":[-3.38836,36.92124]},"properties":{"id":"ef60489b","name":"Ermita del Padre Eterno","category":"Parking"}},{"type":"Feature","geometry":{"type":"Point","coordinates":[-3.60371,37.17164]},"properties":{"id":"44683b6b","name":"Garage Rex","category":"Parking"}},{"type":"Feature","geometry":{"type":"Point","coordinates":[-85.95185,11.93054]},"properties":{"id":"c15abf03","name":"Garaje Público","category":"Parking"}},{"type":"Feature","geometry":{"type":"Point","coordinates":[-3.59529,37.17244]},"properties":{"id":"b6db2562","name":"Garaje Trex Plaza Campos","category":"Parking"}},{"type":"Feature","geometry":{"type":"Point","coordinates":[-4.01076,37.32024]},"properties":{"id":"762c5bca","name":"Gran Capitán","category":"Parking"}},{"type":"Feature","geometry":{"type":"Point","coordinates":[-3.69854,36.73352]},"properties":{"id":"66f857a5","name":"Helios Hotel - Guest parking","category":"Parking"}},{"type":"Feature","geometry":{"type":"Point","coordinates":[-3.51968,36.74082]},"properties":{"id":"f46563c8","name":"La Alcoholera","category":"Parking"}},{"type":"Feature","geometry":{"type":"Point","coordinates":[-3.59511,37.17106]},"properties":{"id":"42a89252","name":"La Carrera","category":"Parking"}},{"type":"Feature","geometry":{"type":"Point","coordinates":[-3.60641,37.1906]},"properties":{"id":"d2ecd327","name":"Los Cármenes","category":"Parking"}},{"type":"Feature","geometry":{"type":"Point","coordinates":[-3.59829,37.17303]},"properties":{"id":"a45788c2","name":"Meliá Granada","category":"Parking"}},{"type":"Feature","geometry":{"type":"Point","coordinates":[-3.71838,36.83742]},"properties":{"id":"597461ed","name":"Mirador de la Cabra Montes","category":"Parking"}},{"type":"Feature","geometry":{"type":"Point","coordinates":[-3.59876,37.16605]},"properties":{"id":"32c1aea8","name":"Palacio de Congresos","category":"Parking"}},{"type":"Feature","geometry":{"type":"Point","coordinates":[-4.06304,37.21273]},"properties":{"id":"26775d79","name":"Parking 4 Caminos","category":"Parking"}},{"type":"Feature","geometry":{"type":"Point","coordinates":[-3.60441,37.18415]},"properties":{"id":"0081e479","name":"Parking APK2 Triunfo","category":"Parking"}},{"type":"Feature","geometry":{"type":"Point","coordinates":[-3.61451,37.1528]},"properties":{"id":"23baa3b0","name":"Parking Albán","category":"Parking"}},{"type":"Feature","geometry":{"type":"Point","coordinates":[-3.6714,37.20926]},"properties":{"id":"32512396","name":"Parking Alfa","category":"Parking"}},{"type":"Feature","geometry":{"type":"Point","coordinates":[-3.59442,37.15864]},"properties":{"id":"41b0f89c","name":"Parking Be Suites","category":"Parking"}},{"type":"Feature","geometry":{"type":"Point","coordinates":[-4.04,37.20184]},"properties":{"id":"013b605f","name":"Parking Cementerio","category":"Parking"}},{"type":"Feature","geometry":{"type":"Point","coordinates":[-3.6477,37.22168]},"properties":{"id":"aa3bcdd4","name":"Parking Disuasorio de Juncaril","category":"Parking"}},{"type":"Feature","geometry":{"type":"Point","coordinates":[-3.68997,36.73137]},"properties":{"id":"38cf287a","name":"Parking El Altillo","category":"Parking"}},{"type":"Feature","geometry":{"type":"Point","coordinates":[-3.56731,37.13782]},"properties":{"id":"23769b1e","name":"Parking El Capricho","category":"Parking"}},{"type":"Feature","geometry":{"type":"Point","coordinates":[-3.59438,37.16752]},"properties":{"id":"b8d76b76","name":"Parking Escolapios","category":"Parking"}},{"type":"Feature","geometry":{"type":"Point","coordinates":[-3.60893,37.16072]},"properties":{"id":"7b849d31","name":"Parking Fórum","category":"Parking"}},{"type":"Feature","geometry":{"type":"Point","coordinates":[-3.60852,37.16052]},"properties":{"id":"84179235","name":"Parking Fórum","category":"Parking"}},{"type":"Feature","geometry":{"type":"Point","coordinates":[-3.59775,37.17304]},"properties":{"id":"a6b47f72","name":"Parking Ganivet","category":"Parking"}},{"type":"Feature","geometry":{"type":"Point","coordinates":[-3.7703,37.18263]},"properties":{"id":"9b6babd8","name":"Parking Granada Airport Cariño","category":"Parking"}},{"type":"Feature","geometry":{"type":"Point","coordinates":[-3.40555,36.92895]},"properties":{"id":"45e42634","name":"Parking Hansel & Gretel","category":"Parking"}},{"type":"Feature","geometry":{"type":"Point","coordinates":[-3.60583,37.17592]},"properties":{"id":"7df51fe7","name":"Parking Hermanos Maristas","category":"Parking"}},{"type":"Feature","geometry":{"type":"Point","coordinates":[-3.54723,36.73421]},"properties":{"id":"17c8fc33","name":"Parking Hermanos Morillas","category":"Parking"}},{"type":"Feature","geometry":{"type":"Point","coordinates":[-3.60752,37.16694]},"properties":{"id":"837a4713","name":"Parking Hotel Barceló Granada Congress","category":"Parking"}},{"type":"Feature","geometry":{"type":"Point","coordinates":[-3.59944,37.17691]},"properties":{"id":"9bea012f","name":"Parking Hotel Áurea Catedral","category":"Parking"}},{"type":"Feature","geometry":{"type":"Point","coordinates":[-3.59571,37.1611]},"properties":{"id":"d90a6b17","name":"Parking La Hípica","category":"Parking"}},{"type":"Feature","geometry":{"type":"Point","coordinates":[-3.44776,36.69888]},"properties":{"id":"a50bd9e5","name":"Parking La Palma","category":"Parking"}},{"type":"Feature","geometry":{"type":"Point","coordinates":[-3.39924,37.09978]},"properties":{"id":"5a9a22c2","name":"Parking Las Sabinas","category":"Parking"}},{"type":"Feature","geometry":{"type":"Point","coordinates":[-3.54818,36.73376]},"properties":{"id":"43f3801b","name":"Parking Los Carboneros","category":"Parking"}},{"type":"Feature","geometry":{"type":"Point","coordinates":[-3.39278,37.09823]},"properties":{"id":"2f7b5762","name":"Parking Los Peñones","category":"Parking"}},{"type":"Feature","geometry":{"type":"Point","coordinates":[-3.42261,36.90252]},"properties":{"id":"053d4585","name":"Parking Municipal de Órgiva","category":"Parking"}},{"type":"Feature","geometry":{"type":"Point","coordinates":[-3.60374,37.17204]},"properties":{"id":"09471b39","name":"Parking Narváez","category":"Parking"}},{"type":"Feature","geometry":{"type":"Point","coordinates":[-3.61218,37.1462]},"properties":{"id":"c7e1f3d3","name":"Parking Nevada Shopping","category":"Parking"}},{"type":"Feature","geometry":{"type":"Point","coordinates":[-3.59522,37.15085]},"properties":{"id":"39cfda83","name":"Parking Nuevo Los Cármenes","category":"Parking"}},{"type":"Feature","geometry":{"type":"Point","coordinates":[-3.60326,37.17211]},"properties":{"id":"fecdfb64","name":"Parking Palacio de los Patos","category":"Parking"}},{"type":"Feature","geometry":{"type":"Point","coordinates":[-3.59749,37.16728]},"properties":{"id":"63aa81d8","name":"Parking Paseo del Violón","category":"Parking"}},{"type":"Feature","geometry":{"type":"Point","coordinates":[-3.60622,37.17304]},"properties":{"id":"eb2a4678","name":"Parking Pedro Antonio de Alarcón","category":"Parking"}},{"type":"Feature","geometry":{"type":"Point","coordinates":[-3.66777,37.12834]},"properties":{"id":"edbb1e35","name":"Parking Pizzería Casa de Campo","category":"Parking"}},{"type":"Feature","geometry":{"type":"Point","coordinates":[-3.67195,36.73548]},"properties":{"id":"c59b267f","name":"Parking Playa Velilla","category":"Parking"}},{"type":"Feature","geometry":{"type":"Point","coordinates":[-3.40002,37.09382]},"properties":{"id":"7526c137","name":"Parking Plaza Andalucía","category":"Parking"}},{"type":"Feature","geometry":{"type":"Point","coordinates":[-3.7184,37.19164]},"properties":{"id":"eb25fd15","name":"Parking Plaza José Martí","category":"Parking"}},{"type":"Feature","geometry":{"type":"Point","coordinates":[-3.51683,36.74554]},"properties":{"id":"a05b1be3","name":"Parking Plaza de la Aurora","category":"Parking"}},{"type":"Feature","geometry":{"type":"Point","coordinates":[-3.62736,37.14319]},"properties":{"id":"36a7923f","name":"Parking Plaza de la Constitución","category":"Parking"}},{"type":"Feature","geometry":{"type":"Point","coordinates":[-3.59846,37.1531]},"properties":{"id":"ffe42303","name":"Parking Poeta Gracián","category":"Parking"}},{"type":"Feature","geometry":{"type":"Point","coordinates":[-3.59867,37.17209]},"properties":{"id":"48fc0fc2","name":"Parking Puerta Real","category":"Parking"}},{"type":"Feature","geometry":{"type":"Point","coordinates":[-3.62678,37.23111]},"properties":{"id":"c60ec1ae","name":"Parking Público Municipal","category":"Parking"}},{"type":"Feature","geometry":{"type":"Point","coordinates":[-3.59616,37.18429]},"properties":{"id":"8beff501","name":"Parking San Cristóbal","category":"Parking"}},{"type":"Feature","geometry":{"type":"Point","coordinates":[-3.60338,37.17982]},"properties":{"id":"048ff9fb","name":"Parking San Juan de Dios","category":"Parking"}},{"type":"Feature","geometry":{"type":"Point","coordinates":[-3.60643,37.18623]},"properties":{"id":"81057336","name":"Parking San Lázaro","category":"Parking"}},{"type":"Feature","geometry":{"type":"Point","coordinates":[-3.58372,37.15714]},"properties":{"id":"ee22561e","name":"Parking Serrallo Plaza","category":"Parking"}},{"type":"Feature","geometry":{"type":"Point","coordinates":[-3.60608,37.17483]},"properties":{"id":"d4c3054c","name":"Parking Sócrates","category":"Parking"}},{"type":"Feature","geometry":{"type":"Point","coordinates":[-3.59995,37.17312]},"properties":{"id":"50050d65","name":"Parking Victoria","category":"Parking"}},{"type":"Feature","geometry":{"type":"Point","coordinates":[-3.77701,37.18411]},"properties":{"id":"bb4656a9","name":"Parking general P1","category":"Parking"}},{"type":"Feature","geometry":{"type":"Point","coordinates":[-3.40793,37.0996]},"properties":{"id":"e0f024f8","name":"Parking km. 31","category":"Parking"}},{"type":"Feature","geometry":{"type":"Point","coordinates":[-3.57146,37.14653]},"properties":{"id":"8e0640e9","name":"Parking público no vigilado","category":"Parking"}},{"type":"Feature","geometry":{"type":"Point","coordinates":[-85.95595,11.92599]},"properties":{"id":"44a36f66","name":"Parqueo de Pali","category":"Parking"}},{"type":"Feature","geometry":{"type":"Point","coordinates":[-3.68639,36.73632]},"properties":{"id":"4b6a4df9","name":"Paseo de Blas Infante","category":"Parking"}},{"type":"Feature","geometry":{"type":"Point","coordinates":[-3.52011,36.74822]},"properties":{"id":"1c0c7c90","name":"Plaza Gloria Alta","category":"Parking"}},{"type":"Feature","geometry":{"type":"Point","coordinates":[-3.60553,37.17957]},"properties":{"id":"4db57eaa","name":"iPark Severo Ochoa","category":"Parking"}},{"type":"Feature","geometry":{"type":"Point","coordinates":[-3.34599,37.1425]},"properties":{"id":"560cdde6","name":"lavaderos de la reina","category":"Parking"}},{"type":"Feature","geometry":{"type":"Point","coordinates":[-2.53742,37.80995]},"properties":{"id":"8c1e087b","name":"Plaza de Toros de Huéscar","category":"Plaza de Toros"}},{"type":"Feature","geometry":{"type":"Point","coordinates":[-3.56783,37.1375]},"properties":{"id":"36522f26","name":"Plaza de Toros el Capricho","category":"Plaza de Toros"}},{"type":"Feature","geometry":{"type":"Point","coordinates":[-3.78771,37.34078]},"properties":{"id":"96bcaf2c","name":"Agrupación Local de Protección Civil Pueblos de Moclín","category":"Policía"}},{"type":"Feature","geometry":{"type":"Point","coordinates":[-3.52951,36.72433]},"properties":{"id":"7e9fa5f1","name":"Capitanía Marítima","category":"Policía"}},{"type":"Feature","geometry":{"type":"Point","coordinates":[-3.60538,37.20325]},"properties":{"id":"ec8a7537","name":"Comandancia de la Guardia Civil","category":"Policía"}},{"type":"Feature","geometry":{"type":"Point","coordinates":[-3.52083,36.74078]},"properties":{"id":"c936b2fb","name":"Comisaría de Policía","category":"Policía"}},{"type":"Feature","geometry":{"type":"Point","coordinates":[-3.59562,37.17265]},"properties":{"id":"9464498b","name":"Comisaría de Policía Distrito Centro","category":"Policía"}},{"type":"Feature","geometry":{"type":"Point","coordinates":[-3.618,37.14725]},"properties":{"id":"cf047c9a","name":"Comisaría de Policía de Armilla","category":"Policía"}},{"type":"Feature","geometry":{"type":"Point","coordinates":[-2.77465,37.48922]},"properties":{"id":"cc5032cf","name":"Comisaría de Policía de Baza","category":"Policía"}},{"type":"Feature","geometry":{"type":"Point","coordinates":[-3.60184,37.15402]},"properties":{"id":"5695bbf6","name":"Comisaría de Policía del Distrito Sur","category":"Policía"}},{"type":"Feature","geometry":{"type":"Point","coordinates":[-3.52685,36.72501]},"properties":{"id":"b2aa47fc","name":"Comisaría de Policía del Puerto de Motril","category":"Policía"}},{"type":"Feature","geometry":{"type":"Point","coordinates":[-2.48381,37.72187]},"properties":{"id":"9d0d7e7e","name":"Cuartel Guardia Civil","category":"Policía"}},{"type":"Feature","geometry":{"type":"Point","coordinates":[-3.42303,36.9026]},"properties":{"id":"b432f244","name":"Cuartel Guardia Civil","category":"Policía"}},{"type":"Feature","geometry":{"type":"Point","coordinates":[-3.13287,37.30802]},"properties":{"id":"739f0282","name":"Cuartel Guardia Civil","category":"Policía"}},{"type":"Feature","geometry":{"type":"Point","coordinates":[-3.15982,37.18547]},"properties":{"id":"6e024b0f","name":"Cuartel Guardia Civil","category":"Policía"}},{"type":"Feature","geometry":{"type":"Point","coordinates":[-3.614,37.17411]},"properties":{"id":"91cb5ace","name":"Cuartel Policia Local de Granada","category":"Policía"}},{"type":"Feature","geometry":{"type":"Point","coordinates":[-3.61796,37.1472]},"properties":{"id":"bc527be0","name":"Cuartel de la Guardia Civil","category":"Policía"}},{"type":"Feature","geometry":{"type":"Point","coordinates":[-73.70981,3.55971]},"properties":{"id":"0c3b1ed0","name":"Distrito de policia N°3","category":"Policía"}},{"type":"Feature","geometry":{"type":"Point","coordinates":[-85.95421,11.93669]},"properties":{"id":"b9894c94","name":"Estacion de Granada","category":"Policía"}},{"type":"Feature","geometry":{"type":"Point","coordinates":[-73.70708,3.54032]},"properties":{"id":"f6e579b1","name":"Estacion de Policia Granada","category":"Policía"}},{"type":"Feature","geometry":{"type":"Point","coordinates":[-74.35185,4.51938]},"properties":{"id":"1042e927","name":"Estación de Policía de Granada","category":"Policía"}},{"type":"Feature","geometry":{"type":"Point","coordinates":[-2.54502,37.80388]},"properties":{"id":"5fac8bc7","name":"Guardia Civil","category":"Policía"}},{"type":"Feature","geometry":{"type":"Point","coordinates":[-4.06747,37.15122]},"properties":{"id":"9e80ffc6","name":"Guardia Civil","category":"Policía"}},{"type":"Feature","geometry":{"type":"Point","coordinates":[-3.4369,37.15777]},"properties":{"id":"6fa863de","name":"Guardia Civil","category":"Policía"}},{"type":"Feature","geometry":{"type":"Point","coordinates":[-3.6995,36.74043]},"properties":{"id":"cba2d443","name":"Guardia Civil","category":"Policía"}},{"type":"Feature","geometry":{"type":"Point","coordinates":[-4.14584,36.97668]},"properties":{"id":"160c490a","name":"Guardia Civil","category":"Policía"}},{"type":"Feature","geometry":{"type":"Point","coordinates":[-3.62902,37.20591]},"properties":{"id":"d0660a7d","name":"Guardia Civil","category":"Policía"}},{"type":"Feature","geometry":{"type":"Point","coordinates":[-4.00345,37.32202]},"properties":{"id":"d0f25285","name":"Guardia Civil","category":"Policía"}},{"type":"Feature","geometry":{"type":"Point","coordinates":[-3.59527,37.32618]},"properties":{"id":"3deff160","name":"Guardia Civil","category":"Policía"}},{"type":"Feature","geometry":{"type":"Point","coordinates":[-3.77638,37.18509]},"properties":{"id":"73b68a5d","name":"Guardia Civil","category":"Policía"}},{"type":"Feature","geometry":{"type":"Point","coordinates":[-3.78344,37.21751]},"properties":{"id":"ecc9a092","name":"Guardia Civil","category":"Policía"}},{"type":"Feature","geometry":{"type":"Point","coordinates":[-3.74783,37.25041]},"properties":{"id":"ea55a0be","name":"Guardia Civil Pinos Puente","category":"Policía"}},{"type":"Feature","geometry":{"type":"Point","coordinates":[-3.62151,37.19947]},"properties":{"id":"4984a9d0","name":"Jefatura Superior de Policía de Andalucía Oriental","category":"Policía"}},{"type":"Feature","geometry":{"type":"Point","coordinates":[-3.60609,37.10455]},"properties":{"id":"b80a60bb","name":"Jefatura de policia local","category":"Policía"}},{"type":"Feature","geometry":{"type":"Point","coordinates":[-3.51588,36.83218]},"properties":{"id":"6fda66ff","name":"Policia Local Velez de Benaudalla","category":"Policía"}},{"type":"Feature","geometry":{"type":"Point","coordinates":[-85.94031,11.92222]},"properties":{"id":"f8e8a8b3","name":"Policía","category":"Policía"}},{"type":"Feature","geometry":{"type":"Point","coordinates":[-85.96711,11.91898]},"properties":{"id":"6df8f773","name":"Policía","category":"Policía"}},{"type":"Feature","geometry":{"type":"Point","coordinates":[-4.05133,37.19539]},"properties":{"id":"de0ee263","name":"Policía Local","category":"Policía"}},{"type":"Feature","geometry":{"type":"Point","coordinates":[-3.62762,37.20928]},"properties":{"id":"48cb8a0c","name":"Policía Local","category":"Policía"}},{"type":"Feature","geometry":{"type":"Point","coordinates":[-3.58151,37.1299]},"properties":{"id":"0d29a3a8","name":"Policía Local","category":"Policía"}},{"type":"Feature","geometry":{"type":"Point","coordinates":[-3.63188,37.21205]},"properties":{"id":"60f3b2bd","name":"Policía Local","category":"Policía"}},{"type":"Feature","geometry":{"type":"Point","coordinates":[-2.76885,37.48475]},"properties":{"id":"af9eba4e","name":"Policía Local","category":"Policía"}},{"type":"Feature","geometry":{"type":"Point","coordinates":[-3.58484,37.12049]},"properties":{"id":"16d4a446","name":"Policía Local","category":"Policía"}},{"type":"Feature","geometry":{"type":"Point","coordinates":[-4.1418,36.97358]},"properties":{"id":"a2cca6d3","name":"Policía Local","category":"Policía"}},{"type":"Feature","geometry":{"type":"Point","coordinates":[-3.74946,37.25157]},"properties":{"id":"480adaed","name":"Policía Local","category":"Policía"}},{"type":"Feature","geometry":{"type":"Point","coordinates":[-3.13454,37.30039]},"properties":{"id":"4e882a86","name":"Policía Local","category":"Policía"}},{"type":"Feature","geometry":{"type":"Point","coordinates":[-3.60887,37.22226]},"properties":{"id":"a2886a9c","name":"Policía Local","category":"Policía"}},{"type":"Feature","geometry":{"type":"Point","coordinates":[-3.40053,37.09455]},"properties":{"id":"aa01f336","name":"Policía Local","category":"Policía"}},{"type":"Feature","geometry":{"type":"Point","coordinates":[-3.42394,36.90214]},"properties":{"id":"8127f30c","name":"Policía Local","category":"Policía"}},{"type":"Feature","geometry":{"type":"Point","coordinates":[-3.2033,36.79132]},"properties":{"id":"9f3f1a36","name":"Policía Local","category":"Policía"}},{"type":"Feature","geometry":{"type":"Point","coordinates":[-3.68649,37.22262]},"properties":{"id":"73ec9d15","name":"Policía Local","category":"Policía"}},{"type":"Feature","geometry":{"type":"Point","coordinates":[-3.72132,37.19028]},"properties":{"id":"427f5089","name":"Policía Local","category":"Policía"}},{"type":"Feature","geometry":{"type":"Point","coordinates":[-3.66229,37.13737]},"properties":{"id":"fe5db367","name":"Policía Local","category":"Policía"}},{"type":"Feature","geometry":{"type":"Point","coordinates":[-3.65341,37.23161]},"properties":{"id":"f332ef57","name":"Policía Local","category":"Policía"}},{"type":"Feature","geometry":{"type":"Point","coordinates":[-3.60873,36.78949]},"properties":{"id":"a5fd2fcb","name":"Policía Local","category":"Policía"}},{"type":"Feature","geometry":{"type":"Point","coordinates":[-3.78319,37.21939]},"properties":{"id":"2a88772a","name":"Policía Local","category":"Policía"}},{"type":"Feature","geometry":{"type":"Point","coordinates":[-3.57142,37.13443]},"properties":{"id":"b75f2f10","name":"Policía Local","category":"Policía"}},{"type":"Feature","geometry":{"type":"Point","coordinates":[-3.63628,37.09249]},"properties":{"id":"19c22645","name":"Policía Local","category":"Policía"}},{"type":"Feature","geometry":{"type":"Point","coordinates":[-3.64061,37.10475]},"properties":{"id":"29c5d912","name":"Policía Local","category":"Policía"}},{"type":"Feature","geometry":{"type":"Point","coordinates":[-3.60693,37.12138]},"properties":{"id":"114991fd","name":"Policía Local","category":"Policía"}},{"type":"Feature","geometry":{"type":"Point","coordinates":[-3.64086,37.14418]},"properties":{"id":"e67e4ea6","name":"Policía Local","category":"Policía"}},{"type":"Feature","geometry":{"type":"Point","coordinates":[-3.67038,37.15366]},"properties":{"id":"58a29fa6","name":"Policía Local","category":"Policía"}},{"type":"Feature","geometry":{"type":"Point","coordinates":[-3.66757,37.17169]},"properties":{"id":"7fb28c98","name":"Policía Local","category":"Policía"}},{"type":"Feature","geometry":{"type":"Point","coordinates":[-3.62969,37.23067]},"properties":{"id":"a8622ea5","name":"Policía Local","category":"Policía"}},{"type":"Feature","geometry":{"type":"Point","coordinates":[-3.57144,37.14459]},"properties":{"id":"aae0633c","name":"Policía Local","category":"Policía"}},{"type":"Feature","geometry":{"type":"Point","coordinates":[-3.58616,37.21948]},"properties":{"id":"1fdac949","name":"Policía Local","category":"Policía"}},{"type":"Feature","geometry":{"type":"Point","coordinates":[-3.57069,37.23668]},"properties":{"id":"b0c3be82","name":"Policía Local","category":"Policía"}},{"type":"Feature","geometry":{"type":"Point","coordinates":[-3.53861,37.15952]},"properties":{"id":"5f53827b","name":"Policía Local","category":"Policía"}},{"type":"Feature","geometry":{"type":"Point","coordinates":[-3.62731,37.02236]},"properties":{"id":"76dce7ae","name":"Policía Local","category":"Policía"}},{"type":"Feature","geometry":{"type":"Point","coordinates":[-3.56602,36.98795]},"properties":{"id":"56334c7a","name":"Policía Local","category":"Policía"}},{"type":"Feature","geometry":{"type":"Point","coordinates":[-3.98815,37.00252]},"properties":{"id":"206bb5e1","name":"Policía Local","category":"Policía"}},{"type":"Feature","geometry":{"type":"Point","coordinates":[-3.52191,36.73973]},"properties":{"id":"de800c56","name":"Policía Local","category":"Policía"}},{"type":"Feature","geometry":{"type":"Point","coordinates":[-3.58836,36.7396]},"properties":{"id":"8930ae22","name":"Policía Local","category":"Policía"}},{"type":"Feature","geometry":{"type":"Point","coordinates":[-3.60028,37.17372]},"properties":{"id":"7d28e6b5","name":"Policía Nacional","category":"Policía"}},{"type":"Feature","geometry":{"type":"Point","coordinates":[-3.77742,37.18502]},"properties":{"id":"92a2735e","name":"Policía Nacional","category":"Policía"}},{"type":"Feature","geometry":{"type":"Point","coordinates":[-3.60931,37.18402]},"properties":{"id":"c9064760","name":"Policía Nacional","category":"Policía"}},{"type":"Feature","geometry":{"type":"Point","coordinates":[-3.5714,37.1446]},"properties":{"id":"218ac80a","name":"Protección Civil","category":"Policía"}},{"type":"Feature","geometry":{"type":"Point","coordinates":[-3.60246,37.16455]},"properties":{"id":"49eb922b","name":"Alberca Almohade de Alcázar Genil","category":"Sitio Arqueológico"}},{"type":"Feature","geometry":{"type":"Point","coordinates":[-3.51811,36.83107]},"properties":{"id":"079541f3","name":"Alberca Nazarí","category":"Sitio Arqueológico"}},{"type":"Feature","geometry":{"type":"Point","coordinates":[-3.59942,37.19547]},"properties":{"id":"1ffd4252","name":"Alfar Romano de Cartuja","category":"Sitio Arqueológico"}},{"type":"Feature","geometry":{"type":"Point","coordinates":[-4.02741,37.2128]},"properties":{"id":"e1a9a1c8","name":"Amarguillo","category":"Sitio Arqueológico"}},{"type":"Feature","geometry":{"type":"Point","coordinates":[-2.45518,37.72712]},"properties":{"id":"a3cab19c","name":"Barranco León","category":"Sitio Arqueológico"}},{"type":"Feature","geometry":{"type":"Point","coordinates":[-2.78062,37.33956]},"properties":{"id":"2939bc88","name":"Barranco de la Tejera","category":"Sitio Arqueológico"}},{"type":"Feature","geometry":{"type":"Point","coordinates":[-3.58948,36.74387]},"properties":{"id":"dead18c7","name":"Baño Nazarí","category":"Sitio Arqueológico"}},{"type":"Feature","geometry":{"type":"Point","coordinates":[-4.1318,37.17545]},"properties":{"id":"324d7299","name":"Casería de la Peña","category":"Sitio Arqueológico"}},{"type":"Feature","geometry":{"type":"Point","coordinates":[-2.56567,37.74004]},"properties":{"id":"04224f48","name":"Castellón Alto","category":"Sitio Arqueológico"}},{"type":"Feature","geometry":{"type":"Point","coordinates":[-2.95276,37.53037]},"properties":{"id":"6e8a619f","name":"Castillo de Bácor-Olivar","category":"Sitio Arqueológico"}},{"type":"Feature","geometry":{"type":"Point","coordinates":[-3.14586,36.9689]},"properties":{"id":"08cac2e9","name":"Castillo de Golco","category":"Sitio Arqueológico"}},{"type":"Feature","geometry":{"type":"Point","coordinates":[-4.08924,36.95109]},"properties":{"id":"387b1cf2","name":"Castillo de Zafarraya","category":"Sitio Arqueológico"}},{"type":"Feature","geometry":{"type":"Point","coordinates":[-3.06517,37.15757]},"properties":{"id":"039810d1","name":"Castillo de la Caba","category":"Sitio Arqueológico"}},{"type":"Feature","geometry":{"type":"Point","coordinates":[-3.1506,37.16485]},"properties":{"id":"fef5e8e3","name":"Castillo de la Reina","category":"Sitio Arqueológico"}},{"type":"Feature","geometry":{"type":"Point","coordinates":[-3.06418,37.18538]},"properties":{"id":"d03a9af2","name":"Castillo árabe de La Calahorra","category":"Sitio Arqueológico"}},{"type":"Feature","geometry":{"type":"Point","coordinates":[-2.73254,37.51202]},"properties":{"id":"9c6b6ca0","name":"Cerro Cepero","category":"Sitio Arqueológico"}},{"type":"Feature","geometry":{"type":"Point","coordinates":[-3.54834,37.13668]},"properties":{"id":"dfd0164a","name":"Cerro de la Encina","category":"Sitio Arqueológico"}},{"type":"Feature","geometry":{"type":"Point","coordinates":[-3.9826,37.20751]},"properties":{"id":"c6660ab4","name":"Cerro de la Mora","category":"Sitio Arqueológico"}},{"type":"Feature","geometry":{"type":"Point","coordinates":[-4.02746,37.21785]},"properties":{"id":"6e55f155","name":"Cerro de la Verdeja","category":"Sitio Arqueológico"}},{"type":"Feature","geometry":{"type":"Point","coordinates":[-3.87173,36.96944]},"properties":{"id":"a58d7eca","name":"Cerro de las Macetas","category":"Sitio Arqueológico"}},{"type":"Feature","geometry":{"type":"Point","coordinates":[-4.07188,37.2325]},"properties":{"id":"84ac011a","name":"Cerro de los Castellones","category":"Sitio Arqueológico"}},{"type":"Feature","geometry":{"type":"Point","coordinates":[-3.76722,37.26717]},"properties":{"id":"ca46968b","name":"Cerro de los Infantes","category":"Sitio Arqueológico"}},{"type":"Feature","geometry":{"type":"Point","coordinates":[-2.54689,37.74235]},"properties":{"id":"03696f2c","name":"Cerro del Real","category":"Sitio Arqueológico"}},{"type":"Feature","geometry":{"type":"Point","coordinates":[-3.67514,36.74636]},"properties":{"id":"a9171abc","name":"Columbario romano Antoniano Rufo","category":"Sitio Arqueológico"}},{"type":"Feature","geometry":{"type":"Point","coordinates":[-2.76461,37.34687]},"properties":{"id":"ff82dbaf","name":"Cortijo de Bastidas","category":"Sitio Arqueológico"}},{"type":"Feature","geometry":{"type":"Point","coordinates":[-4.27032,37.20941]},"properties":{"id":"b39438ba","name":"Cortijo de la Torre","category":"Sitio Arqueológico"}},{"type":"Feature","geometry":{"type":"Point","coordinates":[-2.77248,37.35222]},"properties":{"id":"f67f2248","name":"Cortijo del Colorado","category":"Sitio Arqueológico"}},{"type":"Feature","geometry":{"type":"Point","coordinates":[-2.76978,37.34536]},"properties":{"id":"33eceb3b","name":"Cuevas de La Golfa","category":"Sitio Arqueológico"}},{"type":"Feature","geometry":{"type":"Point","coordinates":[-3.60467,37.16265]},"properties":{"id":"77cf7526","name":"Dolmen","category":"Sitio Arqueológico"}},{"type":"Feature","geometry":{"type":"Point","coordinates":[-3.96293,37.33644]},"properties":{"id":"66d6885a","name":"Dolmen 18","category":"Sitio Arqueológico"}},{"type":"Feature","geometry":{"type":"Point","coordinates":[-3.96248,37.33617]},"properties":{"id":"d8c59b72","name":"Dolmen 19","category":"Sitio Arqueológico"}},{"type":"Feature","geometry":{"type":"Point","coordinates":[-3.96285,37.33706]},"properties":{"id":"92f18426","name":"Dolmen 20","category":"Sitio Arqueológico"}},{"type":"Feature","geometry":{"type":"Point","coordinates":[-3.96204,37.3373]},"properties":{"id":"cef5eb5e","name":"Dolmen 23","category":"Sitio Arqueológico"}},{"type":"Feature","geometry":{"type":"Point","coordinates":[-3.95977,37.33746]},"properties":{"id":"0c4df71d","name":"Dolmen 27","category":"Sitio Arqueológico"}},{"type":"Feature","geometry":{"type":"Point","coordinates":[-3.107,37.5067]},"properties":{"id":"5e7df17c","name":"Dolmen Alicún 001","category":"Sitio Arqueológico"}},{"type":"Feature","geometry":{"type":"Point","coordinates":[-3.11062,37.51137]},"properties":{"id":"985d9caa","name":"Dolmen Alicún 003","category":"Sitio Arqueológico"}},{"type":"Feature","geometry":{"type":"Point","coordinates":[-3.11095,37.51155]},"properties":{"id":"f4c8d7f3","name":"Dolmen Alicún 004","category":"Sitio Arqueológico"}},{"type":"Feature","geometry":{"type":"Point","coordinates":[-3.11068,37.51121]},"properties":{"id":"60644974","name":"Dolmen Alicún 005","category":"Sitio Arqueológico"}},{"type":"Feature","geometry":{"type":"Point","coordinates":[-3.11101,37.51122]},"properties":{"id":"a71b6697","name":"Dolmen Alicún 006","category":"Sitio Arqueológico"}},{"type":"Feature","geometry":{"type":"Point","coordinates":[-3.10795,37.51129]},"properties":{"id":"767960fd","name":"Dolmen Alicún 007","category":"Sitio Arqueológico"}},{"type":"Feature","geometry":{"type":"Point","coordinates":[-3.10826,37.51101]},"properties":{"id":"486f2078","name":"Dolmen Alicún 009","category":"Sitio Arqueológico"}},{"type":"Feature","geometry":{"type":"Point","coordinates":[-3.10701,37.5066]},"properties":{"id":"1b8f4bb0","name":"Dolmen Alicún 012","category":"Sitio Arqueológico"}},{"type":"Feature","geometry":{"type":"Point","coordinates":[-3.10798,37.51111]},"properties":{"id":"e7217220","name":"Dolmen Gorafe 008","category":"Sitio Arqueológico"}},{"type":"Feature","geometry":{"type":"Point","coordinates":[-3.10864,37.51101]},"properties":{"id":"66581b68","name":"Dolmen Gorafe 010","category":"Sitio Arqueológico"}},{"type":"Feature","geometry":{"type":"Point","coordinates":[-3.10728,37.50671]},"properties":{"id":"4f63055b","name":"Dolmen Gorafe 011","category":"Sitio Arqueológico"}},{"type":"Feature","geometry":{"type":"Point","coordinates":[-3.03916,37.45867]},"properties":{"id":"9b2381f0","name":"Dolmen Gorafe 100","category":"Sitio Arqueológico"}},{"type":"Feature","geometry":{"type":"Point","coordinates":[-3.03854,37.48165]},"properties":{"id":"335a3548","name":"Dolmen Gorafe 101","category":"Sitio Arqueológico"}},{"type":"Feature","geometry":{"type":"Point","coordinates":[-3.03534,37.47659]},"properties":{"id":"e0084d54","name":"Dolmen Gorafe 102","category":"Sitio Arqueológico"}},{"type":"Feature","geometry":{"type":"Point","coordinates":[-3.03526,37.47371]},"properties":{"id":"da796d49","name":"Dolmen Gorafe 103","category":"Sitio Arqueológico"}},{"type":"Feature","geometry":{"type":"Point","coordinates":[-3.02289,37.45339]},"properties":{"id":"cb57cf0d","name":"Dolmen Gorafe 108","category":"Sitio Arqueológico"}},{"type":"Feature","geometry":{"type":"Point","coordinates":[-3.02278,37.45329]},"properties":{"id":"e0234155","name":"Dolmen Gorafe 109","category":"Sitio Arqueológico"}},{"type":"Feature","geometry":{"type":"Point","coordinates":[-3.0227,37.45322]},"properties":{"id":"de392a53","name":"Dolmen Gorafe 110","category":"Sitio Arqueológico"}},{"type":"Feature","geometry":{"type":"Point","coordinates":[-3.02266,37.45312]},"properties":{"id":"7e2270ae","name":"Dolmen Gorafe 111","category":"Sitio Arqueológico"}},{"type":"Feature","geometry":{"type":"Point","coordinates":[-3.02244,37.45304]},"properties":{"id":"be681e14","name":"Dolmen Gorafe 112","category":"Sitio Arqueológico"}},{"type":"Feature","geometry":{"type":"Point","coordinates":[-3.02222,37.45287]},"properties":{"id":"bad20c14","name":"Dolmen Gorafe 113","category":"Sitio Arqueológico"}},{"type":"Feature","geometry":{"type":"Point","coordinates":[-3.02075,37.4511]},"properties":{"id":"a1436344","name":"Dolmen Gorafe 116","category":"Sitio Arqueológico"}},{"type":"Feature","geometry":{"type":"Point","coordinates":[-3.02047,37.45079]},"properties":{"id":"2d870c80","name":"Dolmen Gorafe 117","category":"Sitio Arqueológico"}},{"type":"Feature","geometry":{"type":"Point","coordinates":[-3.02021,37.45036]},"properties":{"id":"763ad26d","name":"Dolmen Gorafe 118","category":"Sitio Arqueológico"}},{"type":"Feature","geometry":{"type":"Point","coordinates":[-3.02069,37.44966]},"properties":{"id":"d7292e3b","name":"Dolmen Gorafe 132","category":"Sitio Arqueológico"}},{"type":"Feature","geometry":{"type":"Point","coordinates":[-3.02071,37.44953]},"properties":{"id":"2a72980c","name":"Dolmen Gorafe 133","category":"Sitio Arqueológico"}},{"type":"Feature","geometry":{"type":"Point","coordinates":[-3.02058,37.44902]},"properties":{"id":"d42f1352","name":"Dolmen Gorafe 134","category":"Sitio Arqueológico"}},{"type":"Feature","geometry":{"type":"Point","coordinates":[-3.02142,37.44865]},"properties":{"id":"60f4bbd7","name":"Dolmen Gorafe 135","category":"Sitio Arqueológico"}},{"type":"Feature","geometry":{"type":"Point","coordinates":[-3.02108,37.44802]},"properties":{"id":"d5181505","name":"Dolmen Gorafe 137","category":"Sitio Arqueológico"}},{"type":"Feature","geometry":{"type":"Point","coordinates":[-3.0212,37.44732]},"properties":{"id":"4477653b","name":"Dolmen Gorafe 138","category":"Sitio Arqueológico"}},{"type":"Feature","geometry":{"type":"Point","coordinates":[-3.02129,37.44726]},"properties":{"id":"0983f89f","name":"Dolmen Gorafe 139","category":"Sitio Arqueológico"}},{"type":"Feature","geometry":{"type":"Point","coordinates":[-3.02157,37.44704]},"properties":{"id":"96c65a65","name":"Dolmen Gorafe 140","category":"Sitio Arqueológico"}},{"type":"Feature","geometry":{"type":"Point","coordinates":[-3.02187,37.44591]},"properties":{"id":"23172dfa","name":"Dolmen Gorafe 141","category":"Sitio Arqueológico"}},{"type":"Feature","geometry":{"type":"Point","coordinates":[-3.01993,37.44527]},"properties":{"id":"2f82cf71","name":"Dolmen Gorafe 143","category":"Sitio Arqueológico"}},{"type":"Feature","geometry":{"type":"Point","coordinates":[-3.03046,37.4491]},"properties":{"id":"3afde1eb","name":"Dolmen Gorafe 145","category":"Sitio Arqueológico"}},{"type":"Feature","geometry":{"type":"Point","coordinates":[-3.03039,37.44891]},"properties":{"id":"6fe3e434","name":"Dolmen Gorafe 146","category":"Sitio Arqueológico"}},{"type":"Feature","geometry":{"type":"Point","coordinates":[-3.02884,37.44717]},"properties":{"id":"b7e92bfd","name":"Dolmen Gorafe 148","category":"Sitio Arqueológico"}},{"type":"Feature","geometry":{"type":"Point","coordinates":[-3.02874,37.44711]},"properties":{"id":"fe07d663","name":"Dolmen Gorafe 149","category":"Sitio Arqueológico"}},{"type":"Feature","geometry":{"type":"Point","coordinates":[-3.02848,37.4469]},"properties":{"id":"1a41c104","name":"Dolmen Gorafe 150","category":"Sitio Arqueológico"}},{"type":"Feature","geometry":{"type":"Point","coordinates":[-3.03139,37.44486]},"properties":{"id":"9d17b37f","name":"Dolmen Gorafe 152","category":"Sitio Arqueológico"}},{"type":"Feature","geometry":{"type":"Point","coordinates":[-3.02847,37.44598]},"properties":{"id":"9e442972","name":"Dolmen Gorafe 153","category":"Sitio Arqueológico"}},{"type":"Feature","geometry":{"type":"Point","coordinates":[-3.02993,37.44145]},"properties":{"id":"cafa3777","name":"Dolmen Gorafe 155","category":"Sitio Arqueológico"}},{"type":"Feature","geometry":{"type":"Point","coordinates":[-3.02692,37.44609]},"properties":{"id":"f68ddfe5","name":"Dolmen Gorafe 157","category":"Sitio Arqueológico"}},{"type":"Feature","geometry":{"type":"Point","coordinates":[-3.02524,37.44514]},"properties":{"id":"a1ca9f9c","name":"Dolmen Gorafe 159","category":"Sitio Arqueológico"}},{"type":"Feature","geometry":{"type":"Point","coordinates":[-3.02461,37.44467]},"properties":{"id":"479a576a","name":"Dolmen Gorafe 160","category":"Sitio Arqueológico"}},{"type":"Feature","geometry":{"type":"Point","coordinates":[-3.02368,37.44254]},"properties":{"id":"be8f3db4","name":"Dolmen Gorafe 162","category":"Sitio Arqueológico"}},{"type":"Feature","geometry":{"type":"Point","coordinates":[-3.02352,37.44256]},"properties":{"id":"145634bf","name":"Dolmen Gorafe 163","category":"Sitio Arqueológico"}},{"type":"Feature","geometry":{"type":"Point","coordinates":[-3.02072,37.44979]},"properties":{"id":"7b7c625a","name":"Dolmen Gorafe 239","category":"Sitio Arqueológico"}},{"type":"Feature","geometry":{"type":"Point","coordinates":[-3.03463,37.47558]},"properties":{"id":"51a33b35","name":"Dolmen Gorafe 240","category":"Sitio Arqueológico"}},{"type":"Feature","geometry":{"type":"Point","coordinates":[-3.05115,37.47398]},"properties":{"id":"8bfa9efe","name":"Dolmen Gorafe 65","category":"Sitio Arqueológico"}},{"type":"Feature","geometry":{"type":"Point","coordinates":[-3.05126,37.47412]},"properties":{"id":"46074e88","name":"Dolmen Gorafe 66","category":"Sitio Arqueológico"}},{"type":"Feature","geometry":{"type":"Point","coordinates":[-3.05044,37.47336]},"properties":{"id":"321a5b8b","name":"Dolmen Gorafe 67","category":"Sitio Arqueológico"}},{"type":"Feature","geometry":{"type":"Point","coordinates":[-3.04855,37.4711]},"properties":{"id":"5f821c26","name":"Dolmen Gorafe 68","category":"Sitio Arqueológico"}},{"type":"Feature","geometry":{"type":"Point","coordinates":[-3.04863,37.47131]},"properties":{"id":"00f4df3c","name":"Dolmen Gorafe 69","category":"Sitio Arqueológico"}},{"type":"Feature","geometry":{"type":"Point","coordinates":[-3.04854,37.47122]},"properties":{"id":"9d22f358","name":"Dolmen Gorafe 70","category":"Sitio Arqueológico"}},{"type":"Feature","geometry":{"type":"Point","coordinates":[-3.04846,37.47212]},"properties":{"id":"19784a75","name":"Dolmen Gorafe 71","category":"Sitio Arqueológico"}},{"type":"Feature","geometry":{"type":"Point","coordinates":[-3.04792,37.47242]},"properties":{"id":"7c9ee3a6","name":"Dolmen Gorafe 72","category":"Sitio Arqueológico"}},{"type":"Feature","geometry":{"type":"Point","coordinates":[-3.04785,37.47236]},"properties":{"id":"93156348","name":"Dolmen Gorafe 73","category":"Sitio Arqueológico"}},{"type":"Feature","geometry":{"type":"Point","coordinates":[-3.04773,37.47221]},"properties":{"id":"0ccc3a85","name":"Dolmen Gorafe 74","category":"Sitio Arqueológico"}},{"type":"Feature","geometry":{"type":"Point","coordinates":[-3.04764,37.4721]},"properties":{"id":"d8826c89","name":"Dolmen Gorafe 76","category":"Sitio Arqueológico"}},{"type":"Feature","geometry":{"type":"Point","coordinates":[-3.04771,37.47196]},"properties":{"id":"22f96615","name":"Dolmen Gorafe 77","category":"Sitio Arqueológico"}},{"type":"Feature","geometry":{"type":"Point","coordinates":[-3.04796,37.47154]},"properties":{"id":"456d7d7a","name":"Dolmen Gorafe 78","category":"Sitio Arqueológico"}},{"type":"Feature","geometry":{"type":"Point","coordinates":[-3.0465,37.47151]},"properties":{"id":"c5409088","name":"Dolmen Gorafe 79","category":"Sitio Arqueológico"}},{"type":"Feature","geometry":{"type":"Point","coordinates":[-3.04707,37.46847]},"properties":{"id":"1b078671","name":"Dolmen Gorafe 81","category":"Sitio Arqueológico"}},{"type":"Feature","geometry":{"type":"Point","coordinates":[-3.04751,37.46699]},"properties":{"id":"407b1181","name":"Dolmen Gorafe 82","category":"Sitio Arqueológico"}},{"type":"Feature","geometry":{"type":"Point","coordinates":[-3.04806,37.46847]},"properties":{"id":"d9a17e01","name":"Dolmen Gorafe 83","category":"Sitio Arqueológico"}},{"type":"Feature","geometry":{"type":"Point","coordinates":[-3.04708,37.46862]},"properties":{"id":"769294c9","name":"Dolmen Gorafe 84","category":"Sitio Arqueológico"}},{"type":"Feature","geometry":{"type":"Point","coordinates":[-3.04615,37.46422]},"properties":{"id":"cd7215a0","name":"Dolmen Gorafe 87","category":"Sitio Arqueológico"}},{"type":"Feature","geometry":{"type":"Point","coordinates":[-3.04581,37.46277]},"properties":{"id":"4acff2cd","name":"Dolmen Gorafe 88","category":"Sitio Arqueológico"}},{"type":"Feature","geometry":{"type":"Point","coordinates":[-3.04478,37.4629]},"properties":{"id":"ca563637","name":"Dolmen Gorafe 89","category":"Sitio Arqueológico"}},{"type":"Feature","geometry":{"type":"Point","coordinates":[-3.04532,37.46258]},"properties":{"id":"5ed9f3ec","name":"Dolmen Gorafe 90","category":"Sitio Arqueológico"}},{"type":"Feature","geometry":{"type":"Point","coordinates":[-3.04388,37.46151]},"properties":{"id":"34934d47","name":"Dolmen Gorafe 91","category":"Sitio Arqueológico"}},{"type":"Feature","geometry":{"type":"Point","coordinates":[-3.04365,37.46174]},"properties":{"id":"8b230e67","name":"Dolmen Gorafe 92","category":"Sitio Arqueológico"}},{"type":"Feature","geometry":{"type":"Point","coordinates":[-3.04371,37.46124]},"properties":{"id":"0ada508c","name":"Dolmen Gorafe 93","category":"Sitio Arqueológico"}},{"type":"Feature","geometry":{"type":"Point","coordinates":[-3.0432,37.46147]},"properties":{"id":"c5808863","name":"Dolmen Gorafe 94","category":"Sitio Arqueológico"}},{"type":"Feature","geometry":{"type":"Point","coordinates":[-3.04303,37.46088]},"properties":{"id":"cbe2bc73","name":"Dolmen Gorafe 96","category":"Sitio Arqueológico"}},{"type":"Feature","geometry":{"type":"Point","coordinates":[-3.04162,37.46053]},"properties":{"id":"f1994ce7","name":"Dolmen Gorafe 97","category":"Sitio Arqueológico"}},{"type":"Feature","geometry":{"type":"Point","coordinates":[-3.04134,37.46035]},"properties":{"id":"eef083ec","name":"Dolmen Gorafe 98","category":"Sitio Arqueológico"}},{"type":"Feature","geometry":{"type":"Point","coordinates":[-3.04109,37.45962]},"properties":{"id":"ee696b32","name":"Dolmen Gorafe 99","category":"Sitio Arqueológico"}},{"type":"Feature","geometry":{"type":"Point","coordinates":[-4.18621,37.23211]},"properties":{"id":"779096c5","name":"Dolmen de Sierra Martilla 8","category":"Sitio Arqueológico"}},{"type":"Feature","geometry":{"type":"Point","coordinates":[-4.18585,37.23166]},"properties":{"id":"7159c93c","name":"Dolmen de Sierre Martilla 7","category":"Sitio Arqueológico"}},{"type":"Feature","geometry":{"type":"Point","coordinates":[-3.77506,37.36708]},"properties":{"id":"df2e1f49","name":"Dólmen Pileta de la Zorra","category":"Sitio Arqueológico"}},{"type":"Feature","geometry":{"type":"Point","coordinates":[-3.29742,37.36603]},"properties":{"id":"bb03d475","name":"Dólmen de Panoría 10","category":"Sitio Arqueológico"}},{"type":"Feature","geometry":{"type":"Point","coordinates":[-3.29751,37.36576]},"properties":{"id":"5701c47c","name":"Dólmen de Panoría 18","category":"Sitio Arqueológico"}},{"type":"Feature","geometry":{"type":"Point","coordinates":[-3.29722,37.36607]},"properties":{"id":"15674f47","name":"Dólmen de Panoría 6","category":"Sitio Arqueológico"}},{"type":"Feature","geometry":{"type":"Point","coordinates":[-3.29729,37.36605]},"properties":{"id":"a21b9a13","name":"Dólmen de Panoría 7","category":"Sitio Arqueológico"}},{"type":"Feature","geometry":{"type":"Point","coordinates":[-3.29734,37.36603]},"properties":{"id":"65a2f0ea","name":"Dólmen de Panoría 8","category":"Sitio Arqueológico"}},{"type":"Feature","geometry":{"type":"Point","coordinates":[-3.8881,36.99681]},"properties":{"id":"1c342885","name":"Dólmen de los Bermejales 7","category":"Sitio Arqueológico"}},{"type":"Feature","geometry":{"type":"Point","coordinates":[-3.24218,37.46772]},"properties":{"id":"9c05d6de","name":"Dólmen del Espartal 1","category":"Sitio Arqueológico"}},{"type":"Feature","geometry":{"type":"Point","coordinates":[-3.24334,37.46781]},"properties":{"id":"33f08001","name":"Dólmen del Espartal 10","category":"Sitio Arqueológico"}},{"type":"Feature","geometry":{"type":"Point","coordinates":[-3.24319,37.46783]},"properties":{"id":"7e7118ed","name":"Dólmen del Espartal 11","category":"Sitio Arqueológico"}},{"type":"Feature","geometry":{"type":"Point","coordinates":[-3.24304,37.46773]},"properties":{"id":"5ae0bbd7","name":"Dólmen del Espartal 12","category":"Sitio Arqueológico"}},{"type":"Feature","geometry":{"type":"Point","coordinates":[-3.2433,37.46792]},"properties":{"id":"b1daedec","name":"Dólmen del Espartal 13","category":"Sitio Arqueológico"}},{"type":"Feature","geometry":{"type":"Point","coordinates":[-3.24207,37.46786]},"properties":{"id":"e3a88dda","name":"Dólmen del Espartal 2","category":"Sitio Arqueológico"}},{"type":"Feature","geometry":{"type":"Point","coordinates":[-3.24257,37.46767]},"properties":{"id":"1af4da33","name":"Dólmen del Espartal 3","category":"Sitio Arqueológico"}},{"type":"Feature","geometry":{"type":"Point","coordinates":[-3.2423,37.46735]},"properties":{"id":"8ef7e8ec","name":"Dólmen del Espartal 4","category":"Sitio Arqueológico"}},{"type":"Feature","geometry":{"type":"Point","coordinates":[-3.24226,37.46724]},"properties":{"id":"7d5be035","name":"Dólmen del Espartal 5","category":"Sitio Arqueológico"}},{"type":"Feature","geometry":{"type":"Point","coordinates":[-3.24249,37.46736]},"properties":{"id":"014db766","name":"Dólmen del Espartal 6","category":"Sitio Arqueológico"}},{"type":"Feature","geometry":{"type":"Point","coordinates":[-3.24289,37.46723]},"properties":{"id":"ab79af5a","name":"Dólmen del Espartal 7","category":"Sitio Arqueológico"}},{"type":"Feature","geometry":{"type":"Point","coordinates":[-3.24346,37.46681]},"properties":{"id":"5f5a8f59","name":"Dólmen del Espartal 8","category":"Sitio Arqueológico"}},{"type":"Feature","geometry":{"type":"Point","coordinates":[-3.24381,37.46738]},"properties":{"id":"463be402","name":"Dólmen del Espartal 9","category":"Sitio Arqueológico"}},{"type":"Feature","geometry":{"type":"Point","coordinates":[-3.18136,37.47063]},"properties":{"id":"1052137b","name":"Dólmenes del Morrón de la Meseta","category":"Sitio Arqueológico"}},{"type":"Feature","geometry":{"type":"Point","coordinates":[-4.12827,37.16504]},"properties":{"id":"8905098a","name":"El Manzanil","category":"Sitio Arqueológico"}},{"type":"Feature","geometry":{"type":"Point","coordinates":[-3.1378,37.3018]},"properties":{"id":"eada1af7","name":"Excavación arqueológica en el Callejón de la Tahona","category":"Sitio Arqueológico"}},{"type":"Feature","geometry":{"type":"Point","coordinates":[-3.13861,37.30156]},"properties":{"id":"2609c5c7","name":"Excavación de la Calle San Miguel","category":"Sitio Arqueológico"}},{"type":"Feature","geometry":{"type":"Point","coordinates":[-3.6937,36.73175]},"properties":{"id":"395514d8","name":"Factoría de Salazones de Pescado El Majuelo","category":"Sitio Arqueológico"}},{"type":"Feature","geometry":{"type":"Point","coordinates":[-3.69347,36.7321]},"properties":{"id":"52334243","name":"Factoría de Salazones de Pescado El Majuelo","category":"Sitio Arqueológico"}},{"type":"Feature","geometry":{"type":"Point","coordinates":[-2.40584,37.71797]},"properties":{"id":"072b81ee","name":"Fuente Nueva 3","category":"Sitio Arqueológico"}},{"type":"Feature","geometry":{"type":"Point","coordinates":[-3.02673,37.44286]},"properties":{"id":"a411b064","name":"Gorafe Dolmen 154","category":"Sitio Arqueológico"}},{"type":"Feature","geometry":{"type":"Point","coordinates":[-3.07357,37.16133]},"properties":{"id":"ea32a129","name":"Hamman","category":"Sitio Arqueológico"}},{"type":"Feature","geometry":{"type":"Point","coordinates":[-4.12881,37.17079]},"properties":{"id":"914e5a1a","name":"La Esperanza","category":"Sitio Arqueológico"}},{"type":"Feature","geometry":{"type":"Point","coordinates":[-2.7576,37.3556]},"properties":{"id":"57789c54","name":"La Garulla","category":"Sitio Arqueológico"}},{"type":"Feature","geometry":{"type":"Point","coordinates":[-3.90809,37.00863]},"properties":{"id":"32ac449a","name":"Los Bermejales 1","category":"Sitio Arqueológico"}},{"type":"Feature","geometry":{"type":"Point","coordinates":[-3.89775,36.99606]},"properties":{"id":"c77807a9","name":"Los Bermejales 4","category":"Sitio Arqueológico"}},{"type":"Feature","geometry":{"type":"Point","coordinates":[-3.89771,36.99611]},"properties":{"id":"584e017f","name":"Los Bermejales 5","category":"Sitio Arqueológico"}},{"type":"Feature","geometry":{"type":"Point","coordinates":[-3.84994,36.94239]},"properties":{"id":"b7a896ca","name":"Mesa de Fornes","category":"Sitio Arqueológico"}},{"type":"Feature","geometry":{"type":"Point","coordinates":[-3.9757,37.33297]},"properties":{"id":"856d9dc9","name":"Necrópolis El Castellon","category":"Sitio Arqueológico"}},{"type":"Feature","geometry":{"type":"Point","coordinates":[-2.73958,37.51348]},"properties":{"id":"6cd8398f","name":"Necrópolis Ibérica Cerro Santuario","category":"Sitio Arqueológico"}},{"type":"Feature","geometry":{"type":"Point","coordinates":[-2.54195,37.74731]},"properties":{"id":"8f358b6a","name":"Necrópolis Ibérica de Tútugi","category":"Sitio Arqueológico"}},{"type":"Feature","geometry":{"type":"Point","coordinates":[-3.77548,37.36783]},"properties":{"id":"4bbdd697","name":"Necrópolis Mozárabe","category":"Sitio Arqueológico"}},{"type":"Feature","geometry":{"type":"Point","coordinates":[-3.19136,37.41699]},"properties":{"id":"b1ec3b00","name":"Necrópolis megalitica de Fonelas","category":"Sitio Arqueológico"}},{"type":"Feature","geometry":{"type":"Point","coordinates":[-3.29716,37.36612]},"properties":{"id":"708433ce","name":"Necrópolis megalítica de Panoría","category":"Sitio Arqueológico"}},{"type":"Feature","geometry":{"type":"Point","coordinates":[-4.263,37.22803]},"properties":{"id":"e35b4ff5","name":"Oppidum de Campo Agro","category":"Sitio Arqueológico"}},{"type":"Feature","geometry":{"type":"Point","coordinates":[-3.96433,37.33894]},"properties":{"id":"fcc85fe1","name":"Peña de los Gitanos","category":"Sitio Arqueológico"}},{"type":"Feature","geometry":{"type":"Point","coordinates":[-3.11188,36.98085]},"properties":{"id":"a0f55625","name":"Peñón del Fuerte","category":"Sitio Arqueológico"}},{"type":"Feature","geometry":{"type":"Point","coordinates":[-3.80207,37.34712]},"properties":{"id":"c9086509","name":"Pinturas Rupestres de Hornillo de la Solana","category":"Sitio Arqueológico"}},{"type":"Feature","geometry":{"type":"Point","coordinates":[-3.57556,37.1777]},"properties":{"id":"17f9459d","name":"Pozos Altos y Alberca Rota","category":"Sitio Arqueológico"}},{"type":"Feature","geometry":{"type":"Point","coordinates":[-4.20899,37.15709]},"properties":{"id":"4e3726a8","name":"Riofrío (Calle Santa Ana)","category":"Sitio Arqueológico"}},{"type":"Feature","geometry":{"type":"Point","coordinates":[-4.2103,37.15451]},"properties":{"id":"301dbaa3","name":"Riofrío (Realenga de Ayozares)","category":"Sitio Arqueológico"}},{"type":"Feature","geometry":{"type":"Point","coordinates":[-3.11489,37.38799]},"properties":{"id":"a798aa5b","name":"Solana del Zamborino","category":"Sitio Arqueológico"}},{"type":"Feature","geometry":{"type":"Point","coordinates":[-3.13725,37.30242]},"properties":{"id":"6aeba0a0","name":"Teatro Romano de Guadix","category":"Sitio Arqueológico"}},{"type":"Feature","geometry":{"type":"Point","coordinates":[-3.68971,36.73675]},"properties":{"id":"39b3219e","name":"Termas Romanas","category":"Sitio Arqueológico"}},{"type":"Feature","geometry":{"type":"Point","coordinates":[-3.5509,36.95059]},"properties":{"id":"d6213923","name":"Termas Romanas del Feche","category":"Sitio Arqueológico"}},{"type":"Feature","geometry":{"type":"Point","coordinates":[-3.68649,36.75367]},"properties":{"id":"cdbab828","name":"Torre del Monje","category":"Sitio Arqueológico"}},{"type":"Feature","geometry":{"type":"Point","coordinates":[-3.67052,37.13922]},"properties":{"id":"b064df82","name":"Villa Romana de Las Gabias","category":"Sitio Arqueológico"}},{"type":"Feature","geometry":{"type":"Point","coordinates":[-3.59217,37.1624]},"properties":{"id":"4ebbe98d","name":"Villa Romana de los Vergeles","category":"Sitio Arqueológico"}},{"type":"Feature","geometry":{"type":"Point","coordinates":[-4.12492,37.16347]},"properties":{"id":"d6c48d91","name":"Villa romana de \"Digsa-Castillo\"","category":"Sitio Arqueológico"}},{"type":"Feature","geometry":{"type":"Point","coordinates":[-3.67698,37.15036]},"properties":{"id":"01393dae","name":"Villa romana de Híjar en Las Gabias","category":"Sitio Arqueológico"}},{"type":"Feature","geometry":{"type":"Point","coordinates":[-4.05706,37.38319]},"properties":{"id":"5948ac13","name":"Villa romana del Cortijo de los Ramírez","category":"Sitio Arqueológico"}},{"type":"Feature","geometry":{"type":"Point","coordinates":[-4.0795,37.1659]},"properties":{"id":"ecb73482","name":"Villa romana del Salar","category":"Sitio Arqueológico"}},{"type":"Feature","geometry":{"type":"Point","coordinates":[-4.17365,37.17214]},"properties":{"id":"feeec771","name":"Villae de Fuente Santa","category":"Sitio Arqueológico"}},{"type":"Feature","geometry":{"type":"Point","coordinates":[-4.1278,37.24459]},"properties":{"id":"e1ce1ea2","name":"Villae de Los Gallumbares","category":"Sitio Arqueológico"}},{"type":"Feature","geometry":{"type":"Point","coordinates":[-4.18773,37.17259]},"properties":{"id":"cb9342ce","name":"Villae de Plines","category":"Sitio Arqueológico"}},{"type":"Feature","geometry":{"type":"Point","coordinates":[-2.51427,37.72667]},"properties":{"id":"7d946125","name":"Yacimiento Arqueológico del Cerro de la Virgen","category":"Sitio Arqueológico"}},{"type":"Feature","geometry":{"type":"Point","coordinates":[-4.03016,37.2173]},"properties":{"id":"74f7beb1","name":"Yacimiento Los Villares","category":"Sitio Arqueológico"}},{"type":"Feature","geometry":{"type":"Point","coordinates":[-3.17622,37.19778]},"properties":{"id":"444088ab","name":"Yacimiento de Alrután","category":"Sitio Arqueológico"}},{"type":"Feature","geometry":{"type":"Point","coordinates":[-2.42082,37.5572]},"properties":{"id":"29604542","name":"Yacimiento de Malagón","category":"Sitio Arqueológico"}},{"type":"Feature","geometry":{"type":"Point","coordinates":[-4.22614,37.25929]},"properties":{"id":"a1ea3837","name":"Yacimiento de Villavieja","category":"Sitio Arqueológico"}},{"type":"Feature","geometry":{"type":"Point","coordinates":[-3.681,37.135]},"properties":{"id":"c272551b","name":"Yacimiento de la Cuesta de los Chinos","category":"Sitio Arqueológico"}},{"type":"Feature","geometry":{"type":"Point","coordinates":[-2.49763,37.98435]},"properties":{"id":"d9ba9a20","name":"Yacimiento los Castellones","category":"Sitio Arqueológico"}},{"type":"Feature","geometry":{"type":"Point","coordinates":[-3.71266,37.23119]},"properties":{"id":"62d0d2d1","name":"Zona Arqueológica de Medina Elvira","category":"Sitio Arqueológico"}},{"type":"Feature","geometry":{"type":"Point","coordinates":[-3.58796,37.17671]},"properties":{"id":"50050bc2","name":"Área Arqueológica del Palacio de Yusuf III","category":"Sitio Arqueológico"}},{"type":"Feature","geometry":{"type":"Point","coordinates":[-3.60584,37.18936]},"properties":{"id":"ac1740e0","name":"Aulario de la Escuela Internacional de Posgrado","category":"Universidad"}},{"type":"Feature","geometry":{"type":"Point","coordinates":[-3.62568,37.19656]},"properties":{"id":"21d27e0d","name":"Campus Aynadamar","category":"Universidad"}},{"type":"Feature","geometry":{"type":"Point","coordinates":[-3.59849,37.17668]},"properties":{"id":"989c074b","name":"Campus Centro","category":"Universidad"}},{"type":"Feature","geometry":{"type":"Point","coordinates":[-3.61042,37.1816]},"properties":{"id":"85c921bc","name":"Campus Fuentenueva","category":"Universidad"}},{"type":"Feature","geometry":{"type":"Point","coordinates":[-3.59702,37.19266]},"properties":{"id":"bee45453","name":"Campus de Cartuja","category":"Universidad"}},{"type":"Feature","geometry":{"type":"Point","coordinates":[-3.60537,37.1465]},"properties":{"id":"8bb54f50","name":"Campus de la Salud","category":"Universidad"}},{"type":"Feature","geometry":{"type":"Point","coordinates":[-3.59982,37.1811]},"properties":{"id":"cca24363","name":"Centro Administrativo Santa Lucía","category":"Universidad"}},{"type":"Feature","geometry":{"type":"Point","coordinates":[-3.59956,37.18391]},"properties":{"id":"25292792","name":"Centro Administrativo Triunfo","category":"Universidad"}},{"type":"Feature","geometry":{"type":"Point","coordinates":[-3.6107,37.18207]},"properties":{"id":"88e9442a","name":"Centro de Instrumentación Científica","category":"Universidad"}},{"type":"Feature","geometry":{"type":"Point","coordinates":[-3.61138,37.18794]},"properties":{"id":"3e9e2216","name":"Colegio Mayor Montaigne","category":"Universidad"}},{"type":"Feature","geometry":{"type":"Point","coordinates":[-3.6026,37.17531]},"properties":{"id":"f519264b","name":"Despachos de la Facultad de Traducción e Interpretación","category":"Universidad"}},{"type":"Feature","geometry":{"type":"Point","coordinates":[-3.60431,37.18728]},"properties":{"id":"c782d8cd","name":"Escuela Internacional de Posgrado","category":"Universidad"}},{"type":"Feature","geometry":{"type":"Point","coordinates":[-3.5949,37.18458]},"properties":{"id":"cdaefaa8","name":"Escuela Universitaria Diocesana de Magisterio La Inmaculada","category":"Universidad"}},{"type":"Feature","geometry":{"type":"Point","coordinates":[-3.60424,37.18601]},"properties":{"id":"58f6bd6e","name":"Espacio V Centenario de la Universidad de Granada","category":"Universidad"}},{"type":"Feature","geometry":{"type":"Point","coordinates":[-3.60129,37.17806]},"properties":{"id":"ecc6e264","name":"Fundación Euroárabe de Altos Estudios","category":"Universidad"}},{"type":"Feature","geometry":{"type":"Point","coordinates":[-3.60325,37.17481]},"properties":{"id":"6d624852","name":"Palacio de la Jarosa","category":"Universidad"}},{"type":"Feature","geometry":{"type":"Point","coordinates":[-3.60111,37.18492]},"properties":{"id":"d231d637","name":"Rectorado de la Universidad de Granada","category":"Universidad"}},{"type":"Feature","geometry":{"type":"Point","coordinates":[-3.60227,37.19132]},"properties":{"id":"60a83ce0","name":"Seminario Diocesano Granada","category":"Universidad"}},{"type":"Feature","geometry":{"type":"Point","coordinates":[-3.60043,37.18382]},"properties":{"id":"c8851410","name":"Servicios Centrales de la Universidad de Granada","category":"Universidad"}},{"type":"Feature","geometry":{"type":"Point","coordinates":[-3.5256,36.74505]},"properties":{"id":"94aa72f8","name":"Universidad Nacional de Educación a Distancia de Motril","category":"Universidad"}},{"type":"Feature","geometry":{"type":"Point","coordinates":[-85.95548,11.93511]},"properties":{"id":"8a8802a0","name":"Universidad Santo Tomas","category":"Universidad"}},{"type":"Feature","geometry":{"type":"Point","coordinates":[-73.7204,3.56862]},"properties":{"id":"02b65fbe","name":"Universidad de Los Llanos sede Granada","category":"Universidad"}},{"type":"Feature","geometry":{"type":"Point","coordinates":[-3.60578,37.18251]},"properties":{"id":"7cac1e64","name":"Vicerectorado de Estudiantes","category":"Universidad"}}]}