{"type":"FeatureCollection","features":[{"type":"Feature","geometry":{"type":"GeometryCollection","geometries":[{"type":"LineString","coordinates":[[-3.600468,37.155314,0],[-3.600465,37.155312,0],[-3.600466,37.155107,0],[-3.600469,37.155105,0],[-3.600472,37.155107,0],[-3.600471,37.155312,0],[-3.600468,37.155314,0]]},{"type":"LineString","coordinates":[[-3.600468,37.155314,0],[-3.600465,37.155312,0],[-3.600466,37.155107,0],[-3.600469,37.155105,0],[-3.600472,37.155107,0],[-3.600471,37.155312,0],[-3.600468,37.155314,0]]},{"type":"LineString","coordinates":[[-3.60047,37.155312,0],[-3.600467,37.155312,0],[-3.600467,37.155107,0],[-3.60047,37.155107,0],[-3.60047,37.155312,0]]},{"type":"LineString","coordinates":[[-3.60047,37.155312,0],[-3.600467,37.155312,0],[-3.600467,37.155107,0],[-3.60047,37.155107,0],[-3.60047,37.155312,0]]},{"type":"LineString","coordinates":[[-3.600474,37.155219,0],[-3.600471,37.155219,0],[-3.600471,37.155217,0],[-3.600474,37.155217,0],[-3.600474,37.155202,0],[-3.600471,37.155202,0],[-3.600471,37.1552,0],[-3.600474,37.1552,0],[-3.600469,37.155197,0],[-3.600463,37.1552,0],[-3.600466,37.1552,0],[-3.600466,37.155202,0],[-3.600463,37.155202,0],[-3.600463,37.155217,0],[-3.600466,37.155217,0],[-3.600466,37.155219,0],[-3.600463,37.155219,0],[-3.600468,37.155221,0],[-3.600474,37.155219,0]]},{"type":"LineString","coordinates":[[-3.600471,37.155215,0],[-3.600471,37.155214,0],[-3.600467,37.155214,0],[-3.600467,37.155213,0],[-3.600466,37.155213,0],[-3.600466,37.155216,0],[-3.600467,37.155216,0],[-3.600467,37.155215,0],[-3.600471,37.155215,0]]},{"type":"LineString","coordinates":[[-3.600471,37.155209,0],[-3.600471,37.155207,0],[-3.600469,37.155207,0],[-3.600471,37.155206,0],[-3.600471,37.155204,0],[-3.600468,37.155206,0],[-3.600466,37.155205,0],[-3.600466,37.155206,0],[-3.600467,37.155207,0],[-3.600466,37.155207,0],[-3.600466,37.155209,0],[-3.600468,37.155207,0],[-3.600471,37.155209,0]]},{"type":"LineString","coordinates":[[-3.600471,37.155204,0],[-3.600471,37.155203,0],[-3.600466,37.155203,0],[-3.600466,37.155204,0],[-3.600471,37.155204,0]]},{"type":"LineString","coordinates":[[-3.600471,37.155212,0],[-3.60047,37.155211,0],[-3.60047,37.15521,0],[-3.600471,37.15521,0],[-3.600471,37.155209,0],[-3.600466,37.15521,0],[-3.600466,37.155211,0],[-3.600471,37.155213,0],[-3.600471,37.155212,0]]},{"type":"LineString","coordinates":[[-3.600469,37.155211,0],[-3.600467,37.155211,0],[-3.600469,37.15521,0],[-3.600469,37.155211,0]]}]},"properties":{"name":"Reserva Taxi","styleUrl":"#line-AAFF00-2000-nodesc","stroke-opacity":1,"stroke":"#aaff00","stroke-width":2}},{"type":"Feature","geometry":{"type":"GeometryCollection","geometries":[{"type":"LineString","coordinates":[[-3.588885,37.16453,0],[-3.588884,37.164533,0],[-3.588704,37.164637,0],[-3.5887,37.164637,0],[-3.5887,37.164633,0],[-3.588881,37.164529,0],[-3.588885,37.16453,0]]},{"type":"LineString","coordinates":[[-3.588885,37.16453,0],[-3.588884,37.164533,0],[-3.588704,37.164637,0],[-3.5887,37.164637,0],[-3.5887,37.164633,0],[-3.588881,37.164529,0],[-3.588885,37.16453,0]]},{"type":"LineString","coordinates":[[-3.588881,37.16453,0],[-3.588883,37.164532,0],[-3.588703,37.164636,0],[-3.588701,37.164634,0],[-3.588881,37.16453,0]]},{"type":"LineString","coordinates":[[-3.588881,37.16453,0],[-3.588883,37.164532,0],[-3.588703,37.164636,0],[-3.588701,37.164634,0],[-3.588881,37.16453,0]]},{"type":"LineString","coordinates":[[-3.588798,37.164574,0],[-3.5888,37.164576,0],[-3.588798,37.164577,0],[-3.588797,37.164575,0],[-3.588781,37.164584,0],[-3.588783,37.164586,0],[-3.588781,37.164587,0],[-3.588779,37.164585,0],[-3.58878,37.16459,0],[-3.588786,37.164592,0],[-3.588784,37.16459,0],[-3.588786,37.164589,0],[-3.588788,37.164591,0],[-3.588803,37.164582,0],[-3.588801,37.16458,0],[-3.588803,37.164579,0],[-3.588805,37.164581,0],[-3.588804,37.164576,0],[-3.588798,37.164574,0]]},{"type":"LineString","coordinates":[[-3.588797,37.164578,0],[-3.588795,37.164579,0],[-3.588798,37.164581,0],[-3.588796,37.164582,0],[-3.588797,37.164583,0],[-3.588801,37.164581,0],[-3.5888,37.16458,0],[-3.588799,37.164581,0],[-3.588797,37.164578,0]]},{"type":"LineString","coordinates":[[-3.58879,37.164582,0],[-3.588789,37.164583,0],[-3.588789,37.164584,0],[-3.588787,37.164584,0],[-3.588786,37.164585,0],[-3.588789,37.164585,0],[-3.588789,37.164588,0],[-3.58879,37.164587,0],[-3.58879,37.164585,0],[-3.588791,37.164586,0],[-3.588793,37.164585,0],[-3.58879,37.164584,0],[-3.58879,37.164582,0]]},{"type":"LineString","coordinates":[[-3.588785,37.164585,0],[-3.588784,37.164585,0],[-3.588787,37.164589,0],[-3.588788,37.164588,0],[-3.588785,37.164585,0]]},{"type":"LineString","coordinates":[[-3.588793,37.16458,0],[-3.588793,37.164581,0],[-3.588792,37.164582,0],[-3.588791,37.164581,0],[-3.58879,37.164582,0],[-3.588794,37.164584,0],[-3.588796,37.164584,0],[-3.588794,37.16458,0],[-3.588793,37.16458,0]]},{"type":"LineString","coordinates":[[-3.588794,37.164582,0],[-3.588794,37.164583,0],[-3.588793,37.164582,0],[-3.588794,37.164582,0]]}]},"properties":{"name":"Reserva Taxi","styleUrl":"#line-AAFF00-2000-nodesc","stroke-opacity":1,"stroke":"#aaff00","stroke-width":2}},{"type":"Feature","geometry":{"type":"GeometryCollection","geometries":[{"type":"LineString","coordinates":[[-3.595005,37.166237,0],[-3.595001,37.166236,0],[-3.594904,37.166113,0],[-3.594905,37.16611,0],[-3.594908,37.166111,0],[-3.595006,37.166234,0],[-3.595005,37.166237,0]]},{"type":"LineString","coordinates":[[-3.595005,37.166237,0],[-3.595001,37.166236,0],[-3.594904,37.166113,0],[-3.594905,37.16611,0],[-3.594908,37.166111,0],[-3.595006,37.166234,0],[-3.595005,37.166237,0]]},{"type":"LineString","coordinates":[[-3.595005,37.166235,0],[-3.595003,37.166236,0],[-3.594905,37.166112,0],[-3.594907,37.166111,0],[-3.595005,37.166235,0]]},{"type":"LineString","coordinates":[[-3.595005,37.166235,0],[-3.595003,37.166236,0],[-3.594905,37.166112,0],[-3.594907,37.166111,0],[-3.595005,37.166235,0]]},{"type":"LineString","coordinates":[[-3.594966,37.166179,0],[-3.594964,37.16618,0],[-3.594962,37.166179,0],[-3.594965,37.166178,0],[-3.594955,37.166165,0],[-3.594952,37.166166,0],[-3.594951,37.166164,0],[-3.594953,37.166163,0],[-3.594947,37.166163,0],[-3.594944,37.166168,0],[-3.594946,37.166167,0],[-3.594948,37.166168,0],[-3.594945,37.166169,0],[-3.594955,37.166182,0],[-3.594958,37.166181,0],[-3.594959,37.166183,0],[-3.594957,37.166184,0],[-3.594963,37.166184,0],[-3.594966,37.166179,0]]},{"type":"LineString","coordinates":[[-3.594961,37.166177,0],[-3.59496,37.166176,0],[-3.594957,37.166178,0],[-3.594956,37.166177,0],[-3.594955,37.166177,0],[-3.594958,37.16618,0],[-3.594959,37.16618,0],[-3.594958,37.166179,0],[-3.594961,37.166177,0]]},{"type":"LineString","coordinates":[[-3.594956,37.166172,0],[-3.594956,37.166171,0],[-3.594954,37.166171,0],[-3.594955,37.16617,0],[-3.594954,37.166168,0],[-3.594952,37.166171,0],[-3.59495,37.166171,0],[-3.594951,37.166172,0],[-3.594952,37.166172,0],[-3.594951,37.166173,0],[-3.594952,37.166174,0],[-3.594953,37.166172,0],[-3.594956,37.166172,0]]},{"type":"LineString","coordinates":[[-3.594953,37.166168,0],[-3.594953,37.166167,0],[-3.594948,37.166169,0],[-3.594949,37.16617,0],[-3.594953,37.166168,0]]},{"type":"LineString","coordinates":[[-3.594958,37.166174,0],[-3.594958,37.166175,0],[-3.594957,37.166174,0],[-3.594957,37.166173,0],[-3.594956,37.166172,0],[-3.594953,37.166175,0],[-3.594954,37.166176,0],[-3.594959,37.166176,0],[-3.594958,37.166174,0]]},{"type":"LineString","coordinates":[[-3.594957,37.166175,0],[-3.594955,37.166175,0],[-3.594956,37.166174,0],[-3.594957,37.166175,0]]}]},"properties":{"name":"Reserva Taxi","styleUrl":"#line-AAFF00-2000-nodesc","stroke-opacity":1,"stroke":"#aaff00","stroke-width":2}},{"type":"Feature","geometry":{"type":"GeometryCollection","geometries":[{"type":"LineString","coordinates":[[-3.599236,37.160285,0],[-3.599239,37.160283,0],[-3.599495,37.160316,0],[-3.599497,37.160319,0],[-3.599494,37.160321,0],[-3.599238,37.160288,0],[-3.599236,37.160285,0]]},{"type":"LineString","coordinates":[[-3.599236,37.160285,0],[-3.599239,37.160283,0],[-3.599495,37.160316,0],[-3.599497,37.160319,0],[-3.599494,37.160321,0],[-3.599238,37.160288,0],[-3.599236,37.160285,0]]},{"type":"LineString","coordinates":[[-3.599238,37.160286,0],[-3.599239,37.160284,0],[-3.599495,37.160317,0],[-3.599494,37.16032,0],[-3.599238,37.160286,0]]},{"type":"LineString","coordinates":[[-3.599238,37.160286,0],[-3.599239,37.160284,0],[-3.599495,37.160317,0],[-3.599494,37.16032,0],[-3.599238,37.160286,0]]},{"type":"LineString","coordinates":[[-3.599354,37.160305,0],[-3.599354,37.160303,0],[-3.599357,37.160303,0],[-3.599356,37.160305,0],[-3.599375,37.160308,0],[-3.599376,37.160305,0],[-3.599378,37.160306,0],[-3.599377,37.160308,0],[-3.599381,37.160304,0],[-3.599379,37.160299,0],[-3.599379,37.160302,0],[-3.599376,37.160301,0],[-3.599377,37.160299,0],[-3.599358,37.160296,0],[-3.599357,37.160299,0],[-3.599355,37.160298,0],[-3.599356,37.160296,0],[-3.599352,37.1603,0],[-3.599354,37.160305,0]]},{"type":"LineString","coordinates":[[-3.599359,37.160303,0],[-3.599361,37.160303,0],[-3.599361,37.1603,0],[-3.599363,37.1603,0],[-3.599358,37.160299,0],[-3.599358,37.1603,0],[-3.59936,37.1603,0],[-3.599359,37.160303,0]]},{"type":"LineString","coordinates":[[-3.599367,37.160304,0],[-3.599369,37.160304,0],[-3.59937,37.160303,0],[-3.59937,37.160304,0],[-3.599372,37.160305,0],[-3.599371,37.160303,0],[-3.599373,37.160301,0],[-3.599371,37.160301,0],[-3.59937,37.160302,0],[-3.59937,37.1603,0],[-3.599368,37.1603,0],[-3.599369,37.160302,0],[-3.599367,37.160304,0]]},{"type":"LineString","coordinates":[[-3.599373,37.160305,0],[-3.599374,37.160305,0],[-3.599375,37.160301,0],[-3.599373,37.160301,0],[-3.599373,37.160305,0]]},{"type":"LineString","coordinates":[[-3.599363,37.160304,0],[-3.599364,37.160303,0],[-3.599365,37.160303,0],[-3.599365,37.160304,0],[-3.599367,37.160304,0],[-3.599366,37.1603,0],[-3.599364,37.1603,0],[-3.599362,37.160303,0],[-3.599363,37.160304,0]]},{"type":"LineString","coordinates":[[-3.599364,37.160302,0],[-3.599365,37.160301,0],[-3.599365,37.160302,0],[-3.599364,37.160302,0]]}]},"properties":{"name":"Reserva Taxi","styleUrl":"#line-AAFF00-2000-nodesc","stroke-opacity":1,"stroke":"#aaff00","stroke-width":2}},{"type":"Feature","geometry":{"type":"GeometryCollection","geometries":[{"type":"LineString","coordinates":[[-3.599809,37.158842,0],[-3.599807,37.158839,0],[-3.599831,37.158534,0],[-3.599834,37.158531,0],[-3.599837,37.158534,0],[-3.599812,37.15884,0],[-3.599809,37.158842,0]]},{"type":"LineString","coordinates":[[-3.599809,37.158842,0],[-3.599807,37.158839,0],[-3.599831,37.158534,0],[-3.599834,37.158531,0],[-3.599837,37.158534,0],[-3.599812,37.15884,0],[-3.599809,37.158842,0]]},{"type":"LineString","coordinates":[[-3.599811,37.158839,0],[-3.599808,37.158839,0],[-3.599833,37.158534,0],[-3.599836,37.158534,0],[-3.599811,37.158839,0]]},{"type":"LineString","coordinates":[[-3.599811,37.158839,0],[-3.599808,37.158839,0],[-3.599833,37.158534,0],[-3.599836,37.158534,0],[-3.599811,37.158839,0]]},{"type":"LineString","coordinates":[[-3.599827,37.158696,0],[-3.599824,37.158696,0],[-3.599824,37.158694,0],[-3.599827,37.158695,0],[-3.599828,37.158679,0],[-3.599825,37.158679,0],[-3.599825,37.158677,0],[-3.599828,37.158677,0],[-3.599823,37.158674,0],[-3.599817,37.158677,0],[-3.59982,37.158677,0],[-3.59982,37.158679,0],[-3.599817,37.158679,0],[-3.599816,37.158694,0],[-3.599819,37.158694,0],[-3.599818,37.158696,0],[-3.599815,37.158696,0],[-3.599821,37.158699,0],[-3.599827,37.158696,0]]},{"type":"LineString","coordinates":[[-3.599824,37.158692,0],[-3.599824,37.158691,0],[-3.59982,37.158691,0],[-3.59982,37.15869,0],[-3.599819,37.15869,0],[-3.599819,37.158693,0],[-3.59982,37.158693,0],[-3.59982,37.158692,0],[-3.599824,37.158692,0]]},{"type":"LineString","coordinates":[[-3.599824,37.158686,0],[-3.599824,37.158685,0],[-3.599823,37.158684,0],[-3.599824,37.158683,0],[-3.599824,37.158682,0],[-3.599822,37.158683,0],[-3.59982,37.158682,0],[-3.59982,37.158683,0],[-3.599821,37.158684,0],[-3.599819,37.158684,0],[-3.599819,37.158686,0],[-3.599822,37.158685,0],[-3.599824,37.158686,0]]},{"type":"LineString","coordinates":[[-3.599825,37.158681,0],[-3.599825,37.15868,0],[-3.59982,37.15868,0],[-3.59982,37.158681,0],[-3.599825,37.158681,0]]},{"type":"LineString","coordinates":[[-3.599824,37.158689,0],[-3.599823,37.158689,0],[-3.599823,37.158687,0],[-3.599824,37.158687,0],[-3.599824,37.158686,0],[-3.599819,37.158687,0],[-3.599819,37.158689,0],[-3.599824,37.15869,0],[-3.599824,37.158689,0]]},{"type":"LineString","coordinates":[[-3.599822,37.158688,0],[-3.59982,37.158688,0],[-3.599822,37.158688,0]]}]},"properties":{"name":"Reserva Taxi","styleUrl":"#line-AAFF00-2000-nodesc","stroke-opacity":1,"stroke":"#aaff00","stroke-width":2}},{"type":"Feature","geometry":{"type":"GeometryCollection","geometries":[{"type":"LineString","coordinates":[[-3.606272,37.177402,0],[-3.606268,37.177402,0],[-3.606022,37.177236,0],[-3.606022,37.177233,0],[-3.606026,37.177233,0],[-3.606272,37.177399,0],[-3.606272,37.177402,0]]},{"type":"LineString","coordinates":[[-3.606272,37.177402,0],[-3.606268,37.177402,0],[-3.606022,37.177236,0],[-3.606022,37.177233,0],[-3.606026,37.177233,0],[-3.606272,37.177399,0],[-3.606272,37.177402,0]]},{"type":"LineString","coordinates":[[-3.606271,37.1774,0],[-3.606269,37.177401,0],[-3.606023,37.177235,0],[-3.606025,37.177233,0],[-3.606271,37.1774,0]]},{"type":"LineString","coordinates":[[-3.606271,37.1774,0],[-3.606269,37.177401,0],[-3.606023,37.177235,0],[-3.606025,37.177233,0],[-3.606271,37.1774,0]]},{"type":"LineString","coordinates":[[-3.60616,37.17732,0],[-3.606158,37.177322,0],[-3.606156,37.177321,0],[-3.606158,37.177319,0],[-3.606143,37.177309,0],[-3.606141,37.177311,0],[-3.60614,37.17731,0],[-3.606142,37.177308,0],[-3.606135,37.17731,0],[-3.606134,37.177315,0],[-3.606136,37.177313,0],[-3.606138,37.177314,0],[-3.606136,37.177316,0],[-3.606151,37.177326,0],[-3.606153,37.177324,0],[-3.606154,37.177326,0],[-3.606152,37.177327,0],[-3.606159,37.177326,0],[-3.60616,37.17732,0]]},{"type":"LineString","coordinates":[[-3.606154,37.17732,0],[-3.606153,37.177319,0],[-3.60615,37.177321,0],[-3.606149,37.177321,0],[-3.606152,37.177324,0],[-3.606153,37.177323,0],[-3.606152,37.177322,0],[-3.606154,37.17732,0]]},{"type":"LineString","coordinates":[[-3.606148,37.177316,0],[-3.606147,37.177315,0],[-3.606145,37.177315,0],[-3.606145,37.177314,0],[-3.606144,37.177313,0],[-3.606144,37.177316,0],[-3.606141,37.177316,0],[-3.606142,37.177317,0],[-3.606144,37.177317,0],[-3.606143,37.177318,0],[-3.606145,37.177319,0],[-3.606145,37.177317,0],[-3.606148,37.177316,0]]},{"type":"LineString","coordinates":[[-3.606143,37.177313,0],[-3.606142,37.177312,0],[-3.606139,37.177315,0],[-3.60614,37.177316,0],[-3.606143,37.177313,0]]},{"type":"LineString","coordinates":[[-3.606151,37.177318,0],[-3.60615,37.177318,0],[-3.606149,37.177317,0],[-3.606148,37.177316,0],[-3.606146,37.17732,0],[-3.606147,37.177321,0],[-3.606152,37.177319,0],[-3.606151,37.177318,0]]},{"type":"LineString","coordinates":[[-3.606149,37.177319,0],[-3.606148,37.177319,0],[-3.606148,37.177318,0],[-3.606149,37.177319,0]]}]},"properties":{"name":"Reserva Taxi","styleUrl":"#line-AAFF00-2000-nodesc","stroke-opacity":1,"stroke":"#aaff00","stroke-width":2}},{"type":"Feature","geometry":{"type":"GeometryCollection","geometries":[{"type":"LineString","coordinates":[[-3.59629,37.1766,0],[-3.59629,37.176604,0],[-3.596197,37.176658,0],[-3.596058,37.176743,0],[-3.595917,37.176826,0],[-3.595825,37.176874,0],[-3.595821,37.176873,0],[-3.595822,37.17687,0],[-3.595913,37.176822,0],[-3.596055,37.176739,0],[-3.596194,37.176654,0],[-3.596287,37.1766,0],[-3.59629,37.1766,0]]},{"type":"LineString","coordinates":[[-3.59629,37.1766,0],[-3.59629,37.176604,0],[-3.596197,37.176658,0],[-3.596058,37.176743,0],[-3.595917,37.176826,0],[-3.595825,37.176874,0],[-3.595821,37.176873,0],[-3.595822,37.17687,0],[-3.595913,37.176822,0],[-3.596055,37.176739,0],[-3.596194,37.176654,0],[-3.596287,37.1766,0],[-3.59629,37.1766,0]]},{"type":"LineString","coordinates":[[-3.596287,37.176601,0],[-3.596289,37.176603,0],[-3.596196,37.176657,0],[-3.596057,37.176742,0],[-3.595916,37.176825,0],[-3.595824,37.176873,0],[-3.595823,37.176871,0],[-3.595914,37.176823,0],[-3.596056,37.17674,0],[-3.596195,37.176655,0],[-3.596287,37.176601,0]]},{"type":"LineString","coordinates":[[-3.596287,37.176601,0],[-3.596289,37.176603,0],[-3.596196,37.176657,0],[-3.596057,37.176742,0],[-3.595916,37.176825,0],[-3.595824,37.176873,0],[-3.595823,37.176871,0],[-3.595914,37.176823,0],[-3.596056,37.17674,0],[-3.596195,37.176655,0],[-3.596287,37.176601,0]]},{"type":"LineString","coordinates":[[-3.596065,37.17673,0],[-3.596067,37.176732,0],[-3.596065,37.176733,0],[-3.596063,37.176731,0],[-3.596048,37.176741,0],[-3.596049,37.176743,0],[-3.596048,37.176744,0],[-3.596046,37.176742,0],[-3.596047,37.176747,0],[-3.596053,37.176749,0],[-3.596051,37.176747,0],[-3.596053,37.176746,0],[-3.596054,37.176748,0],[-3.59607,37.176739,0],[-3.596068,37.176737,0],[-3.59607,37.176735,0],[-3.596072,37.176737,0],[-3.596071,37.176732,0],[-3.596065,37.17673,0]]},{"type":"LineString","coordinates":[[-3.596063,37.176735,0],[-3.596062,37.176735,0],[-3.596064,37.176738,0],[-3.596063,37.176738,0],[-3.596064,37.176739,0],[-3.596067,37.176737,0],[-3.596066,37.176736,0],[-3.596065,37.176737,0],[-3.596063,37.176735,0]]},{"type":"LineString","coordinates":[[-3.596057,37.176738,0],[-3.596055,37.176739,0],[-3.596056,37.176741,0],[-3.596054,37.17674,0],[-3.596052,37.176741,0],[-3.596055,37.176742,0],[-3.596055,37.176744,0],[-3.596057,37.176743,0],[-3.596057,37.176742,0],[-3.596058,37.176742,0],[-3.596059,37.176742,0],[-3.596057,37.176741,0],[-3.596057,37.176738,0]]},{"type":"LineString","coordinates":[[-3.596052,37.176741,0],[-3.596051,37.176742,0],[-3.596054,37.176745,0],[-3.596055,37.176744,0],[-3.596052,37.176741,0]]},{"type":"LineString","coordinates":[[-3.59606,37.176737,0],[-3.596059,37.176738,0],[-3.596058,37.176738,0],[-3.596057,37.176738,0],[-3.596061,37.176741,0],[-3.596062,37.17674,0],[-3.596061,37.176736,0],[-3.59606,37.176737,0]]},{"type":"LineString","coordinates":[[-3.59606,37.176738,0],[-3.596061,37.176739,0],[-3.596059,37.176739,0],[-3.59606,37.176738,0]]}]},"properties":{"name":"Reserva Taxi","styleUrl":"#line-AAFF00-2000-nodesc","stroke-opacity":1,"stroke":"#aaff00","stroke-width":2}},{"type":"Feature","geometry":{"type":"GeometryCollection","geometries":[{"type":"LineString","coordinates":[[-3.589906,37.174377,0],[-3.589906,37.174381,0],[-3.589713,37.174541,0],[-3.589709,37.174541,0],[-3.589709,37.174538,0],[-3.589902,37.174378,0],[-3.589906,37.174377,0]]},{"type":"LineString","coordinates":[[-3.589906,37.174377,0],[-3.589906,37.174381,0],[-3.589713,37.174541,0],[-3.589709,37.174541,0],[-3.589709,37.174538,0],[-3.589902,37.174378,0],[-3.589906,37.174377,0]]},{"type":"LineString","coordinates":[[-3.589903,37.174378,0],[-3.589905,37.17438,0],[-3.589712,37.17454,0],[-3.58971,37.174538,0],[-3.589903,37.174378,0]]},{"type":"LineString","coordinates":[[-3.589903,37.174378,0],[-3.589905,37.17438,0],[-3.589712,37.17454,0],[-3.58971,37.174538,0],[-3.589903,37.174378,0]]},{"type":"LineString","coordinates":[[-3.589812,37.174449,0],[-3.589814,37.17445,0],[-3.589812,37.174452,0],[-3.58981,37.17445,0],[-3.589797,37.174461,0],[-3.589799,37.174463,0],[-3.589797,37.174464,0],[-3.589795,37.174463,0],[-3.589797,37.174468,0],[-3.589803,37.174469,0],[-3.589801,37.174467,0],[-3.589803,37.174466,0],[-3.589805,37.174468,0],[-3.589818,37.174456,0],[-3.589816,37.174455,0],[-3.589818,37.174453,0],[-3.58982,37.174455,0],[-3.589818,37.17445,0],[-3.589812,37.174449,0]]},{"type":"LineString","coordinates":[[-3.589811,37.174453,0],[-3.58981,37.174454,0],[-3.589812,37.174456,0],[-3.589811,37.174457,0],[-3.589812,37.174458,0],[-3.589815,37.174455,0],[-3.589814,37.174455,0],[-3.589813,37.174455,0],[-3.589811,37.174453,0]]},{"type":"LineString","coordinates":[[-3.589805,37.174458,0],[-3.589804,37.174459,0],[-3.589804,37.17446,0],[-3.589803,37.17446,0],[-3.589801,37.174461,0],[-3.589804,37.174461,0],[-3.589805,37.174464,0],[-3.589806,37.174463,0],[-3.589806,37.174461,0],[-3.589807,37.174462,0],[-3.589809,37.174461,0],[-3.589806,37.17446,0],[-3.589805,37.174458,0]]},{"type":"LineString","coordinates":[[-3.589801,37.174461,0],[-3.5898,37.174462,0],[-3.589804,37.174465,0],[-3.589805,37.174464,0],[-3.589801,37.174461,0]]},{"type":"LineString","coordinates":[[-3.589808,37.174456,0],[-3.589807,37.174457,0],[-3.589806,37.174457,0],[-3.589805,37.174458,0],[-3.58981,37.17446,0],[-3.589811,37.174459,0],[-3.589809,37.174455,0],[-3.589808,37.174456,0]]},{"type":"LineString","coordinates":[[-3.589809,37.174457,0],[-3.58981,37.174458,0],[-3.589808,37.174458,0],[-3.589809,37.174457,0]]}]},"properties":{"name":"Reserva Taxi","styleUrl":"#line-AAFF00-2000-nodesc","stroke-opacity":1,"stroke":"#aaff00","stroke-width":2}},{"type":"Feature","geometry":{"type":"GeometryCollection","geometries":[{"type":"LineString","coordinates":[[-3.593823,37.173429,0],[-3.593823,37.173433,0],[-3.593778,37.173465,0],[-3.593774,37.173464,0],[-3.593774,37.173461,0],[-3.593819,37.173429,0],[-3.593823,37.173429,0]]},{"type":"LineString","coordinates":[[-3.593823,37.173429,0],[-3.593823,37.173433,0],[-3.593778,37.173465,0],[-3.593774,37.173464,0],[-3.593774,37.173461,0],[-3.593819,37.173429,0],[-3.593823,37.173429,0]]},{"type":"LineString","coordinates":[[-3.59382,37.17343,0],[-3.593822,37.173432,0],[-3.593777,37.173464,0],[-3.593775,37.173462,0],[-3.59382,37.17343,0]]},{"type":"LineString","coordinates":[[-3.59382,37.17343,0],[-3.593822,37.173432,0],[-3.593777,37.173464,0],[-3.593775,37.173462,0],[-3.59382,37.17343,0]]},{"type":"LineString","coordinates":[[-3.593804,37.173437,0],[-3.593806,37.173439,0],[-3.593804,37.17344,0],[-3.593802,37.173438,0],[-3.593787,37.173449,0],[-3.593789,37.17345,0],[-3.593788,37.173452,0],[-3.593786,37.17345,0],[-3.593787,37.173455,0],[-3.593793,37.173457,0],[-3.593791,37.173455,0],[-3.593793,37.173454,0],[-3.593795,37.173455,0],[-3.593809,37.173445,0],[-3.593807,37.173443,0],[-3.593809,37.173442,0],[-3.593811,37.173444,0],[-3.59381,37.173439,0],[-3.593804,37.173437,0]]},{"type":"LineString","coordinates":[[-3.593802,37.173442,0],[-3.593801,37.173442,0],[-3.593804,37.173445,0],[-3.593802,37.173445,0],[-3.593803,37.173446,0],[-3.593807,37.173444,0],[-3.593806,37.173443,0],[-3.593805,37.173444,0],[-3.593802,37.173442,0]]},{"type":"LineString","coordinates":[[-3.593796,37.173446,0],[-3.593795,37.173447,0],[-3.593795,37.173448,0],[-3.593794,37.173448,0],[-3.593792,37.173449,0],[-3.593795,37.173449,0],[-3.593796,37.173452,0],[-3.593797,37.173451,0],[-3.593797,37.173449,0],[-3.593798,37.17345,0],[-3.593799,37.173449,0],[-3.593797,37.173448,0],[-3.593796,37.173446,0]]},{"type":"LineString","coordinates":[[-3.593792,37.173449,0],[-3.593791,37.17345,0],[-3.593794,37.173453,0],[-3.593795,37.173452,0],[-3.593792,37.173449,0]]},{"type":"LineString","coordinates":[[-3.593799,37.173444,0],[-3.593799,37.173445,0],[-3.593798,37.173445,0],[-3.593797,37.173445,0],[-3.593796,37.173446,0],[-3.593801,37.173448,0],[-3.593802,37.173447,0],[-3.5938,37.173443,0],[-3.593799,37.173444,0]]},{"type":"LineString","coordinates":[[-3.5938,37.173445,0],[-3.593801,37.173447,0],[-3.593799,37.173446,0],[-3.5938,37.173445,0]]}]},"properties":{"name":"Reserva Taxi","styleUrl":"#line-AAFF00-2000-nodesc","stroke-opacity":1,"stroke":"#aaff00","stroke-width":2}},{"type":"Feature","geometry":{"type":"GeometryCollection","geometries":[{"type":"LineString","coordinates":[[-3.598956,37.172157,0],[-3.598953,37.172156,0],[-3.598697,37.171681,0],[-3.598698,37.171678,0],[-3.598702,37.171679,0],[-3.598958,37.172154,0],[-3.598956,37.172157,0]]},{"type":"LineString","coordinates":[[-3.598956,37.172157,0],[-3.598953,37.172156,0],[-3.598697,37.171681,0],[-3.598698,37.171678,0],[-3.598702,37.171679,0],[-3.598958,37.172154,0],[-3.598956,37.172157,0]]},{"type":"LineString","coordinates":[[-3.598956,37.172155,0],[-3.598954,37.172156,0],[-3.598698,37.171681,0],[-3.598701,37.17168,0],[-3.598956,37.172155,0]]},{"type":"LineString","coordinates":[[-3.598956,37.172155,0],[-3.598954,37.172156,0],[-3.598698,37.171681,0],[-3.598701,37.17168,0],[-3.598956,37.172155,0]]},{"type":"LineString","coordinates":[[-3.598837,37.171925,0],[-3.598834,37.171926,0],[-3.598833,37.171924,0],[-3.598836,37.171923,0],[-3.598829,37.171909,0],[-3.598826,37.17191,0],[-3.598825,37.171908,0],[-3.598828,37.171907,0],[-3.598821,37.171907,0],[-3.598817,37.171911,0],[-3.59882,37.17191,0],[-3.598821,37.171912,0],[-3.598818,37.171913,0],[-3.598826,37.171927,0],[-3.598829,37.171926,0],[-3.59883,37.171928,0],[-3.598827,37.171929,0],[-3.598833,37.171929,0],[-3.598837,37.171925,0]]},{"type":"LineString","coordinates":[[-3.598832,37.171922,0],[-3.598832,37.171921,0],[-3.598828,37.171923,0],[-3.598828,37.171921,0],[-3.598827,37.171922,0],[-3.598828,37.171925,0],[-3.59883,37.171925,0],[-3.598829,37.171924,0],[-3.598832,37.171922,0]]},{"type":"LineString","coordinates":[[-3.598829,37.171917,0],[-3.598828,37.171915,0],[-3.598827,37.171915,0],[-3.598828,37.171914,0],[-3.598827,37.171913,0],[-3.598825,37.171915,0],[-3.598823,37.171914,0],[-3.598823,37.171916,0],[-3.598825,37.171916,0],[-3.598824,37.171917,0],[-3.598825,37.171918,0],[-3.598826,37.171916,0],[-3.598829,37.171917,0]]},{"type":"LineString","coordinates":[[-3.598827,37.171912,0],[-3.598826,37.171911,0],[-3.598822,37.171913,0],[-3.598822,37.171914,0],[-3.598827,37.171912,0]]},{"type":"LineString","coordinates":[[-3.598831,37.171919,0],[-3.59883,37.171919,0],[-3.598829,37.171918,0],[-3.59883,37.171918,0],[-3.598829,37.171917,0],[-3.598825,37.171919,0],[-3.598826,37.171921,0],[-3.598831,37.17192,0],[-3.598831,37.171919,0]]},{"type":"LineString","coordinates":[[-3.598829,37.17192,0],[-3.598827,37.17192,0],[-3.598828,37.171919,0],[-3.598829,37.17192,0]]}]},"properties":{"name":"Reserva Taxi","styleUrl":"#line-AAFF00-2000-nodesc","stroke-opacity":1,"stroke":"#aaff00","stroke-width":2}},{"type":"Feature","geometry":{"type":"GeometryCollection","geometries":[{"type":"LineString","coordinates":[[-3.578626,37.170635,0],[-3.578628,37.170632,0],[-3.578669,37.170622,0],[-3.578738,37.170621,0],[-3.578777,37.170629,0],[-3.578815,37.170646,0],[-3.578816,37.170649,0],[-3.578812,37.17065,0],[-3.578775,37.170634,0],[-3.578738,37.170626,0],[-3.57867,37.170627,0],[-3.578629,37.170636,0],[-3.578626,37.170635,0]]},{"type":"LineString","coordinates":[[-3.578626,37.170635,0],[-3.578628,37.170632,0],[-3.578669,37.170622,0],[-3.578738,37.170621,0],[-3.578777,37.170629,0],[-3.578815,37.170646,0],[-3.578816,37.170649,0],[-3.578812,37.17065,0],[-3.578775,37.170634,0],[-3.578738,37.170626,0],[-3.57867,37.170627,0],[-3.578629,37.170636,0],[-3.578626,37.170635,0]]},{"type":"LineString","coordinates":[[-3.578629,37.170635,0],[-3.578628,37.170633,0],[-3.578669,37.170623,0],[-3.578738,37.170622,0],[-3.578776,37.17063,0],[-3.578814,37.170647,0],[-3.578813,37.170649,0],[-3.578775,37.170633,0],[-3.578738,37.170624,0],[-3.57867,37.170626,0],[-3.578629,37.170635,0]]},{"type":"LineString","coordinates":[[-3.578629,37.170635,0],[-3.578628,37.170633,0],[-3.578669,37.170623,0],[-3.578738,37.170622,0],[-3.578776,37.17063,0],[-3.578814,37.170647,0],[-3.578813,37.170649,0],[-3.578775,37.170633,0],[-3.578738,37.170624,0],[-3.57867,37.170626,0],[-3.578629,37.170635,0]]},{"type":"LineString","coordinates":[[-3.578711,37.170628,0],[-3.578711,37.170625,0],[-3.578714,37.170625,0],[-3.578714,37.170628,0],[-3.578733,37.170628,0],[-3.578733,37.170625,0],[-3.578735,37.170625,0],[-3.578735,37.170628,0],[-3.578738,37.170623,0],[-3.578735,37.170619,0],[-3.578735,37.170621,0],[-3.578733,37.170621,0],[-3.578733,37.170619,0],[-3.578714,37.170619,0],[-3.578714,37.170621,0],[-3.578711,37.170621,0],[-3.578711,37.170619,0],[-3.578708,37.170623,0],[-3.578711,37.170628,0]]},{"type":"LineString","coordinates":[[-3.578716,37.170625,0],[-3.578718,37.170625,0],[-3.578718,37.170622,0],[-3.578719,37.170622,0],[-3.578719,37.170621,0],[-3.578715,37.170621,0],[-3.578715,37.170622,0],[-3.578716,37.170622,0],[-3.578716,37.170625,0]]},{"type":"LineString","coordinates":[[-3.578724,37.170625,0],[-3.578726,37.170625,0],[-3.578727,37.170624,0],[-3.578728,37.170625,0],[-3.578729,37.170625,0],[-3.578728,37.170623,0],[-3.578729,37.170621,0],[-3.578728,37.170621,0],[-3.578727,37.170623,0],[-3.578726,37.170621,0],[-3.578724,37.170621,0],[-3.578726,37.170623,0],[-3.578724,37.170625,0]]},{"type":"LineString","coordinates":[[-3.57873,37.170625,0],[-3.578731,37.170625,0],[-3.578731,37.170621,0],[-3.57873,37.170621,0],[-3.57873,37.170625,0]]},{"type":"LineString","coordinates":[[-3.57872,37.170625,0],[-3.578721,37.170625,0],[-3.578722,37.170625,0],[-3.578723,37.170625,0],[-3.578724,37.170625,0],[-3.578722,37.170621,0],[-3.578721,37.170621,0],[-3.578719,37.170625,0],[-3.57872,37.170625,0]]},{"type":"LineString","coordinates":[[-3.578721,37.170624,0],[-3.578721,37.170622,0],[-3.578722,37.170624,0],[-3.578721,37.170624,0]]}]},"properties":{"name":"Reserva Taxi","styleUrl":"#line-AAFF00-2000-nodesc","stroke-opacity":1,"stroke":"#aaff00","stroke-width":2}},{"type":"Feature","geometry":{"type":"GeometryCollection","geometries":[{"type":"LineString","coordinates":[[-3.61319,37.178824,0],[-3.613186,37.178825,0],[-3.612823,37.178706,0],[-3.612822,37.178703,0],[-3.612825,37.178702,0],[-3.613189,37.178821,0],[-3.61319,37.178824,0]]},{"type":"LineString","coordinates":[[-3.61319,37.178824,0],[-3.613186,37.178825,0],[-3.612823,37.178706,0],[-3.612822,37.178703,0],[-3.612825,37.178702,0],[-3.613189,37.178821,0],[-3.61319,37.178824,0]]},{"type":"LineString","coordinates":[[-3.613188,37.178822,0],[-3.613187,37.178824,0],[-3.612824,37.178705,0],[-3.612825,37.178703,0],[-3.613188,37.178822,0]]},{"type":"LineString","coordinates":[[-3.613188,37.178822,0],[-3.613187,37.178824,0],[-3.612824,37.178705,0],[-3.612825,37.178703,0],[-3.613188,37.178822,0]]},{"type":"LineString","coordinates":[[-3.613019,37.178763,0],[-3.613018,37.178765,0],[-3.613016,37.178765,0],[-3.613017,37.178762,0],[-3.612999,37.178756,0],[-3.612998,37.178759,0],[-3.612996,37.178758,0],[-3.612997,37.178756,0],[-3.612992,37.178759,0],[-3.612993,37.178764,0],[-3.612994,37.178762,0],[-3.612996,37.178762,0],[-3.612995,37.178765,0],[-3.613013,37.178771,0],[-3.613014,37.178768,0],[-3.613016,37.178769,0],[-3.613015,37.178771,0],[-3.61302,37.178768,0],[-3.613019,37.178763,0]]},{"type":"LineString","coordinates":[[-3.613013,37.178764,0],[-3.613012,37.178764,0],[-3.613011,37.178766,0],[-3.613009,37.178766,0],[-3.613009,37.178767,0],[-3.613013,37.178768,0],[-3.613013,37.178767,0],[-3.613012,37.178767,0],[-3.613013,37.178764,0]]},{"type":"LineString","coordinates":[[-3.613006,37.178762,0],[-3.613005,37.178761,0],[-3.613003,37.178762,0],[-3.613003,37.17876,0],[-3.613001,37.17876,0],[-3.613002,37.178762,0],[-3.612999,37.178764,0],[-3.613001,37.178764,0],[-3.613002,37.178763,0],[-3.613003,37.178765,0],[-3.613004,37.178765,0],[-3.613004,37.178763,0],[-3.613006,37.178762,0]]},{"type":"LineString","coordinates":[[-3.613001,37.17876,0],[-3.612999,37.178759,0],[-3.612997,37.178763,0],[-3.612999,37.178763,0],[-3.613001,37.17876,0]]},{"type":"LineString","coordinates":[[-3.61301,37.178763,0],[-3.613009,37.178763,0],[-3.613007,37.178763,0],[-3.613007,37.178762,0],[-3.613006,37.178762,0],[-3.613006,37.178766,0],[-3.613007,37.178766,0],[-3.613011,37.178763,0],[-3.61301,37.178763,0]]},{"type":"LineString","coordinates":[[-3.613008,37.178764,0],[-3.613007,37.178765,0],[-3.613007,37.178764,0],[-3.613008,37.178764,0]]}]},"properties":{"name":"Reserva Taxi","styleUrl":"#line-AAFF00-2000-nodesc","stroke-opacity":1,"stroke":"#aaff00","stroke-width":2}},{"type":"Feature","geometry":{"type":"GeometryCollection","geometries":[{"type":"LineString","coordinates":[[-3.611029,37.17849,0],[-3.611025,37.178489,0],[-3.610909,37.178296,0],[-3.61091,37.178293,0],[-3.610914,37.178294,0],[-3.61103,37.178487,0],[-3.611029,37.17849,0]]},{"type":"LineString","coordinates":[[-3.611029,37.17849,0],[-3.611025,37.178489,0],[-3.610909,37.178296,0],[-3.61091,37.178293,0],[-3.610914,37.178294,0],[-3.61103,37.178487,0],[-3.611029,37.17849,0]]},{"type":"LineString","coordinates":[[-3.611029,37.178487,0],[-3.611027,37.178488,0],[-3.61091,37.178295,0],[-3.610913,37.178294,0],[-3.611029,37.178487,0]]},{"type":"LineString","coordinates":[[-3.611029,37.178487,0],[-3.611027,37.178488,0],[-3.61091,37.178295,0],[-3.610913,37.178294,0],[-3.611029,37.178487,0]]},{"type":"LineString","coordinates":[[-3.61098,37.178398,0],[-3.610977,37.178399,0],[-3.610976,37.178397,0],[-3.610979,37.178396,0],[-3.610971,37.178382,0],[-3.610968,37.178383,0],[-3.610967,37.178382,0],[-3.61097,37.178381,0],[-3.610963,37.17838,0],[-3.610959,37.178385,0],[-3.610962,37.178384,0],[-3.610963,37.178385,0],[-3.61096,37.178386,0],[-3.610969,37.1784,0],[-3.610971,37.178399,0],[-3.610972,37.178401,0],[-3.61097,37.178402,0],[-3.610976,37.178402,0],[-3.61098,37.178398,0]]},{"type":"LineString","coordinates":[[-3.610975,37.178396,0],[-3.610974,37.178395,0],[-3.610971,37.178396,0],[-3.61097,37.178395,0],[-3.610969,37.178395,0],[-3.610971,37.178398,0],[-3.610972,37.178398,0],[-3.610972,37.178397,0],[-3.610975,37.178396,0]]},{"type":"LineString","coordinates":[[-3.610971,37.17839,0],[-3.610971,37.178389,0],[-3.610969,37.178389,0],[-3.61097,37.178387,0],[-3.610969,37.178386,0],[-3.610968,37.178388,0],[-3.610965,37.178388,0],[-3.610966,37.178389,0],[-3.610967,37.178389,0],[-3.610966,37.17839,0],[-3.610967,37.178391,0],[-3.610968,37.17839,0],[-3.610971,37.17839,0]]},{"type":"LineString","coordinates":[[-3.610969,37.178386,0],[-3.610968,37.178385,0],[-3.610964,37.178386,0],[-3.610965,37.178387,0],[-3.610969,37.178386,0]]},{"type":"LineString","coordinates":[[-3.610973,37.178393,0],[-3.610972,37.178393,0],[-3.610971,37.178391,0],[-3.610972,37.178391,0],[-3.610971,37.17839,0],[-3.610968,37.178393,0],[-3.610969,37.178394,0],[-3.610974,37.178394,0],[-3.610973,37.178393,0]]},{"type":"LineString","coordinates":[[-3.610971,37.178393,0],[-3.610969,37.178393,0],[-3.610971,37.178392,0],[-3.610971,37.178393,0]]}]},"properties":{"name":"Reserva Taxi","styleUrl":"#line-AAFF00-2000-nodesc","stroke-opacity":1,"stroke":"#aaff00","stroke-width":2}},{"type":"Feature","geometry":{"type":"GeometryCollection","geometries":[{"type":"LineString","coordinates":[[-3.612884,37.181945,0],[-3.612881,37.181944,0],[-3.612829,37.181857,0],[-3.61283,37.181854,0],[-3.612834,37.181855,0],[-3.612886,37.181942,0],[-3.612884,37.181945,0]]},{"type":"LineString","coordinates":[[-3.612884,37.181945,0],[-3.612881,37.181944,0],[-3.612829,37.181857,0],[-3.61283,37.181854,0],[-3.612834,37.181855,0],[-3.612886,37.181942,0],[-3.612884,37.181945,0]]},{"type":"LineString","coordinates":[[-3.612884,37.181943,0],[-3.612882,37.181944,0],[-3.61283,37.181856,0],[-3.612832,37.181855,0],[-3.612884,37.181943,0]]},{"type":"LineString","coordinates":[[-3.612884,37.181943,0],[-3.612882,37.181944,0],[-3.61283,37.181856,0],[-3.612832,37.181855,0],[-3.612884,37.181943,0]]},{"type":"LineString","coordinates":[[-3.612867,37.181906,0],[-3.612865,37.181907,0],[-3.612864,37.181906,0],[-3.612866,37.181905,0],[-3.612858,37.181891,0],[-3.612855,37.181892,0],[-3.612854,37.18189,0],[-3.612857,37.181889,0],[-3.612851,37.181889,0],[-3.612847,37.181893,0],[-3.61285,37.181892,0],[-3.612851,37.181893,0],[-3.612848,37.181895,0],[-3.612856,37.181908,0],[-3.612859,37.181907,0],[-3.61286,37.181909,0],[-3.612857,37.18191,0],[-3.612864,37.18191,0],[-3.612867,37.181906,0]]},{"type":"LineString","coordinates":[[-3.612862,37.181904,0],[-3.612862,37.181903,0],[-3.612858,37.181904,0],[-3.612858,37.181903,0],[-3.612857,37.181903,0],[-3.612859,37.181907,0],[-3.61286,37.181906,0],[-3.612859,37.181905,0],[-3.612862,37.181904,0]]},{"type":"LineString","coordinates":[[-3.612859,37.181898,0],[-3.612858,37.181897,0],[-3.612856,37.181897,0],[-3.612857,37.181896,0],[-3.612857,37.181894,0],[-3.612855,37.181896,0],[-3.612852,37.181896,0],[-3.612853,37.181897,0],[-3.612855,37.181897,0],[-3.612854,37.181899,0],[-3.612854,37.1819,0],[-3.612856,37.181898,0],[-3.612859,37.181898,0]]},{"type":"LineString","coordinates":[[-3.612856,37.181894,0],[-3.612856,37.181893,0],[-3.612851,37.181895,0],[-3.612852,37.181896,0],[-3.612856,37.181894,0]]},{"type":"LineString","coordinates":[[-3.61286,37.181901,0],[-3.612859,37.1819,0],[-3.61286,37.181899,0],[-3.612859,37.181898,0],[-3.612855,37.181901,0],[-3.612856,37.181902,0],[-3.612861,37.181902,0],[-3.61286,37.181901,0]]},{"type":"LineString","coordinates":[[-3.612859,37.181901,0],[-3.612857,37.181901,0],[-3.612858,37.1819,0],[-3.612859,37.181901,0]]}]},"properties":{"name":"Reserva Taxi","styleUrl":"#line-AAFF00-2000-nodesc","stroke-opacity":1,"stroke":"#aaff00","stroke-width":2}},{"type":"Feature","geometry":{"type":"GeometryCollection","geometries":[{"type":"LineString","coordinates":[[-3.603844,37.178613,0],[-3.603843,37.17861,0],[-3.603982,37.178451,0],[-3.603998,37.178439,0],[-3.604002,37.17844,0],[-3.604002,37.178443,0],[-3.603986,37.178454,0],[-3.603848,37.178613,0],[-3.603844,37.178613,0]]},{"type":"LineString","coordinates":[[-3.603844,37.178613,0],[-3.603843,37.17861,0],[-3.603982,37.178451,0],[-3.603998,37.178439,0],[-3.604002,37.17844,0],[-3.604002,37.178443,0],[-3.603986,37.178454,0],[-3.603848,37.178613,0],[-3.603844,37.178613,0]]},{"type":"LineString","coordinates":[[-3.603847,37.178612,0],[-3.603844,37.178611,0],[-3.603983,37.178452,0],[-3.603999,37.17844,0],[-3.604001,37.178442,0],[-3.603985,37.178453,0],[-3.603847,37.178612,0]]},{"type":"LineString","coordinates":[[-3.603847,37.178612,0],[-3.603844,37.178611,0],[-3.603983,37.178452,0],[-3.603999,37.17844,0],[-3.604001,37.178442,0],[-3.603985,37.178453,0],[-3.603847,37.178612,0]]},{"type":"LineString","coordinates":[[-3.603919,37.178535,0],[-3.603916,37.178534,0],[-3.603917,37.178532,0],[-3.60392,37.178534,0],[-3.603931,37.178521,0],[-3.603929,37.17852,0],[-3.60393,37.178518,0],[-3.603932,37.17852,0],[-3.60393,37.178515,0],[-3.603923,37.178514,0],[-3.603926,37.178516,0],[-3.603924,37.178517,0],[-3.603922,37.178516,0],[-3.603911,37.178528,0],[-3.603913,37.17853,0],[-3.603912,37.178531,0],[-3.603909,37.17853,0],[-3.603912,37.178535,0],[-3.603919,37.178535,0]]},{"type":"LineString","coordinates":[[-3.603919,37.178531,0],[-3.603919,37.17853,0],[-3.603917,37.178528,0],[-3.603917,37.178527,0],[-3.603916,37.178526,0],[-3.603914,37.178529,0],[-3.603915,37.17853,0],[-3.603916,37.178529,0],[-3.603919,37.178531,0]]},{"type":"LineString","coordinates":[[-3.603923,37.178525,0],[-3.603924,37.178524,0],[-3.603923,37.178523,0],[-3.603925,37.178523,0],[-3.603926,37.178522,0],[-3.603923,37.178522,0],[-3.603922,37.17852,0],[-3.603921,37.178521,0],[-3.603922,37.178522,0],[-3.60392,37.178522,0],[-3.603919,37.178523,0],[-3.603922,37.178523,0],[-3.603923,37.178525,0]]},{"type":"LineString","coordinates":[[-3.603927,37.178522,0],[-3.603927,37.178521,0],[-3.603923,37.178518,0],[-3.603923,37.178519,0],[-3.603927,37.178522,0]]},{"type":"LineString","coordinates":[[-3.603921,37.178528,0],[-3.603921,37.178527,0],[-3.603922,37.178526,0],[-3.603923,37.178525,0],[-3.603918,37.178524,0],[-3.603917,37.178525,0],[-3.60392,37.178529,0],[-3.603921,37.178528,0]]},{"type":"LineString","coordinates":[[-3.60392,37.178527,0],[-3.603919,37.178525,0],[-3.603921,37.178526,0],[-3.60392,37.178527,0]]}]},"properties":{"name":"Reserva Taxi","styleUrl":"#line-AAFF00-2000-nodesc","stroke-opacity":1,"stroke":"#aaff00","stroke-width":2}},{"type":"Feature","geometry":{"type":"GeometryCollection","geometries":[{"type":"LineString","coordinates":[[-3.591832,37.182892,0],[-3.591836,37.18289,0],[-3.591837,37.18289,0],[-3.591872,37.182922,0],[-3.591871,37.182925,0],[-3.591867,37.182925,0],[-3.591834,37.182894,0],[-3.591835,37.182895,0],[-3.591832,37.182892,0]]},{"type":"LineString","coordinates":[[-3.591832,37.182892,0],[-3.591836,37.18289,0],[-3.591837,37.18289,0],[-3.591872,37.182922,0],[-3.591871,37.182925,0],[-3.591867,37.182925,0],[-3.591834,37.182894,0],[-3.591835,37.182895,0],[-3.591832,37.182892,0]]},{"type":"LineString","coordinates":[[-3.591835,37.182893,0],[-3.591835,37.182891,0],[-3.591836,37.182891,0],[-3.591871,37.182923,0],[-3.591869,37.182924,0],[-3.591835,37.182893,0]]},{"type":"LineString","coordinates":[[-3.591835,37.182893,0],[-3.591835,37.182891,0],[-3.591836,37.182891,0],[-3.591871,37.182923,0],[-3.591869,37.182924,0],[-3.591835,37.182893,0]]},{"type":"LineString","coordinates":[[-3.59184,37.182904,0],[-3.591842,37.182902,0],[-3.591844,37.182904,0],[-3.591842,37.182905,0],[-3.591855,37.182917,0],[-3.591857,37.182915,0],[-3.591858,37.182916,0],[-3.591856,37.182918,0],[-3.591862,37.182917,0],[-3.591865,37.182912,0],[-3.591862,37.182914,0],[-3.591861,37.182912,0],[-3.591863,37.182911,0],[-3.59185,37.182899,0],[-3.591848,37.182901,0],[-3.591846,37.182899,0],[-3.591849,37.182898,0],[-3.591842,37.182899,0],[-3.59184,37.182904,0]]},{"type":"LineString","coordinates":[[-3.591846,37.182905,0],[-3.591847,37.182906,0],[-3.59185,37.182904,0],[-3.591851,37.182905,0],[-3.591851,37.182904,0],[-3.591848,37.182901,0],[-3.591848,37.182902,0],[-3.591849,37.182903,0],[-3.591846,37.182905,0]]},{"type":"LineString","coordinates":[[-3.591851,37.18291,0],[-3.591852,37.182911,0],[-3.591854,37.18291,0],[-3.591854,37.182912,0],[-3.591855,37.182913,0],[-3.591855,37.18291,0],[-3.591858,37.18291,0],[-3.591857,37.182909,0],[-3.591855,37.182909,0],[-3.591856,37.182908,0],[-3.591855,37.182907,0],[-3.591854,37.182909,0],[-3.591851,37.18291,0]]},{"type":"LineString","coordinates":[[-3.591855,37.182913,0],[-3.591856,37.182914,0],[-3.59186,37.182911,0],[-3.591859,37.182911,0],[-3.591855,37.182913,0]]},{"type":"LineString","coordinates":[[-3.591849,37.182907,0],[-3.591851,37.182908,0],[-3.59185,37.182909,0],[-3.591851,37.18291,0],[-3.591854,37.182906,0],[-3.591852,37.182905,0],[-3.591848,37.182906,0],[-3.591849,37.182907,0]]},{"type":"LineString","coordinates":[[-3.59185,37.182907,0],[-3.591852,37.182906,0],[-3.591851,37.182907,0],[-3.59185,37.182907,0]]}]},"properties":{"name":"Reserva Taxi","styleUrl":"#line-AAFF00-2000-nodesc","stroke-opacity":1,"stroke":"#aaff00","stroke-width":2}},{"type":"Feature","geometry":{"type":"GeometryCollection","geometries":[{"type":"LineString","coordinates":[[-3.603631,37.186455,0],[-3.603629,37.186457,0],[-3.603459,37.186506,0],[-3.603456,37.186505,0],[-3.603458,37.186502,0],[-3.603627,37.186453,0],[-3.603631,37.186455,0]]},{"type":"LineString","coordinates":[[-3.603631,37.186455,0],[-3.603629,37.186457,0],[-3.603459,37.186506,0],[-3.603456,37.186505,0],[-3.603458,37.186502,0],[-3.603627,37.186453,0],[-3.603631,37.186455,0]]},{"type":"LineString","coordinates":[[-3.603627,37.186454,0],[-3.603628,37.186456,0],[-3.603459,37.186505,0],[-3.603458,37.186503,0],[-3.603627,37.186454,0]]},{"type":"LineString","coordinates":[[-3.603627,37.186454,0],[-3.603628,37.186456,0],[-3.603459,37.186505,0],[-3.603458,37.186503,0],[-3.603627,37.186454,0]]},{"type":"LineString","coordinates":[[-3.603553,37.186472,0],[-3.603554,37.186474,0],[-3.603551,37.186475,0],[-3.60355,37.186473,0],[-3.603532,37.186478,0],[-3.603533,37.18648,0],[-3.603531,37.186481,0],[-3.60353,37.186479,0],[-3.603529,37.186484,0],[-3.603534,37.186487,0],[-3.603533,37.186485,0],[-3.603535,37.186484,0],[-3.603536,37.186486,0],[-3.603554,37.186481,0],[-3.603553,37.186479,0],[-3.603555,37.186478,0],[-3.603556,37.186481,0],[-3.603558,37.186475,0],[-3.603553,37.186472,0]]},{"type":"LineString","coordinates":[[-3.603549,37.186476,0],[-3.603548,37.186476,0],[-3.603549,37.186479,0],[-3.603548,37.186479,0],[-3.603548,37.18648,0],[-3.603552,37.186479,0],[-3.603552,37.186478,0],[-3.60355,37.186479,0],[-3.603549,37.186476,0]]},{"type":"LineString","coordinates":[[-3.603542,37.186478,0],[-3.60354,37.186479,0],[-3.60354,37.18648,0],[-3.603538,37.186479,0],[-3.603537,37.186479,0],[-3.603539,37.186481,0],[-3.603539,37.186483,0],[-3.60354,37.186483,0],[-3.60354,37.186481,0],[-3.603542,37.186482,0],[-3.603543,37.186482,0],[-3.603541,37.18648,0],[-3.603542,37.186478,0]]},{"type":"LineString","coordinates":[[-3.603536,37.18648,0],[-3.603535,37.18648,0],[-3.603537,37.186484,0],[-3.603538,37.186483,0],[-3.603536,37.18648,0]]},{"type":"LineString","coordinates":[[-3.603545,37.186477,0],[-3.603545,37.186478,0],[-3.603544,37.186478,0],[-3.603543,37.186478,0],[-3.603542,37.186478,0],[-3.603545,37.186481,0],[-3.603547,37.186481,0],[-3.603547,37.186477,0],[-3.603545,37.186477,0]]},{"type":"LineString","coordinates":[[-3.603545,37.186479,0],[-3.603545,37.18648,0],[-3.603544,37.186479,0],[-3.603545,37.186479,0]]}]},"properties":{"name":"Reserva Taxi","styleUrl":"#line-AAFF00-2000-nodesc","stroke-opacity":1,"stroke":"#aaff00","stroke-width":2}},{"type":"Feature","geometry":{"type":"GeometryCollection","geometries":[{"type":"LineString","coordinates":[[-3.609345,37.197471,0],[-3.609347,37.197468,0],[-3.609723,37.19736,0],[-3.609727,37.197361,0],[-3.609725,37.197364,0],[-3.609349,37.197472,0],[-3.609345,37.197471,0]]},{"type":"LineString","coordinates":[[-3.609345,37.197471,0],[-3.609347,37.197468,0],[-3.609723,37.19736,0],[-3.609727,37.197361,0],[-3.609725,37.197364,0],[-3.609349,37.197472,0],[-3.609345,37.197471,0]]},{"type":"LineString","coordinates":[[-3.609348,37.197471,0],[-3.609347,37.197469,0],[-3.609724,37.197361,0],[-3.609725,37.197363,0],[-3.609348,37.197471,0]]},{"type":"LineString","coordinates":[[-3.609348,37.197471,0],[-3.609347,37.197469,0],[-3.609724,37.197361,0],[-3.609725,37.197363,0],[-3.609348,37.197471,0]]},{"type":"LineString","coordinates":[[-3.609545,37.197409,0],[-3.609546,37.197411,0],[-3.609544,37.197412,0],[-3.609543,37.197409,0],[-3.609525,37.197415,0],[-3.609526,37.197417,0],[-3.609524,37.197418,0],[-3.609523,37.197415,0],[-3.609522,37.19742,0],[-3.609527,37.197424,0],[-3.609526,37.197421,0],[-3.609528,37.197421,0],[-3.609529,37.197423,0],[-3.609547,37.197418,0],[-3.609546,37.197416,0],[-3.609548,37.197415,0],[-3.609549,37.197417,0],[-3.60955,37.197412,0],[-3.609545,37.197409,0]]},{"type":"LineString","coordinates":[[-3.609542,37.197413,0],[-3.609541,37.197413,0],[-3.609542,37.197416,0],[-3.60954,37.197416,0],[-3.609541,37.197417,0],[-3.609545,37.197416,0],[-3.609545,37.197415,0],[-3.609543,37.197415,0],[-3.609542,37.197413,0]]},{"type":"LineString","coordinates":[[-3.609534,37.197415,0],[-3.609533,37.197415,0],[-3.609532,37.197417,0],[-3.609531,37.197416,0],[-3.609529,37.197416,0],[-3.609532,37.197418,0],[-3.609531,37.19742,0],[-3.609533,37.197419,0],[-3.609533,37.197418,0],[-3.609534,37.197419,0],[-3.609536,37.197418,0],[-3.609534,37.197417,0],[-3.609534,37.197415,0]]},{"type":"LineString","coordinates":[[-3.609529,37.197416,0],[-3.609528,37.197417,0],[-3.609529,37.19742,0],[-3.609531,37.19742,0],[-3.609529,37.197416,0]]},{"type":"LineString","coordinates":[[-3.609538,37.197414,0],[-3.609536,37.197415,0],[-3.609536,37.197414,0],[-3.609534,37.197415,0],[-3.609538,37.197418,0],[-3.609539,37.197417,0],[-3.609539,37.197413,0],[-3.609538,37.197414,0]]},{"type":"LineString","coordinates":[[-3.609538,37.197415,0],[-3.609538,37.197417,0],[-3.609537,37.197416,0],[-3.609538,37.197415,0]]}]},"properties":{"name":"Reserva Taxi","styleUrl":"#line-AAFF00-2000-nodesc","stroke-opacity":1,"stroke":"#aaff00","stroke-width":2}},{"type":"Feature","geometry":{"type":"GeometryCollection","geometries":[{"type":"LineString","coordinates":[[-3.609716,37.189029,0],[-3.609712,37.18903,0],[-3.609251,37.188842,0],[-3.609249,37.188839,0],[-3.609253,37.188838,0],[-3.609715,37.189026,0],[-3.609716,37.189029,0]]},{"type":"LineString","coordinates":[[-3.609716,37.189029,0],[-3.609712,37.18903,0],[-3.609251,37.188842,0],[-3.609249,37.188839,0],[-3.609253,37.188838,0],[-3.609715,37.189026,0],[-3.609716,37.189029,0]]},{"type":"LineString","coordinates":[[-3.609714,37.189027,0],[-3.609713,37.189029,0],[-3.609251,37.188841,0],[-3.609253,37.188839,0],[-3.609714,37.189027,0]]},{"type":"LineString","coordinates":[[-3.609714,37.189027,0],[-3.609713,37.189029,0],[-3.609251,37.188841,0],[-3.609253,37.188839,0],[-3.609714,37.189027,0]]},{"type":"LineString","coordinates":[[-3.609496,37.188934,0],[-3.609495,37.188936,0],[-3.609493,37.188935,0],[-3.609494,37.188933,0],[-3.609477,37.188926,0],[-3.609475,37.188928,0],[-3.609473,37.188927,0],[-3.609475,37.188925,0],[-3.609469,37.188928,0],[-3.60947,37.188933,0],[-3.609471,37.188931,0],[-3.609473,37.188932,0],[-3.609472,37.188934,0],[-3.609489,37.188941,0],[-3.60949,37.188939,0],[-3.609492,37.18894,0],[-3.609491,37.188942,0],[-3.609496,37.188939,0],[-3.609496,37.188934,0]]},{"type":"LineString","coordinates":[[-3.60949,37.188935,0],[-3.609489,37.188934,0],[-3.609487,37.188937,0],[-3.609486,37.188936,0],[-3.609485,37.188937,0],[-3.609489,37.188939,0],[-3.60949,37.188938,0],[-3.609489,37.188937,0],[-3.60949,37.188935,0]]},{"type":"LineString","coordinates":[[-3.609483,37.188932,0],[-3.609482,37.188931,0],[-3.60948,37.188932,0],[-3.60948,37.18893,0],[-3.609479,37.18893,0],[-3.609479,37.188932,0],[-3.609476,37.188933,0],[-3.609478,37.188934,0],[-3.609479,37.188933,0],[-3.609479,37.188934,0],[-3.609481,37.188935,0],[-3.609481,37.188933,0],[-3.609483,37.188932,0]]},{"type":"LineString","coordinates":[[-3.609478,37.18893,0],[-3.609477,37.188929,0],[-3.609474,37.188932,0],[-3.609476,37.188933,0],[-3.609478,37.18893,0]]},{"type":"LineString","coordinates":[[-3.609487,37.188933,0],[-3.609486,37.188934,0],[-3.609484,37.188933,0],[-3.609485,37.188932,0],[-3.609483,37.188932,0],[-3.609483,37.188936,0],[-3.609484,37.188936,0],[-3.609488,37.188934,0],[-3.609487,37.188933,0]]},{"type":"LineString","coordinates":[[-3.609485,37.188934,0],[-3.609484,37.188935,0],[-3.609484,37.188934,0],[-3.609485,37.188934,0]]}]},"properties":{"name":"Reserva Taxi","styleUrl":"#line-AAFF00-2000-nodesc","stroke-opacity":1,"stroke":"#aaff00","stroke-width":2}},{"type":"Feature","geometry":{"type":"GeometryCollection","geometries":[{"type":"LineString","coordinates":[[-3.624563,37.191546,0],[-3.624564,37.191549,0],[-3.624327,37.191963,0],[-3.624324,37.191964,0],[-3.624322,37.191961,0],[-3.624559,37.191547,0],[-3.624563,37.191546,0]]},{"type":"LineString","coordinates":[[-3.624563,37.191546,0],[-3.624564,37.191549,0],[-3.624327,37.191963,0],[-3.624324,37.191964,0],[-3.624322,37.191961,0],[-3.624559,37.191547,0],[-3.624563,37.191546,0]]},{"type":"LineString","coordinates":[[-3.62456,37.191548,0],[-3.624563,37.191548,0],[-3.624326,37.191963,0],[-3.624323,37.191962,0],[-3.62456,37.191548,0]]},{"type":"LineString","coordinates":[[-3.62456,37.191548,0],[-3.624563,37.191548,0],[-3.624326,37.191963,0],[-3.624323,37.191962,0],[-3.62456,37.191548,0]]},{"type":"LineString","coordinates":[[-3.624443,37.191744,0],[-3.624446,37.191745,0],[-3.624445,37.191747,0],[-3.624442,37.191746,0],[-3.624434,37.19176,0],[-3.624437,37.191761,0],[-3.624436,37.191763,0],[-3.624433,37.191762,0],[-3.624437,37.191766,0],[-3.624443,37.191766,0],[-3.62444,37.191765,0],[-3.624441,37.191763,0],[-3.624444,37.191764,0],[-3.624452,37.19175,0],[-3.624449,37.191749,0],[-3.62445,37.191747,0],[-3.624453,37.191748,0],[-3.624449,37.191744,0],[-3.624443,37.191744,0]]},{"type":"LineString","coordinates":[[-3.624444,37.191749,0],[-3.624443,37.19175,0],[-3.624447,37.191751,0],[-3.624446,37.191752,0],[-3.624447,37.191753,0],[-3.624449,37.19175,0],[-3.624448,37.191749,0],[-3.624447,37.19175,0],[-3.624444,37.191749,0]]},{"type":"LineString","coordinates":[[-3.624441,37.191755,0],[-3.62444,37.191756,0],[-3.624441,37.191757,0],[-3.624439,37.191757,0],[-3.624438,37.191759,0],[-3.624441,37.191758,0],[-3.624443,37.19176,0],[-3.624444,37.191759,0],[-3.624443,37.191758,0],[-3.624444,37.191758,0],[-3.624445,37.191757,0],[-3.624442,37.191757,0],[-3.624441,37.191755,0]]},{"type":"LineString","coordinates":[[-3.624438,37.191759,0],[-3.624438,37.19176,0],[-3.624442,37.191762,0],[-3.624443,37.191761,0],[-3.624438,37.191759,0]]},{"type":"LineString","coordinates":[[-3.624442,37.191752,0],[-3.624443,37.191753,0],[-3.624442,37.191754,0],[-3.624441,37.191754,0],[-3.624441,37.191755,0],[-3.624446,37.191755,0],[-3.624446,37.191754,0],[-3.624443,37.191751,0],[-3.624442,37.191752,0]]},{"type":"LineString","coordinates":[[-3.624444,37.191753,0],[-3.624445,37.191754,0],[-3.624443,37.191754,0],[-3.624444,37.191753,0]]}]},"properties":{"name":"Reserva Taxi","styleUrl":"#line-AAFF00-2000-nodesc","stroke-opacity":1,"stroke":"#aaff00","stroke-width":2}},{"type":"Feature","geometry":{"type":"GeometryCollection","geometries":[{"type":"LineString","coordinates":[[-3.604726,37.188295,0],[-3.604729,37.188296,0],[-3.604825,37.188444,0],[-3.604895,37.18854,0],[-3.605004,37.188686,0],[-3.605003,37.188689,0],[-3.604999,37.188689,0],[-3.60489,37.188543,0],[-3.60482,37.188446,0],[-3.604724,37.188298,0],[-3.604726,37.188295,0]]},{"type":"LineString","coordinates":[[-3.604726,37.188295,0],[-3.604729,37.188296,0],[-3.604825,37.188444,0],[-3.604895,37.18854,0],[-3.605004,37.188686,0],[-3.605003,37.188689,0],[-3.604999,37.188689,0],[-3.60489,37.188543,0],[-3.60482,37.188446,0],[-3.604724,37.188298,0],[-3.604726,37.188295,0]]},{"type":"LineString","coordinates":[[-3.604726,37.188298,0],[-3.604728,37.188297,0],[-3.604823,37.188445,0],[-3.604894,37.188541,0],[-3.605003,37.188687,0],[-3.605,37.188688,0],[-3.604891,37.188542,0],[-3.604821,37.188446,0],[-3.604726,37.188298,0]]},{"type":"LineString","coordinates":[[-3.604726,37.188298,0],[-3.604728,37.188297,0],[-3.604823,37.188445,0],[-3.604894,37.188541,0],[-3.605003,37.188687,0],[-3.605,37.188688,0],[-3.604891,37.188542,0],[-3.604821,37.188446,0],[-3.604726,37.188298,0]]},{"type":"LineString","coordinates":[[-3.604847,37.188489,0],[-3.60485,37.188488,0],[-3.604851,37.188489,0],[-3.604849,37.188491,0],[-3.604858,37.188504,0],[-3.604861,37.188503,0],[-3.604862,37.188504,0],[-3.60486,37.188506,0],[-3.604866,37.188505,0],[-3.604869,37.188501,0],[-3.604867,37.188502,0],[-3.604865,37.188501,0],[-3.604868,37.188499,0],[-3.604858,37.188486,0],[-3.604856,37.188487,0],[-3.604855,37.188486,0],[-3.604857,37.188484,0],[-3.604851,37.188484,0],[-3.604847,37.188489,0]]},{"type":"LineString","coordinates":[[-3.604853,37.188491,0],[-3.604854,37.188492,0],[-3.604857,37.18849,0],[-3.604857,37.188491,0],[-3.604858,37.188491,0],[-3.604856,37.188488,0],[-3.604855,37.188488,0],[-3.604856,37.188489,0],[-3.604853,37.188491,0]]},{"type":"LineString","coordinates":[[-3.604857,37.188496,0],[-3.604858,37.188498,0],[-3.604859,37.188498,0],[-3.604859,37.188499,0],[-3.604859,37.1885,0],[-3.604861,37.188498,0],[-3.604864,37.188498,0],[-3.604863,37.188497,0],[-3.604861,37.188497,0],[-3.604862,37.188496,0],[-3.604861,37.188495,0],[-3.60486,37.188497,0],[-3.604857,37.188496,0]]},{"type":"LineString","coordinates":[[-3.60486,37.1885,0],[-3.60486,37.188501,0],[-3.604865,37.188499,0],[-3.604864,37.188498,0],[-3.60486,37.1885,0]]},{"type":"LineString","coordinates":[[-3.604855,37.188494,0],[-3.604856,37.188494,0],[-3.604857,37.188495,0],[-3.604856,37.188495,0],[-3.604857,37.188496,0],[-3.60486,37.188493,0],[-3.604859,37.188492,0],[-3.604854,37.188493,0],[-3.604855,37.188494,0]]},{"type":"LineString","coordinates":[[-3.604857,37.188493,0],[-3.604859,37.188493,0],[-3.604857,37.188494,0],[-3.604857,37.188493,0]]}]},"properties":{"name":"Reserva Taxi","styleUrl":"#line-AAFF00-2000-nodesc","stroke-opacity":1,"stroke":"#aaff00","stroke-width":2}},{"type":"Feature","geometry":{"type":"GeometryCollection","geometries":[{"type":"LineString","coordinates":[[-3.607949,37.192642,0],[-3.607946,37.192641,0],[-3.607866,37.192339,0],[-3.607868,37.192336,0],[-3.607872,37.192338,0],[-3.607951,37.19264,0],[-3.607949,37.192642,0]]},{"type":"LineString","coordinates":[[-3.607949,37.192642,0],[-3.607946,37.192641,0],[-3.607866,37.192339,0],[-3.607868,37.192336,0],[-3.607872,37.192338,0],[-3.607951,37.19264,0],[-3.607949,37.192642,0]]},{"type":"LineString","coordinates":[[-3.60795,37.19264,0],[-3.607947,37.192641,0],[-3.607868,37.192338,0],[-3.60787,37.192338,0],[-3.60795,37.19264,0]]},{"type":"LineString","coordinates":[[-3.60795,37.19264,0],[-3.607947,37.192641,0],[-3.607868,37.192338,0],[-3.60787,37.192338,0],[-3.60795,37.19264,0]]},{"type":"LineString","coordinates":[[-3.607917,37.192498,0],[-3.607914,37.192498,0],[-3.607913,37.192496,0],[-3.607916,37.192496,0],[-3.607912,37.192481,0],[-3.607909,37.192481,0],[-3.607909,37.192479,0],[-3.607912,37.192479,0],[-3.607906,37.192477,0],[-3.607901,37.192481,0],[-3.607904,37.19248,0],[-3.607904,37.192482,0],[-3.607901,37.192482,0],[-3.607905,37.192498,0],[-3.607908,37.192497,0],[-3.607909,37.192499,0],[-3.607906,37.192499,0],[-3.607912,37.192501,0],[-3.607917,37.192498,0]]},{"type":"LineString","coordinates":[[-3.607912,37.192494,0],[-3.607912,37.192493,0],[-3.607909,37.192494,0],[-3.607908,37.192493,0],[-3.607907,37.192493,0],[-3.607908,37.192496,0],[-3.607909,37.192496,0],[-3.607909,37.192495,0],[-3.607912,37.192494,0]]},{"type":"LineString","coordinates":[[-3.607911,37.192488,0],[-3.60791,37.192487,0],[-3.607909,37.192486,0],[-3.60791,37.192485,0],[-3.60791,37.192484,0],[-3.607908,37.192486,0],[-3.607905,37.192485,0],[-3.607905,37.192486,0],[-3.607907,37.192487,0],[-3.607906,37.192487,0],[-3.607906,37.192489,0],[-3.607908,37.192487,0],[-3.607911,37.192488,0]]},{"type":"LineString","coordinates":[[-3.60791,37.192484,0],[-3.607909,37.192482,0],[-3.607905,37.192483,0],[-3.607905,37.192484,0],[-3.60791,37.192484,0]]},{"type":"LineString","coordinates":[[-3.607912,37.192491,0],[-3.607911,37.192491,0],[-3.60791,37.19249,0],[-3.607911,37.192489,0],[-3.607911,37.192488,0],[-3.607906,37.19249,0],[-3.607907,37.192492,0],[-3.607912,37.192492,0],[-3.607912,37.192491,0]]},{"type":"LineString","coordinates":[[-3.60791,37.192491,0],[-3.607908,37.192491,0],[-3.607909,37.19249,0],[-3.60791,37.192491,0]]}]},"properties":{"name":"Reserva Taxi","styleUrl":"#line-AAFF00-2000-nodesc","stroke-opacity":1,"stroke":"#aaff00","stroke-width":2}},{"type":"Feature","geometry":{"type":"GeometryCollection","geometries":[{"type":"LineString","coordinates":[[-3.600214,37.197859,0],[-3.60022,37.197869,0],[-3.600192,37.197942,0],[-3.60018,37.197947,0],[-3.600174,37.197937,0],[-3.600202,37.197864,0],[-3.600214,37.197859,0]]},{"type":"LineString","coordinates":[[-3.600214,37.197859,0],[-3.60022,37.197869,0],[-3.600192,37.197942,0],[-3.60018,37.197947,0],[-3.600174,37.197937,0],[-3.600202,37.197864,0],[-3.600214,37.197859,0]]},{"type":"LineString","coordinates":[[-3.600206,37.197865,0],[-3.600217,37.197868,0],[-3.600188,37.197941,0],[-3.600177,37.197938,0],[-3.600206,37.197865,0]]},{"type":"LineString","coordinates":[[-3.600206,37.197865,0],[-3.600217,37.197868,0],[-3.600188,37.197941,0],[-3.600177,37.197938,0],[-3.600206,37.197865,0]]},{"type":"LineString","coordinates":[[-3.600195,37.197892,0],[-3.600198,37.197893,0],[-3.600197,37.197895,0],[-3.600194,37.197894,0],[-3.600189,37.197909,0],[-3.600192,37.19791,0],[-3.600191,37.197911,0],[-3.600188,37.197911,0],[-3.600192,37.197914,0],[-3.600199,37.197913,0],[-3.600196,37.197913,0],[-3.600197,37.197911,0],[-3.600199,37.197912,0],[-3.600205,37.197897,0],[-3.600202,37.197896,0],[-3.600203,37.197894,0],[-3.600206,37.197895,0],[-3.600201,37.197891,0],[-3.600195,37.197892,0]]},{"type":"LineString","coordinates":[[-3.600197,37.197897,0],[-3.600196,37.197898,0],[-3.6002,37.197899,0],[-3.600199,37.1979,0],[-3.600201,37.1979,0],[-3.600202,37.197897,0],[-3.600201,37.197897,0],[-3.6002,37.197898,0],[-3.600197,37.197897,0]]},{"type":"LineString","coordinates":[[-3.600195,37.197903,0],[-3.600194,37.197904,0],[-3.600195,37.197905,0],[-3.600193,37.197906,0],[-3.600193,37.197907,0],[-3.600196,37.197906,0],[-3.600198,37.197908,0],[-3.600198,37.197907,0],[-3.600197,37.197906,0],[-3.600199,37.197905,0],[-3.600199,37.197904,0],[-3.600196,37.197905,0],[-3.600195,37.197903,0]]},{"type":"LineString","coordinates":[[-3.600193,37.197907,0],[-3.600192,37.197909,0],[-3.600197,37.19791,0],[-3.600197,37.197909,0],[-3.600193,37.197907,0]]},{"type":"LineString","coordinates":[[-3.600196,37.1979,0],[-3.600196,37.197902,0],[-3.600195,37.197902,0],[-3.600195,37.197903,0],[-3.6002,37.197903,0],[-3.6002,37.197901,0],[-3.600196,37.197899,0],[-3.600196,37.1979,0]]},{"type":"LineString","coordinates":[[-3.600197,37.197901,0],[-3.600199,37.197902,0],[-3.600197,37.197902,0],[-3.600197,37.197901,0]]}]},"properties":{"name":"Reserva Taxi","styleUrl":"#line-AAFF00-2000-nodesc","stroke-opacity":1,"stroke":"#aaff00","stroke-width":2}},{"type":"Feature","geometry":{"type":"GeometryCollection","geometries":[{"type":"LineString","coordinates":[[-3.597875,37.190705,0],[-3.597875,37.190708,0],[-3.597736,37.190842,0],[-3.597732,37.190842,0],[-3.597732,37.190839,0],[-3.597871,37.190706,0],[-3.597875,37.190705,0]]},{"type":"LineString","coordinates":[[-3.597875,37.190705,0],[-3.597875,37.190708,0],[-3.597736,37.190842,0],[-3.597732,37.190842,0],[-3.597732,37.190839,0],[-3.597871,37.190706,0],[-3.597875,37.190705,0]]},{"type":"LineString","coordinates":[[-3.597872,37.190706,0],[-3.597874,37.190708,0],[-3.597735,37.190841,0],[-3.597733,37.19084,0],[-3.597872,37.190706,0]]},{"type":"LineString","coordinates":[[-3.597872,37.190706,0],[-3.597874,37.190708,0],[-3.597735,37.190841,0],[-3.597733,37.19084,0],[-3.597872,37.190706,0]]},{"type":"LineString","coordinates":[[-3.597807,37.190764,0],[-3.597809,37.190765,0],[-3.597808,37.190767,0],[-3.597805,37.190765,0],[-3.597793,37.190777,0],[-3.597795,37.190779,0],[-3.597794,37.19078,0],[-3.597791,37.190779,0],[-3.597794,37.190783,0],[-3.5978,37.190784,0],[-3.597798,37.190783,0],[-3.597799,37.190781,0],[-3.597802,37.190783,0],[-3.597814,37.190771,0],[-3.597812,37.190769,0],[-3.597813,37.190768,0],[-3.597816,37.19077,0],[-3.597813,37.190765,0],[-3.597807,37.190764,0]]},{"type":"LineString","coordinates":[[-3.597806,37.190768,0],[-3.597805,37.190769,0],[-3.597808,37.190771,0],[-3.597807,37.190772,0],[-3.597808,37.190773,0],[-3.597811,37.19077,0],[-3.59781,37.190769,0],[-3.597809,37.19077,0],[-3.597806,37.190768,0]]},{"type":"LineString","coordinates":[[-3.597801,37.190773,0],[-3.5978,37.190774,0],[-3.597801,37.190776,0],[-3.597799,37.190776,0],[-3.597798,37.190777,0],[-3.597801,37.190777,0],[-3.597802,37.190779,0],[-3.597803,37.190778,0],[-3.597802,37.190777,0],[-3.597804,37.190777,0],[-3.597805,37.190776,0],[-3.597802,37.190776,0],[-3.597801,37.190773,0]]},{"type":"LineString","coordinates":[[-3.597798,37.190777,0],[-3.597797,37.190778,0],[-3.5978,37.19078,0],[-3.597801,37.190779,0],[-3.597798,37.190777,0]]},{"type":"LineString","coordinates":[[-3.597804,37.190771,0],[-3.597804,37.190772,0],[-3.597803,37.190773,0],[-3.597802,37.190772,0],[-3.597801,37.190773,0],[-3.597806,37.190775,0],[-3.597807,37.190774,0],[-3.597805,37.19077,0],[-3.597804,37.190771,0]]},{"type":"LineString","coordinates":[[-3.597805,37.190772,0],[-3.597806,37.190774,0],[-3.597804,37.190773,0],[-3.597805,37.190772,0]]}]},"properties":{"name":"Reserva Taxi","styleUrl":"#line-AAFF00-2000-nodesc","stroke-opacity":1,"stroke":"#aaff00","stroke-width":2}},{"type":"Feature","geometry":{"type":"GeometryCollection","geometries":[{"type":"LineString","coordinates":[[-3.604031,37.205344,0],[-3.604042,37.205351,0],[-3.604052,37.205419,0],[-3.604043,37.205427,0],[-3.604033,37.20542,0],[-3.604023,37.205353,0],[-3.604031,37.205344,0]]},{"type":"LineString","coordinates":[[-3.604031,37.205344,0],[-3.604042,37.205351,0],[-3.604052,37.205419,0],[-3.604043,37.205427,0],[-3.604033,37.20542,0],[-3.604023,37.205353,0],[-3.604031,37.205344,0]]},{"type":"LineString","coordinates":[[-3.604027,37.205352,0],[-3.604038,37.205351,0],[-3.604048,37.205419,0],[-3.604037,37.20542,0],[-3.604027,37.205352,0]]},{"type":"LineString","coordinates":[[-3.604027,37.205352,0],[-3.604038,37.205351,0],[-3.604048,37.205419,0],[-3.604037,37.20542,0],[-3.604027,37.205352,0]]},{"type":"LineString","coordinates":[[-3.60403,37.205377,0],[-3.604033,37.205376,0],[-3.604034,37.205378,0],[-3.604031,37.205379,0],[-3.604033,37.205394,0],[-3.604036,37.205394,0],[-3.604036,37.205395,0],[-3.604033,37.205396,0],[-3.604039,37.205398,0],[-3.604044,37.205395,0],[-3.604041,37.205395,0],[-3.604041,37.205393,0],[-3.604044,37.205393,0],[-3.604042,37.205377,0],[-3.604039,37.205378,0],[-3.604038,37.205376,0],[-3.604042,37.205376,0],[-3.604036,37.205374,0],[-3.60403,37.205377,0]]},{"type":"LineString","coordinates":[[-3.604034,37.20538,0],[-3.604034,37.205381,0],[-3.604038,37.205381,0],[-3.604038,37.205382,0],[-3.604039,37.205382,0],[-3.604039,37.205378,0],[-3.604038,37.205379,0],[-3.604038,37.20538,0],[-3.604034,37.20538,0]]},{"type":"LineString","coordinates":[[-3.604035,37.205387,0],[-3.604035,37.205388,0],[-3.604037,37.205388,0],[-3.604036,37.205389,0],[-3.604036,37.205391,0],[-3.604038,37.205389,0],[-3.60404,37.20539,0],[-3.60404,37.205389,0],[-3.604039,37.205388,0],[-3.60404,37.205387,0],[-3.60404,37.205386,0],[-3.604038,37.205388,0],[-3.604035,37.205387,0]]},{"type":"LineString","coordinates":[[-3.604036,37.205391,0],[-3.604036,37.205392,0],[-3.604041,37.205392,0],[-3.604041,37.205391,0],[-3.604036,37.205391,0]]},{"type":"LineString","coordinates":[[-3.604035,37.205384,0],[-3.604036,37.205385,0],[-3.604035,37.205385,0],[-3.604035,37.205387,0],[-3.60404,37.205385,0],[-3.604039,37.205383,0],[-3.604034,37.205382,0],[-3.604035,37.205384,0]]},{"type":"LineString","coordinates":[[-3.604037,37.205384,0],[-3.604038,37.205384,0],[-3.604037,37.205385,0],[-3.604037,37.205384,0]]}]},"properties":{"name":"Reserva Taxi","styleUrl":"#line-AAFF00-2000-nodesc","stroke-opacity":1,"stroke":"#aaff00","stroke-width":2}},{"type":"Feature","geometry":{"type":"GeometryCollection","geometries":[{"type":"LineString","coordinates":[[-3.602323,37.182808,0],[-3.602323,37.182811,0],[-3.602306,37.182822,0],[-3.60228,37.18283,0],[-3.602225,37.182832,0],[-3.602181,37.182838,0],[-3.602166,37.182843,0],[-3.602149,37.182846,0],[-3.602133,37.182852,0],[-3.60213,37.182851,0],[-3.602131,37.182848,0],[-3.602147,37.182842,0],[-3.602165,37.182839,0],[-3.60218,37.182834,0],[-3.602225,37.182827,0],[-3.602279,37.182825,0],[-3.602303,37.182818,0],[-3.602319,37.182808,0],[-3.602323,37.182808,0]]},{"type":"LineString","coordinates":[[-3.602323,37.182808,0],[-3.602323,37.182811,0],[-3.602306,37.182822,0],[-3.60228,37.18283,0],[-3.602225,37.182832,0],[-3.602181,37.182838,0],[-3.602166,37.182843,0],[-3.602149,37.182846,0],[-3.602133,37.182852,0],[-3.60213,37.182851,0],[-3.602131,37.182848,0],[-3.602147,37.182842,0],[-3.602165,37.182839,0],[-3.60218,37.182834,0],[-3.602225,37.182827,0],[-3.602279,37.182825,0],[-3.602303,37.182818,0],[-3.602319,37.182808,0],[-3.602323,37.182808,0]]},{"type":"LineString","coordinates":[[-3.60232,37.182809,0],[-3.602322,37.182811,0],[-3.602305,37.182821,0],[-3.60228,37.182829,0],[-3.602225,37.182831,0],[-3.602181,37.182837,0],[-3.602166,37.182842,0],[-3.602149,37.182845,0],[-3.602133,37.182851,0],[-3.602132,37.182849,0],[-3.602148,37.182843,0],[-3.602165,37.18284,0],[-3.60218,37.182835,0],[-3.602225,37.182829,0],[-3.60228,37.182826,0],[-3.602304,37.182819,0],[-3.60232,37.182809,0]]},{"type":"LineString","coordinates":[[-3.60232,37.182809,0],[-3.602322,37.182811,0],[-3.602305,37.182821,0],[-3.60228,37.182829,0],[-3.602225,37.182831,0],[-3.602181,37.182837,0],[-3.602166,37.182842,0],[-3.602149,37.182845,0],[-3.602133,37.182851,0],[-3.602132,37.182849,0],[-3.602148,37.182843,0],[-3.602165,37.18284,0],[-3.60218,37.182835,0],[-3.602225,37.182829,0],[-3.60228,37.182826,0],[-3.602304,37.182819,0],[-3.60232,37.182809,0]]},{"type":"LineString","coordinates":[[-3.602239,37.182825,0],[-3.60224,37.182827,0],[-3.602237,37.182827,0],[-3.602237,37.182825,0],[-3.602218,37.182825,0],[-3.602218,37.182828,0],[-3.602216,37.182828,0],[-3.602215,37.182825,0],[-3.602213,37.18283,0],[-3.602216,37.182835,0],[-3.602216,37.182832,0],[-3.602218,37.182832,0],[-3.602218,37.182834,0],[-3.602238,37.182834,0],[-3.602237,37.182831,0],[-3.60224,37.182831,0],[-3.60224,37.182834,0],[-3.602243,37.182829,0],[-3.602239,37.182825,0]]},{"type":"LineString","coordinates":[[-3.602235,37.182827,0],[-3.602233,37.182828,0],[-3.602233,37.18283,0],[-3.602232,37.18283,0],[-3.602232,37.182831,0],[-3.602236,37.182831,0],[-3.602236,37.18283,0],[-3.602235,37.18283,0],[-3.602235,37.182827,0]]},{"type":"LineString","coordinates":[[-3.602227,37.182828,0],[-3.602225,37.182828,0],[-3.602224,37.182829,0],[-3.602223,37.182828,0],[-3.602222,37.182828,0],[-3.602223,37.18283,0],[-3.602222,37.182832,0],[-3.602223,37.182832,0],[-3.602224,37.182831,0],[-3.602225,37.182832,0],[-3.602227,37.182832,0],[-3.602225,37.18283,0],[-3.602227,37.182828,0]]},{"type":"LineString","coordinates":[[-3.602221,37.182828,0],[-3.602219,37.182828,0],[-3.60222,37.182832,0],[-3.602221,37.182832,0],[-3.602221,37.182828,0]]},{"type":"LineString","coordinates":[[-3.60223,37.182828,0],[-3.602229,37.182828,0],[-3.602228,37.182828,0],[-3.602227,37.182828,0],[-3.602229,37.182832,0],[-3.60223,37.182831,0],[-3.602232,37.182828,0],[-3.60223,37.182828,0]]},{"type":"LineString","coordinates":[[-3.60223,37.182829,0],[-3.60223,37.182831,0],[-3.602229,37.182829,0],[-3.60223,37.182829,0]]}]},"properties":{"name":"Reserva Taxi","styleUrl":"#line-AAFF00-2000-nodesc","stroke-opacity":1,"stroke":"#aaff00","stroke-width":2}},{"type":"Feature","geometry":{"type":"GeometryCollection","geometries":[{"type":"LineString","coordinates":[[-3.603966,37.171052,0],[-3.603962,37.171052,0],[-3.603606,37.170816,0],[-3.603606,37.170813,0],[-3.60361,37.170813,0],[-3.603965,37.171049,0],[-3.603966,37.171052,0]]},{"type":"LineString","coordinates":[[-3.603966,37.171052,0],[-3.603962,37.171052,0],[-3.603606,37.170816,0],[-3.603606,37.170813,0],[-3.60361,37.170813,0],[-3.603965,37.171049,0],[-3.603966,37.171052,0]]},{"type":"LineString","coordinates":[[-3.603965,37.171049,0],[-3.603963,37.171051,0],[-3.603607,37.170816,0],[-3.603609,37.170814,0],[-3.603965,37.171049,0]]},{"type":"LineString","coordinates":[[-3.603965,37.171049,0],[-3.603963,37.171051,0],[-3.603607,37.170816,0],[-3.603609,37.170814,0],[-3.603965,37.171049,0]]},{"type":"LineString","coordinates":[[-3.603799,37.170935,0],[-3.603797,37.170937,0],[-3.603795,37.170936,0],[-3.603797,37.170934,0],[-3.603782,37.170924,0],[-3.60378,37.170926,0],[-3.603778,37.170925,0],[-3.60378,37.170923,0],[-3.603774,37.170925,0],[-3.603773,37.17093,0],[-3.603775,37.170928,0],[-3.603777,37.170929,0],[-3.603775,37.170931,0],[-3.60379,37.170941,0],[-3.603792,37.170939,0],[-3.603794,37.17094,0],[-3.603792,37.170942,0],[-3.603798,37.17094,0],[-3.603799,37.170935,0]]},{"type":"LineString","coordinates":[[-3.603793,37.170935,0],[-3.603792,37.170934,0],[-3.603789,37.170936,0],[-3.603788,37.170935,0],[-3.603788,37.170936,0],[-3.603791,37.170938,0],[-3.603792,37.170938,0],[-3.603791,37.170937,0],[-3.603793,37.170935,0]]},{"type":"LineString","coordinates":[[-3.603787,37.170931,0],[-3.603786,37.17093,0],[-3.603784,37.17093,0],[-3.603784,37.170929,0],[-3.603783,37.170928,0],[-3.603782,37.17093,0],[-3.60378,37.170931,0],[-3.603781,37.170932,0],[-3.603783,37.170931,0],[-3.603782,37.170933,0],[-3.603784,37.170934,0],[-3.603784,37.170931,0],[-3.603787,37.170931,0]]},{"type":"LineString","coordinates":[[-3.603782,37.170928,0],[-3.603781,37.170927,0],[-3.603778,37.17093,0],[-3.603779,37.170931,0],[-3.603782,37.170928,0]]},{"type":"LineString","coordinates":[[-3.60379,37.170933,0],[-3.603789,37.170933,0],[-3.603788,37.170932,0],[-3.603788,37.170931,0],[-3.603787,37.170931,0],[-3.603785,37.170935,0],[-3.603786,37.170935,0],[-3.603791,37.170933,0],[-3.60379,37.170933,0]]},{"type":"LineString","coordinates":[[-3.603788,37.170933,0],[-3.603787,37.170934,0],[-3.603787,37.170933,0],[-3.603788,37.170933,0]]}]},"properties":{"name":"Reserva Taxi","styleUrl":"#line-AAFF00-2000-nodesc","stroke-opacity":1,"stroke":"#aaff00","stroke-width":2}},{"type":"Feature","geometry":{"type":"GeometryCollection","geometries":[{"type":"LineString","coordinates":[[-3.591886,37.153063,0],[-3.591888,37.153066,0],[-3.59187,37.153104,0],[-3.591861,37.153138,0],[-3.591853,37.153173,0],[-3.591849,37.153202,0],[-3.591849,37.153223,0],[-3.591846,37.153225,0],[-3.591843,37.153223,0],[-3.591843,37.153202,0],[-3.591847,37.153172,0],[-3.591855,37.153137,0],[-3.591864,37.153102,0],[-3.591883,37.153064,0],[-3.591886,37.153063,0]]},{"type":"LineString","coordinates":[[-3.591886,37.153063,0],[-3.591888,37.153066,0],[-3.59187,37.153104,0],[-3.591861,37.153138,0],[-3.591853,37.153173,0],[-3.591849,37.153202,0],[-3.591849,37.153223,0],[-3.591846,37.153225,0],[-3.591843,37.153223,0],[-3.591843,37.153202,0],[-3.591847,37.153172,0],[-3.591855,37.153137,0],[-3.591864,37.153102,0],[-3.591883,37.153064,0],[-3.591886,37.153063,0]]},{"type":"LineString","coordinates":[[-3.591884,37.153065,0],[-3.591887,37.153066,0],[-3.591868,37.153103,0],[-3.59186,37.153138,0],[-3.591852,37.153173,0],[-3.591847,37.153202,0],[-3.591847,37.153223,0],[-3.591845,37.153223,0],[-3.591844,37.153202,0],[-3.591849,37.153172,0],[-3.591857,37.153138,0],[-3.591866,37.153103,0],[-3.591884,37.153065,0]]},{"type":"LineString","coordinates":[[-3.591884,37.153065,0],[-3.591887,37.153066,0],[-3.591868,37.153103,0],[-3.59186,37.153138,0],[-3.591852,37.153173,0],[-3.591847,37.153202,0],[-3.591847,37.153223,0],[-3.591845,37.153223,0],[-3.591844,37.153202,0],[-3.591849,37.153172,0],[-3.591857,37.153138,0],[-3.591866,37.153103,0],[-3.591884,37.153065,0]]},{"type":"LineString","coordinates":[[-3.591854,37.153132,0],[-3.591857,37.153133,0],[-3.591856,37.153135,0],[-3.591853,37.153134,0],[-3.59185,37.153149,0],[-3.591853,37.15315,0],[-3.591852,37.153152,0],[-3.591849,37.153151,0],[-3.591854,37.153155,0],[-3.59186,37.153153,0],[-3.591857,37.153152,0],[-3.591858,37.153151,0],[-3.591861,37.153151,0],[-3.591864,37.153136,0],[-3.591861,37.153135,0],[-3.591862,37.153134,0],[-3.591865,37.153134,0],[-3.59186,37.153131,0],[-3.591854,37.153132,0]]},{"type":"LineString","coordinates":[[-3.591856,37.153137,0],[-3.591856,37.153138,0],[-3.591859,37.153138,0],[-3.591859,37.153139,0],[-3.59186,37.15314,0],[-3.591861,37.153136,0],[-3.59186,37.153136,0],[-3.59186,37.153137,0],[-3.591856,37.153137,0]]},{"type":"LineString","coordinates":[[-3.591855,37.153143,0],[-3.591854,37.153144,0],[-3.591856,37.153145,0],[-3.591854,37.153146,0],[-3.591854,37.153147,0],[-3.591856,37.153146,0],[-3.591858,37.153148,0],[-3.591859,37.153146,0],[-3.591857,37.153145,0],[-3.591859,37.153145,0],[-3.591859,37.153144,0],[-3.591857,37.153145,0],[-3.591855,37.153143,0]]},{"type":"LineString","coordinates":[[-3.591854,37.153147,0],[-3.591853,37.153149,0],[-3.591858,37.153149,0],[-3.591858,37.153148,0],[-3.591854,37.153147,0]]},{"type":"LineString","coordinates":[[-3.591855,37.15314,0],[-3.591856,37.15314,0],[-3.591856,37.153142,0],[-3.591855,37.153142,0],[-3.591855,37.153143,0],[-3.59186,37.153142,0],[-3.59186,37.153141,0],[-3.591856,37.153139,0],[-3.591855,37.15314,0]]},{"type":"LineString","coordinates":[[-3.591857,37.153141,0],[-3.591859,37.153141,0],[-3.591857,37.153141,0]]}]},"properties":{"name":"Reserva Taxi","styleUrl":"#line-AAFF00-2000-nodesc","stroke-opacity":1,"stroke":"#aaff00","stroke-width":2}},{"type":"Feature","geometry":{"type":"GeometryCollection","geometries":[{"type":"LineString","coordinates":[[-3.608357,37.160064,0],[-3.608358,37.160067,0],[-3.608326,37.160104,0],[-3.608322,37.160104,0],[-3.608322,37.160101,0],[-3.608353,37.160065,0],[-3.608357,37.160064,0]]},{"type":"LineString","coordinates":[[-3.608357,37.160064,0],[-3.608358,37.160067,0],[-3.608326,37.160104,0],[-3.608322,37.160104,0],[-3.608322,37.160101,0],[-3.608353,37.160065,0],[-3.608357,37.160064,0]]},{"type":"LineString","coordinates":[[-3.608354,37.160065,0],[-3.608357,37.160067,0],[-3.608325,37.160103,0],[-3.608323,37.160102,0],[-3.608354,37.160065,0]]},{"type":"LineString","coordinates":[[-3.608354,37.160065,0],[-3.608357,37.160067,0],[-3.608325,37.160103,0],[-3.608323,37.160102,0],[-3.608354,37.160065,0]]},{"type":"LineString","coordinates":[[-3.608342,37.160074,0],[-3.608344,37.160075,0],[-3.608343,37.160077,0],[-3.608341,37.160075,0],[-3.60833,37.160088,0],[-3.608332,37.160089,0],[-3.608331,37.160091,0],[-3.608328,37.16009,0],[-3.608331,37.160094,0],[-3.608338,37.160095,0],[-3.608335,37.160093,0],[-3.608336,37.160092,0],[-3.608339,37.160093,0],[-3.60835,37.160081,0],[-3.608347,37.160079,0],[-3.608349,37.160078,0],[-3.608351,37.160079,0],[-3.608348,37.160074,0],[-3.608342,37.160074,0]]},{"type":"LineString","coordinates":[[-3.608342,37.160079,0],[-3.608341,37.16008,0],[-3.608344,37.160081,0],[-3.608343,37.160082,0],[-3.608344,37.160083,0],[-3.608347,37.16008,0],[-3.608346,37.160079,0],[-3.608345,37.16008,0],[-3.608342,37.160079,0]]},{"type":"LineString","coordinates":[[-3.608337,37.160084,0],[-3.608336,37.160085,0],[-3.608337,37.160086,0],[-3.608335,37.160086,0],[-3.608334,37.160087,0],[-3.608337,37.160087,0],[-3.608338,37.160089,0],[-3.608339,37.160088,0],[-3.608339,37.160087,0],[-3.60834,37.160087,0],[-3.608341,37.160086,0],[-3.608339,37.160086,0],[-3.608337,37.160084,0]]},{"type":"LineString","coordinates":[[-3.608334,37.160088,0],[-3.608333,37.160089,0],[-3.608337,37.160091,0],[-3.608338,37.16009,0],[-3.608334,37.160088,0]]},{"type":"LineString","coordinates":[[-3.60834,37.160081,0],[-3.60834,37.160082,0],[-3.608339,37.160083,0],[-3.608338,37.160083,0],[-3.608337,37.160084,0],[-3.608342,37.160085,0],[-3.608343,37.160084,0],[-3.60834,37.16008,0],[-3.60834,37.160081,0]]},{"type":"LineString","coordinates":[[-3.608341,37.160083,0],[-3.608342,37.160084,0],[-3.60834,37.160083,0],[-3.608341,37.160083,0]]}]},"properties":{"name":"Reserva Taxi","styleUrl":"#line-AAFF00-2000-nodesc","stroke-opacity":1,"stroke":"#aaff00","stroke-width":2}},{"type":"Feature","geometry":{"type":"GeometryCollection","geometries":[{"type":"LineString","coordinates":[[-3.60829,37.160141,0],[-3.60829,37.160144,0],[-3.608228,37.160215,0],[-3.608224,37.160215,0],[-3.608224,37.160212,0],[-3.608286,37.160142,0],[-3.60829,37.160141,0]]},{"type":"LineString","coordinates":[[-3.60829,37.160141,0],[-3.60829,37.160144,0],[-3.608228,37.160215,0],[-3.608224,37.160215,0],[-3.608224,37.160212,0],[-3.608286,37.160142,0],[-3.60829,37.160141,0]]},{"type":"LineString","coordinates":[[-3.608287,37.160142,0],[-3.608289,37.160144,0],[-3.608227,37.160214,0],[-3.608225,37.160213,0],[-3.608287,37.160142,0]]},{"type":"LineString","coordinates":[[-3.608287,37.160142,0],[-3.608289,37.160144,0],[-3.608227,37.160214,0],[-3.608225,37.160213,0],[-3.608287,37.160142,0]]},{"type":"LineString","coordinates":[[-3.608259,37.160168,0],[-3.608262,37.160169,0],[-3.608261,37.160171,0],[-3.608258,37.160169,0],[-3.608247,37.160182,0],[-3.608249,37.160183,0],[-3.608248,37.160185,0],[-3.608246,37.160183,0],[-3.608248,37.160188,0],[-3.608255,37.160189,0],[-3.608252,37.160187,0],[-3.608254,37.160186,0],[-3.608256,37.160187,0],[-3.608267,37.160174,0],[-3.608265,37.160173,0],[-3.608266,37.160171,0],[-3.608269,37.160173,0],[-3.608266,37.160168,0],[-3.608259,37.160168,0]]},{"type":"LineString","coordinates":[[-3.608259,37.160172,0],[-3.608258,37.160173,0],[-3.608261,37.160175,0],[-3.608261,37.160176,0],[-3.608262,37.160177,0],[-3.608264,37.160174,0],[-3.608263,37.160173,0],[-3.608262,37.160174,0],[-3.608259,37.160172,0]]},{"type":"LineString","coordinates":[[-3.608255,37.160178,0],[-3.608254,37.160179,0],[-3.608254,37.16018,0],[-3.608253,37.16018,0],[-3.608252,37.160181,0],[-3.608255,37.160181,0],[-3.608256,37.160183,0],[-3.608257,37.160182,0],[-3.608256,37.160181,0],[-3.608258,37.160181,0],[-3.608259,37.16018,0],[-3.608256,37.16018,0],[-3.608255,37.160178,0]]},{"type":"LineString","coordinates":[[-3.608251,37.160181,0],[-3.608251,37.160182,0],[-3.608254,37.160185,0],[-3.608255,37.160184,0],[-3.608251,37.160181,0]]},{"type":"LineString","coordinates":[[-3.608257,37.160175,0],[-3.608257,37.160176,0],[-3.608256,37.160177,0],[-3.608255,37.160178,0],[-3.60826,37.160179,0],[-3.608261,37.160178,0],[-3.608258,37.160174,0],[-3.608257,37.160175,0]]},{"type":"LineString","coordinates":[[-3.608258,37.160176,0],[-3.608259,37.160178,0],[-3.608257,37.160177,0],[-3.608258,37.160176,0]]}]},"properties":{"name":"Reserva Taxi","styleUrl":"#line-AAFF00-2000-nodesc","stroke-opacity":1,"stroke":"#aaff00","stroke-width":2}},{"type":"Feature","geometry":{"type":"GeometryCollection","geometries":[{"type":"LineString","coordinates":[[-3.597923,37.170411,0],[-3.597919,37.17041,0],[-3.597834,37.170286,0],[-3.597792,37.170247,0],[-3.597793,37.170244,0],[-3.597797,37.170244,0],[-3.597838,37.170283,0],[-3.597924,37.170408,0],[-3.597923,37.170411,0]]},{"type":"LineString","coordinates":[[-3.597923,37.170411,0],[-3.597919,37.17041,0],[-3.597834,37.170286,0],[-3.597792,37.170247,0],[-3.597793,37.170244,0],[-3.597797,37.170244,0],[-3.597838,37.170283,0],[-3.597924,37.170408,0],[-3.597923,37.170411,0]]},{"type":"LineString","coordinates":[[-3.597923,37.170408,0],[-3.59792,37.170409,0],[-3.597835,37.170285,0],[-3.597793,37.170247,0],[-3.597796,37.170245,0],[-3.597837,37.170284,0],[-3.597923,37.170408,0]]},{"type":"LineString","coordinates":[[-3.597923,37.170408,0],[-3.59792,37.170409,0],[-3.597835,37.170285,0],[-3.597793,37.170247,0],[-3.597796,37.170245,0],[-3.597837,37.170284,0],[-3.597923,37.170408,0]]},{"type":"LineString","coordinates":[[-3.597874,37.170331,0],[-3.597872,37.170332,0],[-3.59787,37.17033,0],[-3.597873,37.170329,0],[-3.597864,37.170316,0],[-3.597861,37.170317,0],[-3.59786,37.170315,0],[-3.597863,37.170314,0],[-3.597856,37.170314,0],[-3.597853,37.170318,0],[-3.597855,37.170317,0],[-3.597857,37.170319,0],[-3.597854,37.17032,0],[-3.597863,37.170334,0],[-3.597866,37.170332,0],[-3.597867,37.170334,0],[-3.597864,37.170335,0],[-3.597871,37.170335,0],[-3.597874,37.170331,0]]},{"type":"LineString","coordinates":[[-3.597869,37.170329,0],[-3.597868,37.170328,0],[-3.597865,37.170329,0],[-3.597864,37.170328,0],[-3.597863,37.170329,0],[-3.597865,37.170332,0],[-3.597867,37.170331,0],[-3.597866,37.17033,0],[-3.597869,37.170329,0]]},{"type":"LineString","coordinates":[[-3.597865,37.170323,0],[-3.597864,37.170322,0],[-3.597862,37.170322,0],[-3.597863,37.170321,0],[-3.597863,37.170319,0],[-3.597861,37.170322,0],[-3.597858,37.170321,0],[-3.597859,37.170323,0],[-3.597861,37.170323,0],[-3.59786,37.170324,0],[-3.597861,37.170325,0],[-3.597862,37.170323,0],[-3.597865,37.170323,0]]},{"type":"LineString","coordinates":[[-3.597862,37.170319,0],[-3.597862,37.170318,0],[-3.597857,37.17032,0],[-3.597858,37.170321,0],[-3.597862,37.170319,0]]},{"type":"LineString","coordinates":[[-3.597867,37.170326,0],[-3.597866,37.170326,0],[-3.597865,37.170325,0],[-3.597866,37.170324,0],[-3.597865,37.170323,0],[-3.597862,37.170326,0],[-3.597863,37.170327,0],[-3.597868,37.170327,0],[-3.597867,37.170326,0]]},{"type":"LineString","coordinates":[[-3.597865,37.170326,0],[-3.597863,37.170326,0],[-3.597864,37.170325,0],[-3.597865,37.170326,0]]}]},"properties":{"name":"Reserva Taxi","styleUrl":"#line-AAFF00-2000-nodesc","stroke-opacity":1,"stroke":"#aaff00","stroke-width":2}},{"type":"Feature","geometry":{"type":"GeometryCollection","geometries":[{"type":"LineString","coordinates":[[-3.609515,37.177925,0],[-3.609511,37.177924,0],[-3.609388,37.177725,0],[-3.609389,37.177722,0],[-3.609393,37.177723,0],[-3.609516,37.177922,0],[-3.609515,37.177925,0]]},{"type":"LineString","coordinates":[[-3.609515,37.177925,0],[-3.609511,37.177924,0],[-3.609388,37.177725,0],[-3.609389,37.177722,0],[-3.609393,37.177723,0],[-3.609516,37.177922,0],[-3.609515,37.177925,0]]},{"type":"LineString","coordinates":[[-3.609515,37.177922,0],[-3.609513,37.177923,0],[-3.609389,37.177724,0],[-3.609392,37.177723,0],[-3.609515,37.177922,0]]},{"type":"LineString","coordinates":[[-3.609515,37.177922,0],[-3.609513,37.177923,0],[-3.609389,37.177724,0],[-3.609392,37.177723,0],[-3.609515,37.177922,0]]},{"type":"LineString","coordinates":[[-3.609462,37.17783,0],[-3.60946,37.177831,0],[-3.609459,37.177829,0],[-3.609461,37.177828,0],[-3.609453,37.177814,0],[-3.60945,37.177815,0],[-3.609449,37.177814,0],[-3.609452,37.177813,0],[-3.609445,37.177812,0],[-3.609442,37.177817,0],[-3.609444,37.177816,0],[-3.609446,37.177817,0],[-3.609443,37.177818,0],[-3.609451,37.177832,0],[-3.609454,37.177831,0],[-3.609455,37.177833,0],[-3.609452,37.177834,0],[-3.609459,37.177834,0],[-3.609462,37.17783,0]]},{"type":"LineString","coordinates":[[-3.609457,37.177828,0],[-3.609457,37.177827,0],[-3.609453,37.177828,0],[-3.609453,37.177827,0],[-3.609452,37.177827,0],[-3.609454,37.17783,0],[-3.609455,37.17783,0],[-3.609454,37.177829,0],[-3.609457,37.177828,0]]},{"type":"LineString","coordinates":[[-3.609454,37.177822,0],[-3.609453,37.177821,0],[-3.609451,37.177821,0],[-3.609452,37.177819,0],[-3.609451,37.177818,0],[-3.60945,37.17782,0],[-3.609447,37.17782,0],[-3.609448,37.177821,0],[-3.60945,37.177821,0],[-3.609449,37.177822,0],[-3.609449,37.177823,0],[-3.609451,37.177822,0],[-3.609454,37.177822,0]]},{"type":"LineString","coordinates":[[-3.609451,37.177818,0],[-3.609451,37.177817,0],[-3.609446,37.177818,0],[-3.609447,37.177819,0],[-3.609451,37.177818,0]]},{"type":"LineString","coordinates":[[-3.609455,37.177825,0],[-3.609454,37.177823,0],[-3.609454,37.177822,0],[-3.60945,37.177825,0],[-3.609451,37.177826,0],[-3.609456,37.177826,0],[-3.609455,37.177825,0]]},{"type":"LineString","coordinates":[[-3.609454,37.177825,0],[-3.609452,37.177825,0],[-3.609453,37.177824,0],[-3.609454,37.177825,0]]}]},"properties":{"name":"Reserva Taxi","styleUrl":"#line-AAFF00-2000-nodesc","stroke-opacity":1,"stroke":"#aaff00","stroke-width":2}},{"type":"Feature","geometry":{"type":"GeometryCollection","geometries":[{"type":"LineString","coordinates":[[-3.607452,37.169032,0],[-3.607452,37.169035,0],[-3.60722,37.169243,0],[-3.607216,37.169243,0],[-3.607216,37.16924,0],[-3.607448,37.169032,0],[-3.607452,37.169032,0]]},{"type":"LineString","coordinates":[[-3.607452,37.169032,0],[-3.607452,37.169035,0],[-3.60722,37.169243,0],[-3.607216,37.169243,0],[-3.607216,37.16924,0],[-3.607448,37.169032,0],[-3.607452,37.169032,0]]},{"type":"LineString","coordinates":[[-3.607449,37.169033,0],[-3.607451,37.169034,0],[-3.607219,37.169242,0],[-3.607217,37.16924,0],[-3.607449,37.169033,0]]},{"type":"LineString","coordinates":[[-3.607449,37.169033,0],[-3.607451,37.169034,0],[-3.607219,37.169242,0],[-3.607217,37.16924,0],[-3.607449,37.169033,0]]},{"type":"LineString","coordinates":[[-3.607337,37.169128,0],[-3.60734,37.169129,0],[-3.607338,37.169131,0],[-3.607336,37.169129,0],[-3.607323,37.169141,0],[-3.607325,37.169142,0],[-3.607324,37.169144,0],[-3.607322,37.169142,0],[-3.607324,37.169147,0],[-3.60733,37.169148,0],[-3.607328,37.169146,0],[-3.607329,37.169145,0],[-3.607332,37.169147,0],[-3.607344,37.169135,0],[-3.607342,37.169133,0],[-3.607344,37.169132,0],[-3.607346,37.169134,0],[-3.607344,37.169129,0],[-3.607337,37.169128,0]]},{"type":"LineString","coordinates":[[-3.607337,37.169132,0],[-3.607336,37.169133,0],[-3.607338,37.169135,0],[-3.607337,37.169136,0],[-3.607338,37.169137,0],[-3.607341,37.169134,0],[-3.60734,37.169133,0],[-3.607339,37.169134,0],[-3.607337,37.169132,0]]},{"type":"LineString","coordinates":[[-3.607331,37.169137,0],[-3.60733,37.169138,0],[-3.607331,37.169139,0],[-3.607329,37.169139,0],[-3.607328,37.16914,0],[-3.607331,37.16914,0],[-3.607332,37.169143,0],[-3.607333,37.169142,0],[-3.607332,37.16914,0],[-3.607334,37.169141,0],[-3.607335,37.16914,0],[-3.607332,37.169139,0],[-3.607331,37.169137,0]]},{"type":"LineString","coordinates":[[-3.607328,37.16914,0],[-3.607327,37.169141,0],[-3.60733,37.169144,0],[-3.607331,37.169143,0],[-3.607328,37.16914,0]]},{"type":"LineString","coordinates":[[-3.607334,37.169135,0],[-3.607333,37.169136,0],[-3.607332,37.169136,0],[-3.607331,37.169137,0],[-3.607336,37.169138,0],[-3.607337,37.169138,0],[-3.607335,37.169134,0],[-3.607334,37.169135,0]]},{"type":"LineString","coordinates":[[-3.607335,37.169136,0],[-3.607336,37.169137,0],[-3.607334,37.169137,0],[-3.607335,37.169136,0]]}]},"properties":{"name":"Reserva Taxi","styleUrl":"#line-AAFF00-2000-nodesc","stroke-opacity":1,"stroke":"#aaff00","stroke-width":2}},{"type":"Feature","geometry":{"type":"GeometryCollection","geometries":[{"type":"LineString","coordinates":[[-3.601951,37.163557,0],[-3.601947,37.163556,0],[-3.601884,37.163455,0],[-3.601885,37.163452,0],[-3.601889,37.163453,0],[-3.601952,37.163554,0],[-3.601951,37.163557,0]]},{"type":"LineString","coordinates":[[-3.601951,37.163557,0],[-3.601947,37.163556,0],[-3.601884,37.163455,0],[-3.601885,37.163452,0],[-3.601889,37.163453,0],[-3.601952,37.163554,0],[-3.601951,37.163557,0]]},{"type":"LineString","coordinates":[[-3.601951,37.163555,0],[-3.601948,37.163556,0],[-3.601885,37.163454,0],[-3.601888,37.163453,0],[-3.601951,37.163555,0]]},{"type":"LineString","coordinates":[[-3.601951,37.163555,0],[-3.601948,37.163556,0],[-3.601885,37.163454,0],[-3.601888,37.163453,0],[-3.601951,37.163555,0]]},{"type":"LineString","coordinates":[[-3.601929,37.163511,0],[-3.601926,37.163512,0],[-3.601925,37.16351,0],[-3.601928,37.163509,0],[-3.601919,37.163496,0],[-3.601916,37.163497,0],[-3.601915,37.163495,0],[-3.601918,37.163494,0],[-3.601911,37.163494,0],[-3.601908,37.163498,0],[-3.601911,37.163497,0],[-3.601912,37.163498,0],[-3.601909,37.1635,0],[-3.601917,37.163513,0],[-3.60192,37.163512,0],[-3.601921,37.163514,0],[-3.601918,37.163515,0],[-3.601925,37.163515,0],[-3.601929,37.163511,0]]},{"type":"LineString","coordinates":[[-3.601923,37.163509,0],[-3.601923,37.163508,0],[-3.601919,37.163509,0],[-3.601919,37.163508,0],[-3.601918,37.163508,0],[-3.60192,37.163512,0],[-3.601921,37.163511,0],[-3.60192,37.16351,0],[-3.601923,37.163509,0]]},{"type":"LineString","coordinates":[[-3.60192,37.163503,0],[-3.601919,37.163502,0],[-3.601917,37.163502,0],[-3.601918,37.163501,0],[-3.601918,37.163499,0],[-3.601916,37.163501,0],[-3.601913,37.163501,0],[-3.601914,37.163502,0],[-3.601916,37.163502,0],[-3.601915,37.163504,0],[-3.601915,37.163505,0],[-3.601917,37.163503,0],[-3.60192,37.163503,0]]},{"type":"LineString","coordinates":[[-3.601917,37.163499,0],[-3.601917,37.163498,0],[-3.601912,37.1635,0],[-3.601913,37.163501,0],[-3.601917,37.163499,0]]},{"type":"LineString","coordinates":[[-3.601922,37.163506,0],[-3.601921,37.163506,0],[-3.60192,37.163505,0],[-3.601921,37.163504,0],[-3.60192,37.163503,0],[-3.601916,37.163506,0],[-3.601917,37.163507,0],[-3.601922,37.163507,0],[-3.601922,37.163506,0]]},{"type":"LineString","coordinates":[[-3.60192,37.163506,0],[-3.601918,37.163506,0],[-3.601919,37.163505,0],[-3.60192,37.163506,0]]}]},"properties":{"name":"Reserva Taxi","styleUrl":"#line-AAFF00-2000-nodesc","stroke-opacity":1,"stroke":"#aaff00","stroke-width":2}},{"type":"Feature","geometry":{"type":"GeometryCollection","geometries":[{"type":"LineString","coordinates":[[-3.604042,37.166985,0],[-3.604038,37.166984,0],[-3.603986,37.1669,0],[-3.603987,37.166897,0],[-3.603991,37.166898,0],[-3.604043,37.166982,0],[-3.604042,37.166985,0]]},{"type":"LineString","coordinates":[[-3.604042,37.166985,0],[-3.604038,37.166984,0],[-3.603986,37.1669,0],[-3.603987,37.166897,0],[-3.603991,37.166898,0],[-3.604043,37.166982,0],[-3.604042,37.166985,0]]},{"type":"LineString","coordinates":[[-3.604042,37.166982,0],[-3.60404,37.166983,0],[-3.603987,37.1669,0],[-3.60399,37.166899,0],[-3.604042,37.166982,0]]},{"type":"LineString","coordinates":[[-3.604042,37.166982,0],[-3.60404,37.166983,0],[-3.603987,37.1669,0],[-3.60399,37.166899,0],[-3.604042,37.166982,0]]},{"type":"LineString","coordinates":[[-3.604025,37.166947,0],[-3.604022,37.166948,0],[-3.604021,37.166947,0],[-3.604024,37.166946,0],[-3.604015,37.166932,0],[-3.604013,37.166933,0],[-3.604012,37.166931,0],[-3.604014,37.16693,0],[-3.604008,37.16693,0],[-3.604004,37.166934,0],[-3.604007,37.166933,0],[-3.604008,37.166935,0],[-3.604005,37.166936,0],[-3.604014,37.16695,0],[-3.604017,37.166949,0],[-3.604018,37.16695,0],[-3.604015,37.166951,0],[-3.604022,37.166952,0],[-3.604025,37.166947,0]]},{"type":"LineString","coordinates":[[-3.60402,37.166945,0],[-3.604019,37.166944,0],[-3.604016,37.166945,0],[-3.604015,37.166944,0],[-3.604014,37.166945,0],[-3.604016,37.166948,0],[-3.604017,37.166948,0],[-3.604017,37.166946,0],[-3.60402,37.166945,0]]},{"type":"LineString","coordinates":[[-3.604016,37.166939,0],[-3.604016,37.166938,0],[-3.604014,37.166938,0],[-3.604015,37.166937,0],[-3.604014,37.166936,0],[-3.604013,37.166938,0],[-3.60401,37.166938,0],[-3.604011,37.166939,0],[-3.604012,37.166939,0],[-3.604011,37.16694,0],[-3.604012,37.166941,0],[-3.604013,37.166939,0],[-3.604016,37.166939,0]]},{"type":"LineString","coordinates":[[-3.604014,37.166935,0],[-3.604013,37.166934,0],[-3.604009,37.166936,0],[-3.604009,37.166937,0],[-3.604014,37.166935,0]]},{"type":"LineString","coordinates":[[-3.604018,37.166942,0],[-3.604017,37.166942,0],[-3.604016,37.166941,0],[-3.604017,37.166941,0],[-3.604016,37.166939,0],[-3.604013,37.166942,0],[-3.604014,37.166944,0],[-3.604019,37.166943,0],[-3.604018,37.166942,0]]},{"type":"LineString","coordinates":[[-3.604016,37.166942,0],[-3.604014,37.166943,0],[-3.604016,37.166942,0]]}]},"properties":{"name":"Reserva Taxi","styleUrl":"#line-AAFF00-2000-nodesc","stroke-opacity":1,"stroke":"#aaff00","stroke-width":2}},{"type":"Feature","geometry":{"type":"GeometryCollection","geometries":[{"type":"LineString","coordinates":[[-3.588269,37.179546,0],[-3.588265,37.179545,0],[-3.588226,37.179424,0],[-3.588228,37.179421,0],[-3.588231,37.179423,0],[-3.588271,37.179544,0],[-3.588269,37.179546,0]]},{"type":"LineString","coordinates":[[-3.588269,37.179546,0],[-3.588265,37.179545,0],[-3.588226,37.179424,0],[-3.588228,37.179421,0],[-3.588231,37.179423,0],[-3.588271,37.179544,0],[-3.588269,37.179546,0]]},{"type":"LineString","coordinates":[[-3.588269,37.179544,0],[-3.588267,37.179544,0],[-3.588227,37.179423,0],[-3.58823,37.179423,0],[-3.588269,37.179544,0]]},{"type":"LineString","coordinates":[[-3.588269,37.179544,0],[-3.588267,37.179544,0],[-3.588227,37.179423,0],[-3.58823,37.179423,0],[-3.588269,37.179544,0]]},{"type":"LineString","coordinates":[[-3.588257,37.179492,0],[-3.588254,37.179492,0],[-3.588253,37.179491,0],[-3.588256,37.17949,0],[-3.588251,37.179475,0],[-3.588248,37.179476,0],[-3.588248,37.179474,0],[-3.588251,37.179473,0],[-3.588244,37.179472,0],[-3.58824,37.179476,0],[-3.588243,37.179475,0],[-3.588243,37.179477,0],[-3.58824,37.179477,0],[-3.588245,37.179492,0],[-3.588248,37.179492,0],[-3.588249,37.179493,0],[-3.588246,37.179494,0],[-3.588252,37.179495,0],[-3.588257,37.179492,0]]},{"type":"LineString","coordinates":[[-3.588252,37.179489,0],[-3.588252,37.179488,0],[-3.588248,37.179488,0],[-3.588248,37.179487,0],[-3.588247,37.179487,0],[-3.588248,37.179491,0],[-3.588249,37.179491,0],[-3.588249,37.17949,0],[-3.588252,37.179489,0]]},{"type":"LineString","coordinates":[[-3.58825,37.179483,0],[-3.58825,37.179481,0],[-3.588248,37.179481,0],[-3.588249,37.17948,0],[-3.588249,37.179479,0],[-3.588247,37.17948,0],[-3.588244,37.17948,0],[-3.588245,37.179481,0],[-3.588246,37.179481,0],[-3.588245,37.179482,0],[-3.588246,37.179483,0],[-3.588247,37.179482,0],[-3.58825,37.179483,0]]},{"type":"LineString","coordinates":[[-3.588249,37.179478,0],[-3.588248,37.179477,0],[-3.588244,37.179478,0],[-3.588244,37.179479,0],[-3.588249,37.179478,0]]},{"type":"LineString","coordinates":[[-3.588251,37.179485,0],[-3.58825,37.179485,0],[-3.58825,37.179484,0],[-3.588251,37.179484,0],[-3.58825,37.179483,0],[-3.588246,37.179485,0],[-3.588246,37.179486,0],[-3.588252,37.179487,0],[-3.588251,37.179485,0]]},{"type":"LineString","coordinates":[[-3.588249,37.179485,0],[-3.588248,37.179485,0],[-3.588249,37.179485,0]]}]},"properties":{"name":"Reserva Taxi","styleUrl":"#line-AAFF00-2000-nodesc","stroke-opacity":1,"stroke":"#aaff00","stroke-width":2}},{"type":"Feature","geometry":{"type":"GeometryCollection","geometries":[{"type":"LineString","coordinates":[[-3.588121,37.179371,0],[-3.588118,37.179369,0],[-3.588118,37.179357,0],[-3.588121,37.179344,0],[-3.588127,37.179327,0],[-3.588139,37.179312,0],[-3.588142,37.179311,0],[-3.588146,37.179312,0],[-3.588144,37.179315,0],[-3.588143,37.179316,0],[-3.588132,37.179329,0],[-3.588126,37.179345,0],[-3.588124,37.179357,0],[-3.588124,37.179369,0],[-3.588121,37.179371,0]]},{"type":"LineString","coordinates":[[-3.588121,37.179371,0],[-3.588118,37.179369,0],[-3.588118,37.179357,0],[-3.588121,37.179344,0],[-3.588127,37.179327,0],[-3.588139,37.179312,0],[-3.588142,37.179311,0],[-3.588146,37.179312,0],[-3.588144,37.179315,0],[-3.588143,37.179316,0],[-3.588132,37.179329,0],[-3.588126,37.179345,0],[-3.588124,37.179357,0],[-3.588124,37.179369,0],[-3.588121,37.179371,0]]},{"type":"LineString","coordinates":[[-3.588122,37.179369,0],[-3.58812,37.179369,0],[-3.58812,37.179357,0],[-3.588122,37.179344,0],[-3.588128,37.179328,0],[-3.58814,37.179313,0],[-3.588143,37.179312,0],[-3.588144,37.179314,0],[-3.588142,37.179315,0],[-3.58813,37.179329,0],[-3.588125,37.179345,0],[-3.588122,37.179357,0],[-3.588122,37.179369,0]]},{"type":"LineString","coordinates":[[-3.588122,37.179369,0],[-3.58812,37.179369,0],[-3.58812,37.179357,0],[-3.588122,37.179344,0],[-3.588128,37.179328,0],[-3.58814,37.179313,0],[-3.588143,37.179312,0],[-3.588144,37.179314,0],[-3.588142,37.179315,0],[-3.58813,37.179329,0],[-3.588125,37.179345,0],[-3.588122,37.179357,0],[-3.588122,37.179369,0]]},{"type":"LineString","coordinates":[[-3.588128,37.179349,0],[-3.588125,37.179349,0],[-3.588125,37.179347,0],[-3.588128,37.179348,0],[-3.588133,37.179333,0],[-3.58813,37.179332,0],[-3.588131,37.17933,0],[-3.588134,37.179331,0],[-3.588129,37.179327,0],[-3.588123,37.179329,0],[-3.588126,37.179329,0],[-3.588125,37.179331,0],[-3.588122,37.17933,0],[-3.588117,37.179345,0],[-3.58812,37.179346,0],[-3.58812,37.179348,0],[-3.588117,37.179347,0],[-3.588121,37.179351,0],[-3.588128,37.179349,0]]},{"type":"LineString","coordinates":[[-3.588126,37.179345,0],[-3.588126,37.179344,0],[-3.588122,37.179343,0],[-3.588123,37.179342,0],[-3.588122,37.179342,0],[-3.588121,37.179345,0],[-3.588122,37.179345,0],[-3.588122,37.179344,0],[-3.588126,37.179345,0]]},{"type":"LineString","coordinates":[[-3.588128,37.179339,0],[-3.588128,37.179337,0],[-3.588127,37.179336,0],[-3.588128,37.179336,0],[-3.588129,37.179335,0],[-3.588126,37.179335,0],[-3.588124,37.179334,0],[-3.588124,37.179335,0],[-3.588125,37.179336,0],[-3.588123,37.179336,0],[-3.588123,37.179338,0],[-3.588126,37.179337,0],[-3.588128,37.179339,0]]},{"type":"LineString","coordinates":[[-3.588129,37.179334,0],[-3.588129,37.179333,0],[-3.588125,37.179332,0],[-3.588124,37.179333,0],[-3.588129,37.179334,0]]},{"type":"LineString","coordinates":[[-3.588127,37.179342,0],[-3.588126,37.179341,0],[-3.588126,37.17934,0],[-3.588127,37.17934,0],[-3.588128,37.179339,0],[-3.588122,37.179339,0],[-3.588122,37.17934,0],[-3.588126,37.179343,0],[-3.588127,37.179342,0]]},{"type":"LineString","coordinates":[[-3.588125,37.179341,0],[-3.588123,37.17934,0],[-3.588125,37.17934,0],[-3.588125,37.179341,0]]}]},"properties":{"name":"Reserva Taxi","styleUrl":"#line-AAFF00-2000-nodesc","stroke-opacity":1,"stroke":"#aaff00","stroke-width":2}},{"type":"Feature","geometry":{"type":"GeometryCollection","geometries":[{"type":"LineString","coordinates":[[-3.602469,37.182955,0],[-3.602465,37.182955,0],[-3.602444,37.182938,0],[-3.602425,37.182912,0],[-3.602405,37.18289,0],[-3.602364,37.182854,0],[-3.602364,37.182851,0],[-3.602368,37.182851,0],[-3.602409,37.182887,0],[-3.60243,37.18291,0],[-3.602449,37.182935,0],[-3.602469,37.182952,0],[-3.602469,37.182955,0]]},{"type":"LineString","coordinates":[[-3.602469,37.182955,0],[-3.602465,37.182955,0],[-3.602444,37.182938,0],[-3.602425,37.182912,0],[-3.602405,37.18289,0],[-3.602364,37.182854,0],[-3.602364,37.182851,0],[-3.602368,37.182851,0],[-3.602409,37.182887,0],[-3.60243,37.18291,0],[-3.602449,37.182935,0],[-3.602469,37.182952,0],[-3.602469,37.182955,0]]},{"type":"LineString","coordinates":[[-3.602468,37.182953,0],[-3.602466,37.182954,0],[-3.602445,37.182937,0],[-3.602426,37.182912,0],[-3.602406,37.182889,0],[-3.602365,37.182854,0],[-3.602367,37.182852,0],[-3.602408,37.182888,0],[-3.602429,37.18291,0],[-3.602448,37.182936,0],[-3.602468,37.182953,0]]},{"type":"LineString","coordinates":[[-3.602468,37.182953,0],[-3.602466,37.182954,0],[-3.602445,37.182937,0],[-3.602426,37.182912,0],[-3.602406,37.182889,0],[-3.602365,37.182854,0],[-3.602367,37.182852,0],[-3.602408,37.182888,0],[-3.602429,37.18291,0],[-3.602448,37.182936,0],[-3.602468,37.182953,0]]},{"type":"LineString","coordinates":[[-3.602431,37.182907,0],[-3.602428,37.182908,0],[-3.602427,37.182907,0],[-3.602429,37.182905,0],[-3.602418,37.182893,0],[-3.602415,37.182895,0],[-3.602414,37.182893,0],[-3.602417,37.182892,0],[-3.60241,37.182892,0],[-3.602407,37.182897,0],[-3.60241,37.182895,0],[-3.602411,37.182897,0],[-3.602409,37.182898,0],[-3.60242,37.182911,0],[-3.602423,37.182909,0],[-3.602424,37.182911,0],[-3.602422,37.182912,0],[-3.602428,37.182912,0],[-3.602431,37.182907,0]]},{"type":"LineString","coordinates":[[-3.602425,37.182906,0],[-3.602424,37.182905,0],[-3.602421,37.182906,0],[-3.602421,37.182905,0],[-3.60242,37.182906,0],[-3.602422,37.182909,0],[-3.602423,37.182908,0],[-3.602422,37.182907,0],[-3.602425,37.182906,0]]},{"type":"LineString","coordinates":[[-3.602421,37.1829,0],[-3.60242,37.182899,0],[-3.602418,37.182899,0],[-3.602418,37.182898,0],[-3.602417,37.182897,0],[-3.602416,37.182899,0],[-3.602414,37.182899,0],[-3.602415,37.1829,0],[-3.602416,37.1829,0],[-3.602416,37.182902,0],[-3.602417,37.182903,0],[-3.602417,37.1829,0],[-3.602421,37.1829,0]]},{"type":"LineString","coordinates":[[-3.602417,37.182897,0],[-3.602416,37.182896,0],[-3.602412,37.182898,0],[-3.602413,37.182899,0],[-3.602417,37.182897,0]]},{"type":"LineString","coordinates":[[-3.602423,37.182903,0],[-3.602422,37.182903,0],[-3.602421,37.182902,0],[-3.602421,37.182901,0],[-3.602421,37.1829,0],[-3.602418,37.182904,0],[-3.602419,37.182905,0],[-3.602424,37.182904,0],[-3.602423,37.182903,0]]},{"type":"LineString","coordinates":[[-3.602421,37.182903,0],[-3.602419,37.182904,0],[-3.60242,37.182903,0],[-3.602421,37.182903,0]]}]},"properties":{"name":"Reserva Taxi","styleUrl":"#line-AAFF00-2000-nodesc","stroke-opacity":1,"stroke":"#aaff00","stroke-width":2}},{"type":"Feature","geometry":{"type":"GeometryCollection","geometries":[{"type":"LineString","coordinates":[[-3.602417,37.183029,0],[-3.602417,37.183032,0],[-3.602307,37.183167,0],[-3.602303,37.183167,0],[-3.602302,37.183164,0],[-3.602413,37.18303,0],[-3.602417,37.183029,0]]},{"type":"LineString","coordinates":[[-3.602417,37.183029,0],[-3.602417,37.183032,0],[-3.602307,37.183167,0],[-3.602303,37.183167,0],[-3.602302,37.183164,0],[-3.602413,37.18303,0],[-3.602417,37.183029,0]]},{"type":"LineString","coordinates":[[-3.602414,37.18303,0],[-3.602416,37.183032,0],[-3.602306,37.183166,0],[-3.602303,37.183165,0],[-3.602414,37.18303,0]]},{"type":"LineString","coordinates":[[-3.602414,37.18303,0],[-3.602416,37.183032,0],[-3.602306,37.183166,0],[-3.602303,37.183165,0],[-3.602414,37.18303,0]]},{"type":"LineString","coordinates":[[-3.602362,37.183088,0],[-3.602364,37.183089,0],[-3.602363,37.183091,0],[-3.60236,37.183089,0],[-3.60235,37.183102,0],[-3.602352,37.183103,0],[-3.602351,37.183105,0],[-3.602348,37.183104,0],[-3.602351,37.183108,0],[-3.602358,37.183109,0],[-3.602355,37.183107,0],[-3.602357,37.183106,0],[-3.602359,37.183107,0],[-3.60237,37.183094,0],[-3.602367,37.183093,0],[-3.602369,37.183091,0],[-3.602371,37.183093,0],[-3.602368,37.183088,0],[-3.602362,37.183088,0]]},{"type":"LineString","coordinates":[[-3.602362,37.183092,0],[-3.602361,37.183093,0],[-3.602364,37.183095,0],[-3.602363,37.183096,0],[-3.602364,37.183096,0],[-3.602367,37.183093,0],[-3.602366,37.183093,0],[-3.602365,37.183094,0],[-3.602362,37.183092,0]]},{"type":"LineString","coordinates":[[-3.602357,37.183098,0],[-3.602357,37.183099,0],[-3.602357,37.1831,0],[-3.602355,37.1831,0],[-3.602355,37.183101,0],[-3.602358,37.183101,0],[-3.602359,37.183103,0],[-3.60236,37.183102,0],[-3.602359,37.183101,0],[-3.60236,37.183101,0],[-3.602361,37.1831,0],[-3.602359,37.1831,0],[-3.602357,37.183098,0]]},{"type":"LineString","coordinates":[[-3.602354,37.183102,0],[-3.602353,37.183103,0],[-3.602357,37.183105,0],[-3.602358,37.183104,0],[-3.602354,37.183102,0]]},{"type":"LineString","coordinates":[[-3.602359,37.183095,0],[-3.60236,37.183096,0],[-3.602359,37.183097,0],[-3.602358,37.183097,0],[-3.602357,37.183098,0],[-3.602362,37.183099,0],[-3.602363,37.183097,0],[-3.60236,37.183094,0],[-3.602359,37.183095,0]]},{"type":"LineString","coordinates":[[-3.602361,37.183096,0],[-3.602362,37.183097,0],[-3.60236,37.183097,0],[-3.602361,37.183096,0]]}]},"properties":{"name":"Reserva Taxi","styleUrl":"#line-AAFF00-2000-nodesc","stroke-opacity":1,"stroke":"#aaff00","stroke-width":2}},{"type":"Feature","geometry":{"type":"GeometryCollection","geometries":[{"type":"LineString","coordinates":[[-3.584662,37.157009,0],[-3.584663,37.157012,0],[-3.584265,37.157563,0],[-3.584261,37.157564,0],[-3.58426,37.157561,0],[-3.584659,37.15701,0],[-3.584662,37.157009,0]]},{"type":"LineString","coordinates":[[-3.584662,37.157009,0],[-3.584663,37.157012,0],[-3.584265,37.157563,0],[-3.584261,37.157564,0],[-3.58426,37.157561,0],[-3.584659,37.15701,0],[-3.584662,37.157009,0]]},{"type":"LineString","coordinates":[[-3.58466,37.157011,0],[-3.584662,37.157012,0],[-3.584264,37.157563,0],[-3.584262,37.157561,0],[-3.58466,37.157011,0]]},{"type":"LineString","coordinates":[[-3.58466,37.157011,0],[-3.584662,37.157012,0],[-3.584264,37.157563,0],[-3.584262,37.157561,0],[-3.58466,37.157011,0]]},{"type":"LineString","coordinates":[[-3.584463,37.157275,0],[-3.584466,37.157277,0],[-3.584465,37.157278,0],[-3.584462,37.157277,0],[-3.584452,37.15729,0],[-3.584455,37.157292,0],[-3.584454,37.157293,0],[-3.584451,37.157292,0],[-3.584454,37.157296,0],[-3.584461,37.157297,0],[-3.584458,37.157295,0],[-3.584459,37.157294,0],[-3.584462,37.157295,0],[-3.584472,37.157282,0],[-3.584469,37.15728,0],[-3.58447,37.157279,0],[-3.584473,37.15728,0],[-3.58447,37.157275,0],[-3.584463,37.157275,0]]},{"type":"LineString","coordinates":[[-3.584464,37.15728,0],[-3.584463,37.157281,0],[-3.584466,37.157283,0],[-3.584465,37.157284,0],[-3.584466,37.157284,0],[-3.584468,37.157281,0],[-3.584467,37.15728,0],[-3.584467,37.157282,0],[-3.584464,37.15728,0]]},{"type":"LineString","coordinates":[[-3.58446,37.157286,0],[-3.584459,37.157287,0],[-3.58446,37.157288,0],[-3.584458,37.157288,0],[-3.584457,37.157289,0],[-3.58446,37.157289,0],[-3.584461,37.157291,0],[-3.584462,37.15729,0],[-3.584461,37.157289,0],[-3.584463,37.157289,0],[-3.584464,37.157288,0],[-3.584461,37.157288,0],[-3.58446,37.157286,0]]},{"type":"LineString","coordinates":[[-3.584457,37.15729,0],[-3.584456,37.157291,0],[-3.58446,37.157293,0],[-3.584461,37.157292,0],[-3.584457,37.15729,0]]},{"type":"LineString","coordinates":[[-3.584461,37.157283,0],[-3.584462,37.157284,0],[-3.584461,37.157285,0],[-3.58446,37.157285,0],[-3.58446,37.157286,0],[-3.584465,37.157286,0],[-3.584465,37.157285,0],[-3.584462,37.157282,0],[-3.584461,37.157283,0]]},{"type":"LineString","coordinates":[[-3.584463,37.157284,0],[-3.584464,37.157285,0],[-3.584462,37.157285,0],[-3.584463,37.157284,0]]}]},"properties":{"name":"Reserva Taxi","styleUrl":"#line-AAFF00-2000-nodesc","stroke-opacity":1,"stroke":"#aaff00","stroke-width":2}},{"type":"Feature","geometry":{"type":"GeometryCollection","geometries":[{"type":"LineString","coordinates":[[-3.610091,37.186425,0],[-3.610093,37.186428,0],[-3.610036,37.186576,0],[-3.610033,37.186578,0],[-3.610031,37.186575,0],[-3.610088,37.186426,0],[-3.610091,37.186425,0]]},{"type":"LineString","coordinates":[[-3.610091,37.186425,0],[-3.610093,37.186428,0],[-3.610036,37.186576,0],[-3.610033,37.186578,0],[-3.610031,37.186575,0],[-3.610088,37.186426,0],[-3.610091,37.186425,0]]},{"type":"LineString","coordinates":[[-3.610089,37.186427,0],[-3.610092,37.186427,0],[-3.610035,37.186576,0],[-3.610032,37.186575,0],[-3.610089,37.186427,0]]},{"type":"LineString","coordinates":[[-3.610089,37.186427,0],[-3.610092,37.186427,0],[-3.610035,37.186576,0],[-3.610032,37.186575,0],[-3.610089,37.186427,0]]},{"type":"LineString","coordinates":[[-3.61006,37.186491,0],[-3.610063,37.186491,0],[-3.610062,37.186493,0],[-3.610059,37.186492,0],[-3.610054,37.186507,0],[-3.610057,37.186508,0],[-3.610056,37.18651,0],[-3.610053,37.186509,0],[-3.610058,37.186513,0],[-3.610064,37.186512,0],[-3.610061,37.186511,0],[-3.610062,37.186509,0],[-3.610065,37.18651,0],[-3.61007,37.186495,0],[-3.610067,37.186494,0],[-3.610068,37.186492,0],[-3.610071,37.186493,0],[-3.610066,37.186489,0],[-3.61006,37.186491,0]]},{"type":"LineString","coordinates":[[-3.610062,37.186495,0],[-3.610062,37.186496,0],[-3.610065,37.186497,0],[-3.610065,37.186498,0],[-3.610066,37.186498,0],[-3.610067,37.186495,0],[-3.610066,37.186495,0],[-3.610065,37.186496,0],[-3.610062,37.186495,0]]},{"type":"LineString","coordinates":[[-3.61006,37.186501,0],[-3.610059,37.186502,0],[-3.61006,37.186504,0],[-3.610059,37.186504,0],[-3.610058,37.186505,0],[-3.610061,37.186504,0],[-3.610063,37.186506,0],[-3.610063,37.186505,0],[-3.610062,37.186504,0],[-3.610064,37.186504,0],[-3.610064,37.186502,0],[-3.610062,37.186503,0],[-3.61006,37.186501,0]]},{"type":"LineString","coordinates":[[-3.610058,37.186506,0],[-3.610058,37.186507,0],[-3.610062,37.186508,0],[-3.610063,37.186507,0],[-3.610058,37.186506,0]]},{"type":"LineString","coordinates":[[-3.610061,37.186498,0],[-3.610061,37.186499,0],[-3.610061,37.1865,0],[-3.61006,37.1865,0],[-3.61006,37.186501,0],[-3.610065,37.186501,0],[-3.610065,37.1865,0],[-3.610061,37.186497,0],[-3.610061,37.186498,0]]},{"type":"LineString","coordinates":[[-3.610062,37.186499,0],[-3.610064,37.1865,0],[-3.610062,37.1865,0],[-3.610062,37.186499,0]]}]},"properties":{"name":"Reserva Taxi","styleUrl":"#line-AAFF00-2000-nodesc","stroke-opacity":1,"stroke":"#aaff00","stroke-width":2}},{"type":"Feature","geometry":{"type":"GeometryCollection","geometries":[{"type":"LineString","coordinates":[[-3.606465,37.177535,0],[-3.606461,37.177535,0],[-3.606357,37.177464,0],[-3.606357,37.177461,0],[-3.606361,37.177461,0],[-3.606465,37.177532,0],[-3.606465,37.177535,0]]},{"type":"LineString","coordinates":[[-3.606465,37.177535,0],[-3.606461,37.177535,0],[-3.606357,37.177464,0],[-3.606357,37.177461,0],[-3.606361,37.177461,0],[-3.606465,37.177532,0],[-3.606465,37.177535,0]]},{"type":"LineString","coordinates":[[-3.606464,37.177533,0],[-3.606462,37.177534,0],[-3.606358,37.177463,0],[-3.60636,37.177462,0],[-3.606464,37.177533,0]]},{"type":"LineString","coordinates":[[-3.606464,37.177533,0],[-3.606462,37.177534,0],[-3.606358,37.177463,0],[-3.60636,37.177462,0],[-3.606464,37.177533,0]]},{"type":"LineString","coordinates":[[-3.606424,37.177501,0],[-3.606422,37.177503,0],[-3.60642,37.177502,0],[-3.606422,37.1775,0],[-3.606407,37.17749,0],[-3.606405,37.177492,0],[-3.606404,37.17749,0],[-3.606406,37.177489,0],[-3.6064,37.17749,0],[-3.606398,37.177495,0],[-3.6064,37.177494,0],[-3.606402,37.177495,0],[-3.6064,37.177497,0],[-3.606415,37.177507,0],[-3.606417,37.177505,0],[-3.606419,37.177506,0],[-3.606417,37.177508,0],[-3.606423,37.177506,0],[-3.606424,37.177501,0]]},{"type":"LineString","coordinates":[[-3.606418,37.177501,0],[-3.606417,37.1775,0],[-3.606415,37.177502,0],[-3.606413,37.177501,0],[-3.606413,37.177502,0],[-3.606416,37.177504,0],[-3.606417,37.177504,0],[-3.606416,37.177503,0],[-3.606418,37.177501,0]]},{"type":"LineString","coordinates":[[-3.606412,37.177496,0],[-3.606411,37.177496,0],[-3.606409,37.177496,0],[-3.606409,37.177495,0],[-3.606408,37.177494,0],[-3.606408,37.177496,0],[-3.606405,37.177497,0],[-3.606406,37.177498,0],[-3.606408,37.177497,0],[-3.606408,37.177498,0],[-3.606409,37.177499,0],[-3.606409,37.177497,0],[-3.606412,37.177496,0]]},{"type":"LineString","coordinates":[[-3.606408,37.177493,0],[-3.606406,37.177493,0],[-3.606403,37.177496,0],[-3.606404,37.177496,0],[-3.606408,37.177493,0]]},{"type":"LineString","coordinates":[[-3.606415,37.177498,0],[-3.606414,37.177499,0],[-3.606413,37.177498,0],[-3.606413,37.177497,0],[-3.606412,37.177496,0],[-3.60641,37.1775,0],[-3.606412,37.177501,0],[-3.606416,37.177499,0],[-3.606415,37.177498,0]]},{"type":"LineString","coordinates":[[-3.606413,37.177499,0],[-3.606412,37.1775,0],[-3.606412,37.177499,0],[-3.606413,37.177499,0]]}]},"properties":{"name":"Reserva Taxi","styleUrl":"#line-AAFF00-2000-nodesc","stroke-opacity":1,"stroke":"#aaff00","stroke-width":2}},{"type":"Feature","geometry":{"type":"GeometryCollection","geometries":[{"type":"LineString","coordinates":[[-3.622936,37.196151,0],[-3.622933,37.196153,0],[-3.622638,37.196133,0],[-3.622635,37.196131,0],[-3.622638,37.196129,0],[-3.622934,37.196149,0],[-3.622936,37.196151,0]]},{"type":"LineString","coordinates":[[-3.622936,37.196151,0],[-3.622933,37.196153,0],[-3.622638,37.196133,0],[-3.622635,37.196131,0],[-3.622638,37.196129,0],[-3.622934,37.196149,0],[-3.622936,37.196151,0]]},{"type":"LineString","coordinates":[[-3.622934,37.19615,0],[-3.622933,37.196152,0],[-3.622638,37.196132,0],[-3.622638,37.19613,0],[-3.622934,37.19615,0]]},{"type":"LineString","coordinates":[[-3.622934,37.19615,0],[-3.622933,37.196152,0],[-3.622638,37.196132,0],[-3.622638,37.19613,0],[-3.622934,37.19615,0]]},{"type":"LineString","coordinates":[[-3.622798,37.196138,0],[-3.622798,37.19614,0],[-3.622796,37.19614,0],[-3.622796,37.196137,0],[-3.622777,37.196136,0],[-3.622776,37.196139,0],[-3.622774,37.196138,0],[-3.622774,37.196136,0],[-3.622771,37.19614,0],[-3.622773,37.196145,0],[-3.622774,37.196143,0],[-3.622776,37.196143,0],[-3.622776,37.196145,0],[-3.622795,37.196147,0],[-3.622795,37.196144,0],[-3.622798,37.196144,0],[-3.622797,37.196147,0],[-3.622801,37.196142,0],[-3.622798,37.196138,0]]},{"type":"LineString","coordinates":[[-3.622793,37.19614,0],[-3.622792,37.19614,0],[-3.622791,37.196143,0],[-3.62279,37.196143,0],[-3.62279,37.196144,0],[-3.622794,37.196144,0],[-3.622794,37.196143,0],[-3.622793,37.196143,0],[-3.622793,37.19614,0]]},{"type":"LineString","coordinates":[[-3.622785,37.196139,0],[-3.622784,37.196139,0],[-3.622782,37.196141,0],[-3.622782,37.196139,0],[-3.62278,37.196139,0],[-3.622781,37.196141,0],[-3.62278,37.196143,0],[-3.622781,37.196143,0],[-3.622782,37.196142,0],[-3.622783,37.196143,0],[-3.622785,37.196143,0],[-3.622783,37.196141,0],[-3.622785,37.196139,0]]},{"type":"LineString","coordinates":[[-3.622779,37.196139,0],[-3.622778,37.196139,0],[-3.622777,37.196143,0],[-3.622779,37.196143,0],[-3.622779,37.196139,0]]},{"type":"LineString","coordinates":[[-3.622789,37.19614,0],[-3.622787,37.19614,0],[-3.622785,37.196139,0],[-3.622787,37.196143,0],[-3.622788,37.196144,0],[-3.62279,37.19614,0],[-3.622789,37.19614,0]]},{"type":"LineString","coordinates":[[-3.622788,37.196141,0],[-3.622788,37.196142,0],[-3.622787,37.196141,0],[-3.622788,37.196141,0]]}]},"properties":{"name":"Reserva Taxi","styleUrl":"#line-AAFF00-2000-nodesc","stroke-opacity":1,"stroke":"#aaff00","stroke-width":2}},{"type":"Feature","geometry":{"type":"GeometryCollection","geometries":[{"type":"LineString","coordinates":[[-3.608744,37.174656,0],[-3.60874,37.174655,0],[-3.608689,37.174572,0],[-3.60869,37.174569,0],[-3.608694,37.17457,0],[-3.608745,37.174653,0],[-3.608744,37.174656,0]]},{"type":"LineString","coordinates":[[-3.608744,37.174656,0],[-3.60874,37.174655,0],[-3.608689,37.174572,0],[-3.60869,37.174569,0],[-3.608694,37.17457,0],[-3.608745,37.174653,0],[-3.608744,37.174656,0]]},{"type":"LineString","coordinates":[[-3.608744,37.174653,0],[-3.608742,37.174654,0],[-3.60869,37.174571,0],[-3.608692,37.17457,0],[-3.608744,37.174653,0]]},{"type":"LineString","coordinates":[[-3.608744,37.174653,0],[-3.608742,37.174654,0],[-3.60869,37.174571,0],[-3.608692,37.17457,0],[-3.608744,37.174653,0]]},{"type":"LineString","coordinates":[[-3.608727,37.174619,0],[-3.608725,37.17462,0],[-3.608724,37.174618,0],[-3.608726,37.174617,0],[-3.608718,37.174603,0],[-3.608715,37.174604,0],[-3.608714,37.174603,0],[-3.608717,37.174602,0],[-3.60871,37.174601,0],[-3.608707,37.174606,0],[-3.608709,37.174604,0],[-3.60871,37.174606,0],[-3.608708,37.174607,0],[-3.608716,37.174621,0],[-3.608719,37.17462,0],[-3.60872,37.174622,0],[-3.608717,37.174623,0],[-3.608724,37.174623,0],[-3.608727,37.174619,0]]},{"type":"LineString","coordinates":[[-3.608722,37.174617,0],[-3.608722,37.174615,0],[-3.608718,37.174617,0],[-3.608718,37.174616,0],[-3.608717,37.174616,0],[-3.608719,37.174619,0],[-3.60872,37.174619,0],[-3.608719,37.174618,0],[-3.608722,37.174617,0]]},{"type":"LineString","coordinates":[[-3.608719,37.174611,0],[-3.608718,37.17461,0],[-3.608716,37.174609,0],[-3.608717,37.174608,0],[-3.608716,37.174607,0],[-3.608715,37.174609,0],[-3.608712,37.174609,0],[-3.608713,37.17461,0],[-3.608715,37.17461,0],[-3.608714,37.174611,0],[-3.608714,37.174612,0],[-3.608716,37.17461,0],[-3.608719,37.174611,0]]},{"type":"LineString","coordinates":[[-3.608716,37.174607,0],[-3.608715,37.174606,0],[-3.608711,37.174607,0],[-3.608712,37.174608,0],[-3.608716,37.174607,0]]},{"type":"LineString","coordinates":[[-3.60872,37.174613,0],[-3.60872,37.174614,0],[-3.608719,37.174612,0],[-3.608719,37.174611,0],[-3.608715,37.174614,0],[-3.608716,37.174615,0],[-3.608721,37.174615,0],[-3.60872,37.174613,0]]},{"type":"LineString","coordinates":[[-3.608718,37.174614,0],[-3.608717,37.174614,0],[-3.608718,37.174613,0],[-3.608718,37.174614,0]]}]},"properties":{"name":"Reserva Taxi","styleUrl":"#line-AAFF00-2000-nodesc","stroke-opacity":1,"stroke":"#aaff00","stroke-width":2}},{"type":"Feature","geometry":{"type":"GeometryCollection","geometries":[{"type":"LineString","coordinates":[[-3.599413,37.172577,0],[-3.59941,37.172576,0],[-3.599192,37.172183,0],[-3.599193,37.17218,0],[-3.599197,37.172181,0],[-3.599415,37.172574,0],[-3.599413,37.172577,0]]},{"type":"LineString","coordinates":[[-3.599413,37.172577,0],[-3.59941,37.172576,0],[-3.599192,37.172183,0],[-3.599193,37.17218,0],[-3.599197,37.172181,0],[-3.599415,37.172574,0],[-3.599413,37.172577,0]]},{"type":"LineString","coordinates":[[-3.599414,37.172575,0],[-3.599411,37.172576,0],[-3.599193,37.172183,0],[-3.599195,37.172182,0],[-3.599414,37.172575,0]]},{"type":"LineString","coordinates":[[-3.599414,37.172575,0],[-3.599411,37.172576,0],[-3.599193,37.172183,0],[-3.599195,37.172182,0],[-3.599414,37.172575,0]]},{"type":"LineString","coordinates":[[-3.599313,37.172386,0],[-3.59931,37.172387,0],[-3.599309,37.172385,0],[-3.599312,37.172384,0],[-3.599304,37.17237,0],[-3.599302,37.172371,0],[-3.599301,37.172369,0],[-3.599304,37.172368,0],[-3.599297,37.172368,0],[-3.599293,37.172372,0],[-3.599296,37.172371,0],[-3.599297,37.172372,0],[-3.599294,37.172373,0],[-3.599302,37.172388,0],[-3.599305,37.172387,0],[-3.599306,37.172388,0],[-3.599303,37.172389,0],[-3.599309,37.17239,0],[-3.599313,37.172386,0]]},{"type":"LineString","coordinates":[[-3.599308,37.172383,0],[-3.599308,37.172382,0],[-3.599304,37.172383,0],[-3.599304,37.172382,0],[-3.599303,37.172383,0],[-3.599304,37.172386,0],[-3.599305,37.172385,0],[-3.599305,37.172384,0],[-3.599308,37.172383,0]]},{"type":"LineString","coordinates":[[-3.599305,37.172377,0],[-3.599304,37.172376,0],[-3.599302,37.172376,0],[-3.599304,37.172375,0],[-3.599303,37.172373,0],[-3.599301,37.172375,0],[-3.599298,37.172375,0],[-3.599299,37.172376,0],[-3.599301,37.172376,0],[-3.5993,37.172378,0],[-3.5993,37.172379,0],[-3.599302,37.172377,0],[-3.599305,37.172377,0]]},{"type":"LineString","coordinates":[[-3.599303,37.172373,0],[-3.599302,37.172372,0],[-3.599298,37.172374,0],[-3.599298,37.172375,0],[-3.599303,37.172373,0]]},{"type":"LineString","coordinates":[[-3.599306,37.17238,0],[-3.599305,37.172379,0],[-3.599306,37.172378,0],[-3.599305,37.172377,0],[-3.599301,37.17238,0],[-3.599302,37.172381,0],[-3.599307,37.172381,0],[-3.599306,37.17238,0]]},{"type":"LineString","coordinates":[[-3.599305,37.17238,0],[-3.599303,37.17238,0],[-3.599304,37.172379,0],[-3.599305,37.17238,0]]}]},"properties":{"name":"Reserva Taxi","styleUrl":"#line-AAFF00-2000-nodesc","stroke-opacity":1,"stroke":"#aaff00","stroke-width":2}},{"type":"Feature","geometry":{"type":"GeometryCollection","geometries":[{"type":"LineString","coordinates":[[-3.607164,37.188036,0],[-3.607165,37.18804,0],[-3.607136,37.188078,0],[-3.607127,37.188112,0],[-3.607123,37.188114,0],[-3.607121,37.188111,0],[-3.607131,37.188076,0],[-3.60716,37.188037,0],[-3.607164,37.188036,0]]},{"type":"LineString","coordinates":[[-3.607164,37.188036,0],[-3.607165,37.18804,0],[-3.607136,37.188078,0],[-3.607127,37.188112,0],[-3.607123,37.188114,0],[-3.607121,37.188111,0],[-3.607131,37.188076,0],[-3.60716,37.188037,0],[-3.607164,37.188036,0]]},{"type":"LineString","coordinates":[[-3.607162,37.188038,0],[-3.607164,37.188039,0],[-3.607135,37.188077,0],[-3.607125,37.188112,0],[-3.607123,37.188112,0],[-3.607132,37.188076,0],[-3.607162,37.188038,0]]},{"type":"LineString","coordinates":[[-3.607162,37.188038,0],[-3.607164,37.188039,0],[-3.607135,37.188077,0],[-3.607125,37.188112,0],[-3.607123,37.188112,0],[-3.607132,37.188076,0],[-3.607162,37.188038,0]]},{"type":"LineString","coordinates":[[-3.607138,37.188062,0],[-3.60714,37.188064,0],[-3.607139,37.188065,0],[-3.607137,37.188064,0],[-3.607127,37.188077,0],[-3.607129,37.188078,0],[-3.607128,37.18808,0],[-3.607125,37.188079,0],[-3.607129,37.188083,0],[-3.607135,37.188084,0],[-3.607132,37.188082,0],[-3.607134,37.188081,0],[-3.607136,37.188082,0],[-3.607146,37.188069,0],[-3.607144,37.188067,0],[-3.607145,37.188066,0],[-3.607148,37.188067,0],[-3.607144,37.188063,0],[-3.607138,37.188062,0]]},{"type":"LineString","coordinates":[[-3.607138,37.188067,0],[-3.607137,37.188068,0],[-3.607141,37.18807,0],[-3.60714,37.188071,0],[-3.607141,37.188071,0],[-3.607143,37.188068,0],[-3.607142,37.188068,0],[-3.607141,37.188069,0],[-3.607138,37.188067,0]]},{"type":"LineString","coordinates":[[-3.607134,37.188073,0],[-3.607133,37.188074,0],[-3.607134,37.188075,0],[-3.607132,37.188075,0],[-3.607131,37.188076,0],[-3.607134,37.188076,0],[-3.607136,37.188078,0],[-3.607136,37.188077,0],[-3.607136,37.188076,0],[-3.607137,37.188076,0],[-3.607138,37.188075,0],[-3.607135,37.188075,0],[-3.607134,37.188073,0]]},{"type":"LineString","coordinates":[[-3.607131,37.188076,0],[-3.60713,37.188078,0],[-3.607134,37.18808,0],[-3.607135,37.188078,0],[-3.607131,37.188076,0]]},{"type":"LineString","coordinates":[[-3.607136,37.18807,0],[-3.607137,37.18807,0],[-3.607136,37.188072,0],[-3.607135,37.188071,0],[-3.607134,37.188073,0],[-3.607139,37.188073,0],[-3.60714,37.188072,0],[-3.607137,37.188069,0],[-3.607136,37.18807,0]]},{"type":"LineString","coordinates":[[-3.607137,37.188071,0],[-3.607139,37.188072,0],[-3.607137,37.188072,0],[-3.607137,37.188071,0]]}]},"properties":{"name":"Reserva Taxi","styleUrl":"#line-AAFF00-2000-nodesc","stroke-opacity":1,"stroke":"#aaff00","stroke-width":2}},{"type":"Feature","geometry":{"type":"GeometryCollection","geometries":[{"type":"LineString","coordinates":[[-3.585264,37.174371,0],[-3.585261,37.174373,0],[-3.585232,37.17437,0],[-3.585197,37.174363,0],[-3.585166,37.174354,0],[-3.585136,37.174342,0],[-3.585111,37.174328,0],[-3.585094,37.174317,0],[-3.585094,37.174313,0],[-3.585098,37.174313,0],[-3.585114,37.174324,0],[-3.585139,37.174338,0],[-3.585169,37.17435,0],[-3.585199,37.174359,0],[-3.585233,37.174366,0],[-3.585262,37.174369,0],[-3.585264,37.174371,0]]},{"type":"LineString","coordinates":[[-3.585264,37.174371,0],[-3.585261,37.174373,0],[-3.585232,37.17437,0],[-3.585197,37.174363,0],[-3.585166,37.174354,0],[-3.585136,37.174342,0],[-3.585111,37.174328,0],[-3.585094,37.174317,0],[-3.585094,37.174313,0],[-3.585098,37.174313,0],[-3.585114,37.174324,0],[-3.585139,37.174338,0],[-3.585169,37.17435,0],[-3.585199,37.174359,0],[-3.585233,37.174366,0],[-3.585262,37.174369,0],[-3.585264,37.174371,0]]},{"type":"LineString","coordinates":[[-3.585262,37.17437,0],[-3.585262,37.174372,0],[-3.585232,37.174369,0],[-3.585197,37.174362,0],[-3.585167,37.174353,0],[-3.585137,37.174341,0],[-3.585111,37.174327,0],[-3.585095,37.174316,0],[-3.585097,37.174314,0],[-3.585113,37.174325,0],[-3.585138,37.174339,0],[-3.585168,37.174351,0],[-3.585198,37.17436,0],[-3.585232,37.174367,0],[-3.585262,37.17437,0]]},{"type":"LineString","coordinates":[[-3.585262,37.17437,0],[-3.585262,37.174372,0],[-3.585232,37.174369,0],[-3.585197,37.174362,0],[-3.585167,37.174353,0],[-3.585137,37.174341,0],[-3.585111,37.174327,0],[-3.585095,37.174316,0],[-3.585097,37.174314,0],[-3.585113,37.174325,0],[-3.585138,37.174339,0],[-3.585168,37.174351,0],[-3.585198,37.17436,0],[-3.585232,37.174367,0],[-3.585262,37.17437,0]]},{"type":"LineString","coordinates":[[-3.585186,37.174353,0],[-3.585185,37.174355,0],[-3.585183,37.174355,0],[-3.585184,37.174352,0],[-3.585166,37.174347,0],[-3.585165,37.174349,0],[-3.585163,37.174348,0],[-3.585164,37.174346,0],[-3.585159,37.174349,0],[-3.58516,37.174355,0],[-3.585161,37.174352,0],[-3.585163,37.174353,0],[-3.585162,37.174355,0],[-3.58518,37.174361,0],[-3.585181,37.174358,0],[-3.585183,37.174359,0],[-3.585182,37.174361,0],[-3.585187,37.174358,0],[-3.585186,37.174353,0]]},{"type":"LineString","coordinates":[[-3.585181,37.174354,0],[-3.585179,37.174354,0],[-3.585178,37.174356,0],[-3.585177,37.174356,0],[-3.585176,37.174357,0],[-3.58518,37.174358,0],[-3.585181,37.174357,0],[-3.585179,37.174357,0],[-3.585181,37.174354,0]]},{"type":"LineString","coordinates":[[-3.585173,37.174352,0],[-3.585172,37.174351,0],[-3.58517,37.174352,0],[-3.58517,37.174351,0],[-3.585168,37.17435,0],[-3.585169,37.174353,0],[-3.585167,37.174354,0],[-3.585168,37.174354,0],[-3.58517,37.174353,0],[-3.58517,37.174355,0],[-3.585171,37.174355,0],[-3.585171,37.174353,0],[-3.585173,37.174352,0]]},{"type":"LineString","coordinates":[[-3.585168,37.17435,0],[-3.585166,37.17435,0],[-3.585165,37.174353,0],[-3.585166,37.174354,0],[-3.585168,37.17435,0]]},{"type":"LineString","coordinates":[[-3.585177,37.174353,0],[-3.585176,37.174353,0],[-3.585175,37.174353,0],[-3.585175,37.174352,0],[-3.585173,37.174352,0],[-3.585173,37.174356,0],[-3.585175,37.174356,0],[-3.585178,37.174353,0],[-3.585177,37.174353,0]]},{"type":"LineString","coordinates":[[-3.585176,37.174354,0],[-3.585174,37.174355,0],[-3.585175,37.174354,0],[-3.585176,37.174354,0]]}]},"properties":{"name":"Reserva Taxi","styleUrl":"#line-AAFF00-2000-nodesc","stroke-opacity":1,"stroke":"#aaff00","stroke-width":2}},{"type":"Feature","geometry":{"type":"GeometryCollection","geometries":[{"type":"LineString","coordinates":[[-3.612941,37.178837,0],[-3.612937,37.178838,0],[-3.612778,37.178787,0],[-3.612777,37.178784,0],[-3.61278,37.178783,0],[-3.612939,37.178834,0],[-3.612941,37.178837,0]]},{"type":"LineString","coordinates":[[-3.612941,37.178837,0],[-3.612937,37.178838,0],[-3.612778,37.178787,0],[-3.612777,37.178784,0],[-3.61278,37.178783,0],[-3.612939,37.178834,0],[-3.612941,37.178837,0]]},{"type":"LineString","coordinates":[[-3.612939,37.178835,0],[-3.612938,37.178837,0],[-3.612779,37.178786,0],[-3.61278,37.178784,0],[-3.612939,37.178835,0]]},{"type":"LineString","coordinates":[[-3.612939,37.178835,0],[-3.612938,37.178837,0],[-3.612779,37.178786,0],[-3.61278,37.178784,0],[-3.612939,37.178835,0]]},{"type":"LineString","coordinates":[[-3.612872,37.17881,0],[-3.612871,37.178812,0],[-3.612869,37.178812,0],[-3.61287,37.178809,0],[-3.612852,37.178804,0],[-3.612851,37.178806,0],[-3.612849,37.178805,0],[-3.61285,37.178803,0],[-3.612845,37.178806,0],[-3.612846,37.178811,0],[-3.612847,37.178809,0],[-3.612849,37.17881,0],[-3.612848,37.178812,0],[-3.612866,37.178818,0],[-3.612867,37.178815,0],[-3.612869,37.178816,0],[-3.612868,37.178818,0],[-3.612873,37.178815,0],[-3.612872,37.17881,0]]},{"type":"LineString","coordinates":[[-3.612866,37.178811,0],[-3.612865,37.178811,0],[-3.612864,37.178813,0],[-3.612862,37.178813,0],[-3.612862,37.178814,0],[-3.612866,37.178815,0],[-3.612866,37.178814,0],[-3.612865,37.178814,0],[-3.612866,37.178811,0]]},{"type":"LineString","coordinates":[[-3.612859,37.178809,0],[-3.612857,37.178808,0],[-3.612856,37.178809,0],[-3.612856,37.178808,0],[-3.612854,37.178807,0],[-3.612855,37.178809,0],[-3.612852,37.178811,0],[-3.612854,37.178811,0],[-3.612855,37.17881,0],[-3.612856,37.178812,0],[-3.612857,37.178812,0],[-3.612856,37.17881,0],[-3.612859,37.178809,0]]},{"type":"LineString","coordinates":[[-3.612854,37.178807,0],[-3.612852,37.178807,0],[-3.61285,37.17881,0],[-3.612852,37.178811,0],[-3.612854,37.178807,0]]},{"type":"LineString","coordinates":[[-3.612862,37.17881,0],[-3.61286,37.17881,0],[-3.61286,37.178809,0],[-3.612859,37.178809,0],[-3.612859,37.178813,0],[-3.61286,37.178813,0],[-3.612864,37.17881,0],[-3.612862,37.17881,0]]},{"type":"LineString","coordinates":[[-3.612861,37.178811,0],[-3.61286,37.178812,0],[-3.61286,37.178811,0],[-3.612861,37.178811,0]]}]},"properties":{"name":"Reserva Taxi","styleUrl":"#line-AAFF00-2000-nodesc","stroke-opacity":1,"stroke":"#aaff00","stroke-width":2}},{"type":"Feature","geometry":{"type":"GeometryCollection","geometries":[{"type":"LineString","coordinates":[[-3.599164,37.172125,0],[-3.59916,37.172124,0],[-3.599119,37.172051,0],[-3.599121,37.172048,0],[-3.599125,37.172049,0],[-3.599165,37.172122,0],[-3.599164,37.172125,0]]},{"type":"LineString","coordinates":[[-3.599164,37.172125,0],[-3.59916,37.172124,0],[-3.599119,37.172051,0],[-3.599121,37.172048,0],[-3.599125,37.172049,0],[-3.599165,37.172122,0],[-3.599164,37.172125,0]]},{"type":"LineString","coordinates":[[-3.599164,37.172122,0],[-3.599161,37.172123,0],[-3.599121,37.172051,0],[-3.599123,37.17205,0],[-3.599164,37.172122,0]]},{"type":"LineString","coordinates":[[-3.599164,37.172122,0],[-3.599161,37.172123,0],[-3.599121,37.172051,0],[-3.599123,37.17205,0],[-3.599164,37.172122,0]]},{"type":"LineString","coordinates":[[-3.599152,37.172093,0],[-3.599149,37.172094,0],[-3.599148,37.172093,0],[-3.599151,37.172092,0],[-3.599143,37.172078,0],[-3.599141,37.172079,0],[-3.59914,37.172077,0],[-3.599143,37.172076,0],[-3.599136,37.172075,0],[-3.599132,37.17208,0],[-3.599135,37.172079,0],[-3.599136,37.17208,0],[-3.599133,37.172081,0],[-3.599141,37.172095,0],[-3.599144,37.172094,0],[-3.599145,37.172096,0],[-3.599142,37.172097,0],[-3.599148,37.172098,0],[-3.599152,37.172093,0]]},{"type":"LineString","coordinates":[[-3.599147,37.172091,0],[-3.599147,37.17209,0],[-3.599143,37.172091,0],[-3.599143,37.17209,0],[-3.599142,37.17209,0],[-3.599143,37.172094,0],[-3.599144,37.172093,0],[-3.599144,37.172092,0],[-3.599147,37.172091,0]]},{"type":"LineString","coordinates":[[-3.599144,37.172085,0],[-3.599143,37.172084,0],[-3.599141,37.172084,0],[-3.599143,37.172083,0],[-3.599142,37.172081,0],[-3.59914,37.172083,0],[-3.599137,37.172083,0],[-3.599138,37.172084,0],[-3.59914,37.172084,0],[-3.599139,37.172085,0],[-3.599139,37.172087,0],[-3.599141,37.172085,0],[-3.599144,37.172085,0]]},{"type":"LineString","coordinates":[[-3.599142,37.172081,0],[-3.599141,37.17208,0],[-3.599137,37.172081,0],[-3.599137,37.172082,0],[-3.599142,37.172081,0]]},{"type":"LineString","coordinates":[[-3.599145,37.172088,0],[-3.599144,37.172087,0],[-3.599145,37.172086,0],[-3.599144,37.172085,0],[-3.59914,37.172088,0],[-3.599141,37.172089,0],[-3.599146,37.172089,0],[-3.599145,37.172088,0]]},{"type":"LineString","coordinates":[[-3.599144,37.172088,0],[-3.599142,37.172088,0],[-3.599143,37.172087,0],[-3.599144,37.172088,0]]}]},"properties":{"name":"Reserva Taxi","styleUrl":"#line-AAFF00-2000-nodesc","stroke-opacity":1,"stroke":"#aaff00","stroke-width":2}},{"type":"Feature","geometry":{"type":"GeometryCollection","geometries":[{"type":"LineString","coordinates":[[-3.60222,37.169057,0],[-3.602218,37.169059,0],[-3.602094,37.169058,0],[-3.602091,37.169056,0],[-3.602094,37.169053,0],[-3.602218,37.169055,0],[-3.60222,37.169057,0]]},{"type":"LineString","coordinates":[[-3.60222,37.169057,0],[-3.602218,37.169059,0],[-3.602094,37.169058,0],[-3.602091,37.169056,0],[-3.602094,37.169053,0],[-3.602218,37.169055,0],[-3.60222,37.169057,0]]},{"type":"LineString","coordinates":[[-3.602218,37.169056,0],[-3.602218,37.169058,0],[-3.602094,37.169057,0],[-3.602094,37.169055,0],[-3.602218,37.169056,0]]},{"type":"LineString","coordinates":[[-3.602218,37.169056,0],[-3.602218,37.169058,0],[-3.602094,37.169057,0],[-3.602094,37.169055,0],[-3.602218,37.169056,0]]},{"type":"LineString","coordinates":[[-3.602168,37.169052,0],[-3.602168,37.169054,0],[-3.602166,37.169054,0],[-3.602166,37.169052,0],[-3.602146,37.169051,0],[-3.602146,37.169054,0],[-3.602144,37.169054,0],[-3.602144,37.169051,0],[-3.602141,37.169056,0],[-3.602144,37.169061,0],[-3.602144,37.169058,0],[-3.602146,37.169058,0],[-3.602146,37.169061,0],[-3.602165,37.169061,0],[-3.602165,37.169058,0],[-3.602168,37.169058,0],[-3.602168,37.169061,0],[-3.602171,37.169056,0],[-3.602168,37.169052,0]]},{"type":"LineString","coordinates":[[-3.602163,37.169054,0],[-3.602162,37.169054,0],[-3.602162,37.169057,0],[-3.60216,37.169057,0],[-3.60216,37.169058,0],[-3.602165,37.169058,0],[-3.602165,37.169057,0],[-3.602163,37.169057,0],[-3.602163,37.169054,0]]},{"type":"LineString","coordinates":[[-3.602155,37.169054,0],[-3.602153,37.169054,0],[-3.602152,37.169055,0],[-3.602152,37.169054,0],[-3.60215,37.169054,0],[-3.602151,37.169056,0],[-3.60215,37.169058,0],[-3.602152,37.169058,0],[-3.602152,37.169057,0],[-3.602153,37.169058,0],[-3.602155,37.169058,0],[-3.602153,37.169056,0],[-3.602155,37.169054,0]]},{"type":"LineString","coordinates":[[-3.602149,37.169054,0],[-3.602148,37.169054,0],[-3.602148,37.169058,0],[-3.602149,37.169058,0],[-3.602149,37.169054,0]]},{"type":"LineString","coordinates":[[-3.602159,37.169054,0],[-3.602159,37.169055,0],[-3.602157,37.169055,0],[-3.602157,37.169054,0],[-3.602155,37.169054,0],[-3.602157,37.169058,0],[-3.602158,37.169058,0],[-3.60216,37.169054,0],[-3.602159,37.169054,0]]},{"type":"LineString","coordinates":[[-3.602158,37.169056,0],[-3.602158,37.169057,0],[-3.602157,37.169056,0],[-3.602158,37.169056,0]]}]},"properties":{"name":"Reserva Taxi","styleUrl":"#line-AAFF00-2000-nodesc","stroke-opacity":1,"stroke":"#aaff00","stroke-width":2}},{"type":"Feature","geometry":{"type":"GeometryCollection","geometries":[{"type":"LineString","coordinates":[[-3.596621,37.15421,0],[-3.596611,37.154217,0],[-3.596421,37.154201,0],[-3.596412,37.154193,0],[-3.596423,37.154186,0],[-3.596613,37.154201,0],[-3.596621,37.15421,0]]},{"type":"LineString","coordinates":[[-3.596621,37.15421,0],[-3.596611,37.154217,0],[-3.596421,37.154201,0],[-3.596412,37.154193,0],[-3.596423,37.154186,0],[-3.596613,37.154201,0],[-3.596621,37.15421,0]]},{"type":"LineString","coordinates":[[-3.596613,37.154205,0],[-3.596611,37.154214,0],[-3.596421,37.154198,0],[-3.596422,37.154189,0],[-3.596613,37.154205,0]]},{"type":"LineString","coordinates":[[-3.596613,37.154205,0],[-3.596611,37.154214,0],[-3.596421,37.154198,0],[-3.596422,37.154189,0],[-3.596613,37.154205,0]]},{"type":"LineString","coordinates":[[-3.596529,37.154198,0],[-3.596529,37.1542,0],[-3.596527,37.1542,0],[-3.596527,37.154197,0],[-3.596508,37.154196,0],[-3.596508,37.154198,0],[-3.596505,37.154198,0],[-3.596505,37.154196,0],[-3.596502,37.1542,0],[-3.596504,37.154205,0],[-3.596505,37.154202,0],[-3.596507,37.154202,0],[-3.596507,37.154205,0],[-3.596526,37.154206,0],[-3.596526,37.154204,0],[-3.596529,37.154204,0],[-3.596528,37.154207,0],[-3.596532,37.154202,0],[-3.596529,37.154198,0]]},{"type":"LineString","coordinates":[[-3.596524,37.1542,0],[-3.596523,37.1542,0],[-3.596522,37.154203,0],[-3.596521,37.154203,0],[-3.596525,37.154204,0],[-3.596525,37.154203,0],[-3.596524,37.154203,0],[-3.596524,37.1542,0]]},{"type":"LineString","coordinates":[[-3.596516,37.154199,0],[-3.596515,37.154199,0],[-3.596514,37.1542,0],[-3.596513,37.154199,0],[-3.596511,37.154199,0],[-3.596512,37.154201,0],[-3.596511,37.154203,0],[-3.596512,37.154203,0],[-3.596513,37.154202,0],[-3.596514,37.154203,0],[-3.596516,37.154203,0],[-3.596514,37.154201,0],[-3.596516,37.154199,0]]},{"type":"LineString","coordinates":[[-3.596511,37.154199,0],[-3.596509,37.154199,0],[-3.596509,37.154202,0],[-3.59651,37.154203,0],[-3.596511,37.154199,0]]},{"type":"LineString","coordinates":[[-3.59652,37.1542,0],[-3.596518,37.1542,0],[-3.596518,37.154199,0],[-3.596516,37.154199,0],[-3.596518,37.154203,0],[-3.596519,37.154203,0],[-3.596522,37.1542,0],[-3.59652,37.1542,0]]},{"type":"LineString","coordinates":[[-3.596519,37.154201,0],[-3.596519,37.154202,0],[-3.596518,37.154201,0],[-3.596519,37.154201,0]]}]},"properties":{"name":"Reserva Taxi","styleUrl":"#line-AAFF00-2000-nodesc","stroke-opacity":1,"stroke":"#aaff00","stroke-width":2}},{"type":"Feature","geometry":{"type":"GeometryCollection","geometries":[{"type":"LineString","coordinates":[[-3.61281,37.177178,0],[-3.612809,37.177181,0],[-3.612325,37.17737,0],[-3.612321,37.177368,0],[-3.612322,37.177365,0],[-3.612807,37.177177,0],[-3.61281,37.177178,0]]},{"type":"LineString","coordinates":[[-3.61281,37.177178,0],[-3.612809,37.177181,0],[-3.612325,37.17737,0],[-3.612321,37.177368,0],[-3.612322,37.177365,0],[-3.612807,37.177177,0],[-3.61281,37.177178,0]]},{"type":"LineString","coordinates":[[-3.612807,37.177178,0],[-3.612809,37.17718,0],[-3.612324,37.177368,0],[-3.612323,37.177366,0],[-3.612807,37.177178,0]]},{"type":"LineString","coordinates":[[-3.612807,37.177178,0],[-3.612809,37.17718,0],[-3.612324,37.177368,0],[-3.612323,37.177366,0],[-3.612807,37.177178,0]]},{"type":"LineString","coordinates":[[-3.612574,37.177265,0],[-3.612575,37.177268,0],[-3.612573,37.177268,0],[-3.612572,37.177266,0],[-3.612555,37.177273,0],[-3.612556,37.177275,0],[-3.612554,37.177276,0],[-3.612552,37.177274,0],[-3.612552,37.177279,0],[-3.612557,37.177282,0],[-3.612556,37.17728,0],[-3.612558,37.177279,0],[-3.61256,37.177281,0],[-3.612577,37.177274,0],[-3.612576,37.177272,0],[-3.612578,37.177271,0],[-3.612579,37.177274,0],[-3.612579,37.177268,0],[-3.612574,37.177265,0]]},{"type":"LineString","coordinates":[[-3.612571,37.17727,0],[-3.61257,37.17727,0],[-3.612571,37.177273,0],[-3.61257,37.177273,0],[-3.612571,37.177274,0],[-3.612575,37.177272,0],[-3.612574,37.177272,0],[-3.612573,37.177272,0],[-3.612571,37.17727,0]]},{"type":"LineString","coordinates":[[-3.612564,37.177272,0],[-3.612563,37.177273,0],[-3.612562,37.177274,0],[-3.612561,37.177274,0],[-3.612559,37.177274,0],[-3.612562,37.177275,0],[-3.612562,37.177278,0],[-3.612563,37.177277,0],[-3.612563,37.177276,0],[-3.612565,37.177276,0],[-3.612566,37.177276,0],[-3.612564,37.177275,0],[-3.612564,37.177272,0]]},{"type":"LineString","coordinates":[[-3.612559,37.177274,0],[-3.612557,37.177275,0],[-3.61256,37.177278,0],[-3.612561,37.177278,0],[-3.612559,37.177274,0]]},{"type":"LineString","coordinates":[[-3.612567,37.177271,0],[-3.612567,37.177272,0],[-3.612566,37.177272,0],[-3.612565,37.177272,0],[-3.612564,37.177272,0],[-3.612568,37.177275,0],[-3.612569,37.177275,0],[-3.612569,37.17727,0],[-3.612567,37.177271,0]]},{"type":"LineString","coordinates":[[-3.612568,37.177273,0],[-3.612568,37.177274,0],[-3.612567,37.177273,0],[-3.612568,37.177273,0]]}]},"properties":{"name":"Reserva Taxi","styleUrl":"#line-AAFF00-2000-nodesc","stroke-opacity":1,"stroke":"#aaff00","stroke-width":2}},{"type":"Feature","geometry":{"type":"GeometryCollection","geometries":[{"type":"LineString","coordinates":[[-3.588759,37.179219,0],[-3.588757,37.179222,0],[-3.588409,37.17927,0],[-3.588405,37.179268,0],[-3.588408,37.179266,0],[-3.588756,37.179218,0],[-3.588759,37.179219,0]]},{"type":"LineString","coordinates":[[-3.588759,37.179219,0],[-3.588757,37.179222,0],[-3.588409,37.17927,0],[-3.588405,37.179268,0],[-3.588408,37.179266,0],[-3.588756,37.179218,0],[-3.588759,37.179219,0]]},{"type":"LineString","coordinates":[[-3.588756,37.179219,0],[-3.588756,37.179221,0],[-3.588408,37.179269,0],[-3.588408,37.179267,0],[-3.588756,37.179219,0]]},{"type":"LineString","coordinates":[[-3.588756,37.179219,0],[-3.588756,37.179221,0],[-3.588408,37.179269,0],[-3.588408,37.179267,0],[-3.588756,37.179219,0]]},{"type":"LineString","coordinates":[[-3.588593,37.179238,0],[-3.588593,37.179241,0],[-3.588591,37.179241,0],[-3.588591,37.179239,0],[-3.588572,37.179241,0],[-3.588572,37.179244,0],[-3.58857,37.179244,0],[-3.588569,37.179242,0],[-3.588567,37.179247,0],[-3.588571,37.179251,0],[-3.588571,37.179248,0],[-3.588573,37.179248,0],[-3.588574,37.17925,0],[-3.588593,37.179248,0],[-3.588592,37.179245,0],[-3.588594,37.179245,0],[-3.588595,37.179247,0],[-3.588597,37.179242,0],[-3.588593,37.179238,0]]},{"type":"LineString","coordinates":[[-3.588589,37.179242,0],[-3.588587,37.179242,0],[-3.588588,37.179245,0],[-3.588586,37.179245,0],[-3.588587,37.179246,0],[-3.588591,37.179245,0],[-3.588591,37.179244,0],[-3.588589,37.179244,0],[-3.588589,37.179242,0]]},{"type":"LineString","coordinates":[[-3.588581,37.179243,0],[-3.588579,37.179243,0],[-3.588579,37.179244,0],[-3.588577,37.179243,0],[-3.588576,37.179243,0],[-3.588578,37.179245,0],[-3.588577,37.179247,0],[-3.588578,37.179247,0],[-3.588579,37.179246,0],[-3.58858,37.179247,0],[-3.588582,37.179247,0],[-3.58858,37.179245,0],[-3.588581,37.179243,0]]},{"type":"LineString","coordinates":[[-3.588575,37.179244,0],[-3.588574,37.179244,0],[-3.588575,37.179248,0],[-3.588576,37.179247,0],[-3.588575,37.179244,0]]},{"type":"LineString","coordinates":[[-3.588585,37.179242,0],[-3.588585,37.179243,0],[-3.588583,37.179243,0],[-3.588582,37.179242,0],[-3.588581,37.179243,0],[-3.588584,37.179246,0],[-3.588585,37.179246,0],[-3.588586,37.179242,0],[-3.588585,37.179242,0]]},{"type":"LineString","coordinates":[[-3.588584,37.179244,0],[-3.588584,37.179245,0],[-3.588583,37.179244,0],[-3.588584,37.179244,0]]}]},"properties":{"name":"Reserva Taxi","styleUrl":"#line-AAFF00-2000-nodesc","stroke-opacity":1,"stroke":"#aaff00","stroke-width":2}},{"type":"Feature","geometry":{"type":"GeometryCollection","geometries":[{"type":"LineString","coordinates":[[-3.6059,37.147813,0],[-3.605897,37.147815,0],[-3.605665,37.14777,0],[-3.605663,37.147768,0],[-3.605666,37.147766,0],[-3.605898,37.14781,0],[-3.6059,37.147813,0]]},{"type":"LineString","coordinates":[[-3.6059,37.147813,0],[-3.605897,37.147815,0],[-3.605665,37.14777,0],[-3.605663,37.147768,0],[-3.605666,37.147766,0],[-3.605898,37.14781,0],[-3.6059,37.147813,0]]},{"type":"LineString","coordinates":[[-3.605898,37.147811,0],[-3.605897,37.147813,0],[-3.605665,37.147769,0],[-3.605666,37.147767,0],[-3.605898,37.147811,0]]},{"type":"LineString","coordinates":[[-3.605898,37.147811,0],[-3.605897,37.147813,0],[-3.605665,37.147769,0],[-3.605666,37.147767,0],[-3.605898,37.147811,0]]},{"type":"LineString","coordinates":[[-3.605794,37.147788,0],[-3.605794,37.14779,0],[-3.605791,37.14779,0],[-3.605792,37.147787,0],[-3.605773,37.147784,0],[-3.605773,37.147786,0],[-3.60577,37.147786,0],[-3.605771,37.147783,0],[-3.605767,37.147787,0],[-3.605768,37.147792,0],[-3.605769,37.14779,0],[-3.605771,37.14779,0],[-3.605771,37.147792,0],[-3.605789,37.147796,0],[-3.60579,37.147794,0],[-3.605792,37.147794,0],[-3.605792,37.147796,0],[-3.605796,37.147793,0],[-3.605794,37.147788,0]]},{"type":"LineString","coordinates":[[-3.605789,37.147789,0],[-3.605787,37.147789,0],[-3.605787,37.147792,0],[-3.605785,37.147792,0],[-3.605785,37.147793,0],[-3.605789,37.147793,0],[-3.60579,37.147792,0],[-3.605788,37.147792,0],[-3.605789,37.147789,0]]},{"type":"LineString","coordinates":[[-3.605781,37.147788,0],[-3.60578,37.147788,0],[-3.605778,37.147789,0],[-3.605778,37.147787,0],[-3.605776,37.147787,0],[-3.605777,37.147789,0],[-3.605775,37.147791,0],[-3.605777,37.147791,0],[-3.605778,37.14779,0],[-3.605778,37.147791,0],[-3.60578,37.147792,0],[-3.605779,37.14779,0],[-3.605781,37.147788,0]]},{"type":"LineString","coordinates":[[-3.605776,37.147787,0],[-3.605774,37.147787,0],[-3.605773,37.14779,0],[-3.605774,37.147791,0],[-3.605776,37.147787,0]]},{"type":"LineString","coordinates":[[-3.605785,37.147789,0],[-3.605784,37.147789,0],[-3.605783,37.147789,0],[-3.605783,37.147788,0],[-3.605781,37.147788,0],[-3.605782,37.147792,0],[-3.605783,37.147792,0],[-3.605786,37.147789,0],[-3.605785,37.147789,0]]},{"type":"LineString","coordinates":[[-3.605784,37.14779,0],[-3.605783,37.147791,0],[-3.605783,37.14779,0],[-3.605784,37.14779,0]]}]},"properties":{"name":"Reserva Taxi","styleUrl":"#line-AAFF00-2000-nodesc","stroke-opacity":1,"stroke":"#aaff00","stroke-width":2}},{"type":"Feature","geometry":{"type":"GeometryCollection","geometries":[{"type":"LineString","coordinates":[[-3.613438,37.199833,0],[-3.613442,37.199833,0],[-3.613863,37.200248,0],[-3.613932,37.200425,0],[-3.614217,37.200709,0],[-3.614216,37.200713,0],[-3.614212,37.200712,0],[-3.613927,37.200428,0],[-3.613857,37.20025,0],[-3.613437,37.199836,0],[-3.613438,37.199833,0]]},{"type":"LineString","coordinates":[[-3.613438,37.199833,0],[-3.613442,37.199833,0],[-3.613863,37.200248,0],[-3.613932,37.200425,0],[-3.614217,37.200709,0],[-3.614216,37.200713,0],[-3.614212,37.200712,0],[-3.613927,37.200428,0],[-3.613857,37.20025,0],[-3.613437,37.199836,0],[-3.613438,37.199833,0]]},{"type":"LineString","coordinates":[[-3.613438,37.199835,0],[-3.61344,37.199834,0],[-3.613861,37.200248,0],[-3.613931,37.200426,0],[-3.614216,37.20071,0],[-3.614213,37.200712,0],[-3.613929,37.200427,0],[-3.613859,37.200249,0],[-3.613438,37.199835,0]]},{"type":"LineString","coordinates":[[-3.613438,37.199835,0],[-3.61344,37.199834,0],[-3.613861,37.200248,0],[-3.613931,37.200426,0],[-3.614216,37.20071,0],[-3.614213,37.200712,0],[-3.613929,37.200427,0],[-3.613859,37.200249,0],[-3.613438,37.199835,0]]},{"type":"LineString","coordinates":[[-3.613854,37.200249,0],[-3.613857,37.200248,0],[-3.613858,37.20025,0],[-3.613855,37.200251,0],[-3.613861,37.200266,0],[-3.613864,37.200265,0],[-3.613864,37.200267,0],[-3.613861,37.200267,0],[-3.613868,37.200268,0],[-3.613872,37.200265,0],[-3.613869,37.200265,0],[-3.613869,37.200264,0],[-3.613872,37.200263,0],[-3.613866,37.200248,0],[-3.613863,37.200249,0],[-3.613862,37.200247,0],[-3.613865,37.200246,0],[-3.613859,37.200245,0],[-3.613854,37.200249,0]]},{"type":"LineString","coordinates":[[-3.613859,37.200252,0],[-3.613859,37.200253,0],[-3.613863,37.200252,0],[-3.613863,37.200253,0],[-3.613864,37.200253,0],[-3.613863,37.20025,0],[-3.613862,37.20025,0],[-3.613862,37.200251,0],[-3.613859,37.200252,0]]},{"type":"LineString","coordinates":[[-3.613861,37.200258,0],[-3.613862,37.200259,0],[-3.613864,37.20026,0],[-3.613862,37.200261,0],[-3.613863,37.200262,0],[-3.613865,37.20026,0],[-3.613867,37.200261,0],[-3.613867,37.20026,0],[-3.613865,37.200259,0],[-3.613866,37.200258,0],[-3.613866,37.200257,0],[-3.613864,37.200259,0],[-3.613861,37.200258,0]]},{"type":"LineString","coordinates":[[-3.613863,37.200262,0],[-3.613863,37.200264,0],[-3.613868,37.200262,0],[-3.613868,37.200261,0],[-3.613863,37.200262,0]]},{"type":"LineString","coordinates":[[-3.61386,37.200255,0],[-3.613861,37.200255,0],[-3.613861,37.200257,0],[-3.613861,37.200258,0],[-3.613865,37.200256,0],[-3.613865,37.200254,0],[-3.61386,37.200254,0],[-3.61386,37.200255,0]]},{"type":"LineString","coordinates":[[-3.613862,37.200255,0],[-3.613864,37.200255,0],[-3.613862,37.200256,0],[-3.613862,37.200255,0]]}]},"properties":{"name":"Reserva Taxi","styleUrl":"#line-AAFF00-2000-nodesc","stroke-opacity":1,"stroke":"#aaff00","stroke-width":2}},{"type":"Feature","geometry":{"type":"GeometryCollection","geometries":[{"type":"LineString","coordinates":[[-3.610405,37.18697,0],[-3.610401,37.186972,0],[-3.610326,37.186946,0],[-3.610075,37.186861,0],[-3.609969,37.186815,0],[-3.609968,37.186812,0],[-3.609971,37.186811,0],[-3.610078,37.186856,0],[-3.610328,37.186942,0],[-3.610404,37.186967,0],[-3.610405,37.18697,0]]},{"type":"LineString","coordinates":[[-3.610405,37.18697,0],[-3.610401,37.186972,0],[-3.610326,37.186946,0],[-3.610075,37.186861,0],[-3.609969,37.186815,0],[-3.609968,37.186812,0],[-3.609971,37.186811,0],[-3.610078,37.186856,0],[-3.610328,37.186942,0],[-3.610404,37.186967,0],[-3.610405,37.18697,0]]},{"type":"LineString","coordinates":[[-3.610403,37.186968,0],[-3.610402,37.18697,0],[-3.610326,37.186945,0],[-3.610076,37.18686,0],[-3.609969,37.186814,0],[-3.609971,37.186812,0],[-3.610077,37.186858,0],[-3.610327,37.186943,0],[-3.610403,37.186968,0]]},{"type":"LineString","coordinates":[[-3.610403,37.186968,0],[-3.610402,37.18697,0],[-3.610326,37.186945,0],[-3.610076,37.18686,0],[-3.609969,37.186814,0],[-3.609971,37.186812,0],[-3.610077,37.186858,0],[-3.610327,37.186943,0],[-3.610403,37.186968,0]]},{"type":"LineString","coordinates":[[-3.610197,37.186894,0],[-3.610196,37.186897,0],[-3.610194,37.186896,0],[-3.610195,37.186894,0],[-3.610177,37.186888,0],[-3.610176,37.18689,0],[-3.610174,37.186889,0],[-3.610175,37.186887,0],[-3.61017,37.18689,0],[-3.610171,37.186895,0],[-3.610172,37.186893,0],[-3.610174,37.186894,0],[-3.610173,37.186896,0],[-3.610191,37.186902,0],[-3.610192,37.1869,0],[-3.610194,37.186901,0],[-3.610193,37.186903,0],[-3.610198,37.1869,0],[-3.610197,37.186894,0]]},{"type":"LineString","coordinates":[[-3.610191,37.186895,0],[-3.61019,37.186895,0],[-3.610189,37.186898,0],[-3.610187,37.186897,0],[-3.610187,37.186898,0],[-3.610191,37.186899,0],[-3.61019,37.186898,0],[-3.610191,37.186895,0]]},{"type":"LineString","coordinates":[[-3.610184,37.186893,0],[-3.610183,37.186892,0],[-3.610181,37.186893,0],[-3.610181,37.186892,0],[-3.610179,37.186891,0],[-3.61018,37.186894,0],[-3.610178,37.186895,0],[-3.610179,37.186895,0],[-3.61018,37.186895,0],[-3.610181,37.186896,0],[-3.610182,37.186896,0],[-3.610182,37.186894,0],[-3.610184,37.186893,0]]},{"type":"LineString","coordinates":[[-3.610179,37.186891,0],[-3.610177,37.186891,0],[-3.610176,37.186894,0],[-3.610177,37.186895,0],[-3.610179,37.186891,0]]},{"type":"LineString","coordinates":[[-3.610188,37.186894,0],[-3.610187,37.186895,0],[-3.610185,37.186894,0],[-3.610186,37.186893,0],[-3.610184,37.186893,0],[-3.610184,37.186897,0],[-3.610185,37.186898,0],[-3.610189,37.186895,0],[-3.610188,37.186894,0]]},{"type":"LineString","coordinates":[[-3.610186,37.186895,0],[-3.610185,37.186896,0],[-3.610185,37.186895,0],[-3.610186,37.186895,0]]}]},"properties":{"name":"Reserva Taxi","styleUrl":"#line-AAFF00-2000-nodesc","stroke-opacity":1,"stroke":"#aaff00","stroke-width":2}},{"type":"Feature","geometry":{"type":"GeometryCollection","geometries":[{"type":"LineString","coordinates":[[-3.593913,37.17337,0],[-3.593912,37.173373,0],[-3.593866,37.173404,0],[-3.593862,37.173404,0],[-3.593862,37.1734,0],[-3.593909,37.17337,0],[-3.593913,37.17337,0]]},{"type":"LineString","coordinates":[[-3.593913,37.17337,0],[-3.593912,37.173373,0],[-3.593866,37.173404,0],[-3.593862,37.173404,0],[-3.593862,37.1734,0],[-3.593909,37.17337,0],[-3.593913,37.17337,0]]},{"type":"LineString","coordinates":[[-3.59391,37.173371,0],[-3.593912,37.173373,0],[-3.593865,37.173403,0],[-3.593863,37.173401,0],[-3.59391,37.173371,0]]},{"type":"LineString","coordinates":[[-3.59391,37.173371,0],[-3.593912,37.173373,0],[-3.593865,37.173403,0],[-3.593863,37.173401,0],[-3.59391,37.173371,0]]},{"type":"LineString","coordinates":[[-3.593893,37.173377,0],[-3.593895,37.173379,0],[-3.593893,37.17338,0],[-3.593891,37.173379,0],[-3.593876,37.173388,0],[-3.593878,37.17339,0],[-3.593877,37.173391,0],[-3.593875,37.17339,0],[-3.593876,37.173395,0],[-3.593882,37.173397,0],[-3.59388,37.173395,0],[-3.593882,37.173393,0],[-3.593884,37.173395,0],[-3.593899,37.173386,0],[-3.593897,37.173384,0],[-3.593898,37.173382,0],[-3.5939,37.173384,0],[-3.593899,37.173379,0],[-3.593893,37.173377,0]]},{"type":"LineString","coordinates":[[-3.593892,37.173382,0],[-3.59389,37.173383,0],[-3.593893,37.173385,0],[-3.593892,37.173386,0],[-3.593896,37.173384,0],[-3.593895,37.173383,0],[-3.593894,37.173384,0],[-3.593892,37.173382,0]]},{"type":"LineString","coordinates":[[-3.593885,37.173386,0],[-3.593884,37.173387,0],[-3.593884,37.173388,0],[-3.593883,37.173388,0],[-3.593881,37.173389,0],[-3.593884,37.173389,0],[-3.593884,37.173392,0],[-3.593886,37.173391,0],[-3.593885,37.173389,0],[-3.593887,37.17339,0],[-3.593888,37.173389,0],[-3.593886,37.173388,0],[-3.593885,37.173386,0]]},{"type":"LineString","coordinates":[[-3.593881,37.173389,0],[-3.59388,37.17339,0],[-3.593883,37.173393,0],[-3.593884,37.173392,0],[-3.593881,37.173389,0]]},{"type":"LineString","coordinates":[[-3.593888,37.173384,0],[-3.593889,37.173385,0],[-3.593887,37.173386,0],[-3.593887,37.173385,0],[-3.593885,37.173386,0],[-3.59389,37.173388,0],[-3.593891,37.173387,0],[-3.593889,37.173383,0],[-3.593888,37.173384,0]]},{"type":"LineString","coordinates":[[-3.593889,37.173385,0],[-3.59389,37.173387,0],[-3.593888,37.173386,0],[-3.593889,37.173385,0]]}]},"properties":{"name":"Reserva Taxi","styleUrl":"#line-AAFF00-2000-nodesc","stroke-opacity":1,"stroke":"#aaff00","stroke-width":2}},{"type":"Feature","geometry":{"type":"GeometryCollection","geometries":[{"type":"LineString","coordinates":[[-3.592167,37.190114,0],[-3.592163,37.190115,0],[-3.592126,37.190101,0],[-3.592125,37.190098,0],[-3.592129,37.190097,0],[-3.592166,37.190111,0],[-3.592167,37.190114,0]]},{"type":"LineString","coordinates":[[-3.592167,37.190114,0],[-3.592163,37.190115,0],[-3.592126,37.190101,0],[-3.592125,37.190098,0],[-3.592129,37.190097,0],[-3.592166,37.190111,0],[-3.592167,37.190114,0]]},{"type":"LineString","coordinates":[[-3.592165,37.190112,0],[-3.592164,37.190114,0],[-3.592127,37.1901,0],[-3.592128,37.190098,0],[-3.592165,37.190112,0]]},{"type":"LineString","coordinates":[[-3.592165,37.190112,0],[-3.592164,37.190114,0],[-3.592127,37.1901,0],[-3.592128,37.190098,0],[-3.592165,37.190112,0]]},{"type":"LineString","coordinates":[[-3.592159,37.190106,0],[-3.592158,37.190108,0],[-3.592156,37.190107,0],[-3.592157,37.190105,0],[-3.59214,37.190099,0],[-3.592138,37.190101,0],[-3.592136,37.1901,0],[-3.592137,37.190098,0],[-3.592132,37.190101,0],[-3.592133,37.190106,0],[-3.592134,37.190104,0],[-3.592136,37.190105,0],[-3.592135,37.190107,0],[-3.592153,37.190113,0],[-3.592154,37.190111,0],[-3.592156,37.190112,0],[-3.592155,37.190114,0],[-3.59216,37.190111,0],[-3.592159,37.190106,0]]},{"type":"LineString","coordinates":[[-3.592154,37.190107,0],[-3.592152,37.190106,0],[-3.592151,37.190109,0],[-3.592149,37.190108,0],[-3.592149,37.190109,0],[-3.592153,37.190111,0],[-3.592153,37.19011,0],[-3.592152,37.190109,0],[-3.592154,37.190107,0]]},{"type":"LineString","coordinates":[[-3.592146,37.190104,0],[-3.592145,37.190104,0],[-3.592143,37.190104,0],[-3.592143,37.190103,0],[-3.592141,37.190102,0],[-3.592142,37.190105,0],[-3.59214,37.190106,0],[-3.592141,37.190106,0],[-3.592142,37.190106,0],[-3.592143,37.190107,0],[-3.592144,37.190108,0],[-3.592144,37.190105,0],[-3.592146,37.190104,0]]},{"type":"LineString","coordinates":[[-3.592141,37.190102,0],[-3.59214,37.190102,0],[-3.592138,37.190105,0],[-3.592139,37.190106,0],[-3.592141,37.190102,0]]},{"type":"LineString","coordinates":[[-3.59215,37.190105,0],[-3.592149,37.190106,0],[-3.592148,37.190105,0],[-3.592146,37.190104,0],[-3.592146,37.190108,0],[-3.592147,37.190109,0],[-3.592151,37.190106,0],[-3.59215,37.190105,0]]},{"type":"LineString","coordinates":[[-3.592148,37.190107,0],[-3.592147,37.190108,0],[-3.592147,37.190106,0],[-3.592148,37.190107,0]]}]},"properties":{"name":"Reserva Taxi","styleUrl":"#line-AAFF00-2000-nodesc","stroke-opacity":1,"stroke":"#aaff00","stroke-width":2}},{"type":"Feature","geometry":{"type":"GeometryCollection","geometries":[{"type":"LineString","coordinates":[[-3.609983,37.18692,0],[-3.609979,37.186921,0],[-3.60993,37.186905,0],[-3.609805,37.18686,0],[-3.60976,37.186843,0],[-3.609759,37.18684,0],[-3.609762,37.186839,0],[-3.609807,37.186856,0],[-3.609933,37.1869,0],[-3.609982,37.186917,0],[-3.609983,37.18692,0]]},{"type":"LineString","coordinates":[[-3.609983,37.18692,0],[-3.609979,37.186921,0],[-3.60993,37.186905,0],[-3.609805,37.18686,0],[-3.60976,37.186843,0],[-3.609759,37.18684,0],[-3.609762,37.186839,0],[-3.609807,37.186856,0],[-3.609933,37.1869,0],[-3.609982,37.186917,0],[-3.609983,37.18692,0]]},{"type":"LineString","coordinates":[[-3.609981,37.186918,0],[-3.60998,37.18692,0],[-3.609931,37.186904,0],[-3.609805,37.186859,0],[-3.609761,37.186842,0],[-3.609762,37.18684,0],[-3.609806,37.186857,0],[-3.609932,37.186901,0],[-3.609981,37.186918,0]]},{"type":"LineString","coordinates":[[-3.609981,37.186918,0],[-3.60998,37.18692,0],[-3.609931,37.186904,0],[-3.609805,37.186859,0],[-3.609761,37.186842,0],[-3.609762,37.18684,0],[-3.609806,37.186857,0],[-3.609932,37.186901,0],[-3.609981,37.186918,0]]},{"type":"LineString","coordinates":[[-3.609884,37.186881,0],[-3.609882,37.186883,0],[-3.60988,37.186882,0],[-3.609881,37.18688,0],[-3.609864,37.186874,0],[-3.609863,37.186876,0],[-3.60986,37.186875,0],[-3.609862,37.186873,0],[-3.609856,37.186876,0],[-3.609857,37.186881,0],[-3.609858,37.186879,0],[-3.60986,37.18688,0],[-3.609859,37.186882,0],[-3.609877,37.186888,0],[-3.609878,37.186886,0],[-3.60988,37.186887,0],[-3.609879,37.186889,0],[-3.609884,37.186886,0],[-3.609884,37.186881,0]]},{"type":"LineString","coordinates":[[-3.609878,37.186882,0],[-3.609876,37.186881,0],[-3.609875,37.186884,0],[-3.609874,37.186883,0],[-3.609873,37.186884,0],[-3.609877,37.186886,0],[-3.609878,37.186885,0],[-3.609876,37.186884,0],[-3.609878,37.186882,0]]},{"type":"LineString","coordinates":[[-3.609871,37.186879,0],[-3.609869,37.186878,0],[-3.609867,37.186879,0],[-3.609867,37.186878,0],[-3.609866,37.186877,0],[-3.609866,37.18688,0],[-3.609864,37.186881,0],[-3.609865,37.186881,0],[-3.609867,37.186881,0],[-3.609867,37.186882,0],[-3.609868,37.186882,0],[-3.609868,37.18688,0],[-3.609871,37.186879,0]]},{"type":"LineString","coordinates":[[-3.609865,37.186877,0],[-3.609864,37.186877,0],[-3.609862,37.18688,0],[-3.609863,37.186881,0],[-3.609865,37.186877,0]]},{"type":"LineString","coordinates":[[-3.609874,37.18688,0],[-3.609873,37.186881,0],[-3.609872,37.18688,0],[-3.609872,37.186879,0],[-3.609871,37.186879,0],[-3.60987,37.186883,0],[-3.609872,37.186884,0],[-3.609875,37.186881,0],[-3.609874,37.18688,0]]},{"type":"LineString","coordinates":[[-3.609873,37.186881,0],[-3.609872,37.186882,0],[-3.609872,37.186881,0],[-3.609873,37.186881,0]]}]},"properties":{"name":"Reserva Taxi","styleUrl":"#line-AAFF00-2000-nodesc","stroke-opacity":1,"stroke":"#aaff00","stroke-width":2}},{"type":"Feature","geometry":{"type":"GeometryCollection","geometries":[{"type":"LineString","coordinates":[[-3.606236,37.145131,0],[-3.606232,37.145132,0],[-3.606193,37.145113,0],[-3.60614,37.145092,0],[-3.606037,37.145054,0],[-3.606036,37.145051,0],[-3.606039,37.14505,0],[-3.606142,37.145088,0],[-3.606196,37.145109,0],[-3.606235,37.145128,0],[-3.606236,37.145131,0]]},{"type":"LineString","coordinates":[[-3.606236,37.145131,0],[-3.606232,37.145132,0],[-3.606193,37.145113,0],[-3.60614,37.145092,0],[-3.606037,37.145054,0],[-3.606036,37.145051,0],[-3.606039,37.14505,0],[-3.606142,37.145088,0],[-3.606196,37.145109,0],[-3.606235,37.145128,0],[-3.606236,37.145131,0]]},{"type":"LineString","coordinates":[[-3.606235,37.145129,0],[-3.606233,37.145131,0],[-3.606194,37.145112,0],[-3.60614,37.145091,0],[-3.606038,37.145053,0],[-3.606039,37.145051,0],[-3.606141,37.145089,0],[-3.606195,37.14511,0],[-3.606235,37.145129,0]]},{"type":"LineString","coordinates":[[-3.606235,37.145129,0],[-3.606233,37.145131,0],[-3.606194,37.145112,0],[-3.60614,37.145091,0],[-3.606038,37.145053,0],[-3.606039,37.145051,0],[-3.606141,37.145089,0],[-3.606195,37.14511,0],[-3.606235,37.145129,0]]},{"type":"LineString","coordinates":[[-3.606151,37.145088,0],[-3.60615,37.145091,0],[-3.606147,37.14509,0],[-3.606149,37.145088,0],[-3.606131,37.145081,0],[-3.60613,37.145083,0],[-3.606128,37.145082,0],[-3.606129,37.14508,0],[-3.606124,37.145083,0],[-3.606124,37.145089,0],[-3.606126,37.145086,0],[-3.606128,37.145087,0],[-3.606126,37.145089,0],[-3.606144,37.145096,0],[-3.606145,37.145094,0],[-3.606147,37.145094,0],[-3.606146,37.145097,0],[-3.606151,37.145094,0],[-3.606151,37.145088,0]]},{"type":"LineString","coordinates":[[-3.606145,37.145089,0],[-3.606144,37.145089,0],[-3.606142,37.145091,0],[-3.606141,37.145091,0],[-3.60614,37.145092,0],[-3.606144,37.145093,0],[-3.606145,37.145092,0],[-3.606144,37.145092,0],[-3.606145,37.145089,0]]},{"type":"LineString","coordinates":[[-3.606138,37.145086,0],[-3.606136,37.145086,0],[-3.606135,37.145087,0],[-3.606135,37.145085,0],[-3.606133,37.145085,0],[-3.606134,37.145087,0],[-3.606131,37.145088,0],[-3.606133,37.145089,0],[-3.606134,37.145088,0],[-3.606134,37.145089,0],[-3.606136,37.14509,0],[-3.606135,37.145088,0],[-3.606138,37.145086,0]]},{"type":"LineString","coordinates":[[-3.606133,37.145085,0],[-3.606131,37.145084,0],[-3.606129,37.145088,0],[-3.606131,37.145088,0],[-3.606133,37.145085,0]]},{"type":"LineString","coordinates":[[-3.606141,37.145088,0],[-3.606139,37.145088,0],[-3.606139,37.145087,0],[-3.606138,37.145086,0],[-3.606137,37.145091,0],[-3.606139,37.145091,0],[-3.606143,37.145088,0],[-3.606141,37.145088,0]]},{"type":"LineString","coordinates":[[-3.60614,37.145089,0],[-3.606139,37.14509,0],[-3.606139,37.145089,0],[-3.60614,37.145089,0]]}]},"properties":{"name":"Reserva Taxi","styleUrl":"#line-AAFF00-2000-nodesc","stroke-opacity":1,"stroke":"#aaff00","stroke-width":2}},{"type":"Feature","geometry":{"type":"GeometryCollection","geometries":[{"type":"LineString","coordinates":[[-3.606349,37.145187,0],[-3.606345,37.145188,0],[-3.606304,37.145167,0],[-3.606303,37.145164,0],[-3.606307,37.145163,0],[-3.606348,37.145184,0],[-3.606349,37.145187,0]]},{"type":"LineString","coordinates":[[-3.606349,37.145187,0],[-3.606345,37.145188,0],[-3.606304,37.145167,0],[-3.606303,37.145164,0],[-3.606307,37.145163,0],[-3.606348,37.145184,0],[-3.606349,37.145187,0]]},{"type":"LineString","coordinates":[[-3.606348,37.145185,0],[-3.606346,37.145187,0],[-3.606305,37.145166,0],[-3.606306,37.145164,0],[-3.606348,37.145185,0]]},{"type":"LineString","coordinates":[[-3.606348,37.145185,0],[-3.606346,37.145187,0],[-3.606305,37.145166,0],[-3.606306,37.145164,0],[-3.606348,37.145185,0]]},{"type":"LineString","coordinates":[[-3.606339,37.145177,0],[-3.606338,37.145179,0],[-3.606336,37.145178,0],[-3.606337,37.145176,0],[-3.606321,37.145167,0],[-3.606319,37.14517,0],[-3.606317,37.145169,0],[-3.606319,37.145166,0],[-3.606313,37.145169,0],[-3.606313,37.145174,0],[-3.606315,37.145172,0],[-3.606317,37.145173,0],[-3.606315,37.145175,0],[-3.606331,37.145183,0],[-3.606333,37.145181,0],[-3.606335,37.145182,0],[-3.606333,37.145184,0],[-3.606339,37.145182,0],[-3.606339,37.145177,0]]},{"type":"LineString","coordinates":[[-3.606333,37.145177,0],[-3.606332,37.145176,0],[-3.60633,37.145179,0],[-3.606329,37.145178,0],[-3.606328,37.145179,0],[-3.606332,37.145181,0],[-3.606333,37.14518,0],[-3.606331,37.145179,0],[-3.606333,37.145177,0]]},{"type":"LineString","coordinates":[[-3.606327,37.145173,0],[-3.606325,37.145173,0],[-3.606324,37.145173,0],[-3.606324,37.145172,0],[-3.606322,37.145171,0],[-3.606322,37.145174,0],[-3.60632,37.145175,0],[-3.606321,37.145175,0],[-3.606323,37.145175,0],[-3.606323,37.145176,0],[-3.606324,37.145177,0],[-3.606324,37.145174,0],[-3.606327,37.145173,0]]},{"type":"LineString","coordinates":[[-3.606322,37.145171,0],[-3.60632,37.14517,0],[-3.606318,37.145174,0],[-3.606319,37.145174,0],[-3.606322,37.145171,0]]},{"type":"LineString","coordinates":[[-3.60633,37.145175,0],[-3.606329,37.145176,0],[-3.606328,37.145175,0],[-3.606328,37.145174,0],[-3.606327,37.145173,0],[-3.606326,37.145178,0],[-3.606327,37.145178,0],[-3.606331,37.145176,0],[-3.60633,37.145175,0]]},{"type":"LineString","coordinates":[[-3.606328,37.145176,0],[-3.606327,37.145177,0],[-3.606327,37.145176,0],[-3.606328,37.145176,0]]}]},"properties":{"name":"Reserva Taxi","styleUrl":"#line-AAFF00-2000-nodesc","stroke-opacity":1,"stroke":"#aaff00","stroke-width":2}},{"type":"Feature","geometry":{"type":"GeometryCollection","geometries":[{"type":"LineString","coordinates":[[-3.598693,37.166377,0],[-3.598695,37.166379,0],[-3.598696,37.166423,0],[-3.5987,37.166482,0],[-3.5987,37.166524,0],[-3.598694,37.166558,0],[-3.598681,37.166592,0],[-3.598662,37.166631,0],[-3.598641,37.166662,0],[-3.59861,37.166696,0],[-3.598575,37.166728,0],[-3.598521,37.166758,0],[-3.598504,37.166775,0],[-3.5985,37.166775,0],[-3.5985,37.166772,0],[-3.598517,37.166755,0],[-3.598571,37.166725,0],[-3.598606,37.166693,0],[-3.598637,37.16666,0],[-3.598657,37.166629,0],[-3.598676,37.16659,0],[-3.598688,37.166557,0],[-3.598694,37.166523,0],[-3.598695,37.166482,0],[-3.59869,37.166423,0],[-3.59869,37.166379,0],[-3.598693,37.166377,0]]},{"type":"LineString","coordinates":[[-3.598693,37.166377,0],[-3.598695,37.166379,0],[-3.598696,37.166423,0],[-3.5987,37.166482,0],[-3.5987,37.166524,0],[-3.598694,37.166558,0],[-3.598681,37.166592,0],[-3.598662,37.166631,0],[-3.598641,37.166662,0],[-3.59861,37.166696,0],[-3.598575,37.166728,0],[-3.598521,37.166758,0],[-3.598504,37.166775,0],[-3.5985,37.166775,0],[-3.5985,37.166772,0],[-3.598517,37.166755,0],[-3.598571,37.166725,0],[-3.598606,37.166693,0],[-3.598637,37.16666,0],[-3.598657,37.166629,0],[-3.598676,37.16659,0],[-3.598688,37.166557,0],[-3.598694,37.166523,0],[-3.598695,37.166482,0],[-3.59869,37.166423,0],[-3.59869,37.166379,0],[-3.598693,37.166377,0]]},{"type":"LineString","coordinates":[[-3.598691,37.166379,0],[-3.598694,37.166379,0],[-3.598694,37.166423,0],[-3.598699,37.166482,0],[-3.598698,37.166524,0],[-3.598693,37.166558,0],[-3.59868,37.166591,0],[-3.598661,37.166631,0],[-3.59864,37.166662,0],[-3.598609,37.166696,0],[-3.598574,37.166727,0],[-3.59852,37.166757,0],[-3.598503,37.166774,0],[-3.598501,37.166773,0],[-3.598518,37.166756,0],[-3.598572,37.166726,0],[-3.598607,37.166694,0],[-3.598638,37.16666,0],[-3.598658,37.16663,0],[-3.598677,37.166591,0],[-3.59869,37.166557,0],[-3.598695,37.166524,0],[-3.598696,37.166482,0],[-3.598692,37.166423,0],[-3.598691,37.166379,0]]},{"type":"LineString","coordinates":[[-3.598691,37.166379,0],[-3.598694,37.166379,0],[-3.598694,37.166423,0],[-3.598699,37.166482,0],[-3.598698,37.166524,0],[-3.598693,37.166558,0],[-3.59868,37.166591,0],[-3.598661,37.166631,0],[-3.59864,37.166662,0],[-3.598609,37.166696,0],[-3.598574,37.166727,0],[-3.59852,37.166757,0],[-3.598503,37.166774,0],[-3.598501,37.166773,0],[-3.598518,37.166756,0],[-3.598572,37.166726,0],[-3.598607,37.166694,0],[-3.598638,37.16666,0],[-3.598658,37.16663,0],[-3.598677,37.166591,0],[-3.59869,37.166557,0],[-3.598695,37.166524,0],[-3.598696,37.166482,0],[-3.598692,37.166423,0],[-3.598691,37.166379,0]]},{"type":"LineString","coordinates":[[-3.598673,37.166591,0],[-3.598676,37.166592,0],[-3.598675,37.166593,0],[-3.598672,37.166593,0],[-3.598665,37.166607,0],[-3.598668,37.166608,0],[-3.598667,37.16661,0],[-3.598664,37.166609,0],[-3.598668,37.166613,0],[-3.598675,37.166612,0],[-3.598672,37.166611,0],[-3.598673,37.166609,0],[-3.598675,37.16661,0],[-3.598682,37.166596,0],[-3.59868,37.166595,0],[-3.59868,37.166593,0],[-3.598683,37.166594,0],[-3.598679,37.16659,0],[-3.598673,37.166591,0]]},{"type":"LineString","coordinates":[[-3.598674,37.166595,0],[-3.598674,37.166596,0],[-3.598677,37.166598,0],[-3.598676,37.166599,0],[-3.598678,37.166599,0],[-3.598679,37.166596,0],[-3.598678,37.166595,0],[-3.598678,37.166596,0],[-3.598674,37.166595,0]]},{"type":"LineString","coordinates":[[-3.598671,37.166601,0],[-3.598671,37.166603,0],[-3.598672,37.166604,0],[-3.59867,37.166604,0],[-3.598669,37.166605,0],[-3.598672,37.166605,0],[-3.598674,37.166607,0],[-3.598674,37.166605,0],[-3.598673,37.166604,0],[-3.598675,37.166604,0],[-3.598676,37.166603,0],[-3.598673,37.166603,0],[-3.598671,37.166601,0]]},{"type":"LineString","coordinates":[[-3.598669,37.166606,0],[-3.598669,37.166607,0],[-3.598673,37.166608,0],[-3.598674,37.166607,0],[-3.598669,37.166606,0]]},{"type":"LineString","coordinates":[[-3.598673,37.166599,0],[-3.598673,37.1666,0],[-3.598672,37.1666,0],[-3.598671,37.166601,0],[-3.598676,37.166601,0],[-3.598677,37.1666,0],[-3.598673,37.166597,0],[-3.598673,37.166599,0]]},{"type":"LineString","coordinates":[[-3.598674,37.166599,0],[-3.598675,37.1666,0],[-3.598674,37.1666,0],[-3.598674,37.166599,0]]}]},"properties":{"name":"Reserva Taxi","styleUrl":"#line-AAFF00-2000-nodesc","stroke-opacity":1,"stroke":"#aaff00","stroke-width":2}},{"type":"Feature","geometry":{"type":"GeometryCollection","geometries":[{"type":"LineString","coordinates":[[-3.606085,37.145764,0],[-3.606087,37.145766,0],[-3.606042,37.145939,0],[-3.606038,37.14594,0],[-3.606036,37.145938,0],[-3.606082,37.145765,0],[-3.606085,37.145764,0]]},{"type":"LineString","coordinates":[[-3.606085,37.145764,0],[-3.606087,37.145766,0],[-3.606042,37.145939,0],[-3.606038,37.14594,0],[-3.606036,37.145938,0],[-3.606082,37.145765,0],[-3.606085,37.145764,0]]},{"type":"LineString","coordinates":[[-3.606083,37.145766,0],[-3.606086,37.145766,0],[-3.60604,37.145938,0],[-3.606038,37.145938,0],[-3.606083,37.145766,0]]},{"type":"LineString","coordinates":[[-3.606083,37.145766,0],[-3.606086,37.145766,0],[-3.60604,37.145938,0],[-3.606038,37.145938,0],[-3.606083,37.145766,0]]},{"type":"LineString","coordinates":[[-3.606059,37.145842,0],[-3.606062,37.145842,0],[-3.606061,37.145844,0],[-3.606058,37.145843,0],[-3.606054,37.145859,0],[-3.606057,37.145859,0],[-3.606057,37.145861,0],[-3.606054,37.14586,0],[-3.606059,37.145864,0],[-3.606065,37.145862,0],[-3.606062,37.145862,0],[-3.606062,37.14586,0],[-3.606065,37.14586,0],[-3.606069,37.145845,0],[-3.606066,37.145845,0],[-3.606067,37.145843,0],[-3.60607,37.145843,0],[-3.606065,37.14584,0],[-3.606059,37.145842,0]]},{"type":"LineString","coordinates":[[-3.606061,37.145846,0],[-3.606061,37.145847,0],[-3.606064,37.145848,0],[-3.606064,37.145849,0],[-3.606065,37.145849,0],[-3.606066,37.145846,0],[-3.606065,37.145845,0],[-3.606065,37.145847,0],[-3.606061,37.145846,0]]},{"type":"LineString","coordinates":[[-3.606059,37.145852,0],[-3.606059,37.145854,0],[-3.60606,37.145855,0],[-3.606059,37.145855,0],[-3.606058,37.145856,0],[-3.606061,37.145855,0],[-3.606063,37.145857,0],[-3.606063,37.145856,0],[-3.606062,37.145855,0],[-3.606064,37.145854,0],[-3.606064,37.145853,0],[-3.606061,37.145854,0],[-3.606059,37.145852,0]]},{"type":"LineString","coordinates":[[-3.606058,37.145857,0],[-3.606058,37.145858,0],[-3.606063,37.145859,0],[-3.606063,37.145858,0],[-3.606058,37.145857,0]]},{"type":"LineString","coordinates":[[-3.60606,37.145849,0],[-3.606061,37.14585,0],[-3.606061,37.145851,0],[-3.60606,37.145851,0],[-3.606059,37.145852,0],[-3.606064,37.145852,0],[-3.606065,37.14585,0],[-3.60606,37.145848,0],[-3.60606,37.145849,0]]},{"type":"LineString","coordinates":[[-3.606062,37.14585,0],[-3.606063,37.145851,0],[-3.606062,37.145851,0],[-3.606062,37.14585,0]]}]},"properties":{"name":"Reserva Taxi","styleUrl":"#line-AAFF00-2000-nodesc","stroke-opacity":1,"stroke":"#aaff00","stroke-width":2}},{"type":"Feature","geometry":{"type":"GeometryCollection","geometries":[{"type":"LineString","coordinates":[[-3.607095,37.188495,0],[-3.607097,37.188498,0],[-3.607039,37.188591,0],[-3.607035,37.188593,0],[-3.607034,37.188589,0],[-3.607092,37.188496,0],[-3.607095,37.188495,0]]},{"type":"LineString","coordinates":[[-3.607095,37.188495,0],[-3.607097,37.188498,0],[-3.607039,37.188591,0],[-3.607035,37.188593,0],[-3.607034,37.188589,0],[-3.607092,37.188496,0],[-3.607095,37.188495,0]]},{"type":"LineString","coordinates":[[-3.607093,37.188497,0],[-3.607096,37.188498,0],[-3.607038,37.188591,0],[-3.607035,37.18859,0],[-3.607093,37.188497,0]]},{"type":"LineString","coordinates":[[-3.607093,37.188497,0],[-3.607096,37.188498,0],[-3.607038,37.188591,0],[-3.607035,37.18859,0],[-3.607093,37.188497,0]]},{"type":"LineString","coordinates":[[-3.607066,37.188533,0],[-3.607068,37.188534,0],[-3.607067,37.188536,0],[-3.607065,37.188535,0],[-3.607056,37.188549,0],[-3.607059,37.18855,0],[-3.607058,37.188551,0],[-3.607055,37.18855,0],[-3.607059,37.188555,0],[-3.607065,37.188554,0],[-3.607062,37.188553,0],[-3.607063,37.188552,0],[-3.607066,37.188553,0],[-3.607075,37.188539,0],[-3.607072,37.188538,0],[-3.607073,37.188536,0],[-3.607076,37.188537,0],[-3.607072,37.188533,0],[-3.607066,37.188533,0]]},{"type":"LineString","coordinates":[[-3.607067,37.188538,0],[-3.607066,37.188539,0],[-3.607069,37.18854,0],[-3.607068,37.188541,0],[-3.607069,37.188542,0],[-3.607072,37.188538,0],[-3.60707,37.188538,0],[-3.60707,37.188539,0],[-3.607067,37.188538,0]]},{"type":"LineString","coordinates":[[-3.607063,37.188544,0],[-3.607062,37.188545,0],[-3.607063,37.188546,0],[-3.607061,37.188546,0],[-3.607061,37.188547,0],[-3.607064,37.188547,0],[-3.607065,37.188549,0],[-3.607066,37.188548,0],[-3.607065,37.188547,0],[-3.607066,37.188547,0],[-3.607067,37.188545,0],[-3.607064,37.188546,0],[-3.607063,37.188544,0]]},{"type":"LineString","coordinates":[[-3.60706,37.188548,0],[-3.60706,37.188549,0],[-3.607064,37.18855,0],[-3.607065,37.188549,0],[-3.60706,37.188548,0]]},{"type":"LineString","coordinates":[[-3.607065,37.188541,0],[-3.607064,37.188543,0],[-3.607064,37.188542,0],[-3.607063,37.188544,0],[-3.607068,37.188544,0],[-3.607069,37.188543,0],[-3.607065,37.18854,0],[-3.607065,37.188541,0]]},{"type":"LineString","coordinates":[[-3.607066,37.188542,0],[-3.607067,37.188543,0],[-3.607066,37.188543,0],[-3.607066,37.188542,0]]}]},"properties":{"name":"Reserva Taxi","styleUrl":"#line-AAFF00-2000-nodesc","stroke-opacity":1,"stroke":"#aaff00","stroke-width":2}},{"type":"Feature","geometry":{"type":"GeometryCollection","geometries":[{"type":"LineString","coordinates":[[-3.570957,37.163162,0],[-3.570953,37.163163,0],[-3.570866,37.163104,0],[-3.570866,37.163101,0],[-3.57087,37.1631,0],[-3.570956,37.163159,0],[-3.570957,37.163162,0]]},{"type":"LineString","coordinates":[[-3.570957,37.163162,0],[-3.570953,37.163163,0],[-3.570866,37.163104,0],[-3.570866,37.163101,0],[-3.57087,37.1631,0],[-3.570956,37.163159,0],[-3.570957,37.163162,0]]},{"type":"LineString","coordinates":[[-3.570955,37.16316,0],[-3.570953,37.163162,0],[-3.570867,37.163103,0],[-3.570869,37.163101,0],[-3.570955,37.16316,0]]},{"type":"LineString","coordinates":[[-3.570955,37.16316,0],[-3.570953,37.163162,0],[-3.570867,37.163103,0],[-3.570869,37.163101,0],[-3.570955,37.16316,0]]},{"type":"LineString","coordinates":[[-3.570924,37.163134,0],[-3.570922,37.163136,0],[-3.57092,37.163135,0],[-3.570922,37.163133,0],[-3.570907,37.163123,0],[-3.570905,37.163125,0],[-3.570904,37.163124,0],[-3.570906,37.163122,0],[-3.5709,37.163124,0],[-3.570898,37.163129,0],[-3.5709,37.163127,0],[-3.570902,37.163128,0],[-3.5709,37.16313,0],[-3.570915,37.16314,0],[-3.570917,37.163138,0],[-3.570919,37.163139,0],[-3.570917,37.163141,0],[-3.570923,37.163139,0],[-3.570924,37.163134,0]]},{"type":"LineString","coordinates":[[-3.570918,37.163134,0],[-3.570917,37.163133,0],[-3.570915,37.163135,0],[-3.570913,37.163135,0],[-3.570916,37.163138,0],[-3.570917,37.163137,0],[-3.570916,37.163136,0],[-3.570918,37.163134,0]]},{"type":"LineString","coordinates":[[-3.570912,37.16313,0],[-3.570911,37.163129,0],[-3.570909,37.163129,0],[-3.570909,37.163128,0],[-3.570908,37.163127,0],[-3.570908,37.163129,0],[-3.570905,37.16313,0],[-3.570906,37.163131,0],[-3.570908,37.16313,0],[-3.570908,37.163132,0],[-3.570909,37.163133,0],[-3.570909,37.16313,0],[-3.570912,37.16313,0]]},{"type":"LineString","coordinates":[[-3.570908,37.163127,0],[-3.570906,37.163126,0],[-3.570903,37.163129,0],[-3.570904,37.16313,0],[-3.570908,37.163127,0]]},{"type":"LineString","coordinates":[[-3.570915,37.163132,0],[-3.570914,37.163132,0],[-3.570913,37.163131,0],[-3.570912,37.16313,0],[-3.57091,37.163134,0],[-3.570912,37.163134,0],[-3.570916,37.163132,0],[-3.570915,37.163132,0]]},{"type":"LineString","coordinates":[[-3.570913,37.163132,0],[-3.570912,37.163133,0],[-3.570912,37.163132,0],[-3.570913,37.163132,0]]}]},"properties":{"name":"Reserva Taxi","styleUrl":"#line-AAFF00-2000-nodesc","stroke-opacity":1,"stroke":"#aaff00","stroke-width":2}},{"type":"Feature","geometry":{"type":"GeometryCollection","geometries":[{"type":"LineString","coordinates":[[-3.611967,37.189279,0],[-3.611963,37.189278,0],[-3.611816,37.18915,0],[-3.611816,37.189146,0],[-3.61182,37.189147,0],[-3.611968,37.189275,0],[-3.611967,37.189279,0]]},{"type":"LineString","coordinates":[[-3.611967,37.189279,0],[-3.611963,37.189278,0],[-3.611816,37.18915,0],[-3.611816,37.189146,0],[-3.61182,37.189147,0],[-3.611968,37.189275,0],[-3.611967,37.189279,0]]},{"type":"LineString","coordinates":[[-3.611966,37.189276,0],[-3.611964,37.189278,0],[-3.611817,37.189149,0],[-3.611819,37.189147,0],[-3.611966,37.189276,0]]},{"type":"LineString","coordinates":[[-3.611966,37.189276,0],[-3.611964,37.189278,0],[-3.611817,37.189149,0],[-3.611819,37.189147,0],[-3.611966,37.189276,0]]},{"type":"LineString","coordinates":[[-3.611904,37.189216,0],[-3.611902,37.189218,0],[-3.6119,37.189217,0],[-3.611902,37.189215,0],[-3.611889,37.189203,0],[-3.611887,37.189205,0],[-3.611886,37.189204,0],[-3.611888,37.189202,0],[-3.611881,37.189203,0],[-3.611879,37.189208,0],[-3.611882,37.189207,0],[-3.611883,37.189208,0],[-3.611881,37.18921,0],[-3.611894,37.189221,0],[-3.611896,37.189219,0],[-3.611898,37.189221,0],[-3.611896,37.189222,0],[-3.611902,37.189221,0],[-3.611904,37.189216,0]]},{"type":"LineString","coordinates":[[-3.611898,37.189215,0],[-3.611897,37.189214,0],[-3.611895,37.189216,0],[-3.611894,37.189215,0],[-3.611893,37.189216,0],[-3.611896,37.189219,0],[-3.611897,37.189218,0],[-3.611896,37.189217,0],[-3.611898,37.189215,0]]},{"type":"LineString","coordinates":[[-3.611893,37.189211,0],[-3.611892,37.18921,0],[-3.61189,37.18921,0],[-3.61189,37.189208,0],[-3.611889,37.189207,0],[-3.611889,37.18921,0],[-3.611886,37.18921,0],[-3.611887,37.189211,0],[-3.611889,37.189211,0],[-3.611888,37.189212,0],[-3.611889,37.189213,0],[-3.61189,37.189211,0],[-3.611893,37.189211,0]]},{"type":"LineString","coordinates":[[-3.611889,37.189207,0],[-3.611888,37.189206,0],[-3.611884,37.189209,0],[-3.611885,37.18921,0],[-3.611889,37.189207,0]]},{"type":"LineString","coordinates":[[-3.611895,37.189213,0],[-3.611893,37.189212,0],[-3.611894,37.189211,0],[-3.611893,37.189211,0],[-3.611891,37.189214,0],[-3.611892,37.189215,0],[-3.611896,37.189214,0],[-3.611895,37.189213,0]]},{"type":"LineString","coordinates":[[-3.611894,37.189213,0],[-3.611892,37.189214,0],[-3.611893,37.189213,0],[-3.611894,37.189213,0]]}]},"properties":{"name":"Reserva Taxi","styleUrl":"#line-AAFF00-2000-nodesc","stroke-opacity":1,"stroke":"#aaff00","stroke-width":2}},{"type":"Feature","geometry":{"type":"GeometryCollection","geometries":[{"type":"LineString","coordinates":[[-3.609399,37.184139,0],[-3.609395,37.18414,0],[-3.608989,37.184058,0],[-3.608987,37.184055,0],[-3.608991,37.184053,0],[-3.609397,37.184136,0],[-3.609399,37.184139,0]]},{"type":"LineString","coordinates":[[-3.609399,37.184139,0],[-3.609395,37.18414,0],[-3.608989,37.184058,0],[-3.608987,37.184055,0],[-3.608991,37.184053,0],[-3.609397,37.184136,0],[-3.609399,37.184139,0]]},{"type":"LineString","coordinates":[[-3.609396,37.184137,0],[-3.609396,37.184139,0],[-3.60899,37.184057,0],[-3.608991,37.184055,0],[-3.609396,37.184137,0]]},{"type":"LineString","coordinates":[[-3.609396,37.184137,0],[-3.609396,37.184139,0],[-3.60899,37.184057,0],[-3.608991,37.184055,0],[-3.609396,37.184137,0]]},{"type":"LineString","coordinates":[[-3.609206,37.184095,0],[-3.609205,37.184097,0],[-3.609203,37.184097,0],[-3.609204,37.184095,0],[-3.609185,37.184091,0],[-3.609184,37.184093,0],[-3.609182,37.184093,0],[-3.609183,37.18409,0],[-3.609178,37.184094,0],[-3.60918,37.184099,0],[-3.609181,37.184097,0],[-3.609183,37.184097,0],[-3.609182,37.184099,0],[-3.609201,37.184103,0],[-3.609202,37.184101,0],[-3.609204,37.184101,0],[-3.609203,37.184104,0],[-3.609208,37.1841,0],[-3.609206,37.184095,0]]},{"type":"LineString","coordinates":[[-3.609201,37.184097,0],[-3.609199,37.184096,0],[-3.609198,37.184099,0],[-3.609197,37.184099,0],[-3.609196,37.1841,0],[-3.609201,37.184101,0],[-3.609201,37.1841,0],[-3.6092,37.184099,0],[-3.609201,37.184097,0]]},{"type":"LineString","coordinates":[[-3.609193,37.184095,0],[-3.609191,37.184095,0],[-3.60919,37.184096,0],[-3.609189,37.184094,0],[-3.609188,37.184094,0],[-3.609189,37.184096,0],[-3.609187,37.184098,0],[-3.609188,37.184098,0],[-3.609189,37.184097,0],[-3.60919,37.184098,0],[-3.609192,37.184099,0],[-3.609191,37.184097,0],[-3.609193,37.184095,0]]},{"type":"LineString","coordinates":[[-3.609187,37.184094,0],[-3.609186,37.184094,0],[-3.609185,37.184097,0],[-3.609186,37.184098,0],[-3.609187,37.184094,0]]},{"type":"LineString","coordinates":[[-3.609196,37.184096,0],[-3.609194,37.184096,0],[-3.609194,37.184095,0],[-3.609193,37.184095,0],[-3.609193,37.184099,0],[-3.609195,37.184099,0],[-3.609198,37.184096,0],[-3.609196,37.184096,0]]},{"type":"LineString","coordinates":[[-3.609195,37.184097,0],[-3.609195,37.184098,0],[-3.609194,37.184097,0],[-3.609195,37.184097,0]]}]},"properties":{"name":"Reserva Taxi","styleUrl":"#line-AAFF00-2000-nodesc","stroke-opacity":1,"stroke":"#aaff00","stroke-width":2}},{"type":"Feature","geometry":{"type":"GeometryCollection","geometries":[{"type":"LineString","coordinates":[[-3.59744,37.172286,0],[-3.597442,37.172289,0],[-3.597392,37.172366,0],[-3.597388,37.172367,0],[-3.597387,37.172364,0],[-3.597436,37.172287,0],[-3.59744,37.172286,0]]},{"type":"LineString","coordinates":[[-3.59744,37.172286,0],[-3.597442,37.172289,0],[-3.597392,37.172366,0],[-3.597388,37.172367,0],[-3.597387,37.172364,0],[-3.597436,37.172287,0],[-3.59744,37.172286,0]]},{"type":"LineString","coordinates":[[-3.597438,37.172287,0],[-3.59744,37.172288,0],[-3.597391,37.172366,0],[-3.597388,37.172365,0],[-3.597438,37.172287,0]]},{"type":"LineString","coordinates":[[-3.597438,37.172287,0],[-3.59744,37.172288,0],[-3.597391,37.172366,0],[-3.597388,37.172365,0],[-3.597438,37.172287,0]]},{"type":"LineString","coordinates":[[-3.597415,37.172316,0],[-3.597418,37.172317,0],[-3.597416,37.172319,0],[-3.597414,37.172317,0],[-3.597405,37.172331,0],[-3.597408,37.172332,0],[-3.597407,37.172334,0],[-3.597404,37.172333,0],[-3.597407,37.172337,0],[-3.597414,37.172337,0],[-3.597411,37.172336,0],[-3.597412,37.172334,0],[-3.597415,37.172335,0],[-3.597424,37.172322,0],[-3.597421,37.17232,0],[-3.597422,37.172319,0],[-3.597425,37.17232,0],[-3.597421,37.172316,0],[-3.597415,37.172316,0]]},{"type":"LineString","coordinates":[[-3.597416,37.17232,0],[-3.597415,37.172322,0],[-3.597418,37.172323,0],[-3.597417,37.172324,0],[-3.597419,37.172324,0],[-3.597421,37.172321,0],[-3.59742,37.172321,0],[-3.597419,37.172322,0],[-3.597416,37.17232,0]]},{"type":"LineString","coordinates":[[-3.597412,37.172326,0],[-3.597411,37.172327,0],[-3.597412,37.172329,0],[-3.59741,37.172329,0],[-3.59741,37.17233,0],[-3.597413,37.17233,0],[-3.597414,37.172332,0],[-3.597415,37.17233,0],[-3.597414,37.172329,0],[-3.597415,37.172329,0],[-3.597416,37.172328,0],[-3.597413,37.172328,0],[-3.597412,37.172326,0]]},{"type":"LineString","coordinates":[[-3.597409,37.17233,0],[-3.597409,37.172331,0],[-3.597413,37.172333,0],[-3.597414,37.172332,0],[-3.597409,37.17233,0]]},{"type":"LineString","coordinates":[[-3.597414,37.172323,0],[-3.597414,37.172324,0],[-3.597413,37.172325,0],[-3.597412,37.172326,0],[-3.597417,37.172327,0],[-3.597418,37.172325,0],[-3.597414,37.172322,0],[-3.597414,37.172323,0]]},{"type":"LineString","coordinates":[[-3.597415,37.172325,0],[-3.597416,37.172326,0],[-3.597415,37.172325,0]]}]},"properties":{"name":"Reserva Taxi","styleUrl":"#line-AAFF00-2000-nodesc","stroke-opacity":1,"stroke":"#aaff00","stroke-width":2}},{"type":"Feature","geometry":{"type":"GeometryCollection","geometries":[{"type":"LineString","coordinates":[[-3.608343,37.163586,0],[-3.608342,37.163589,0],[-3.608148,37.163668,0],[-3.608145,37.163667,0],[-3.608146,37.163664,0],[-3.608339,37.163585,0],[-3.608343,37.163586,0]]},{"type":"LineString","coordinates":[[-3.608343,37.163586,0],[-3.608342,37.163589,0],[-3.608148,37.163668,0],[-3.608145,37.163667,0],[-3.608146,37.163664,0],[-3.608339,37.163585,0],[-3.608343,37.163586,0]]},{"type":"LineString","coordinates":[[-3.60834,37.163586,0],[-3.608341,37.163588,0],[-3.608148,37.163667,0],[-3.608146,37.163665,0],[-3.60834,37.163586,0]]},{"type":"LineString","coordinates":[[-3.60834,37.163586,0],[-3.608341,37.163588,0],[-3.608148,37.163667,0],[-3.608146,37.163665,0],[-3.60834,37.163586,0]]},{"type":"LineString","coordinates":[[-3.608252,37.163618,0],[-3.608253,37.16362,0],[-3.608251,37.163621,0],[-3.60825,37.163619,0],[-3.608233,37.163626,0],[-3.608234,37.163628,0],[-3.608232,37.163629,0],[-3.60823,37.163627,0],[-3.60823,37.163632,0],[-3.608236,37.163635,0],[-3.608234,37.163632,0],[-3.608236,37.163632,0],[-3.608238,37.163634,0],[-3.608255,37.163627,0],[-3.608253,37.163625,0],[-3.608256,37.163624,0],[-3.608257,37.163626,0],[-3.608257,37.163621,0],[-3.608252,37.163618,0]]},{"type":"LineString","coordinates":[[-3.608249,37.163622,0],[-3.608248,37.163622,0],[-3.608249,37.163625,0],[-3.608248,37.163626,0],[-3.608249,37.163626,0],[-3.608253,37.163625,0],[-3.608252,37.163624,0],[-3.608251,37.163625,0],[-3.608249,37.163622,0]]},{"type":"LineString","coordinates":[[-3.608242,37.163625,0],[-3.60824,37.163625,0],[-3.60824,37.163627,0],[-3.608239,37.163626,0],[-3.608237,37.163627,0],[-3.60824,37.163628,0],[-3.60824,37.16363,0],[-3.608241,37.16363,0],[-3.608241,37.163628,0],[-3.608243,37.163629,0],[-3.608244,37.163628,0],[-3.608242,37.163627,0],[-3.608242,37.163625,0]]},{"type":"LineString","coordinates":[[-3.608237,37.163627,0],[-3.608235,37.163628,0],[-3.608238,37.163631,0],[-3.608239,37.16363,0],[-3.608237,37.163627,0]]},{"type":"LineString","coordinates":[[-3.608245,37.163624,0],[-3.608244,37.163625,0],[-3.608243,37.163624,0],[-3.608242,37.163625,0],[-3.608246,37.163628,0],[-3.608247,37.163627,0],[-3.608247,37.163623,0],[-3.608245,37.163624,0]]},{"type":"LineString","coordinates":[[-3.608246,37.163625,0],[-3.608246,37.163626,0],[-3.608245,37.163625,0],[-3.608246,37.163625,0]]}]},"properties":{"name":"Reserva Taxi","styleUrl":"#line-AAFF00-2000-nodesc","stroke-opacity":1,"stroke":"#aaff00","stroke-width":2}},{"type":"Feature","geometry":{"type":"GeometryCollection","geometries":[{"type":"LineString","coordinates":[[-3.599097,37.174147,0],[-3.599098,37.17415,0],[-3.599023,37.174267,0],[-3.599019,37.174268,0],[-3.599018,37.174265,0],[-3.599093,37.174148,0],[-3.599097,37.174147,0]]},{"type":"LineString","coordinates":[[-3.599097,37.174147,0],[-3.599098,37.17415,0],[-3.599023,37.174267,0],[-3.599019,37.174268,0],[-3.599018,37.174265,0],[-3.599093,37.174148,0],[-3.599097,37.174147,0]]},{"type":"LineString","coordinates":[[-3.599094,37.174148,0],[-3.599097,37.174149,0],[-3.599022,37.174266,0],[-3.599019,37.174265,0],[-3.599094,37.174148,0]]},{"type":"LineString","coordinates":[[-3.599094,37.174148,0],[-3.599097,37.174149,0],[-3.599022,37.174266,0],[-3.599019,37.174265,0],[-3.599094,37.174148,0]]},{"type":"LineString","coordinates":[[-3.599058,37.174197,0],[-3.599061,37.174198,0],[-3.59906,37.174199,0],[-3.599057,37.174198,0],[-3.599049,37.174212,0],[-3.599051,37.174213,0],[-3.59905,37.174215,0],[-3.599047,37.174214,0],[-3.599051,37.174218,0],[-3.599058,37.174218,0],[-3.599055,37.174217,0],[-3.599056,37.174215,0],[-3.599059,37.174216,0],[-3.599068,37.174202,0],[-3.599065,37.174201,0],[-3.599066,37.1742,0],[-3.599069,37.174201,0],[-3.599065,37.174196,0],[-3.599058,37.174197,0]]},{"type":"LineString","coordinates":[[-3.599059,37.174201,0],[-3.599059,37.174202,0],[-3.599062,37.174204,0],[-3.599061,37.174205,0],[-3.599062,37.174205,0],[-3.599064,37.174202,0],[-3.599063,37.174202,0],[-3.599063,37.174203,0],[-3.599059,37.174201,0]]},{"type":"LineString","coordinates":[[-3.599056,37.174207,0],[-3.599055,37.174208,0],[-3.599056,37.174209,0],[-3.599054,37.17421,0],[-3.599053,37.174211,0],[-3.599056,37.17421,0],[-3.599058,37.174212,0],[-3.599058,37.174211,0],[-3.599057,37.17421,0],[-3.599059,37.17421,0],[-3.59906,37.174209,0],[-3.599057,37.174209,0],[-3.599056,37.174207,0]]},{"type":"LineString","coordinates":[[-3.599053,37.174211,0],[-3.599052,37.174212,0],[-3.599057,37.174214,0],[-3.599057,37.174213,0],[-3.599053,37.174211,0]]},{"type":"LineString","coordinates":[[-3.599057,37.174204,0],[-3.599058,37.174205,0],[-3.599057,37.174206,0],[-3.599056,37.174206,0],[-3.599056,37.174207,0],[-3.599061,37.174207,0],[-3.599061,37.174206,0],[-3.599058,37.174203,0],[-3.599057,37.174204,0]]},{"type":"LineString","coordinates":[[-3.599059,37.174205,0],[-3.59906,37.174206,0],[-3.599058,37.174206,0],[-3.599059,37.174205,0]]}]},"properties":{"name":"Reserva Taxi","styleUrl":"#line-AAFF00-2000-nodesc","stroke-opacity":1,"stroke":"#aaff00","stroke-width":2}},{"type":"Feature","geometry":{"type":"GeometryCollection","geometries":[{"type":"LineString","coordinates":[[-3.594518,37.16167,0],[-3.59452,37.161673,0],[-3.594441,37.162052,0],[-3.594438,37.162054,0],[-3.594436,37.162051,0],[-3.594515,37.161672,0],[-3.594518,37.16167,0]]},{"type":"LineString","coordinates":[[-3.594518,37.16167,0],[-3.59452,37.161673,0],[-3.594441,37.162052,0],[-3.594438,37.162054,0],[-3.594436,37.162051,0],[-3.594515,37.161672,0],[-3.594518,37.16167,0]]},{"type":"LineString","coordinates":[[-3.594516,37.161672,0],[-3.594519,37.161673,0],[-3.59444,37.162052,0],[-3.594437,37.162051,0],[-3.594516,37.161672,0]]},{"type":"LineString","coordinates":[[-3.594516,37.161672,0],[-3.594519,37.161673,0],[-3.59444,37.162052,0],[-3.594437,37.162051,0],[-3.594516,37.161672,0]]},{"type":"LineString","coordinates":[[-3.594474,37.161852,0],[-3.594477,37.161852,0],[-3.594477,37.161854,0],[-3.594474,37.161854,0],[-3.594471,37.161869,0],[-3.594474,37.161869,0],[-3.594473,37.161871,0],[-3.59447,37.161871,0],[-3.594476,37.161874,0],[-3.594482,37.161872,0],[-3.594479,37.161872,0],[-3.594479,37.16187,0],[-3.594482,37.16187,0],[-3.594485,37.161855,0],[-3.594482,37.161855,0],[-3.594483,37.161853,0],[-3.594486,37.161853,0],[-3.59448,37.16185,0],[-3.594474,37.161852,0]]},{"type":"LineString","coordinates":[[-3.594477,37.161856,0],[-3.594477,37.161857,0],[-3.59448,37.161858,0],[-3.59448,37.161859,0],[-3.594481,37.161859,0],[-3.594482,37.161856,0],[-3.594481,37.161855,0],[-3.59448,37.161857,0],[-3.594477,37.161856,0]]},{"type":"LineString","coordinates":[[-3.594476,37.161862,0],[-3.594475,37.161864,0],[-3.594477,37.161865,0],[-3.594475,37.161865,0],[-3.594475,37.161867,0],[-3.594477,37.161866,0],[-3.59448,37.161867,0],[-3.59448,37.161866,0],[-3.594478,37.161865,0],[-3.59448,37.161864,0],[-3.59448,37.161863,0],[-3.594478,37.161864,0],[-3.594476,37.161862,0]]},{"type":"LineString","coordinates":[[-3.594475,37.161867,0],[-3.594474,37.161868,0],[-3.594479,37.161869,0],[-3.594479,37.161868,0],[-3.594475,37.161867,0]]},{"type":"LineString","coordinates":[[-3.594476,37.161859,0],[-3.594477,37.16186,0],[-3.594477,37.161861,0],[-3.594476,37.161861,0],[-3.594476,37.161862,0],[-3.594481,37.161862,0],[-3.594481,37.16186,0],[-3.594476,37.161858,0],[-3.594476,37.161859,0]]},{"type":"LineString","coordinates":[[-3.594478,37.16186,0],[-3.59448,37.161861,0],[-3.594478,37.161861,0],[-3.594478,37.16186,0]]}]},"properties":{"name":"Reserva Taxi","styleUrl":"#line-AAFF00-2000-nodesc","stroke-opacity":1,"stroke":"#aaff00","stroke-width":2}},{"type":"Feature","geometry":{"type":"GeometryCollection","geometries":[{"type":"LineString","coordinates":[[-3.592378,37.18102,0],[-3.592375,37.181022,0],[-3.592326,37.18103,0],[-3.592323,37.181029,0],[-3.592325,37.181026,0],[-3.592374,37.181018,0],[-3.592378,37.18102,0]]},{"type":"LineString","coordinates":[[-3.592378,37.18102,0],[-3.592375,37.181022,0],[-3.592326,37.18103,0],[-3.592323,37.181029,0],[-3.592325,37.181026,0],[-3.592374,37.181018,0],[-3.592378,37.18102,0]]},{"type":"LineString","coordinates":[[-3.592374,37.181019,0],[-3.592375,37.181021,0],[-3.592326,37.181029,0],[-3.592325,37.181027,0],[-3.592374,37.181019,0]]},{"type":"LineString","coordinates":[[-3.592374,37.181019,0],[-3.592375,37.181021,0],[-3.592326,37.181029,0],[-3.592325,37.181027,0],[-3.592374,37.181019,0]]},{"type":"LineString","coordinates":[[-3.592361,37.181018,0],[-3.592361,37.18102,0],[-3.592359,37.18102,0],[-3.592359,37.181018,0],[-3.59234,37.181021,0],[-3.59234,37.181024,0],[-3.592338,37.181024,0],[-3.592337,37.181022,0],[-3.592335,37.181027,0],[-3.59234,37.18103,0],[-3.592339,37.181028,0],[-3.592341,37.181028,0],[-3.592342,37.18103,0],[-3.592361,37.181027,0],[-3.59236,37.181025,0],[-3.592363,37.181024,0],[-3.592363,37.181027,0],[-3.592365,37.181022,0],[-3.592361,37.181018,0]]},{"type":"LineString","coordinates":[[-3.592357,37.181021,0],[-3.592355,37.181021,0],[-3.592356,37.181024,0],[-3.592355,37.181024,0],[-3.592355,37.181025,0],[-3.592359,37.181025,0],[-3.592359,37.181024,0],[-3.592358,37.181024,0],[-3.592357,37.181021,0]]},{"type":"LineString","coordinates":[[-3.592349,37.181022,0],[-3.592347,37.181023,0],[-3.592347,37.181024,0],[-3.592346,37.181023,0],[-3.592344,37.181023,0],[-3.592346,37.181025,0],[-3.592345,37.181027,0],[-3.592347,37.181027,0],[-3.592347,37.181025,0],[-3.592348,37.181026,0],[-3.59235,37.181026,0],[-3.592348,37.181025,0],[-3.592349,37.181022,0]]},{"type":"LineString","coordinates":[[-3.592343,37.181023,0],[-3.592342,37.181024,0],[-3.592343,37.181027,0],[-3.592344,37.181027,0],[-3.592343,37.181023,0]]},{"type":"LineString","coordinates":[[-3.592353,37.181022,0],[-3.592351,37.181023,0],[-3.592351,37.181022,0],[-3.592349,37.181022,0],[-3.592352,37.181026,0],[-3.592353,37.181026,0],[-3.592354,37.181022,0],[-3.592353,37.181022,0]]},{"type":"LineString","coordinates":[[-3.592352,37.181023,0],[-3.592352,37.181025,0],[-3.592351,37.181023,0],[-3.592352,37.181023,0]]}]},"properties":{"name":"Reserva Taxi","styleUrl":"#line-AAFF00-2000-nodesc","stroke-opacity":1,"stroke":"#aaff00","stroke-width":2}},{"type":"Feature","geometry":{"type":"GeometryCollection","geometries":[{"type":"LineString","coordinates":[[-3.605579,37.147659,0],[-3.605576,37.147661,0],[-3.605227,37.147594,0],[-3.605225,37.147591,0],[-3.605228,37.14759,0],[-3.605577,37.147656,0],[-3.605579,37.147659,0]]},{"type":"LineString","coordinates":[[-3.605579,37.147659,0],[-3.605576,37.147661,0],[-3.605227,37.147594,0],[-3.605225,37.147591,0],[-3.605228,37.14759,0],[-3.605577,37.147656,0],[-3.605579,37.147659,0]]},{"type":"LineString","coordinates":[[-3.605577,37.147658,0],[-3.605576,37.14766,0],[-3.605227,37.147593,0],[-3.605228,37.147591,0],[-3.605577,37.147658,0]]},{"type":"LineString","coordinates":[[-3.605577,37.147658,0],[-3.605576,37.14766,0],[-3.605227,37.147593,0],[-3.605228,37.147591,0],[-3.605577,37.147658,0]]},{"type":"LineString","coordinates":[[-3.605415,37.147622,0],[-3.605414,37.147625,0],[-3.605412,37.147624,0],[-3.605413,37.147622,0],[-3.605394,37.147618,0],[-3.605393,37.147621,0],[-3.605391,37.14762,0],[-3.605392,37.147618,0],[-3.605387,37.147622,0],[-3.605389,37.147627,0],[-3.60539,37.147624,0],[-3.605392,37.147625,0],[-3.605391,37.147627,0],[-3.60541,37.147631,0],[-3.605411,37.147628,0],[-3.605413,37.147629,0],[-3.605412,37.147631,0],[-3.605417,37.147627,0],[-3.605415,37.147622,0]]},{"type":"LineString","coordinates":[[-3.60541,37.147624,0],[-3.605408,37.147624,0],[-3.605407,37.147627,0],[-3.605406,37.147626,0],[-3.605406,37.147627,0],[-3.60541,37.147628,0],[-3.60541,37.147627,0],[-3.605409,37.147627,0],[-3.60541,37.147624,0]]},{"type":"LineString","coordinates":[[-3.605402,37.147623,0],[-3.6054,37.147622,0],[-3.605399,37.147623,0],[-3.605398,37.147622,0],[-3.605397,37.147622,0],[-3.605398,37.147624,0],[-3.605396,37.147626,0],[-3.605397,37.147626,0],[-3.605398,37.147625,0],[-3.605399,37.147626,0],[-3.605401,37.147626,0],[-3.6054,37.147624,0],[-3.605402,37.147623,0]]},{"type":"LineString","coordinates":[[-3.605396,37.147622,0],[-3.605395,37.147621,0],[-3.605394,37.147625,0],[-3.605395,37.147625,0],[-3.605396,37.147622,0]]},{"type":"LineString","coordinates":[[-3.605405,37.147623,0],[-3.605405,37.147624,0],[-3.605403,37.147624,0],[-3.605403,37.147623,0],[-3.605402,37.147623,0],[-3.605402,37.147627,0],[-3.605404,37.147627,0],[-3.605407,37.147624,0],[-3.605405,37.147623,0]]},{"type":"LineString","coordinates":[[-3.605404,37.147625,0],[-3.605404,37.147626,0],[-3.605403,37.147625,0],[-3.605404,37.147625,0]]}]},"properties":{"name":"Reserva Taxi","styleUrl":"#line-AAFF00-2000-nodesc","stroke-opacity":1,"stroke":"#aaff00","stroke-width":2}},{"type":"Feature","geometry":{"type":"GeometryCollection","geometries":[{"type":"LineString","coordinates":[[-3.589797,37.176106,0],[-3.589803,37.176116,0],[-3.589769,37.176186,0],[-3.589757,37.17619,0],[-3.589751,37.17618,0],[-3.589785,37.17611,0],[-3.589797,37.176106,0]]},{"type":"LineString","coordinates":[[-3.589797,37.176106,0],[-3.589803,37.176116,0],[-3.589769,37.176186,0],[-3.589757,37.17619,0],[-3.589751,37.17618,0],[-3.589785,37.17611,0],[-3.589797,37.176106,0]]},{"type":"LineString","coordinates":[[-3.589789,37.176111,0],[-3.589799,37.176115,0],[-3.589766,37.176184,0],[-3.589755,37.176181,0],[-3.589789,37.176111,0]]},{"type":"LineString","coordinates":[[-3.589789,37.176111,0],[-3.589799,37.176115,0],[-3.589766,37.176184,0],[-3.589755,37.176181,0],[-3.589789,37.176111,0]]},{"type":"LineString","coordinates":[[-3.589776,37.176137,0],[-3.589779,37.176138,0],[-3.589778,37.17614,0],[-3.589775,37.176139,0],[-3.589768,37.176153,0],[-3.589771,37.176154,0],[-3.589771,37.176156,0],[-3.589768,37.176155,0],[-3.589772,37.176159,0],[-3.589778,37.176158,0],[-3.589775,37.176158,0],[-3.589776,37.176156,0],[-3.589779,37.176157,0],[-3.589786,37.176142,0],[-3.589783,37.176141,0],[-3.589784,37.17614,0],[-3.589787,37.176141,0],[-3.589783,37.176137,0],[-3.589776,37.176137,0]]},{"type":"LineString","coordinates":[[-3.589778,37.176142,0],[-3.589777,37.176143,0],[-3.589781,37.176144,0],[-3.58978,37.176145,0],[-3.589781,37.176145,0],[-3.589783,37.176142,0],[-3.589782,37.176142,0],[-3.589781,37.176143,0],[-3.589778,37.176142,0]]},{"type":"LineString","coordinates":[[-3.589775,37.176148,0],[-3.589774,37.176149,0],[-3.589775,37.17615,0],[-3.589774,37.176151,0],[-3.589773,37.176152,0],[-3.589776,37.176151,0],[-3.589777,37.176153,0],[-3.589778,37.176152,0],[-3.589777,37.176151,0],[-3.589779,37.176151,0],[-3.589779,37.176149,0],[-3.589777,37.17615,0],[-3.589775,37.176148,0]]},{"type":"LineString","coordinates":[[-3.589773,37.176152,0],[-3.589772,37.176153,0],[-3.589777,37.176155,0],[-3.589777,37.176154,0],[-3.589773,37.176152,0]]},{"type":"LineString","coordinates":[[-3.589776,37.176145,0],[-3.589777,37.176145,0],[-3.589776,37.176147,0],[-3.589775,37.176147,0],[-3.589775,37.176148,0],[-3.58978,37.176148,0],[-3.589781,37.176147,0],[-3.589777,37.176144,0],[-3.589776,37.176145,0]]},{"type":"LineString","coordinates":[[-3.589778,37.176146,0],[-3.589779,37.176147,0],[-3.589777,37.176147,0],[-3.589778,37.176146,0]]}]},"properties":{"name":"Reserva Taxi","styleUrl":"#line-AAFF00-2000-nodesc","stroke-opacity":1,"stroke":"#aaff00","stroke-width":2}},{"type":"Feature","geometry":{"type":"GeometryCollection","geometries":[{"type":"LineString","coordinates":[[-3.588521,37.16792,0],[-3.588517,37.167921,0],[-3.588241,37.167794,0],[-3.58824,37.167791,0],[-3.588244,37.16779,0],[-3.58852,37.167917,0],[-3.588521,37.16792,0]]},{"type":"LineString","coordinates":[[-3.588521,37.16792,0],[-3.588517,37.167921,0],[-3.588241,37.167794,0],[-3.58824,37.167791,0],[-3.588244,37.16779,0],[-3.58852,37.167917,0],[-3.588521,37.16792,0]]},{"type":"LineString","coordinates":[[-3.588519,37.167918,0],[-3.588518,37.16792,0],[-3.588242,37.167793,0],[-3.588243,37.167791,0],[-3.588519,37.167918,0]]},{"type":"LineString","coordinates":[[-3.588519,37.167918,0],[-3.588518,37.16792,0],[-3.588242,37.167793,0],[-3.588243,37.167791,0],[-3.588519,37.167918,0]]},{"type":"LineString","coordinates":[[-3.588394,37.167857,0],[-3.588392,37.167859,0],[-3.58839,37.167858,0],[-3.588392,37.167856,0],[-3.588375,37.167848,0],[-3.588374,37.16785,0],[-3.588372,37.167849,0],[-3.588373,37.167847,0],[-3.588368,37.16785,0],[-3.588367,37.167855,0],[-3.588369,37.167853,0],[-3.588371,37.167854,0],[-3.58837,37.167856,0],[-3.588386,37.167863,0],[-3.588388,37.167861,0],[-3.58839,37.167862,0],[-3.588388,37.167864,0],[-3.588394,37.167862,0],[-3.588394,37.167857,0]]},{"type":"LineString","coordinates":[[-3.588388,37.167857,0],[-3.588387,37.167856,0],[-3.588385,37.167859,0],[-3.588384,37.167858,0],[-3.588383,37.167859,0],[-3.588387,37.167861,0],[-3.588388,37.16786,0],[-3.588386,37.167859,0],[-3.588388,37.167857,0]]},{"type":"LineString","coordinates":[[-3.588381,37.167854,0],[-3.58838,37.167853,0],[-3.588378,37.167854,0],[-3.588378,37.167852,0],[-3.588377,37.167852,0],[-3.588377,37.167854,0],[-3.588374,37.167855,0],[-3.588376,37.167856,0],[-3.588377,37.167855,0],[-3.588377,37.167856,0],[-3.588379,37.167857,0],[-3.588378,37.167855,0],[-3.588381,37.167854,0]]},{"type":"LineString","coordinates":[[-3.588376,37.167851,0],[-3.588375,37.167851,0],[-3.588372,37.167854,0],[-3.588374,37.167855,0],[-3.588376,37.167851,0]]},{"type":"LineString","coordinates":[[-3.588384,37.167855,0],[-3.588384,37.167856,0],[-3.588382,37.167855,0],[-3.588383,37.167854,0],[-3.588381,37.167854,0],[-3.58838,37.167858,0],[-3.588382,37.167858,0],[-3.588386,37.167856,0],[-3.588384,37.167855,0]]},{"type":"LineString","coordinates":[[-3.588383,37.167856,0],[-3.588382,37.167857,0],[-3.588382,37.167856,0],[-3.588383,37.167856,0]]}]},"properties":{"name":"Reserva Taxi","styleUrl":"#line-AAFF00-2000-nodesc","stroke-opacity":1,"stroke":"#aaff00","stroke-width":2}},{"type":"Feature","geometry":{"type":"GeometryCollection","geometries":[{"type":"LineString","coordinates":[[-3.603413,37.183834,0],[-3.603417,37.183833,0],[-3.603573,37.183914,0],[-3.603574,37.183917,0],[-3.60357,37.183918,0],[-3.603414,37.183837,0],[-3.603413,37.183834,0]]},{"type":"LineString","coordinates":[[-3.603413,37.183834,0],[-3.603417,37.183833,0],[-3.603573,37.183914,0],[-3.603574,37.183917,0],[-3.60357,37.183918,0],[-3.603414,37.183837,0],[-3.603413,37.183834,0]]},{"type":"LineString","coordinates":[[-3.603415,37.183836,0],[-3.603416,37.183834,0],[-3.603572,37.183915,0],[-3.603571,37.183917,0],[-3.603415,37.183836,0]]},{"type":"LineString","coordinates":[[-3.603415,37.183836,0],[-3.603416,37.183834,0],[-3.603572,37.183915,0],[-3.603571,37.183917,0],[-3.603415,37.183836,0]]},{"type":"LineString","coordinates":[[-3.60348,37.183874,0],[-3.603482,37.183872,0],[-3.603484,37.183873,0],[-3.603482,37.183875,0],[-3.603499,37.183884,0],[-3.6035,37.183881,0],[-3.603502,37.183882,0],[-3.603501,37.183885,0],[-3.603506,37.183882,0],[-3.603507,37.183877,0],[-3.603505,37.183879,0],[-3.603503,37.183878,0],[-3.603505,37.183876,0],[-3.603489,37.183867,0],[-3.603487,37.18387,0],[-3.603485,37.183869,0],[-3.603487,37.183866,0],[-3.603481,37.183869,0],[-3.60348,37.183874,0]]},{"type":"LineString","coordinates":[[-3.603486,37.183874,0],[-3.603488,37.183875,0],[-3.60349,37.183872,0],[-3.603491,37.183873,0],[-3.603492,37.183872,0],[-3.603488,37.18387,0],[-3.603487,37.183871,0],[-3.603488,37.183871,0],[-3.603486,37.183874,0]]},{"type":"LineString","coordinates":[[-3.603493,37.183877,0],[-3.603494,37.183878,0],[-3.603496,37.183878,0],[-3.603496,37.183879,0],[-3.603497,37.18388,0],[-3.603497,37.183877,0],[-3.6035,37.183876,0],[-3.603499,37.183876,0],[-3.603497,37.183876,0],[-3.603497,37.183875,0],[-3.603496,37.183874,0],[-3.603496,37.183876,0],[-3.603493,37.183877,0]]},{"type":"LineString","coordinates":[[-3.603498,37.18388,0],[-3.603499,37.183881,0],[-3.603502,37.183877,0],[-3.603501,37.183877,0],[-3.603498,37.18388,0]]},{"type":"LineString","coordinates":[[-3.60349,37.183876,0],[-3.603491,37.183875,0],[-3.603492,37.183876,0],[-3.603492,37.183877,0],[-3.603493,37.183877,0],[-3.603494,37.183873,0],[-3.603493,37.183873,0],[-3.603489,37.183875,0],[-3.60349,37.183876,0]]},{"type":"LineString","coordinates":[[-3.603491,37.183875,0],[-3.603493,37.183874,0],[-3.603492,37.183875,0],[-3.603491,37.183875,0]]}]},"properties":{"name":"Reserva Taxi","styleUrl":"#line-AAFF00-2000-nodesc","stroke-opacity":1,"stroke":"#aaff00","stroke-width":2}},{"type":"Feature","geometry":{"type":"GeometryCollection","geometries":[{"type":"LineString","coordinates":[[-3.634761,37.190432,0],[-3.634764,37.19043,0],[-3.635023,37.190465,0],[-3.635026,37.190468,0],[-3.635022,37.190469,0],[-3.634763,37.190434,0],[-3.634761,37.190432,0]]},{"type":"LineString","coordinates":[[-3.634761,37.190432,0],[-3.634764,37.19043,0],[-3.635023,37.190465,0],[-3.635026,37.190468,0],[-3.635022,37.190469,0],[-3.634763,37.190434,0],[-3.634761,37.190432,0]]},{"type":"LineString","coordinates":[[-3.634763,37.190433,0],[-3.634764,37.190431,0],[-3.635023,37.190466,0],[-3.635023,37.190468,0],[-3.634763,37.190433,0]]},{"type":"LineString","coordinates":[[-3.634763,37.190433,0],[-3.634764,37.190431,0],[-3.635023,37.190466,0],[-3.635023,37.190468,0],[-3.634763,37.190433,0]]},{"type":"LineString","coordinates":[[-3.63488,37.190453,0],[-3.634881,37.19045,0],[-3.634883,37.190451,0],[-3.634883,37.190453,0],[-3.634902,37.190456,0],[-3.634902,37.190453,0],[-3.634905,37.190453,0],[-3.634904,37.190456,0],[-3.634908,37.190452,0],[-3.634906,37.190447,0],[-3.634905,37.190449,0],[-3.634903,37.190449,0],[-3.634904,37.190447,0],[-3.634885,37.190444,0],[-3.634884,37.190447,0],[-3.634882,37.190446,0],[-3.634882,37.190444,0],[-3.634878,37.190448,0],[-3.63488,37.190453,0]]},{"type":"LineString","coordinates":[[-3.634886,37.190451,0],[-3.634887,37.190451,0],[-3.634888,37.190448,0],[-3.634889,37.190448,0],[-3.634889,37.190447,0],[-3.634885,37.190447,0],[-3.634885,37.190448,0],[-3.634886,37.190448,0],[-3.634886,37.190451,0]]},{"type":"LineString","coordinates":[[-3.634894,37.190452,0],[-3.634895,37.190452,0],[-3.634896,37.190451,0],[-3.634897,37.190452,0],[-3.634899,37.190452,0],[-3.634898,37.19045,0],[-3.634899,37.190449,0],[-3.634898,37.190448,0],[-3.634897,37.190449,0],[-3.634896,37.190448,0],[-3.634895,37.190448,0],[-3.634896,37.19045,0],[-3.634894,37.190452,0]]},{"type":"LineString","coordinates":[[-3.634899,37.190453,0],[-3.634901,37.190453,0],[-3.634902,37.190449,0],[-3.6349,37.190449,0],[-3.634899,37.190453,0]]},{"type":"LineString","coordinates":[[-3.63489,37.190451,0],[-3.634892,37.190451,0],[-3.634892,37.190452,0],[-3.634894,37.190452,0],[-3.634893,37.190448,0],[-3.634891,37.190448,0],[-3.634888,37.190451,0],[-3.63489,37.190451,0]]},{"type":"LineString","coordinates":[[-3.634891,37.19045,0],[-3.634892,37.190449,0],[-3.634892,37.19045,0],[-3.634891,37.19045,0]]}]},"properties":{"name":"Reserva Taxi","styleUrl":"#line-AAFF00-2000-nodesc","stroke-opacity":1,"stroke":"#aaff00","stroke-width":2}},{"type":"Feature","geometry":{"type":"GeometryCollection","geometries":[{"type":"LineString","coordinates":[[-3.592164,37.169579,0],[-3.592168,37.169578,0],[-3.592232,37.169607,0],[-3.592233,37.16961,0],[-3.592229,37.169611,0],[-3.592165,37.169582,0],[-3.592164,37.169579,0]]},{"type":"LineString","coordinates":[[-3.592164,37.169579,0],[-3.592168,37.169578,0],[-3.592232,37.169607,0],[-3.592233,37.16961,0],[-3.592229,37.169611,0],[-3.592165,37.169582,0],[-3.592164,37.169579,0]]},{"type":"LineString","coordinates":[[-3.592166,37.169581,0],[-3.592167,37.169579,0],[-3.592231,37.169608,0],[-3.592229,37.16961,0],[-3.592166,37.169581,0]]},{"type":"LineString","coordinates":[[-3.592166,37.169581,0],[-3.592167,37.169579,0],[-3.592231,37.169608,0],[-3.592229,37.16961,0],[-3.592166,37.169581,0]]},{"type":"LineString","coordinates":[[-3.592185,37.169594,0],[-3.592186,37.169591,0],[-3.592189,37.169592,0],[-3.592187,37.169595,0],[-3.592204,37.169602,0],[-3.592205,37.1696,0],[-3.592207,37.169601,0],[-3.592206,37.169603,0],[-3.592211,37.169601,0],[-3.592211,37.169595,0],[-3.59221,37.169598,0],[-3.592208,37.169597,0],[-3.592209,37.169594,0],[-3.592193,37.169587,0],[-3.592191,37.169589,0],[-3.592189,37.169588,0],[-3.592191,37.169586,0],[-3.592185,37.169588,0],[-3.592185,37.169594,0]]},{"type":"LineString","coordinates":[[-3.592191,37.169593,0],[-3.592192,37.169594,0],[-3.592194,37.169591,0],[-3.592195,37.169592,0],[-3.592196,37.169591,0],[-3.592192,37.169589,0],[-3.592191,37.16959,0],[-3.592193,37.169591,0],[-3.592191,37.169593,0]]},{"type":"LineString","coordinates":[[-3.592198,37.169596,0],[-3.592199,37.169597,0],[-3.592201,37.169596,0],[-3.592201,37.169598,0],[-3.592202,37.169599,0],[-3.592202,37.169596,0],[-3.592205,37.169595,0],[-3.592203,37.169594,0],[-3.592202,37.169595,0],[-3.592202,37.169594,0],[-3.5922,37.169593,0],[-3.5922,37.169595,0],[-3.592198,37.169596,0]]},{"type":"LineString","coordinates":[[-3.592203,37.169599,0],[-3.592204,37.169599,0],[-3.592206,37.169596,0],[-3.592205,37.169595,0],[-3.592203,37.169599,0]]},{"type":"LineString","coordinates":[[-3.592194,37.169595,0],[-3.592195,37.169594,0],[-3.592197,37.169595,0],[-3.592196,37.169596,0],[-3.592198,37.169596,0],[-3.592199,37.169592,0],[-3.592197,37.169592,0],[-3.592193,37.169594,0],[-3.592194,37.169595,0]]},{"type":"LineString","coordinates":[[-3.592196,37.169594,0],[-3.592197,37.169593,0],[-3.592197,37.169594,0],[-3.592196,37.169594,0]]}]},"properties":{"name":"Reserva Taxi","styleUrl":"#line-AAFF00-2000-nodesc","stroke-opacity":1,"stroke":"#aaff00","stroke-width":2}},{"type":"Feature","geometry":{"type":"GeometryCollection","geometries":[{"type":"LineString","coordinates":[[-3.592307,37.181032,0],[-3.592305,37.181034,0],[-3.592255,37.181044,0],[-3.592252,37.181042,0],[-3.592254,37.181039,0],[-3.592304,37.18103,0],[-3.592307,37.181032,0]]},{"type":"LineString","coordinates":[[-3.592307,37.181032,0],[-3.592305,37.181034,0],[-3.592255,37.181044,0],[-3.592252,37.181042,0],[-3.592254,37.181039,0],[-3.592304,37.18103,0],[-3.592307,37.181032,0]]},{"type":"LineString","coordinates":[[-3.592304,37.181031,0],[-3.592305,37.181033,0],[-3.592255,37.181042,0],[-3.592254,37.18104,0],[-3.592304,37.181031,0]]},{"type":"LineString","coordinates":[[-3.592304,37.181031,0],[-3.592305,37.181033,0],[-3.592255,37.181042,0],[-3.592254,37.18104,0],[-3.592304,37.181031,0]]},{"type":"LineString","coordinates":[[-3.59229,37.18103,0],[-3.592291,37.181032,0],[-3.592288,37.181033,0],[-3.592288,37.181031,0],[-3.592269,37.181034,0],[-3.592269,37.181036,0],[-3.592267,37.181037,0],[-3.592266,37.181034,0],[-3.592265,37.181039,0],[-3.592269,37.181043,0],[-3.592268,37.181041,0],[-3.592271,37.18104,0],[-3.592271,37.181043,0],[-3.59229,37.181039,0],[-3.592289,37.181037,0],[-3.592292,37.181037,0],[-3.592292,37.181039,0],[-3.592294,37.181034,0],[-3.59229,37.18103,0]]},{"type":"LineString","coordinates":[[-3.592286,37.181034,0],[-3.592284,37.181034,0],[-3.592285,37.181037,0],[-3.592284,37.181037,0],[-3.592284,37.181038,0],[-3.592288,37.181037,0],[-3.592288,37.181036,0],[-3.592287,37.181036,0],[-3.592286,37.181034,0]]},{"type":"LineString","coordinates":[[-3.592278,37.181035,0],[-3.592276,37.181035,0],[-3.592276,37.181037,0],[-3.592275,37.181036,0],[-3.592273,37.181036,0],[-3.592275,37.181038,0],[-3.592274,37.18104,0],[-3.592276,37.181039,0],[-3.592276,37.181038,0],[-3.592277,37.181039,0],[-3.592279,37.181039,0],[-3.592277,37.181037,0],[-3.592278,37.181035,0]]},{"type":"LineString","coordinates":[[-3.592272,37.181036,0],[-3.592271,37.181036,0],[-3.592272,37.18104,0],[-3.592274,37.18104,0],[-3.592272,37.181036,0]]},{"type":"LineString","coordinates":[[-3.592282,37.181034,0],[-3.592282,37.181035,0],[-3.59228,37.181035,0],[-3.592278,37.181035,0],[-3.592281,37.181038,0],[-3.592283,37.181038,0],[-3.592283,37.181034,0],[-3.592282,37.181034,0]]},{"type":"LineString","coordinates":[[-3.592282,37.181036,0],[-3.592281,37.181037,0],[-3.592281,37.181036,0],[-3.592282,37.181036,0]]}]},"properties":{"name":"Reserva Taxi","styleUrl":"#line-AAFF00-2000-nodesc","stroke-opacity":1,"stroke":"#aaff00","stroke-width":2}},{"type":"Feature","geometry":{"type":"GeometryCollection","geometries":[{"type":"LineString","coordinates":[[-3.621121,37.188817,0],[-3.621118,37.188819,0],[-3.620956,37.188814,0],[-3.620953,37.188812,0],[-3.620956,37.188809,0],[-3.621118,37.188815,0],[-3.621121,37.188817,0]]},{"type":"LineString","coordinates":[[-3.621121,37.188817,0],[-3.621118,37.188819,0],[-3.620956,37.188814,0],[-3.620953,37.188812,0],[-3.620956,37.188809,0],[-3.621118,37.188815,0],[-3.621121,37.188817,0]]},{"type":"LineString","coordinates":[[-3.621118,37.188816,0],[-3.621118,37.188818,0],[-3.620956,37.188813,0],[-3.620956,37.188811,0],[-3.621118,37.188816,0]]},{"type":"LineString","coordinates":[[-3.621118,37.188816,0],[-3.621118,37.188818,0],[-3.620956,37.188813,0],[-3.620956,37.188811,0],[-3.621118,37.188816,0]]},{"type":"LineString","coordinates":[[-3.621049,37.18881,0],[-3.621049,37.188813,0],[-3.621047,37.188813,0],[-3.621047,37.18881,0],[-3.621028,37.188809,0],[-3.621027,37.188812,0],[-3.621025,37.188812,0],[-3.621025,37.188809,0],[-3.621022,37.188814,0],[-3.621025,37.188818,0],[-3.621025,37.188816,0],[-3.621027,37.188816,0],[-3.621027,37.188819,0],[-3.621046,37.188819,0],[-3.621047,37.188817,0],[-3.621049,37.188817,0],[-3.621049,37.188819,0],[-3.621052,37.188815,0],[-3.621049,37.18881,0]]},{"type":"LineString","coordinates":[[-3.621044,37.188813,0],[-3.621043,37.188813,0],[-3.621043,37.188816,0],[-3.621041,37.188816,0],[-3.621041,37.188817,0],[-3.621046,37.188817,0],[-3.621046,37.188816,0],[-3.621044,37.188816,0],[-3.621044,37.188813,0]]},{"type":"LineString","coordinates":[[-3.621036,37.188812,0],[-3.621035,37.188812,0],[-3.621034,37.188814,0],[-3.621033,37.188812,0],[-3.621031,37.188812,0],[-3.621033,37.188814,0],[-3.621031,37.188816,0],[-3.621033,37.188816,0],[-3.621033,37.188815,0],[-3.621034,37.188816,0],[-3.621036,37.188816,0],[-3.621035,37.188814,0],[-3.621036,37.188812,0]]},{"type":"LineString","coordinates":[[-3.62103,37.188812,0],[-3.621029,37.188812,0],[-3.621029,37.188816,0],[-3.62103,37.188816,0],[-3.62103,37.188812,0]]},{"type":"LineString","coordinates":[[-3.62104,37.188813,0],[-3.621038,37.188813,0],[-3.621036,37.188812,0],[-3.621038,37.188816,0],[-3.62104,37.188816,0],[-3.621042,37.188813,0],[-3.62104,37.188813,0]]},{"type":"LineString","coordinates":[[-3.621039,37.188814,0],[-3.621039,37.188815,0],[-3.621038,37.188814,0],[-3.621039,37.188814,0]]}]},"properties":{"name":"Reserva Taxi","styleUrl":"#line-AAFF00-2000-nodesc","stroke-opacity":1,"stroke":"#aaff00","stroke-width":2}},{"type":"Feature","geometry":{"type":"GeometryCollection","geometries":[{"type":"LineString","coordinates":[[-3.602837,37.179991,0],[-3.602838,37.179994,0],[-3.602751,37.180104,0],[-3.602747,37.180105,0],[-3.602746,37.180102,0],[-3.602833,37.179991,0],[-3.602837,37.179991,0]]},{"type":"LineString","coordinates":[[-3.602837,37.179991,0],[-3.602838,37.179994,0],[-3.602751,37.180104,0],[-3.602747,37.180105,0],[-3.602746,37.180102,0],[-3.602833,37.179991,0],[-3.602837,37.179991,0]]},{"type":"LineString","coordinates":[[-3.602834,37.179992,0],[-3.602837,37.179993,0],[-3.60275,37.180104,0],[-3.602747,37.180102,0],[-3.602834,37.179992,0]]},{"type":"LineString","coordinates":[[-3.602834,37.179992,0],[-3.602837,37.179993,0],[-3.60275,37.180104,0],[-3.602747,37.180102,0],[-3.602834,37.179992,0]]},{"type":"LineString","coordinates":[[-3.602794,37.180037,0],[-3.602796,37.180038,0],[-3.602795,37.18004,0],[-3.602792,37.180039,0],[-3.602782,37.180052,0],[-3.602785,37.180053,0],[-3.602783,37.180055,0],[-3.602781,37.180053,0],[-3.602784,37.180058,0],[-3.60279,37.180058,0],[-3.602788,37.180057,0],[-3.602789,37.180055,0],[-3.602792,37.180057,0],[-3.602802,37.180044,0],[-3.602799,37.180042,0],[-3.602801,37.180041,0],[-3.602803,37.180042,0],[-3.6028,37.180037,0],[-3.602794,37.180037,0]]},{"type":"LineString","coordinates":[[-3.602794,37.180042,0],[-3.602793,37.180043,0],[-3.602796,37.180044,0],[-3.602795,37.180045,0],[-3.602796,37.180046,0],[-3.602799,37.180043,0],[-3.602798,37.180042,0],[-3.602797,37.180043,0],[-3.602794,37.180042,0]]},{"type":"LineString","coordinates":[[-3.60279,37.180047,0],[-3.602789,37.180048,0],[-3.602789,37.18005,0],[-3.602788,37.18005,0],[-3.602787,37.180051,0],[-3.60279,37.180051,0],[-3.602791,37.180053,0],[-3.602792,37.180052,0],[-3.602791,37.18005,0],[-3.602793,37.180051,0],[-3.602794,37.180049,0],[-3.602791,37.180049,0],[-3.60279,37.180047,0]]},{"type":"LineString","coordinates":[[-3.602786,37.180051,0],[-3.602786,37.180052,0],[-3.60279,37.180054,0],[-3.602791,37.180053,0],[-3.602786,37.180051,0]]},{"type":"LineString","coordinates":[[-3.602792,37.180045,0],[-3.602791,37.180046,0],[-3.60279,37.180046,0],[-3.60279,37.180047,0],[-3.602795,37.180048,0],[-3.602796,37.180047,0],[-3.602792,37.180044,0],[-3.602792,37.180045,0]]},{"type":"LineString","coordinates":[[-3.602793,37.180046,0],[-3.602794,37.180047,0],[-3.602792,37.180047,0],[-3.602793,37.180046,0]]}]},"properties":{"name":"Reserva Taxi","styleUrl":"#line-AAFF00-2000-nodesc","stroke-opacity":1,"stroke":"#aaff00","stroke-width":2}},{"type":"Feature","geometry":{"type":"Point","coordinates":[-3.598827,37.171918,0]},"properties":{"name":"ACERA DEL DARRO,CALLE,nº12","description":{"@type":"html","value":"Reserva Taxi <br><br> Distrito CENTRO <br> Plazas 12 <br> Longitud 60 <br> Horarios <br> Observaciones JUNTO ENTRADA PUERTA REAL (ACERA DEL CASINO) <br> POINT_Y 37,171918 <br> POINT_X -3,598827"},"styleUrl":"#icon-1899-DB4436","label-scale":0,"icon-opacity":1,"icon-color":"#db4436","icon-scale":1,"icon-offset":[32,64],"icon-offset-units":["pixels","insetPixels"],"icon":"https://www.gstatic.com/mapspro/images/stock/503-wht-blank_maps.png"}},{"type":"Feature","geometry":{"type":"Point","coordinates":[-3.599142,37.172086,0]},"properties":{"name":"ACERA DEL DARRO,CALLE,nº2","description":{"@type":"html","value":"Reserva Taxi <br><br> Distrito CENTRO <br> Plazas 2 <br> Longitud 10 <br> Horarios <br> Observaciones <br> POINT_Y 37,172086 <br> POINT_X -3,599142"},"styleUrl":"#icon-1899-DB4436","label-scale":0,"icon-opacity":1,"icon-color":"#db4436","icon-scale":1,"icon-offset":[32,64],"icon-offset-units":["pixels","insetPixels"],"icon":"https://www.gstatic.com/mapspro/images/stock/503-wht-blank_maps.png"}},{"type":"Feature","geometry":{"type":"Point","coordinates":[-3.597863,37.170325,0]},"properties":{"name":"ACERA DEL DARRO,CALLE,nº4","description":{"@type":"html","value":"Reserva Taxi <br><br> Distrito CENTRO <br> Plazas 4 <br> Longitud 22 <br> Horarios <br> Observaciones <br> POINT_Y 37,170325 <br> POINT_X -3,597863"},"styleUrl":"#icon-1899-DB4436","label-scale":0,"icon-opacity":1,"icon-color":"#db4436","icon-scale":1,"icon-offset":[32,64],"icon-offset-units":["pixels","insetPixels"],"icon":"https://www.gstatic.com/mapspro/images/stock/503-wht-blank_maps.png"}},{"type":"Feature","geometry":{"type":"Point","coordinates":[-3.599303,37.172379,0]},"properties":{"name":"ACERA DEL DARRO,CALLE,nº8","description":{"@type":"html","value":"Reserva Taxi <br><br> Distrito CENTRO <br> Plazas 8 <br> Longitud 40 <br> Horarios <br> Observaciones <br> POINT_Y 37,172379 <br> POINT_X -3,599303"},"styleUrl":"#icon-1899-DB4436","label-scale":0,"icon-opacity":1,"icon-color":"#db4436","icon-scale":1,"icon-offset":[32,64],"icon-offset-units":["pixels","insetPixels"],"icon":"https://www.gstatic.com/mapspro/images/stock/503-wht-blank_maps.png"}},{"type":"Feature","geometry":{"type":"Point","coordinates":[-3.609452,37.177823,0]},"properties":{"name":"ALBERT EINSTEIN,PLAZA,nº5","description":{"@type":"html","value":"Reserva Taxi <br><br> Distrito RONDA <br> Plazas 5 <br> Longitud 25 <br> Horarios <br> Observaciones <br> POINT_Y 37,177823 <br> POINT_X -3,609452"},"styleUrl":"#icon-1899-DB4436","label-scale":0,"icon-opacity":1,"icon-color":"#db4436","icon-scale":1,"icon-offset":[32,64],"icon-offset-units":["pixels","insetPixels"],"icon":"https://www.gstatic.com/mapspro/images/stock/503-wht-blank_maps.png"}},{"type":"Feature","geometry":{"type":"Point","coordinates":[-3.588792,37.164583,0]},"properties":{"name":"ALCALA DE HENARES,CALLE,nº4","description":{"@type":"html","value":"Reserva Taxi <br><br> Distrito GENIL <br> Plazas 4 <br> Longitud 20,24 <br> Horarios <br> Observaciones <br> POINT_Y 37,164583 <br> POINT_X -3,588792"},"styleUrl":"#icon-1899-DB4436","label-scale":0,"icon-opacity":1,"icon-color":"#db4436","icon-scale":1,"icon-offset":[32,64],"icon-offset-units":["pixels","insetPixels"],"icon":"https://www.gstatic.com/mapspro/images/stock/503-wht-blank_maps.png"}},{"type":"Feature","geometry":{"type":"Point","coordinates":[-3.602156,37.169056,0]},"properties":{"name":"ALHAMAR,CALLE,nº2","description":{"@type":"html","value":"Reserva Taxi <br><br> Distrito RONDA <br> Plazas 2 <br> Longitud 11,5 <br> Horarios <br> Observaciones <br> POINT_Y 37,169056 <br> POINT_X -3,602156"},"styleUrl":"#icon-1899-DB4436","label-scale":0,"icon-opacity":1,"icon-color":"#db4436","icon-scale":1,"icon-offset":[32,64],"icon-offset-units":["pixels","insetPixels"],"icon":"https://www.gstatic.com/mapspro/images/stock/503-wht-blank_maps.png"}},{"type":"Feature","geometry":{"type":"Point","coordinates":[-3.609193,37.184097,0]},"properties":{"name":"ANDALUCES,AVENIDA,DE,nº16","description":{"@type":"html","value":"Reserva Taxi <br><br> Distrito BEIRO <br> Plazas 16 <br> Longitud 80 <br> Horarios reserva doble <br> Observaciones <br> POINT_Y 37,184097 <br> POINT_X -3,609193"},"styleUrl":"#icon-1899-DB4436","label-scale":0,"icon-opacity":1,"icon-color":"#db4436","icon-scale":1,"icon-offset":[32,64],"icon-offset-units":["pixels","insetPixels"],"icon":"https://www.gstatic.com/mapspro/images/stock/503-wht-blank_maps.png"}},{"type":"Feature","geometry":{"type":"Point","coordinates":[-3.608717,37.174612,0]},"properties":{"name":"ARABIAL,GLORIETA,DE,nº2","description":{"@type":"html","value":"Reserva Taxi <br><br> Distrito RONDA <br> Plazas 2 <br> Longitud 10 <br> Horarios <br> Observaciones <br> POINT_Y 37,174612 <br> POINT_X -3,608717"},"styleUrl":"#icon-1899-DB4436","label-scale":0,"icon-opacity":1,"icon-color":"#db4436","icon-scale":1,"icon-offset":[32,64],"icon-offset-units":["pixels","insetPixels"],"icon":"https://www.gstatic.com/mapspro/images/stock/503-wht-blank_maps.png"}},{"type":"Feature","geometry":{"type":"Point","coordinates":[-3.589785,37.174478,0]},"properties":{"name":"ARQUITECTO GARCIA DE PAREDES,PLAZA,nº4","description":{"@type":"html","value":"Reserva Taxi <br><br> Distrito CENTRO <br> Plazas 4 <br> Longitud 20 <br> Horarios <br> Observaciones <br> POINT_Y 37,174478 <br> POINT_X -3,589785"},"styleUrl":"#icon-1899-DB4436","label-scale":0,"icon-opacity":1,"icon-color":"#db4436","icon-scale":1,"icon-offset":[32,64],"icon-offset-units":["pixels","insetPixels"],"icon":"https://www.gstatic.com/mapspro/images/stock/503-wht-blank_maps.png"}},{"type":"Feature","geometry":{"type":"Point","coordinates":[-3.59235,37.181024,0]},"properties":{"name":"ATARAZANA,CALLEJON,nº1","description":{"@type":"html","value":"Reserva Taxi <br><br> Distrito ALBAICIN <br> Plazas 1 <br> Longitud 5 <br> Horarios <br> Observaciones <br> POINT_Y 37,181024 <br> POINT_X -3,59235"},"styleUrl":"#icon-1899-DB4436","label-scale":0,"icon-opacity":1,"icon-color":"#db4436","icon-scale":1,"icon-offset":[32,64],"icon-offset-units":["pixels","insetPixels"],"icon":"https://www.gstatic.com/mapspro/images/stock/503-wht-blank_maps.png"}},{"type":"Feature","geometry":{"type":"Point","coordinates":[-3.592279,37.181037,0]},"properties":{"name":"ATARAZANA,CALLEJON,nº1","description":{"@type":"html","value":"Reserva Taxi <br><br> Distrito ALBAICIN <br> Plazas 1 <br> Longitud 5 <br> Horarios <br> Observaciones <br> POINT_Y 37,181037 <br> POINT_X -3,592279"},"styleUrl":"#icon-1899-DB4436","label-scale":0,"icon-opacity":1,"icon-color":"#db4436","icon-scale":1,"icon-offset":[32,64],"icon-offset-units":["pixels","insetPixels"],"icon":"https://www.gstatic.com/mapspro/images/stock/503-wht-blank_maps.png"}},{"type":"Feature","geometry":{"type":"Point","coordinates":[-3.592198,37.169595,0]},"properties":{"name":"BOMBA,PASEO,DE LA,nº1","description":{"@type":"html","value":"Reserva Taxi <br><br> Distrito CENTRO <br> Plazas 1 <br> Longitud 7 <br> Horarios <br> Observaciones <br> POINT_Y 37,169595 <br> POINT_X -3,592198"},"styleUrl":"#icon-1899-DB4436","label-scale":0,"icon-opacity":1,"icon-color":"#db4436","icon-scale":1,"icon-offset":[32,64],"icon-offset-units":["pixels","insetPixels"],"icon":"https://www.gstatic.com/mapspro/images/stock/503-wht-blank_maps.png"}},{"type":"Feature","geometry":{"type":"Point","coordinates":[-3.589777,37.176148,0]},"properties":{"name":"CALLE SIN ASIGNAR,nº3","description":{"@type":"html","value":"Reserva Taxi <br><br> Distrito CENTRO <br> Plazas 3 <br> Longitud 10 <br> Horarios <br> Observaciones <br> POINT_Y 37,176148 <br> POINT_X -3,589777"},"styleUrl":"#icon-1899-DB4436","label-scale":0,"icon-opacity":1,"icon-color":"#db4436","icon-scale":1,"icon-offset":[32,64],"icon-offset-units":["pixels","insetPixels"],"icon":"https://www.gstatic.com/mapspro/images/stock/503-wht-blank_maps.png"}},{"type":"Feature","geometry":{"type":"Point","coordinates":[-3.613006,37.178763,0]},"properties":{"name":"CAÑAVERAL,CALLE,nº7","description":{"@type":"html","value":"Reserva Taxi <br><br> Distrito RONDA <br> Plazas 7 <br> Longitud 35 <br> Horarios <br> Observaciones <br> POINT_Y 37,178763 <br> POINT_X -3,613006"},"styleUrl":"#icon-1899-DB4436","label-scale":0,"icon-opacity":1,"icon-color":"#db4436","icon-scale":1,"icon-offset":[32,64],"icon-offset-units":["pixels","insetPixels"],"icon":"https://www.gstatic.com/mapspro/images/stock/503-wht-blank_maps.png"}},{"type":"Feature","geometry":{"type":"Point","coordinates":[-3.586092,37.160637,0]},"properties":{"name":"CERRO DE LOS MACHOS,CALLE,nº2","description":{"@type":"html","value":"Reserva Taxi <br><br> Distrito GENIL <br> Plazas 2 <br> Longitud 10 <br> Horarios <br> Observaciones <br> POINT_Y 37,160637 <br> POINT_X -3,586092"},"styleUrl":"#icon-1899-DB4436","label-scale":0,"icon-opacity":1,"icon-color":"#db4436","icon-scale":1,"icon-offset":[32,64],"icon-offset-units":["pixels","insetPixels"],"icon":"https://www.gstatic.com/mapspro/images/stock/503-wht-blank_maps.png"}},{"type":"Feature","geometry":{"type":"Point","coordinates":[-3.588125,37.179339,0]},"properties":{"name":"CHAPIZ,CUESTA,DEL,nº2","description":{"@type":"html","value":"Reserva Taxi <br><br> Distrito ALBAICIN <br> Plazas 2 <br> Longitud 10 <br> Horarios <br> Observaciones <br> POINT_Y 37,179339 <br> POINT_X -3,588125"},"styleUrl":"#icon-1899-DB4436","label-scale":0,"icon-opacity":1,"icon-color":"#db4436","icon-scale":1,"icon-offset":[32,64],"icon-offset-units":["pixels","insetPixels"],"icon":"https://www.gstatic.com/mapspro/images/stock/503-wht-blank_maps.png"}},{"type":"Feature","geometry":{"type":"Point","coordinates":[-3.588248,37.179484,0]},"properties":{"name":"CHAPIZ,CUESTA,DEL,nº4","description":{"@type":"html","value":"Reserva Taxi <br><br> Distrito ALBAICIN <br> Plazas 4 <br> Longitud 20 <br> Horarios <br> Observaciones <br> POINT_Y 37,179484 <br> POINT_X -3,588248"},"styleUrl":"#icon-1899-DB4436","label-scale":0,"icon-opacity":1,"icon-color":"#db4436","icon-scale":1,"icon-offset":[32,64],"icon-offset-units":["pixels","insetPixels"],"icon":"https://www.gstatic.com/mapspro/images/stock/503-wht-blank_maps.png"}},{"type":"Feature","geometry":{"type":"Point","coordinates":[-3.610063,37.186506,0]},"properties":{"name":"CISNE,CALLE,nº3","description":{"@type":"html","value":"Reserva Taxi <br><br> Distrito BEIRO <br> Plazas 3 <br> Longitud 17 <br> Horarios <br> Observaciones <br> POINT_Y 37,186506 <br> POINT_X -3,610063"},"styleUrl":"#icon-1899-DB4436","label-scale":0,"icon-opacity":1,"icon-color":"#db4436","icon-scale":1,"icon-offset":[32,64],"icon-offset-units":["pixels","insetPixels"],"icon":"https://www.gstatic.com/mapspro/images/stock/503-wht-blank_maps.png"}},{"type":"Feature","geometry":{"type":"Point","coordinates":[-3.606326,37.145175,0]},"properties":{"name":"CONOCIMIENTO,AVENIDA,DEL,nº1","description":{"@type":"html","value":"Reserva Taxi <br><br> Distrito ZAIDIN <br> Plazas 1 <br> Longitud 5 <br> Horarios <br> Observaciones <br> POINT_Y 37,145175 <br> POINT_X -3,606326"},"styleUrl":"#icon-1899-DB4436","label-scale":0,"icon-opacity":1,"icon-color":"#db4436","icon-scale":1,"icon-offset":[32,64],"icon-offset-units":["pixels","insetPixels"],"icon":"https://www.gstatic.com/mapspro/images/stock/503-wht-blank_maps.png"}},{"type":"Feature","geometry":{"type":"Point","coordinates":[-3.606138,37.145088,0]},"properties":{"name":"CONOCIMIENTO,AVENIDA,DEL,nº3","description":{"@type":"html","value":"Reserva Taxi <br><br> Distrito ZAIDIN <br> Plazas 3 <br> Longitud 15 <br> Horarios <br> Observaciones <br> POINT_Y 37,145088 <br> POINT_X -3,606138"},"styleUrl":"#icon-1899-DB4436","label-scale":0,"icon-opacity":1,"icon-color":"#db4436","icon-scale":1,"icon-offset":[32,64],"icon-offset-units":["pixels","insetPixels"],"icon":"https://www.gstatic.com/mapspro/images/stock/503-wht-blank_maps.png"}},{"type":"Feature","geometry":{"type":"Point","coordinates":[-3.606062,37.145852,0]},"properties":{"name":"CONOCIMIENTO,AVENIDA,DEL,nº4","description":{"@type":"html","value":"Reserva Taxi <br><br> Distrito ZAIDIN <br> Plazas 4 <br> Longitud 20 <br> Horarios <br> Observaciones dentro del patio del hospital <br> POINT_Y 37,145852 <br> POINT_X -3,606062"},"styleUrl":"#icon-1899-DB4436","label-scale":0,"icon-opacity":1,"icon-color":"#db4436","icon-scale":1,"icon-offset":[32,64],"icon-offset-units":["pixels","insetPixels"],"icon":"https://www.gstatic.com/mapspro/images/stock/503-wht-blank_maps.png"}},{"type":"Feature","geometry":{"type":"Point","coordinates":[-3.603494,37.183875,0]},"properties":{"name":"CONSTITUCION,AVENIDA,DE LA,nº3","description":{"@type":"html","value":"Reserva Taxi <br><br> Distrito BEIRO <br> Plazas 3 <br> Longitud 17 <br> Horarios <br> Observaciones <br> POINT_Y 37,183875 <br> POINT_X -3,603494"},"styleUrl":"#icon-1899-DB4436","label-scale":0,"icon-opacity":1,"icon-color":"#db4436","icon-scale":1,"icon-offset":[32,64],"icon-offset-units":["pixels","insetPixels"],"icon":"https://www.gstatic.com/mapspro/images/stock/503-wht-blank_maps.png"}},{"type":"Feature","geometry":{"type":"Point","coordinates":[-3.60987,37.186881,0]},"properties":{"name":"CONSTITUCION,AVENIDA,DE LA,nº4","description":{"@type":"html","value":"Reserva Taxi <br><br> Distrito BEIRO <br> Plazas 4 <br> Longitud 22 <br> Horarios <br> Observaciones <br> POINT_Y 37,186881 <br> POINT_X -3,60987"},"styleUrl":"#icon-1899-DB4436","label-scale":0,"icon-opacity":1,"icon-color":"#db4436","icon-scale":1,"icon-offset":[32,64],"icon-offset-units":["pixels","insetPixels"],"icon":"https://www.gstatic.com/mapspro/images/stock/503-wht-blank_maps.png"}},{"type":"Feature","geometry":{"type":"Point","coordinates":[-3.60236,37.183098,0]},"properties":{"name":"CONSTITUCION,AVENIDA,DE LA,nº4","description":{"@type":"html","value":"Reserva Taxi <br><br> Distrito BEIRO <br> Plazas 4 <br> Longitud 20 <br> Horarios <br> Observaciones <br> POINT_Y 37,183098 <br> POINT_X -3,60236"},"styleUrl":"#icon-1899-DB4436","label-scale":0,"icon-opacity":1,"icon-color":"#db4436","icon-scale":1,"icon-offset":[32,64],"icon-offset-units":["pixels","insetPixels"],"icon":"https://www.gstatic.com/mapspro/images/stock/503-wht-blank_maps.png"}},{"type":"Feature","geometry":{"type":"Point","coordinates":[-3.610184,37.186895,0]},"properties":{"name":"CONSTITUCION,AVENIDA,DE LA,nº6","description":{"@type":"html","value":"Reserva Taxi <br><br> Distrito BEIRO <br> Plazas 6 <br> Longitud 30 <br> Horarios <br> Observaciones <br> POINT_Y 37,186895 <br> POINT_X -3,610184"},"styleUrl":"#icon-1899-DB4436","label-scale":0,"icon-opacity":1,"icon-color":"#db4436","icon-scale":1,"icon-offset":[32,64],"icon-offset-units":["pixels","insetPixels"],"icon":"https://www.gstatic.com/mapspro/images/stock/503-wht-blank_maps.png"}},{"type":"Feature","geometry":{"type":"Point","coordinates":[-3.600468,37.155209,0]},"properties":{"name":"DILAR,AVENIDA,DE,nº5","description":{"@type":"html","value":"Reserva Taxi <br><br> Distrito ZAIDIN <br> Plazas 5 <br> Longitud 23 <br> Horarios <br> Observaciones <br> POINT_Y 37,155209 <br> POINT_X -3,600468"},"styleUrl":"#icon-1899-DB4436","label-scale":0,"icon-opacity":1,"icon-color":"#db4436","icon-scale":1,"icon-offset":[32,64],"icon-offset-units":["pixels","insetPixels"],"icon":"https://www.gstatic.com/mapspro/images/stock/503-wht-blank_maps.png"}},{"type":"Feature","geometry":{"type":"Point","coordinates":[-3.599822,37.158687,0]},"properties":{"name":"DILAR,AVENIDA,DE,nº7","description":{"@type":"html","value":"Reserva Taxi <br><br> Distrito ZAIDIN <br> Plazas 7 <br> Longitud 35 <br> Horarios <br> Observaciones <br> POINT_Y 37,158687 <br> POINT_X -3,599822"},"styleUrl":"#icon-1899-DB4436","label-scale":0,"icon-opacity":1,"icon-color":"#db4436","icon-scale":1,"icon-offset":[32,64],"icon-offset-units":["pixels","insetPixels"],"icon":"https://www.gstatic.com/mapspro/images/stock/503-wht-blank_maps.png"}},{"type":"Feature","geometry":{"type":"Point","coordinates":[-3.608244,37.163626,0]},"properties":{"name":"DOCTOR ALEJANDRO OTERO,CALLE,nº4","description":{"@type":"html","value":"Reserva Taxi <br><br> Distrito RONDA <br> Plazas 4 <br> Longitud 20 <br> Horarios <br> Observaciones <br> POINT_Y 37,163626 <br> POINT_X -3,608244"},"styleUrl":"#icon-1899-DB4436","label-scale":0,"icon-opacity":1,"icon-color":"#db4436","icon-scale":1,"icon-offset":[32,64],"icon-offset-units":["pixels","insetPixels"],"icon":"https://www.gstatic.com/mapspro/images/stock/503-wht-blank_maps.png"}},{"type":"Feature","geometry":{"type":"Point","coordinates":[-3.609483,37.188934,0]},"properties":{"name":"DOCTOR AZPITARTE,CALLE,nº9","description":{"@type":"html","value":"Reserva Taxi <br><br> Distrito BEIRO <br> Plazas 9 <br> Longitud 46,5 <br> Horarios <br> Observaciones <br> POINT_Y 37,188934 <br> POINT_X -3,609483"},"styleUrl":"#icon-1899-DB4436","label-scale":0,"icon-opacity":1,"icon-color":"#db4436","icon-scale":1,"icon-offset":[32,64],"icon-offset-units":["pixels","insetPixels"],"icon":"https://www.gstatic.com/mapspro/images/stock/503-wht-blank_maps.png"}},{"type":"Feature","geometry":{"type":"Point","coordinates":[-3.607065,37.188544,0]},"properties":{"name":"DOCTOR OLORIZ,AVENIDA,nº3","description":{"@type":"html","value":"Reserva Taxi <br><br> Distrito BEIRO <br> Plazas 3 <br> Longitud 15 <br> Horarios <br> Observaciones nocturna <br> POINT_Y 37,188544 <br> POINT_X -3,607065"},"styleUrl":"#icon-1899-DB4436","label-scale":0,"icon-opacity":1,"icon-color":"#db4436","icon-scale":1,"icon-offset":[32,64],"icon-offset-units":["pixels","insetPixels"],"icon":"https://www.gstatic.com/mapspro/images/stock/503-wht-blank_maps.png"}},{"type":"Feature","geometry":{"type":"Point","coordinates":[-3.607137,37.188073,0]},"properties":{"name":"DOCTOR OLORIZ,AVENIDA,nº3","description":{"@type":"html","value":"Reserva Taxi <br><br> Distrito BEIRO <br> Plazas 3 <br> Longitud 12 <br> Horarios <br> Observaciones <br> POINT_Y 37,188073 <br> POINT_X -3,607137"},"styleUrl":"#icon-1899-DB4436","label-scale":0,"icon-opacity":1,"icon-color":"#db4436","icon-scale":1,"icon-offset":[32,64],"icon-offset-units":["pixels","insetPixels"],"icon":"https://www.gstatic.com/mapspro/images/stock/503-wht-blank_maps.png"}},{"type":"Feature","geometry":{"type":"Point","coordinates":[-3.588381,37.167856,0]},"properties":{"name":"DUQUE DE SAN PEDRO GALATINO,PLAZA,DEL,nº6","description":{"@type":"html","value":"Reserva Taxi <br><br> Distrito GENIL <br> Plazas 6 <br> Longitud 30 <br> Horarios <br> Observaciones <br> POINT_Y 37,167856 <br> POINT_X -3,588381"},"styleUrl":"#icon-1899-DB4436","label-scale":0,"icon-opacity":1,"icon-color":"#db4436","icon-scale":1,"icon-offset":[32,64],"icon-offset-units":["pixels","insetPixels"],"icon":"https://www.gstatic.com/mapspro/images/stock/503-wht-blank_maps.png"}},{"type":"Feature","geometry":{"type":"Point","coordinates":[-3.594478,37.161862,0]},"properties":{"name":"FONTIVEROS,PLAZA,DE,nº8","description":{"@type":"html","value":"Reserva Taxi <br><br> Distrito ZAIDIN <br> Plazas 8 <br> Longitud 43 <br> Horarios <br> Observaciones <br> POINT_Y 37,161862 <br> POINT_X -3,594478"},"styleUrl":"#icon-1899-DB4436","label-scale":0,"icon-opacity":1,"icon-color":"#db4436","icon-scale":1,"icon-offset":[32,64],"icon-offset-units":["pixels","insetPixels"],"icon":"https://www.gstatic.com/mapspro/images/stock/503-wht-blank_maps.png"}},{"type":"Feature","geometry":{"type":"Point","coordinates":[-3.604037,37.205386,0]},"properties":{"name":"FRAY JUAN SANCHEZ COTAN,CALLE,nº3","description":{"@type":"html","value":"Reserva Taxi <br><br> Distrito NORTE <br> Plazas 3 <br> Longitud 9,3 <br> Horarios <br> Observaciones <br> POINT_Y 37,205386 <br> POINT_X -3,604037"},"styleUrl":"#icon-1899-DB4436","label-scale":0,"icon-opacity":1,"icon-color":"#db4436","icon-scale":1,"icon-offset":[32,64],"icon-offset-units":["pixels","insetPixels"],"icon":"https://www.gstatic.com/mapspro/images/stock/503-wht-blank_maps.png"}},{"type":"Feature","geometry":{"type":"Point","coordinates":[-3.611932,37.189246,0]},"properties":{"name":"FUERZAS ARMADAS,AVENIDA,DE LAS,nº4","description":{"@type":"html","value":"Reserva Taxi <br><br> Distrito BEIRO <br> Plazas 4 <br> Longitud 20 <br> Horarios <br> Observaciones <br> POINT_Y 37,189246 <br> POINT_X -3,611932"},"styleUrl":"#icon-1899-DB4436","label-scale":0,"icon-opacity":1,"icon-color":"#db4436","icon-scale":1,"icon-offset":[32,64],"icon-offset-units":["pixels","insetPixels"],"icon":"https://www.gstatic.com/mapspro/images/stock/503-wht-blank_maps.png"}},{"type":"Feature","geometry":{"type":"Point","coordinates":[-3.585173,37.174354,0]},"properties":{"name":"GENERALIFE,PASEO,DEL,nº3","description":{"@type":"html","value":"Reserva Taxi <br><br> Distrito CENTRO <br> Plazas 3 <br> Longitud 17 <br> Horarios de 9:00 a 21:00 <br> Observaciones con horario <br> POINT_Y 37,174354 <br> POINT_X -3,585173"},"styleUrl":"#icon-1899-DB4436","label-scale":0,"icon-opacity":1,"icon-color":"#db4436","icon-scale":1,"icon-offset":[32,64],"icon-offset-units":["pixels","insetPixels"],"icon":"https://www.gstatic.com/mapspro/images/stock/503-wht-blank_maps.png"}},{"type":"Feature","geometry":{"type":"Point","coordinates":[-3.603921,37.178525,0]},"properties":{"name":"GRAN CAPITAN,CALLE,nº4","description":{"@type":"html","value":"Reserva Taxi <br><br> Distrito CENTRO <br> Plazas 4 <br> Longitud 23,9 <br> Horarios <br> Observaciones <br> POINT_Y 37,178525 <br> POINT_X -3,603921"},"styleUrl":"#icon-1899-DB4436","label-scale":0,"icon-opacity":1,"icon-color":"#db4436","icon-scale":1,"icon-offset":[32,64],"icon-offset-units":["pixels","insetPixels"],"icon":"https://www.gstatic.com/mapspro/images/stock/503-wht-blank_maps.png"}},{"type":"Feature","geometry":{"type":"Point","coordinates":[-3.606147,37.177318,0]},"properties":{"name":"GRAN CAPITAN,PLAZA,DE,nº6","description":{"@type":"html","value":"Reserva Taxi <br><br> Distrito CENTRO <br> Plazas 6 <br> Longitud 30 <br> Horarios <br> Observaciones <br> POINT_Y 37,177318 <br> POINT_X -3,606147"},"styleUrl":"#icon-1899-DB4436","label-scale":0,"icon-opacity":1,"icon-color":"#db4436","icon-scale":1,"icon-offset":[32,64],"icon-offset-units":["pixels","insetPixels"],"icon":"https://www.gstatic.com/mapspro/images/stock/503-wht-blank_maps.png"}},{"type":"Feature","geometry":{"type":"Point","coordinates":[-3.612566,37.177274,0]},"properties":{"name":"GUITARRISTA MANUEL CANO,PLAZA,nº10","description":{"@type":"html","value":"Reserva Taxi <br><br> Distrito RONDA <br> Plazas 10 <br> Longitud 50 <br> Horarios de 0:00 a 7:00 <br> Observaciones <br> POINT_Y 37,177274 <br> POINT_X -3,612566"},"styleUrl":"#icon-1899-DB4436","label-scale":0,"icon-opacity":1,"icon-color":"#db4436","icon-scale":1,"icon-offset":[32,64],"icon-offset-units":["pixels","insetPixels"],"icon":"https://www.gstatic.com/mapspro/images/stock/503-wht-blank_maps.png"}},{"type":"Feature","geometry":{"type":"Point","coordinates":[-3.592146,37.190106,0]},"properties":{"name":"HAZA GRANDE,PLAZA,nº1","description":{"@type":"html","value":"Reserva Taxi <br><br> Distrito ALBAICIN <br> Plazas 1 <br> Longitud 5 <br> Horarios <br> Observaciones <br> POINT_Y 37,190106 <br> POINT_X -3,592146"},"styleUrl":"#icon-1899-DB4436","label-scale":0,"icon-opacity":1,"icon-color":"#db4436","icon-scale":1,"icon-offset":[32,64],"icon-offset-units":["pixels","insetPixels"],"icon":"https://www.gstatic.com/mapspro/images/stock/503-wht-blank_maps.png"}},{"type":"Feature","geometry":{"type":"Point","coordinates":[-3.605781,37.14779,0]},"properties":{"name":"INVESTIGACION,AVENIDA,DE LA,nº4","description":{"@type":"html","value":"Reserva Taxi <br><br> Distrito ZAIDIN <br> Plazas 4 <br> Longitud 22 <br> Horarios <br> Observaciones <br> POINT_Y 37,14779 <br> POINT_X -3,605781"},"styleUrl":"#icon-1899-DB4436","label-scale":0,"icon-opacity":1,"icon-color":"#db4436","icon-scale":1,"icon-offset":[32,64],"icon-offset-units":["pixels","insetPixels"],"icon":"https://www.gstatic.com/mapspro/images/stock/503-wht-blank_maps.png"}},{"type":"Feature","geometry":{"type":"Point","coordinates":[-3.605402,37.147625,0]},"properties":{"name":"INVESTIGACION,AVENIDA,DE LA,nº6","description":{"@type":"html","value":"Reserva Taxi <br><br> Distrito ZAIDIN <br> Plazas 6 <br> Longitud 30 <br> Horarios <br> Observaciones <br> POINT_Y 37,147625 <br> POINT_X -3,605402"},"styleUrl":"#icon-1899-DB4436","label-scale":0,"icon-opacity":1,"icon-color":"#db4436","icon-scale":1,"icon-offset":[32,64],"icon-offset-units":["pixels","insetPixels"],"icon":"https://www.gstatic.com/mapspro/images/stock/503-wht-blank_maps.png"}},{"type":"Feature","geometry":{"type":"Point","coordinates":[-3.60834,37.160084,0]},"properties":{"name":"JOSE LUIS PEREZ PUJADAS,CALLE,nº1","description":{"@type":"html","value":"Reserva Taxi <br><br> Distrito RONDA <br> Plazas 1 <br> Longitud 5 <br> Horarios <br> Observaciones <br> POINT_Y 37,160084 <br> POINT_X -3,60834"},"styleUrl":"#icon-1899-DB4436","label-scale":0,"icon-opacity":1,"icon-color":"#db4436","icon-scale":1,"icon-offset":[32,64],"icon-offset-units":["pixels","insetPixels"],"icon":"https://www.gstatic.com/mapspro/images/stock/503-wht-blank_maps.png"}},{"type":"Feature","geometry":{"type":"Point","coordinates":[-3.608257,37.160178,0]},"properties":{"name":"JOSE LUIS PEREZ PUJADAS,CALLE,nº4","description":{"@type":"html","value":"Reserva Taxi <br><br> Distrito RONDA <br> Plazas 4 <br> Longitud 20 <br> Horarios <br> Observaciones <br> POINT_Y 37,160178 <br> POINT_X -3,608257"},"styleUrl":"#icon-1899-DB4436","label-scale":0,"icon-opacity":1,"icon-color":"#db4436","icon-scale":1,"icon-offset":[32,64],"icon-offset-units":["pixels","insetPixels"],"icon":"https://www.gstatic.com/mapspro/images/stock/503-wht-blank_maps.png"}},{"type":"Feature","geometry":{"type":"Point","coordinates":[-3.613863,37.200257,0]},"properties":{"name":"JUAN PABLO II,AVENIDA,nº34","description":{"@type":"html","value":"Reserva Taxi <br><br> Distrito NORTE <br> Plazas 34 <br> Longitud 120 <br> Horarios <br> Observaciones LOS 8 PRIMEROS VAN SON DOBLES <br> POINT_Y 37,200257 <br> POINT_X -3,613863"},"styleUrl":"#icon-1899-DB4436","label-scale":0,"icon-opacity":1,"icon-color":"#db4436","icon-scale":1,"icon-offset":[32,64],"icon-offset-units":["pixels","insetPixels"],"icon":"https://www.gstatic.com/mapspro/images/stock/503-wht-blank_maps.png"}},{"type":"Feature","geometry":{"type":"Point","coordinates":[-3.607909,37.192489,0]},"properties":{"name":"JUAN PABLO II,AVENIDA,nº7","description":{"@type":"html","value":"Reserva Taxi <br><br> Distrito BEIRO <br> Plazas 7 <br> Longitud 35 <br> Horarios <br> Observaciones <br> POINT_Y 37,192489 <br> POINT_X -3,607909"},"styleUrl":"#icon-1899-DB4436","label-scale":0,"icon-opacity":1,"icon-color":"#db4436","icon-scale":1,"icon-offset":[32,64],"icon-offset-units":["pixels","insetPixels"],"icon":"https://www.gstatic.com/mapspro/images/stock/503-wht-blank_maps.png"}},{"type":"Feature","geometry":{"type":"Point","coordinates":[-3.617755,37.197712,0]},"properties":{"name":"JUVENTUDES MUSICALES,AVENIDA,DE,nº2","description":{"@type":"html","value":"Reserva Taxi <br><br> Distrito NORTE <br> Plazas 2 <br> Longitud 11,5 <br> Horarios <br> Observaciones <br> POINT_Y 37,197712 <br> POINT_X -3,617755"},"styleUrl":"#icon-1899-DB4436","label-scale":0,"icon-opacity":1,"icon-color":"#db4436","icon-scale":1,"icon-offset":[32,64],"icon-offset-units":["pixels","insetPixels"],"icon":"https://www.gstatic.com/mapspro/images/stock/503-wht-blank_maps.png"}},{"type":"Feature","geometry":{"type":"Point","coordinates":[-3.584462,37.157286,0]},"properties":{"name":"LAGUNA DE CAMEROS,PASEO,nº14","description":{"@type":"html","value":"Reserva Taxi <br><br> Distrito GENIL <br> Plazas 14 <br> Longitud 70 <br> Horarios <br> Observaciones <br> POINT_Y 37,157286 <br> POINT_X -3,584462"},"styleUrl":"#icon-1899-DB4436","label-scale":0,"icon-opacity":1,"icon-color":"#db4436","icon-scale":1,"icon-offset":[32,64],"icon-offset-units":["pixels","insetPixels"],"icon":"https://www.gstatic.com/mapspro/images/stock/503-wht-blank_maps.png"}},{"type":"Feature","geometry":{"type":"Point","coordinates":[-3.604858,37.188495,0]},"properties":{"name":"MADRID,AVENIDA,DE,nº9","description":{"@type":"html","value":"Reserva Taxi <br><br> Distrito BEIRO <br> Plazas 9 <br> Longitud 50 <br> Horarios <br> Observaciones <br> POINT_Y 37,188495 <br> POINT_X -3,604858"},"styleUrl":"#icon-1899-DB4436","label-scale":0,"icon-opacity":1,"icon-color":"#db4436","icon-scale":1,"icon-offset":[32,64],"icon-offset-units":["pixels","insetPixels"],"icon":"https://www.gstatic.com/mapspro/images/stock/503-wht-blank_maps.png"}},{"type":"Feature","geometry":{"type":"Point","coordinates":[-3.634893,37.19045,0]},"properties":{"name":"MALAGA (BOBADILLA),CARRETERA,DE,nº5","description":{"@type":"html","value":"Reserva Taxi <br><br> Distrito CHANA <br> Plazas 5 <br> Longitud 24 <br> Horarios Viernes y Sabados de 22:00 a 8:00 <br> Observaciones <br> POINT_Y 37,19045 <br> POINT_X -3,634893"},"styleUrl":"#icon-1899-DB4436","label-scale":0,"icon-opacity":1,"icon-color":"#db4436","icon-scale":1,"icon-offset":[32,64],"icon-offset-units":["pixels","insetPixels"],"icon":"https://www.gstatic.com/mapspro/images/stock/503-wht-blank_maps.png"}},{"type":"Feature","geometry":{"type":"Point","coordinates":[-3.621037,37.188814,0]},"properties":{"name":"MALAGA,CARRETERA,DE,nº3","description":{"@type":"html","value":"Reserva Taxi <br><br> Distrito CHANA <br> Plazas 3 <br> Longitud 15 <br> Horarios <br> Observaciones <br> POINT_Y 37,188814 <br> POINT_X -3,621037"},"styleUrl":"#icon-1899-DB4436","label-scale":0,"icon-opacity":1,"icon-color":"#db4436","icon-scale":1,"icon-offset":[32,64],"icon-offset-units":["pixels","insetPixels"],"icon":"https://www.gstatic.com/mapspro/images/stock/503-wht-blank_maps.png"}},{"type":"Feature","geometry":{"type":"Point","coordinates":[-3.597414,37.172326,0]},"properties":{"name":"MARIANA PINEDA,PLAZA,DE,nº2","description":{"@type":"html","value":"Reserva Taxi <br><br> Distrito CENTRO <br> Plazas 2 <br> Longitud 10 <br> Horarios <br> Observaciones <br> POINT_Y 37,172326 <br> POINT_X -3,597414"},"styleUrl":"#icon-1899-DB4436","label-scale":0,"icon-opacity":1,"icon-color":"#db4436","icon-scale":1,"icon-offset":[32,64],"icon-offset-units":["pixels","insetPixels"],"icon":"https://www.gstatic.com/mapspro/images/stock/503-wht-blank_maps.png"}},{"type":"Feature","geometry":{"type":"Point","coordinates":[-3.603786,37.170932,0]},"properties":{"name":"MARTINEZ CAMPOS,CALLE,nº8","description":{"@type":"html","value":"Reserva Taxi <br><br> Distrito RONDA <br> Plazas 8 <br> Longitud 41,47 <br> Horarios <br> Observaciones <br> POINT_Y 37,170932 <br> POINT_X -3,603786"},"styleUrl":"#icon-1899-DB4436","label-scale":0,"icon-opacity":1,"icon-color":"#db4436","icon-scale":1,"icon-offset":[32,64],"icon-offset-units":["pixels","insetPixels"],"icon":"https://www.gstatic.com/mapspro/images/stock/503-wht-blank_maps.png"}},{"type":"Feature","geometry":{"type":"Point","coordinates":[-3.606411,37.177498,0]},"properties":{"name":"MELCHOR ALMAGRO,CALLE,nº3","description":{"@type":"html","value":"Reserva Taxi <br><br> Distrito CENTRO <br> Plazas 3 <br> Longitud 15 <br> Horarios <br> Observaciones <br> POINT_Y 37,177498 <br> POINT_X -3,606411"},"styleUrl":"#icon-1899-DB4436","label-scale":0,"icon-opacity":1,"icon-color":"#db4436","icon-scale":1,"icon-offset":[32,64],"icon-offset-units":["pixels","insetPixels"],"icon":"https://www.gstatic.com/mapspro/images/stock/503-wht-blank_maps.png"}},{"type":"Feature","geometry":{"type":"Point","coordinates":[-3.607334,37.169138,0]},"properties":{"name":"NEPTUNO,CALLE,nº5","description":{"@type":"html","value":"Reserva Taxi <br><br> Distrito RONDA <br> Plazas 5 <br> Longitud 28 <br> Horarios <br> Observaciones <br> POINT_Y 37,169138 <br> POINT_X -3,607334"},"styleUrl":"#icon-1899-DB4436","label-scale":0,"icon-opacity":1,"icon-color":"#db4436","icon-scale":1,"icon-offset":[32,64],"icon-offset-units":["pixels","insetPixels"],"icon":"https://www.gstatic.com/mapspro/images/stock/503-wht-blank_maps.png"}},{"type":"Feature","geometry":{"type":"Point","coordinates":[-3.596059,37.17674,0]},"properties":{"name":"NUEVA,PLAZA,nº10","description":{"@type":"html","value":"Reserva Taxi <br><br> Distrito ALBAICIN <br> Plazas 10 <br> Longitud 51,5 <br> Horarios <br> Observaciones <br> POINT_Y 37,17674 <br> POINT_X -3,596059"},"styleUrl":"#icon-1899-DB4436","label-scale":0,"icon-opacity":1,"icon-color":"#db4436","icon-scale":1,"icon-offset":[32,64],"icon-offset-units":["pixels","insetPixels"],"icon":"https://www.gstatic.com/mapspro/images/stock/503-wht-blank_maps.png"}},{"type":"Feature","geometry":{"type":"Point","coordinates":[-3.588582,37.179244,0]},"properties":{"name":"PADRE MANJON,PASEO,DEL,nº8","description":{"@type":"html","value":"Reserva Taxi <br><br> Distrito ALBAICIN <br> Plazas 8 <br> Longitud 31,8 <br> Horarios <br> Observaciones T057 Noct y fest <br> POINT_Y 37,179244 <br> POINT_X -3,588582"},"styleUrl":"#icon-1899-DB4436","label-scale":0,"icon-opacity":1,"icon-color":"#db4436","icon-scale":1,"icon-offset":[32,64],"icon-offset-units":["pixels","insetPixels"],"icon":"https://www.gstatic.com/mapspro/images/stock/503-wht-blank_maps.png"}},{"type":"Feature","geometry":{"type":"Point","coordinates":[-3.591852,37.182908,0]},"properties":{"name":"PAGES,CALLE,nº1","description":{"@type":"html","value":"Reserva Taxi <br><br> Distrito ALBAICIN <br> Plazas 1 <br> Longitud 5 <br> Horarios <br> Observaciones <br> POINT_Y 37,182908 <br> POINT_X -3,591852"},"styleUrl":"#icon-1899-DB4436","label-scale":0,"icon-opacity":1,"icon-color":"#db4436","icon-scale":1,"icon-offset":[32,64],"icon-offset-units":["pixels","insetPixels"],"icon":"https://www.gstatic.com/mapspro/images/stock/503-wht-blank_maps.png"}},{"type":"Feature","geometry":{"type":"Point","coordinates":[-3.599463,37.160303,0]},"properties":{"name":"PALENCIA,CALLE,nº2","description":{"@type":"html","value":"Reserva Taxi <br><br> Distrito ZAIDIN <br> Plazas 2 <br> Longitud 10 <br> Horarios <br> Observaciones <br> POINT_Y 37,160303 <br> POINT_X -3,599463"},"styleUrl":"#icon-1899-DB4436","label-scale":0,"icon-opacity":1,"icon-color":"#db4436","icon-scale":1,"icon-offset":[32,64],"icon-offset-units":["pixels","insetPixels"],"icon":"https://www.gstatic.com/mapspro/images/stock/503-wht-blank_maps.png"}},{"type":"Feature","geometry":{"type":"Point","coordinates":[-3.622786,37.196141,0]},"properties":{"name":"PERIODISTA EUGENIO SELLES,CALLE,nº5","description":{"@type":"html","value":"Reserva Taxi <br><br> Distrito CHANA <br> Plazas 5 <br> Longitud 27 <br> Horarios <br> Observaciones <br> POINT_Y 37,196141 <br> POINT_X -3,622786"},"styleUrl":"#icon-1899-DB4436","label-scale":0,"icon-opacity":1,"icon-color":"#db4436","icon-scale":1,"icon-offset":[32,64],"icon-offset-units":["pixels","insetPixels"],"icon":"https://www.gstatic.com/mapspro/images/stock/503-wht-blank_maps.png"}},{"type":"Feature","geometry":{"type":"Point","coordinates":[-3.594955,37.166174,0]},"properties":{"name":"POETA MANUEL GONGORA,CALLE,nº3","description":{"@type":"html","value":"Reserva Taxi <br><br> Distrito GENIL <br> Plazas 3 <br> Longitud 15 <br> Horarios <br> Observaciones <br> POINT_Y 37,166174 <br> POINT_X -3,594955"},"styleUrl":"#icon-1899-DB4436","label-scale":0,"icon-opacity":1,"icon-color":"#db4436","icon-scale":1,"icon-offset":[32,64],"icon-offset-units":["pixels","insetPixels"],"icon":"https://www.gstatic.com/mapspro/images/stock/503-wht-blank_maps.png"}},{"type":"Feature","geometry":{"type":"Point","coordinates":[-3.597804,37.190774,0]},"properties":{"name":"PROFESOR CLAVERA,CALLE,nº4","description":{"@type":"html","value":"Reserva Taxi <br><br> Distrito BEIRO <br> Plazas 4 <br> Longitud 20 <br> Horarios <br> Observaciones <br> POINT_Y 37,190774 <br> POINT_X -3,597804"},"styleUrl":"#icon-1899-DB4436","label-scale":0,"icon-opacity":1,"icon-color":"#db4436","icon-scale":1,"icon-offset":[32,64],"icon-offset-units":["pixels","insetPixels"],"icon":"https://www.gstatic.com/mapspro/images/stock/503-wht-blank_maps.png"}},{"type":"Feature","geometry":{"type":"Point","coordinates":[-3.600197,37.197903,0]},"properties":{"name":"PUERTA LOS GUZMANES,CALLE,nº3","description":{"@type":"html","value":"Reserva Taxi <br><br> Distrito NORTE <br> Plazas 3 <br> Longitud 10 <br> Horarios <br> Observaciones <br> POINT_Y 37,197903 <br> POINT_X -3,600197"},"styleUrl":"#icon-1899-DB4436","label-scale":0,"icon-opacity":1,"icon-color":"#db4436","icon-scale":1,"icon-offset":[32,64],"icon-offset-units":["pixels","insetPixels"],"icon":"https://www.gstatic.com/mapspro/images/stock/503-wht-blank_maps.png"}},{"type":"Feature","geometry":{"type":"Point","coordinates":[-3.593798,37.173447,0]},"properties":{"name":"REALEJO,PLAZA,DEL,nº1","description":{"@type":"html","value":"Reserva Taxi <br><br> Distrito CENTRO <br> Plazas 1 <br> Longitud 6 <br> Horarios <br> Observaciones <br> POINT_Y 37,173447 <br> POINT_X -3,593798"},"styleUrl":"#icon-1899-DB4436","label-scale":0,"icon-opacity":1,"icon-color":"#db4436","icon-scale":1,"icon-offset":[32,64],"icon-offset-units":["pixels","insetPixels"],"icon":"https://www.gstatic.com/mapspro/images/stock/503-wht-blank_maps.png"}},{"type":"Feature","geometry":{"type":"Point","coordinates":[-3.593887,37.173387,0]},"properties":{"name":"REALEJO,PLAZA,DEL,nº1","description":{"@type":"html","value":"Reserva Taxi <br><br> Distrito CENTRO <br> Plazas 1 <br> Longitud 6 <br> Horarios <br> Observaciones <br> POINT_Y 37,173387 <br> POINT_X -3,593887"},"styleUrl":"#icon-1899-DB4436","label-scale":0,"icon-opacity":1,"icon-color":"#db4436","icon-scale":1,"icon-offset":[32,64],"icon-offset-units":["pixels","insetPixels"],"icon":"https://www.gstatic.com/mapspro/images/stock/503-wht-blank_maps.png"}},{"type":"Feature","geometry":{"type":"Point","coordinates":[-3.605767,37.189864,0]},"properties":{"name":"RECREATIVO DE GRANADA,CALLE,nº1","description":{"@type":"html","value":"Reserva Taxi <br><br> Distrito BEIRO <br> Plazas 1 <br> Longitud 5 <br> Horarios <br> Observaciones <br> POINT_Y 37,189864 <br> POINT_X -3,605767"},"styleUrl":"#icon-1899-DB4436","label-scale":0,"icon-opacity":1,"icon-color":"#db4436","icon-scale":1,"icon-offset":[32,64],"icon-offset-units":["pixels","insetPixels"],"icon":"https://www.gstatic.com/mapspro/images/stock/503-wht-blank_maps.png"}},{"type":"Feature","geometry":{"type":"Point","coordinates":[-3.599058,37.174207,0]},"properties":{"name":"REYES CATOLICOS,CALLE,nº3","description":{"@type":"html","value":"Reserva Taxi <br><br> Distrito CENTRO <br> Plazas 3 <br> Longitud 15 <br> Horarios <br> Observaciones expte. 4401/18 permitido subida y bajada de usuarios de taxi urbanos <br> POINT_Y 37,174207 <br> POINT_X -3,599058"},"styleUrl":"#icon-1899-DB4436","label-scale":0,"icon-opacity":1,"icon-color":"#db4436","icon-scale":1,"icon-offset":[32,64],"icon-offset-units":["pixels","insetPixels"],"icon":"https://www.gstatic.com/mapspro/images/stock/503-wht-blank_maps.png"}},{"type":"Feature","geometry":{"type":"Point","coordinates":[-3.612857,37.1819,0]},"properties":{"name":"RONDA,CAMINO,DE,nº2","description":{"@type":"html","value":"Reserva Taxi <br><br> Distrito RONDA <br> Plazas 2 <br> Longitud 10 <br> Horarios <br> Observaciones <br> POINT_Y 37,1819 <br> POINT_X -3,612857"},"styleUrl":"#icon-1899-DB4436","label-scale":0,"icon-opacity":1,"icon-color":"#db4436","icon-scale":1,"icon-offset":[32,64],"icon-offset-units":["pixels","insetPixels"],"icon":"https://www.gstatic.com/mapspro/images/stock/503-wht-blank_maps.png"}},{"type":"Feature","geometry":{"type":"Point","coordinates":[-3.604015,37.166941,0]},"properties":{"name":"RONDA,CAMINO,DE,nº2","description":{"@type":"html","value":"Reserva Taxi <br><br> Distrito RONDA <br> Plazas 2 <br> Longitud 10 <br> Horarios <br> Observaciones <br> POINT_Y 37,166941 <br> POINT_X -3,604015"},"styleUrl":"#icon-1899-DB4436","label-scale":0,"icon-opacity":1,"icon-color":"#db4436","icon-scale":1,"icon-offset":[32,64],"icon-offset-units":["pixels","insetPixels"],"icon":"https://www.gstatic.com/mapspro/images/stock/503-wht-blank_maps.png"}},{"type":"Feature","geometry":{"type":"Point","coordinates":[-3.601918,37.163504,0]},"properties":{"name":"RONDA,CAMINO,DE,nº4","description":{"@type":"html","value":"Reserva Taxi <br><br> Distrito RONDA <br> Plazas 4 <br> Longitud 20 <br> Horarios <br> Observaciones <br> POINT_Y 37,163504 <br> POINT_X -3,601918"},"styleUrl":"#icon-1899-DB4436","label-scale":0,"icon-opacity":1,"icon-color":"#db4436","icon-scale":1,"icon-offset":[32,64],"icon-offset-units":["pixels","insetPixels"],"icon":"https://www.gstatic.com/mapspro/images/stock/503-wht-blank_maps.png"}},{"type":"Feature","geometry":{"type":"Point","coordinates":[-3.61097,37.178391,0]},"properties":{"name":"RONDA,CAMINO,DE,nº5","description":{"@type":"html","value":"Reserva Taxi <br><br> Distrito RONDA <br> Plazas 5 <br> Longitud 25 <br> Horarios <br> Observaciones <br> POINT_Y 37,178391 <br> POINT_X -3,61097"},"styleUrl":"#icon-1899-DB4436","label-scale":0,"icon-opacity":1,"icon-color":"#db4436","icon-scale":1,"icon-offset":[32,64],"icon-offset-units":["pixels","insetPixels"],"icon":"https://www.gstatic.com/mapspro/images/stock/503-wht-blank_maps.png"}},{"type":"Feature","geometry":{"type":"Point","coordinates":[-3.598674,37.166601,0]},"properties":{"name":"ROTARY,PLAZA,nº11","description":{"@type":"html","value":"Reserva Taxi <br><br> Distrito RONDA <br> Plazas 11 <br> Longitud 55 <br> Horarios <br> Observaciones <br> POINT_Y 37,166601 <br> POINT_X -3,598674"},"styleUrl":"#icon-1899-DB4436","label-scale":0,"icon-opacity":1,"icon-color":"#db4436","icon-scale":1,"icon-offset":[32,64],"icon-offset-units":["pixels","insetPixels"],"icon":"https://www.gstatic.com/mapspro/images/stock/503-wht-blank_maps.png"}},{"type":"Feature","geometry":{"type":"Point","coordinates":[-3.578723,37.170623,0]},"properties":{"name":"SABICA,PASEO,DE LA,nº2","description":{"@type":"html","value":"Reserva Taxi <br><br> Distrito GENIL <br> Plazas 2 <br> Longitud 13,5 <br> Horarios <br> Observaciones <br> POINT_Y 37,170623 <br> POINT_X -3,578723"},"styleUrl":"#icon-1899-DB4436","label-scale":0,"icon-opacity":1,"icon-color":"#db4436","icon-scale":1,"icon-offset":[32,64],"icon-offset-units":["pixels","insetPixels"],"icon":"https://www.gstatic.com/mapspro/images/stock/503-wht-blank_maps.png"}},{"type":"Feature","geometry":{"type":"Point","coordinates":[-3.624455,37.191733,0]},"properties":{"name":"SAGRADA FAMILIA,CALLE,nº9","description":{"@type":"html","value":"Reserva Taxi <br><br> Distrito CHANA <br> Plazas 9 <br> Longitud 46 <br> Horarios <br> Observaciones <br> POINT_Y 37,191733 <br> POINT_X -3,624455"},"styleUrl":"#icon-1899-DB4436","label-scale":0,"icon-opacity":1,"icon-color":"#db4436","icon-scale":1,"icon-offset":[32,64],"icon-offset-units":["pixels","insetPixels"],"icon":"https://www.gstatic.com/mapspro/images/stock/503-wht-blank_maps.png"}},{"type":"Feature","geometry":{"type":"Point","coordinates":[-3.596517,37.154201,0]},"properties":{"name":"SALVADOR ALLENDE,AVENIDA,nº6","description":{"@type":"html","value":"Reserva Taxi <br><br> Distrito ZAIDIN <br> Plazas 6 <br> Longitud 19 <br> Horarios <br> Observaciones <br> POINT_Y 37,154201 <br> POINT_X -3,596517"},"styleUrl":"#icon-1899-DB4436","label-scale":0,"icon-opacity":1,"icon-color":"#db4436","icon-scale":1,"icon-offset":[32,64],"icon-offset-units":["pixels","insetPixels"],"icon":"https://www.gstatic.com/mapspro/images/stock/503-wht-blank_maps.png"}},{"type":"Feature","geometry":{"type":"Point","coordinates":[-3.603543,37.18648,0]},"properties":{"name":"SAN ISIDRO,PLAZA,DE,nº3","description":{"@type":"html","value":"Reserva Taxi <br><br> Distrito BEIRO <br> Plazas 3 <br> Longitud 16,5 <br> Horarios <br> Observaciones <br> POINT_Y 37,18648 <br> POINT_X -3,603543"},"styleUrl":"#icon-1899-DB4436","label-scale":0,"icon-opacity":1,"icon-color":"#db4436","icon-scale":1,"icon-offset":[32,64],"icon-offset-units":["pixels","insetPixels"],"icon":"https://www.gstatic.com/mapspro/images/stock/503-wht-blank_maps.png"}},{"type":"Feature","geometry":{"type":"Point","coordinates":[-3.602792,37.180048,0]},"properties":{"name":"SAN JUAN DE DIOS,CALLE,nº3","description":{"@type":"html","value":"Reserva Taxi <br><br> Distrito CENTRO <br> Plazas 3 <br> Longitud 15 <br> Horarios <br> Observaciones <br> POINT_Y 37,180048 <br> POINT_X -3,602792"},"styleUrl":"#icon-1899-DB4436","label-scale":0,"icon-opacity":1,"icon-color":"#db4436","icon-scale":1,"icon-offset":[32,64],"icon-offset-units":["pixels","insetPixels"],"icon":"https://www.gstatic.com/mapspro/images/stock/503-wht-blank_maps.png"}},{"type":"Feature","geometry":{"type":"Point","coordinates":[-3.602228,37.18283,0]},"properties":{"name":"SAN JUAN DE DIOS,CALLE,nº3","description":{"@type":"html","value":"Reserva Taxi <br><br> Distrito CENTRO <br> Plazas 3 <br> Longitud 18 <br> Horarios <br> Observaciones <br> POINT_Y 37,18283 <br> POINT_X -3,602228"},"styleUrl":"#icon-1899-DB4436","label-scale":0,"icon-opacity":1,"icon-color":"#db4436","icon-scale":1,"icon-offset":[32,64],"icon-offset-units":["pixels","insetPixels"],"icon":"https://www.gstatic.com/mapspro/images/stock/503-wht-blank_maps.png"}},{"type":"Feature","geometry":{"type":"Point","coordinates":[-3.602419,37.182902,0]},"properties":{"name":"SAN JUAN DE DIOS,CALLE,nº3","description":{"@type":"html","value":"Reserva Taxi <br><br> Distrito CENTRO <br> Plazas 3 <br> Longitud 15 <br> Horarios <br> Observaciones <br> POINT_Y 37,182902 <br> POINT_X -3,602419"},"styleUrl":"#icon-1899-DB4436","label-scale":0,"icon-opacity":1,"icon-color":"#db4436","icon-scale":1,"icon-offset":[32,64],"icon-offset-units":["pixels","insetPixels"],"icon":"https://www.gstatic.com/mapspro/images/stock/503-wht-blank_maps.png"}},{"type":"Feature","geometry":{"type":"Point","coordinates":[-3.570911,37.163132,0]},"properties":{"name":"SANTA MARIA DE LA ALHAMBRA,AVENIDA,DE,nº2","description":{"@type":"html","value":"Reserva Taxi <br><br> Distrito GENIL <br> Plazas 2 <br> Longitud 10 <br> Horarios <br> Observaciones <br> POINT_Y 37,163132 <br> POINT_X -3,570911"},"styleUrl":"#icon-1899-DB4436","label-scale":0,"icon-opacity":1,"icon-color":"#db4436","icon-scale":1,"icon-offset":[32,64],"icon-offset-units":["pixels","insetPixels"],"icon":"https://www.gstatic.com/mapspro/images/stock/503-wht-blank_maps.png"}},{"type":"Feature","geometry":{"type":"Point","coordinates":[-3.609536,37.197416,0]},"properties":{"name":"TETE MONTOLIU,CALLE,nº8","description":{"@type":"html","value":"Reserva Taxi <br><br> Distrito NORTE <br> Plazas 8 <br> Longitud 36 <br> Horarios <br> Observaciones <br> POINT_Y 37,197416 <br> POINT_X -3,609536"},"styleUrl":"#icon-1899-DB4436","label-scale":0,"icon-opacity":1,"icon-color":"#db4436","icon-scale":1,"icon-offset":[32,64],"icon-offset-units":["pixels","insetPixels"],"icon":"https://www.gstatic.com/mapspro/images/stock/503-wht-blank_maps.png"}},{"type":"Feature","geometry":{"type":"Point","coordinates":[-3.591857,37.153143,0]},"properties":{"name":"TORRE DE LA POLVORA,CALLE,nº3","description":{"@type":"html","value":"Reserva Taxi <br><br> Distrito GENIL <br> Plazas 3 <br> Longitud 18,5 <br> Horarios <br> Observaciones <br> POINT_Y 37,153143 <br> POINT_X -3,591857"},"styleUrl":"#icon-1899-DB4436","label-scale":0,"icon-opacity":1,"icon-color":"#db4436","icon-scale":1,"icon-offset":[32,64],"icon-offset-units":["pixels","insetPixels"],"icon":"https://www.gstatic.com/mapspro/images/stock/503-wht-blank_maps.png"}}]}